"p_val","avg_log2FC","pct.1","pct.2","p_val_adj","cluster","gene"
0,4.55541789997672,0.712,0.049,0,"0","CTAG2"
0,4.68217277613968,0.694,0.058,0,"0","MAGEA4"
2.5772030405052e-243,1.7046659769323,0.966,0.968,6.96076769210049e-239,"0","FTL"
2.02446469934961e-179,2.65304375171032,0.772,0.627,5.46787670647336e-175,"0","IGKC"
3.12882620564092e-162,1.48463524960602,0.751,0.356,8.45064669881555e-158,"0","SERPINB3"
3.87524463073824e-145,3.0916112387031,0.657,0.43,1.04666482231609e-140,"0","SNHG25"
7.00440400506153e-129,0.373295019471374,0.994,0.952,1.89181947772707e-124,"0","S100A9"
1.18812343827402e-104,2.68103598031896,0.409,0.144,3.2090025944343e-100,"0","SELENOP"
1.39845319073207e-104,0.695073593244019,0.989,0.984,3.77708222284825e-100,"0","FABP5"
5.83193708222315e-93,4.61660124780382,0.198,0.029,1.57514788653765e-88,"0","MAGEB2"
2.61286992912549e-92,5.07247358351734,0.158,0.015,7.05710039157504e-88,"0","TMEM132D-AS1"
2.033100364597e-85,3.99672206826554,0.206,0.037,5.49120077474003e-81,"0","MAGEA1"
1.78889398031244e-72,0.225018589904355,0.065,0.387,4.83162375142586e-68,"0","RCAN1"
2.51639113994178e-66,0.31586887168292,0.14,0.51,6.79652082986875e-62,"0","CKAP2"
5.46764661468587e-64,0.972480537443254,0.738,0.558,1.47675667416051e-59,"0","LY6D"
7.13696747170502e-58,2.39491137997998,0.274,0.099,1.92762354443281e-53,"0","MGST1"
5.67360214763761e-55,2.7719850505171,0.424,0.264,1.53238320405544e-50,"0","GSTM3"
1.12311082639285e-54,0.322568564397553,0.153,0.5,3.03341003100444e-50,"0","PGD"
8.54005004785347e-54,1.95077077051992,0.567,0.477,2.30658211742474e-49,"0","NEFL"
1.78094874720103e-52,1.03295490882676,0.8,0.788,4.81016447131528e-48,"0","CXCL14"
6.6531036628084e-52,0.671697449263181,0.121,0.431,1.79693676828792e-47,"0","PLSCR3"
4.37533544872686e-50,0.590333524106451,0.065,0.315,1.18173435134664e-45,"0","CCDC71L"
1.70499049283649e-49,0.285983819954312,0.198,0.562,4.60500882210208e-45,"0","CDKN2B"
7.05410102599003e-49,0.422654879489777,0.122,0.421,1.90524214610965e-44,"0","IFI30"
4.12627705016155e-48,0.32901807902663,0.08,0.336,1.11446616847813e-43,"0","INPP1"
1.10830882713938e-45,0.251314943464301,0.164,0.482,2.99343131122074e-41,"0","MAF"
2.24157024158162e-44,0.316678594528258,0.086,0.334,6.05425706548781e-40,"0","KNSTRN"
3.97291357685803e-44,0.22121539511882,0.267,0.663,1.07304422797359e-39,"0","PNRC1"
4.35799223451611e-43,0.461598309742973,0.078,0.315,1.17705012262046e-38,"0","KCTD11"
6.74867596557614e-43,0.359248201052772,0.059,0.278,1.82274989154246e-38,"0","TACC3"
1.20405932298123e-42,0.525393394426252,0.12,0.391,3.25204382543999e-38,"0","S100A4"
2.70525876294845e-42,0.236696335922697,0.031,0.22,7.30663339284746e-38,"0","SESN2"
3.56347486879891e-42,0.552301715824788,0.107,0.365,9.62458927313897e-38,"0","FEN1"
5.54198954278607e-42,0.576859520193698,0.085,0.324,1.49683595561109e-37,"0","MYBL2"
7.81005190234501e-42,0.308479401363912,0.047,0.25,2.10941691830436e-37,"0","ACSL1"
4.73905226360184e-41,0.713236847256793,0.438,0.252,1.27997062587622e-36,"0","SERPINB4"
7.69152144064027e-38,1.60795964882229,0.574,0.56,2.07740302590253e-33,"0","IL32"
2.84607820795427e-37,0.759337546122176,0.193,0.504,7.68697263186369e-33,"0","SOX4"
5.95304986323328e-37,0.962537346667106,0.744,0.835,1.60785923756068e-32,"0","NDRG1"
1.42266792709195e-36,0.561220120250497,0.137,0.397,3.84248380428264e-32,"0","SERPINB6"
7.96753611621616e-35,0.248367249063072,0.034,0.201,2.15195182962882e-30,"0","TTK"
2.81627801129086e-34,3.54313679190175,0.123,0.033,7.60648528069549e-30,"0","MAGEA10"
8.839176296778e-34,0.70511202817926,0.061,0.247,2.38737312599677e-29,"0","MYLK"
1.65385861764373e-33,0.354700689129269,0.054,0.231,4.46690674039395e-29,"0","KIF2C"
2.8807180951833e-33,0.448491975704059,0.114,0.34,7.78053150328058e-29,"0","IL1B"
4.6526129747641e-33,0.35305152378111,0.035,0.196,1.25662423835404e-28,"0","RGS2"
4.95443981523595e-33,3.13367492245528,0.264,0.14,1.33814464969708e-28,"0","AL354953.1"
1.18096132415716e-32,2.87099498554282,0.374,0.269,3.18965844041606e-28,"0","AKR1C3"
3.39297808868352e-32,0.509630855852637,0.141,0.384,9.16409451972532e-28,"0","MAD2L1"
6.32631389719626e-32,0.461090991435434,0.03,0.181,1.70867412049374e-27,"0","CCNF"
3.81033220645218e-31,0.427720330100172,0.079,0.269,1.02913262564067e-26,"0","GSTA4"
6.38880352546614e-31,0.349901452315151,0.043,0.202,1.72555194419315e-26,"0","SH3KBP1"
6.4546785228721e-31,1.06324459459322,0.125,0.356,1.74334412224253e-26,"0","SPHK1"
5.70840012438441e-30,1.02215070960932,0.122,0.344,1.54178178959498e-25,"0","LRRC75A"
6.99091080934934e-30,0.482593298675238,0.033,0.18,1.88817510049716e-25,"0","APOBEC3G"
1.2922963236268e-28,0.283790155777783,0.353,0.731,3.49036314048362e-24,"0","UBE2S"
1.73866078570971e-28,0.64967345853115,0.246,0.558,4.69594891612336e-24,"0","KPNA2"
2.15110151469822e-28,0.232326315773939,0.119,0.321,5.80991008104842e-24,"0","MMP13"
3.91759297943504e-28,0.323928164806308,0.03,0.166,1.05810268781561e-23,"0","TNFAIP8L1"
4.93353712935685e-28,0.928253661332546,0.687,0.795,1.33249904326799e-23,"0","SERPINB1"
5.95577778898775e-28,1.02837775750411,0.089,0.274,1.6085960230277e-23,"0","FILIP1L"
1.48275448167319e-27,0.580815499984156,0.07,0.238,4.00477157955112e-23,"0","AURKA"
5.27824096460328e-27,0.401313199317319,0.033,0.168,1.4256001021297e-22,"0","TREM2"
7.81087536248979e-27,0.760430195222307,0.252,0.575,2.10963932665487e-22,"0","HES4"
4.08776104296537e-26,0.629742502209169,0.056,0.208,1.10406338009452e-21,"0","ESCO2"
9.68899033322716e-26,0.200847799227591,0.087,0.257,2.61689939910132e-21,"0","GLRX"
1.49705902336322e-25,0.3313818197316,0.08,0.245,4.04340671620173e-21,"0","HMMR"
1.67203687175575e-25,5.60374706101929,0.245,0.143,4.51600438692511e-21,"0","IGLC1"
2.4120774516528e-25,0.344316029621096,0.051,0.194,6.51477998916905e-21,"0","LRATD1"
2.64706107372775e-25,0.426910836569787,0.031,0.157,7.14944725403128e-21,"0","NEK2"
4.70432604469595e-25,0.587919477217645,0.078,0.241,1.27059142141193e-20,"0","CCNA1"
7.00346936002925e-25,0.447030022535242,0.104,0.283,1.8915670394503e-20,"0","DLGAP5"
8.40277108880127e-25,1.06658323246215,0.062,0.213,2.26950444337434e-20,"0","CXCL16"
1.11287424747526e-24,0.591660809054956,0.064,0.215,3.00576205500594e-20,"0","AURKB"
4.7640799306713e-24,1.02169378750778,0.082,0.245,1.28673034847501e-19,"0","PBK"
2.01620765103681e-23,0.691874270553956,0.149,0.357,5.44557524468533e-19,"0","AL445524.1"
2.59845495929952e-23,0.226356996280495,0.293,0.598,7.01816699957206e-19,"0","RAB25"
3.81610392694506e-23,0.280930004756573,0.026,0.14,1.03069150962859e-18,"0","FUT2"
7.5838860865449e-23,0.554459693202356,0.261,0.561,2.04833179311491e-18,"0","RAB32"
1.45674589160802e-22,0.855145777169489,0.06,0.2,3.93452497864411e-18,"0","SNCG"
4.79371114309259e-22,0.808334683672157,0.067,0.209,1.29473344263788e-17,"0","DPYSL3"
9.11949764578585e-22,1.30441235323145,0.134,0.328,2.4630851191503e-17,"0","SNHG9"
1.02759508515683e-21,0.927510086560587,0.128,0.314,2.77543156550007e-17,"0","CREM"
2.50446366725396e-21,0.252631338510148,0.031,0.141,6.76430591888623e-17,"0","CTSH"
7.62769757453653e-21,0.442807623703335,0.038,0.153,2.06016483790657e-16,"0","EPGN"
3.43331174746289e-20,0.718292069888727,0.017,0.112,9.27303169872253e-16,"0","TCP11L2"
4.87327419145909e-20,3.64498978728329,0.102,0.036,1.31622262637118e-15,"0","MAP9"
3.72726663471152e-19,0.81839309573672,0.179,0.386,1.00669744536924e-14,"0","CDKN3"
6.43279992121922e-19,0.485519512869197,0.042,0.151,1.7374349307221e-14,"0","IDO1"
1.277474365767e-18,0.446659394360613,0.121,0.281,3.45033051450009e-14,"0","ALDH3A1"
1.60081988618005e-18,0.575056498687147,0.033,0.135,4.3236544305837e-14,"0","LRG1"
2.14863994993562e-18,0.546491911346453,0.022,0.113,5.8032616407811e-14,"0","LINC00519"
6.19732963183096e-18,0.656626289095704,0.235,0.481,1.67383676026122e-13,"0","LINC02802"
1.18537757740926e-16,0.657608150427237,0.035,0.13,3.20158629882468e-12,"0","HIST1H1B"
1.21122827905102e-16,0.606104930908339,0.172,0.352,3.2714064588889e-12,"0","CCNB1"
5.88489070370785e-16,0.476700118131419,0.024,0.107,1.58945013016445e-11,"0","KIF20A"
2.26713295928672e-15,0.588859594279022,0.35,0.674,6.1232994097375e-11,"0","LAP3"
5.62269937516125e-15,1.1874093475705,0.173,0.356,1.5186348742373e-10,"0","SELENOM"
6.12779415126915e-15,2.73258418804218,0.171,0.098,1.65505592231628e-10,"0","LCP1"
1.55686665421281e-14,0.59574406848655,0.025,0.102,4.20494114636338e-10,"0","LINC02657"
1.92931902794214e-14,1.3682587184196,0.053,0.149,5.21089776256893e-10,"0","TSLP"
3.11791851946923e-14,0.672900886834347,0.367,0.688,8.42118612923446e-10,"0","MT-ND6"
6.51755245022602e-14,0.492152572420287,0.026,0.101,1.76032574128155e-09,"0","NR4A3"
9.50829981920905e-14,0.348348957011536,0.054,0.146,2.56809669817017e-09,"0","CST6"
1.79389926384895e-13,1.08732282788938,0.075,0.18,4.84514252172963e-09,"0","PCSK1N"
2.51421000611563e-13,0.794440184058294,0.039,0.121,6.79062980551769e-09,"0","AC105460.1"
2.91955504400474e-13,3.59093478504974,0.313,0.275,7.8854262183524e-09,"0","IGHG4"
9.38746292413895e-13,3.14054458692482,0.167,0.103,2.53545986118069e-08,"0","CDC42EP5"
1.30667120013485e-12,1.26480501085629,0.055,0.145,3.52918824444422e-08,"0","TUBA1A"
2.12400194272993e-12,3.27393139573676,0.162,0.099,5.73671684711927e-08,"0","WDR72"
2.35441475473071e-12,2.4235386110157,0.435,0.504,6.35903881105217e-08,"0","GCLM"
2.70931676934883e-12,2.66509360385948,0.263,0.206,7.31759366233425e-08,"0","AKR1C2"
1.52718966237202e-11,0.308506520765463,0.242,0.423,4.12478655910059e-07,"0","RHOV"
3.0399567075591e-11,0.586498237523359,0.372,0.669,8.21061907144637e-07,"0","PTTG1"
1.07451859623088e-10,1.06556612897763,0.145,0.277,2.90216727655999e-06,"0","IFITM2"
4.47666318466984e-10,1.97955000002158,0.328,0.297,1.20910195954748e-05,"0","SAA1"
1.16855589894373e-09,0.752695494677517,0.037,0.1,3.15615262745712e-05,"0","RGS1"
3.50548222273459e-09,1.57596522403675,0.038,0.1,9.46795693538386e-05,"0","SLC39A8"
4.35897166860162e-09,1.24927086510267,0.046,0.111,0.000117731465797261,"0","COL1A2"
4.59469893523569e-09,0.220297866866872,0.044,0.107,0.000124098223541781,"0","CA9"
1.51667382736558e-08,1.08405649213952,0.084,0.166,0.000409638434033169,"0","TAGLN"
3.9093387601916e-08,0.807983992996434,0.057,0.122,0.00105587330574015,"0","CASP14"
4.25477591831258e-08,1.97493974506006,0.076,0.153,0.00114917242777704,"0","IGHG1"
5.04984401699749e-08,1.8510514276032,0.383,0.423,0.00136391237055085,"0","CHCHD10"
5.30146440501472e-08,1.53900377246333,0.071,0.143,0.00143187252115043,"0","LURAP1L"
5.46202057246909e-08,1.77520868063902,0.146,0.263,0.00147523713641818,"0","HIST3H2A"
1.46333228160487e-07,0.399828559932901,0.055,0.115,0.00395231415938659,"0","SPINK6"
2.59031174417639e-07,2.16264531665525,0.223,0.184,0.00699617298984602,"0","NNMT"
4.37685861242952e-07,0.686289014986171,0.616,0.811,0.0118214574263109,"0","SOD2"
2.5861425665446e-06,1.99988526486153,0.293,0.282,0.069849124579803,"0","AKR1C1"
0.000376751274792681,1.0860608673617,0.382,0.425,1,"0","AKR1B10"
0.000725777382841733,3.21330584099204,0.158,0.138,1,"0","MAGEA6"
0.000883977790404835,0.955692394900231,0.313,0.488,1,"0","GPX2"
0.00530990090220072,2.27466671590781,0.141,0.206,1,"0","MAGEA3"
0.00698607882403617,0.351739418106455,0.566,0.858,1,"0","CTSB"
0.00956276290871393,0.571369895907569,0.464,0.716,1,"0","CALML3"
0,2.25526184031362,0.956,0.138,0,"1","PRSS3"
0,3.70936669567679,0.878,0.094,0,"1","PALM2-AKAP2"
0,3.06239647165709,0.859,0.104,0,"1","SYT8"
0,2.91948658604078,0.842,0.128,0,"1","MSLN"
0,4.54210291208959,0.719,0.022,0,"1","L1CAM"
0,1.86871076222156,0.905,0.214,0,"1","ITGAV"
0,1.93988723881292,0.823,0.142,0,"1","RPL39L"
0,2.38053201090101,0.869,0.197,0,"1","COL5A1"
0,2.22353076577632,0.89,0.223,0,"1","ERAP2"
0,3.27683024945545,0.91,0.245,0,"1","PTGS2"
0,3.11798264805358,0.772,0.107,0,"1","OLFML2A"
0,2.71007349849926,0.928,0.276,0,"1","ALCAM"
0,1.91982072499922,0.838,0.188,0,"1","MISP"
0,5.18370243134735,0.657,0.018,0,"1","MEG3"
0,2.55825493277437,0.919,0.288,0,"1","DCBLD2"
0,2.51031760225198,0.898,0.278,0,"1","GOLIM4"
0,1.86694250945491,0.661,0.065,0,"1","PICSAR"
0,3.67085528490698,0.616,0.027,0,"1","PODXL"
0,2.79682725923543,0.588,0.042,0,"1","TIMP2"
0,2.6269060324325,0.587,0.062,0,"1","NXPH4"
0,2.63507517328769,0.989,0.465,0,"1","PTHLH"
0,1.75258216885353,0.504,0.029,0,"1","UPK1B"
0,1.90270491850294,0.987,0.519,0,"1","RAB31"
0,3.58700284910028,0.498,0.036,0,"1","TNNI2"
8.85524648701756e-311,2.03170401598437,0.982,0.506,2.39171352367857e-306,"1","CDK6"
2.79772501850845e-308,1.94606540275471,0.978,0.487,7.55637550248947e-304,"1","CTSL"
7.07933638049997e-308,2.85705900622168,0.642,0.103,1.91205796300924e-303,"1","HEG1"
1.85049771858301e-307,1.9797272348947,0.867,0.214,4.99800928812086e-303,"1","EGLN3"
1.16584412121342e-306,2.46091086405791,0.906,0.313,3.14882838698532e-302,"1","MMP14"
2.10790988026325e-306,1.73966646637221,0.583,0.067,5.69325379560301e-302,"1","BGN"
5.88968099188567e-306,2.01042182037955,0.827,0.208,1.5907439390984e-301,"1","EPCAM"
3.90599791736093e-305,5.03216732853865,0.341,0.005,1.05497097750001e-300,"1","PEG10"
6.21668647936486e-305,1.74833823337439,0.991,0.48,1.67906485121166e-300,"1","CCND2"
6.6486887855142e-300,2.26068597266357,0.911,0.335,1.79574435407953e-295,"1","UACA"
1.31350339273108e-299,2.43260046245571,0.678,0.119,3.54764131342738e-295,"1","TSPAN1"
2.71393836436227e-299,2.86701959984599,0.567,0.07,7.33007612830604e-295,"1","GJB4"
1.5054475889866e-297,5.07331195805372,0.32,0.002,4.06606339309391e-293,"1","NTNG1"
2.03734462889552e-293,2.39992495641807,0.858,0.247,5.50266410818391e-289,"1","ITGA5"
1.4464222940044e-291,2.01546877928764,0.942,0.376,3.90664197387649e-287,"1","AL161431.1"
6.24603658154613e-291,2.43903739334373,0.984,0.517,1.68699202030979e-286,"1","F3"
1.06030446418255e-290,1.90709881500152,0.975,0.48,2.86377632731066e-286,"1","ERO1A"
4.26891724629682e-290,1.56315232389709,0.668,0.109,1.15299185905231e-285,"1","CCNA1"
3.13405936253701e-289,1.9802902960074,0.802,0.2,8.46478093227622e-285,"1","MMP10"
6.58474468481625e-285,2.22063390366181,0.987,0.594,1.77847369192202e-280,"1","SLC2A1"
1.10427596974245e-283,2.04860266664934,0.996,0.639,2.98253896667737e-279,"1","CAV1"
4.38093848398076e-281,1.93683288457248,0.741,0.164,1.18324767513836e-276,"1","DUSP4"
7.10359243490632e-281,1.65319290943924,0.586,0.079,1.91860928074385e-276,"1","AIF1L"
4.5221546712382e-278,2.35492068005828,0.481,0.046,1.22138875515473e-273,"1","FERMT2"
5.2812447205605e-276,5.67034054929513,0.308,0.004,1.42641138657618e-271,"1","NTM"
1.49010754836465e-271,3.04341161305645,0.484,0.051,4.02463147737809e-267,"1","LGALS9C"
2.9950719080219e-270,3.39726681895466,0.396,0.026,8.08938971637636e-266,"1","TSPAN2"
1.74755050467461e-266,1.99998315042411,0.728,0.164,4.71995915807565e-262,"1","FADS3"
1.82431571071966e-266,2.09129723930876,0.751,0.181,4.92729430308274e-262,"1","HEPHL1"
5.34837229805358e-266,1.91618606730375,0.725,0.162,1.44454187398129e-261,"1","NEFM"
8.65432434348097e-266,2.19802095848582,0.925,0.339,2.33744646193078e-261,"1","MMP1"
1.95605766065737e-264,1.36957448910342,0.936,0.301,5.2831161356695e-260,"1","TPPP3"
9.82225617384731e-264,2.19389053032111,0.906,0.318,2.65289316999442e-259,"1","SERPINE1"
2.55127928098994e-263,3.2147917019113,0.505,0.065,6.89075021002573e-259,"1","RMRP"
1.34716018050605e-259,1.43327925139025,0.649,0.117,3.6385449315288e-255,"1","PLAT"
5.47105250489784e-259,2.15032057365489,0.877,0.292,1.47767657104786e-254,"1","EPPK1"
8.07649843050469e-259,2.11324904471868,0.97,0.462,2.18138146109501e-254,"1","PLAU"
2.75949564669576e-258,2.0495719315116,0.909,0.366,7.45312179216059e-254,"1","DUSP6"
5.37012515868279e-258,2.71724079603822,0.403,0.029,1.45041710410863e-253,"1","AJAP1"
6.49601991423117e-258,2.85480235409565,0.574,0.097,1.7545100186347e-253,"1","SEMA3A"
5.88956582478433e-257,1.94385397216404,0.966,0.414,1.590712833616e-252,"1","LAMA3"
2.94714860605469e-256,2.06417010583558,0.733,0.172,7.95995367009311e-252,"1","ADAM8"
5.6101556045228e-256,2.83322609798729,0.353,0.017,1.51524692722556e-251,"1","LRAT"
1.30445923307972e-255,1.50334864694257,0.997,0.755,3.52321394262502e-251,"1","CTSB"
8.76939713753036e-251,2.15214535815298,0.98,0.474,2.36852647287557e-246,"1","TGFBI"
1.63083430930143e-250,3.63818111337663,0.415,0.037,4.40472038599222e-246,"1","MEG8"
3.19685190392584e-250,1.50639121571073,0.932,0.378,8.63437730731331e-246,"1","FEZ1"
1.69364239005794e-248,1.93059428398402,0.975,0.5,4.57435873130749e-244,"1","SDC4"
7.852831166275e-248,2.11294474007792,0.832,0.266,2.12097116969921e-243,"1","HMGA2"
5.6640429888721e-246,1.80019070840845,0.715,0.174,1.52980137086447e-241,"1","ZBED2"
1.55091769718296e-244,1.97582935788663,0.976,0.437,4.18887360832145e-240,"1","LAMC2"
2.66874955005533e-244,1.48765181576035,0.724,0.164,7.20802565974445e-240,"1","CHST2"
9.77606185700615e-244,2.35640411725897,0.486,0.061,2.64041654695879e-239,"1","LOXL2"
1.63770698079845e-243,1.14458474873505,0.546,0.075,4.42328278443852e-239,"1","PCSK1N"
1.07613329208313e-237,1.42168821334501,0.688,0.139,2.90652840858732e-233,"1","FSTL1"
1.04913375004959e-235,1.6622667929934,0.875,0.298,2.83360534550893e-231,"1","BCAM"
5.87180119390035e-233,1.06358741174747,0.927,0.324,1.58591478446055e-228,"1","LINC02802"
1.8265576520427e-232,1.40215959027095,0.99,0.573,4.93334956240213e-228,"1","CRIP1"
3.78039350198523e-230,2.2704481136255,0.856,0.332,1.02104648095119e-225,"1","NRG1"
8.1652359706362e-227,1.68146735548671,0.987,0.624,2.20534858330913e-222,"1","DST"
4.38223148996571e-219,5.46515865919621,0.26,0.006,1.18359690312484e-214,"1","NID2"
5.74162802245843e-218,2.52842521603092,0.895,0.386,1.5507563125858e-213,"1","FST"
1.82660631645813e-217,1.62584492600464,0.811,0.25,4.93348100012176e-213,"1","SLC16A3"
4.00695148006674e-217,2.01326924315789,0.671,0.174,1.08223752525122e-212,"1","BCAR3"
1.3092082447123e-216,1.5190674596005,0.818,0.284,3.53604054814346e-212,"1","PSIP1"
1.9460849424876e-215,1.46205450976363,0.839,0.287,5.25618082116475e-211,"1","CKB"
6.70395390408388e-211,1.26128964423872,0.591,0.112,1.81067090995402e-206,"1","IGFL1"
1.12548452227035e-209,2.69309362220025,0.815,0.314,3.03982114619998e-205,"1","THBS1"
2.29927684987769e-208,1.53673698623714,0.966,0.42,6.21011684383466e-204,"1","SERPINE2"
2.66053970144043e-204,1.92151656653446,0.765,0.253,7.18585167962046e-200,"1","FLRT2"
3.35752762562609e-204,1.61763545819139,0.797,0.259,9.0683463640535e-200,"1","PLOD2"
1.1141081219318e-203,1.77710925033255,0.629,0.155,3.00909462652559e-199,"1","FHL1"
1.8423100055537e-202,1.32624536500332,0.483,0.075,4.97589509399999e-198,"1","PHGDH"
7.38567338352652e-202,1.49439985493399,1,0.769,1.99479652415668e-197,"1","DSP"
9.02087440115327e-201,1.86303630052068,0.863,0.334,2.43644796700749e-196,"1","TIMP3"
3.10268769821768e-197,2.52282708603741,0.301,0.02,8.38004920411612e-193,"1","OTOP3"
7.95927495009478e-196,1.15496749932648,0.88,0.312,2.1497205712711e-191,"1","ECM1"
4.86406077755364e-195,1.6139184866644,0.73,0.209,1.31373417540946e-190,"1","SERPINB2"
7.47796303601713e-195,0.890298681866916,0.676,0.166,2.01972303639787e-190,"1","CFD"
1.39838183898863e-192,1.56640588481937,0.807,0.291,3.77688950892439e-188,"1","FSTL3"
2.71712695411573e-192,1.84211879308698,0.58,0.132,7.33868819037117e-188,"1","MMP3"
5.51140087623103e-191,1.50068151853197,0.785,0.254,1.48857426266124e-186,"1","GPRC5A"
2.6933090124414e-190,1.63289093963429,0.953,0.438,7.27435831170297e-186,"1","LAMB3"
1.76479410962965e-189,1.45662646300611,0.966,0.531,4.76653241069872e-185,"1","PHLDA1"
2.16718930205436e-189,1.47805922302487,0.961,0.475,5.85336158591862e-185,"1","JAG1"
2.1550270730894e-186,1.18723198403538,0.979,0.619,5.82051262170716e-182,"1","KRT18"
2.71349986810129e-184,2.6111782623212,0.378,0.048,7.32889179375477e-180,"1","SPOCK1"
2.02413473612829e-181,1.31937170183604,0.607,0.147,5.46698550880891e-177,"1","ACKR3"
1.79983158365458e-179,1.2308341397355,0.47,0.081,4.86116512429265e-175,"1","MYO1G"
2.45536438633067e-177,1.20870201738457,0.853,0.324,6.6316936710405e-173,"1","COL12A1"
8.52858838675417e-176,1.26679328029413,0.602,0.143,2.30348643737843e-171,"1","NOTCH1"
8.67332697905089e-176,2.32289059053099,0.3,0.026,2.34257888377186e-171,"1","CFAP58"
1.66238608619059e-175,1.13515021256998,0.931,0.44,4.48993858019217e-171,"1","MPZL2"
4.2016595485304e-175,1.5797333147027,0.732,0.243,1.13482622746257e-170,"1","ADRB2"
1.21328289550424e-173,1.14539173771603,0.801,0.281,3.2769557724674e-169,"1","COL4A2"
1.09616550788706e-172,1.73517575353035,0.811,0.377,2.96063342025217e-168,"1","CTNNAL1"
1.2243925622166e-172,1.88500366075472,0.717,0.253,3.30696187129081e-168,"1","ARHGAP29"
7.16615283827793e-171,1.5780101211054,0.917,0.417,1.93550622009049e-166,"1","VEGFA"
6.28667614181279e-170,2.20725780169759,0.3,0.027,1.69796835914222e-165,"1","PPP1R3C"
1.84515887110275e-169,1.79063388710895,0.517,0.115,4.98358959496142e-165,"1","CYP27B1"
1.38698538438731e-167,1.39458697281309,0.826,0.346,3.74610882469168e-163,"1","SMC2"
3.60952490400808e-167,0.917827161005484,0.96,0.436,9.74896581323544e-163,"1","IGFBP2"
6.69806680718148e-167,1.17508123662963,0.921,0.417,1.80908086395165e-162,"1","KRT8"
1.96136819095753e-164,1.13733399354361,0.984,0.576,5.29745934695718e-160,"1","TP63"
2.2567393541994e-164,2.46654978284565,0.369,0.054,6.09522732175717e-160,"1","SLCO4A1"
2.81744967126444e-164,1.47820897761307,0.714,0.246,7.60964981711813e-160,"1","TNFRSF6B"
3.11019361283711e-164,1.4590657925051,0.749,0.256,8.40032192891175e-160,"1","CLDN1"
3.17408295772785e-164,1.11965626207379,0.649,0.187,8.57288066052716e-160,"1","NCF2"
6.25406531886797e-164,1.42375941167724,0.654,0.19,1.68916050197305e-159,"1","HILPDA"
1.77920213293908e-163,1.34765896406242,0.88,0.372,4.80544704085517e-159,"1","ITGA2"
3.00495786205339e-163,1.16155570714621,0.833,0.318,8.11609068962e-159,"1","CD55"
6.21486710856335e-163,0.633311194037441,0.948,0.398,1.67857345735187e-158,"1","NEFL"
4.0033902508772e-162,2.47591057958731,0.382,0.06,1.08127567285942e-157,"1","CCN2"
1.17023105090677e-161,0.822914084514735,0.858,0.36,3.1606770453941e-157,"1","TRIM16"
1.82008365587804e-158,1.19786644305607,0.994,0.608,4.91586394616099e-154,"1","FGFBP1"
1.21153855686487e-157,1.4838714748502,0.609,0.185,3.27224448823632e-153,"1","NCAPD3"
2.60455925084322e-156,1.07752108952528,0.776,0.277,7.03465408060244e-152,"1","PIM1"
6.39280616300823e-155,0.977757972746471,0.346,0.046,1.72663301656689e-150,"1","HBB"
1.8600472214327e-154,1.5408703068846,0.86,0.398,5.02380154036757e-150,"1","SMC4"
3.78604452090746e-154,1.08481730043382,0.981,0.575,1.0225727646519e-149,"1","IGFBP6"
3.35900355664794e-153,0.957071652250992,0.577,0.153,9.07233270615042e-149,"1","ARG2"
5.55662026269536e-153,1.51929622185571,0.566,0.153,1.50078756675139e-148,"1","CREB5"
6.30707604145206e-153,1.30694535649254,0.934,0.509,1.70347816803579e-148,"1","TSC22D1"
7.37471147690479e-153,0.508465420885176,0.873,0.324,1.99183582279721e-148,"1","CDA"
7.26849181329133e-152,1.59415555648487,0.844,0.375,1.96314695385186e-147,"1","AL627171.2"
9.71843037647759e-152,1.29725330214232,0.969,0.549,2.62485086038283e-147,"1","AREG"
1.71208533588948e-151,1.80818124000009,0.598,0.181,4.62417128370389e-147,"1","DKK1"
3.43102682023098e-149,1.52421019513986,0.683,0.229,9.26686033876185e-145,"1","AMIGO2"
8.12832315547907e-149,1.64654459210247,0.329,0.045,2.19537880106334e-144,"1","G0S2"
1.31561419532282e-147,2.21112716569387,0.508,0.134,3.55334238014741e-143,"1","RGMB"
6.03369037930109e-146,1.54960803247016,0.632,0.208,1.62963943454543e-141,"1","AMOTL2"
6.39865947763254e-146,2.77735490725547,0.238,0.018,1.72821393831377e-141,"1","STC1"
2.14722323593698e-145,1.52978192862323,0.796,0.329,5.79943523794218e-141,"1","VEGFC"
2.99804224804195e-145,1.30099496642627,0.439,0.09,8.09741230773649e-141,"1","ADGRF1"
5.26909636009852e-145,1.32459600452392,0.505,0.125,1.42313023589901e-140,"1","POLM"
1.40249061008916e-140,1.01440038109236,0.848,0.397,3.78798688878982e-136,"1","ID3"
7.18232391286248e-140,1.06784047857601,0.856,0.367,1.93987386562503e-135,"1","EPHA2"
7.81131739149333e-138,1.3976658939005,0.542,0.157,2.10975871426843e-133,"1","MCM2"
5.16091216258845e-135,1.15992386550027,0.874,0.418,1.39391076599351e-130,"1","PMEPA1"
7.0599853114711e-135,1.08097371645108,0.749,0.292,1.90683143277523e-130,"1","ECT2"
6.68205651729671e-133,0.924721733529933,0.431,0.096,1.80475664475667e-128,"1","NCF1"
2.37736085667475e-132,0.957941832591461,0.683,0.231,6.42101393779283e-128,"1","MMP2"
4.4601471821658e-132,1.38848622498618,0.86,0.4,1.20464115243116e-127,"1","AC020916.1"
6.75736276565576e-131,0.65446363210453,0.869,0.39,1.82509610937596e-126,"1","UGCG"
8.8000043089239e-131,0.724983397609611,0.287,0.037,2.37679316379726e-126,"1","MT1M"
1.76892759011842e-129,0.959151373675723,0.532,0.148,4.77769652815083e-125,"1","CLU"
2.62989157211453e-129,0.589778769471608,0.884,0.37,7.10307414712414e-125,"1","CTSV"
3.02793849420729e-129,0.769530548634958,0.813,0.312,8.17815907900447e-125,"1","SLC7A8"
4.99025522993786e-129,1.90487079900072,0.275,0.035,1.34781803505392e-124,"1","GAST"
3.84528886294515e-126,0.905521054101041,0.911,0.443,1.03857406899286e-121,"1","PRSS23"
6.55005505712984e-126,1.03023010314732,0.972,0.615,1.7691043703802e-121,"1","C12orf75"
1.5269642496845e-125,1.08708916446213,0.722,0.284,4.12417774197287e-121,"1","TGFA"
1.85107253641148e-123,0.408350993875275,0.422,0.091,4.99956181359377e-119,"1","HSPB8"
4.06520030106213e-123,2.09554280658007,0.333,0.061,1.09796994931387e-118,"1","ADAMTS6"
6.8384021252651e-123,1.0723553241218,0.723,0.278,1.84698403001285e-118,"1","TMEM41A"
4.08526938522217e-122,0.753453850987131,1,0.995,1.10339040825466e-117,"1","KRT17"
2.43898567021871e-121,1.47716443293249,0.782,0.349,6.58745639669371e-117,"1","ERRFI1"
4.82303672616243e-121,1.4294367222842,0.899,0.477,1.30265398936921e-116,"1","ARL6IP1"
5.27617409932793e-121,1.15384584966041,0.621,0.213,1.42504186248748e-116,"1","PTGES"
1.83818887667616e-120,1.04340799280263,0.986,0.588,4.96476433701465e-116,"1","DSG3"
7.12614204443578e-120,0.911431127566676,0.815,0.367,1.92469970478166e-115,"1","BPGM"
3.89209722720907e-118,0.852668169171093,0.948,0.529,1.0512165400969e-113,"1","TPM1"
1.22221615334852e-117,0.886829483540137,0.389,0.086,3.30108360857902e-113,"1","TREM2"
1.88519848856548e-116,2.19807579943504,0.357,0.077,5.09173259776651e-112,"1","SHISA2"
3.38767258094343e-116,0.723317010544885,0.832,0.369,9.14976487387011e-112,"1","GPSM2"
2.21329463013612e-115,1.02278204909859,0.313,0.055,5.97788746653464e-111,"1","AC100801.1"
2.33389411524103e-115,1.03735910448109,0.608,0.22,6.3036146158545e-111,"1","DRAM1"
2.9750781059005e-115,0.686740404293464,0.945,0.505,8.03538845622665e-111,"1","RAP2B"
1.24170640945029e-114,0.883286744224729,0.866,0.426,3.3537248412843e-110,"1","TM4SF1"
1.24423503209835e-113,0.899867415597541,0.763,0.296,3.36055439819444e-109,"1","NT5E"
2.15428702545926e-113,1.30977547485827,0.602,0.213,5.81851382706291e-109,"1","CCN1"
2.38608932309759e-113,2.38568351336587,0.184,0.014,6.44458865275427e-109,"1","REEP1"
3.69364903813679e-113,1.44279333697447,0.556,0.187,9.97617668710366e-109,"1","RIMKLB"
4.95372496204655e-113,1.14213971251593,0.498,0.146,1.33795157499915e-108,"1","FAP"
5.38150671909678e-113,0.720765771134799,0.734,0.285,1.45349114976085e-108,"1","COL4A1"
1.51753350609552e-111,1.09162114496459,0.586,0.201,4.0987062466134e-107,"1","SLC43A3"
7.35248499293094e-111,1.14968447635871,0.481,0.139,1.98583267174072e-106,"1","SLC11A2"
1.61026413415067e-110,0.656014214239417,0.86,0.422,4.34916239992755e-106,"1","RAB32"
2.6325835362478e-110,0.883090484753689,0.476,0.135,7.11034487305169e-106,"1","ERMP1"
2.0472106766304e-109,0.56316223724133,0.7,0.27,5.52931131651104e-105,"1","PGF"
4.175034734809e-108,1.18791160106971,0.447,0.126,1.12763513152456e-103,"1","HIST1H2BJ"
4.87029144555648e-108,0.596845558563307,0.917,0.503,1.31541701653035e-103,"1","CCND1"
1.26090009244057e-107,1.06935210998939,0.707,0.297,3.40556505967274e-103,"1","TYMS"
1.86163628519219e-107,1.20461458280087,0.726,0.31,5.02809344267559e-103,"1","SLC6A8"
3.8364254534782e-107,1.08574952173935,0.662,0.256,1.03618015072993e-102,"1","HK2"
1.25849941048015e-106,0.682074911511573,0.357,0.082,3.39908105776584e-102,"1","MMP9"
8.40839053035645e-106,0.72364303304896,0.657,0.254,2.27102219834397e-101,"1","ETS1"
1.01249771081311e-103,1.44448183886982,0.492,0.158,2.73465506713514e-99,"1","ANTXR2"
1.59933624458209e-103,2.08439040644015,0.295,0.056,4.31964726299176e-99,"1","SULT1E1"
2.33757067919834e-103,0.878930576525097,0.239,0.034,6.31354464744679e-99,"1","AMTN"
3.20264433956076e-103,0.866575478439278,0.7,0.308,8.65002209671965e-99,"1","MCM7"
1.06616874204814e-102,1.05620776551695,0.533,0.178,2.87961515539782e-98,"1","OSR2"
7.24487919584694e-100,0.562246959082178,0.929,0.441,1.9567694220063e-95,"1","TIMP1"
1.10890026429698e-98,1.33130397418409,0.408,0.113,2.9950287238397e-94,"1","LINC00707"
1.23695362373111e-98,0.291155680704241,0.894,0.395,3.34088804233535e-94,"1","CXCL8"
1.32755321703055e-98,1.50897131911279,0.504,0.178,3.58558848387781e-94,"1","KNL1"
1.57937828818243e-98,0.953432293707163,0.605,0.234,4.26574281855191e-94,"1","FANCI"
2.12449836090092e-98,2.1327718837789,0.297,0.06,5.73805762295729e-94,"1","CYP24A1"
6.92303985706546e-98,0.992445681115782,0.578,0.215,1.86984383499481e-93,"1","DUSP5"
1.64267790063313e-97,0.233506289799196,0.813,0.361,4.43670874182003e-93,"1","KIAA2026"
6.01820334565353e-97,0.80528667314566,0.666,0.276,1.62545654162756e-92,"1","MAD1L1"
1.26076805721301e-96,0.877023428613005,0.512,0.177,3.40520844572662e-92,"1","FILIP1L"
1.3162718016856e-96,1.45750879143117,0.44,0.137,3.55511850917265e-92,"1","EDN1"
1.83492877545229e-96,1.40313135523032,0.453,0.141,4.9559591296191e-92,"1","NOTCH3"
2.95441044611274e-96,0.926620379705991,0.971,0.722,7.97956717390591e-92,"1","FOS"
1.28550503853963e-95,0.681362881844627,0.495,0.163,3.47202055859167e-91,"1","AGR2"
4.43292211813677e-95,0.868011500147996,0.996,0.83,1.19728793488756e-90,"1","MT2A"
5.66368916258085e-95,0.488097107180688,0.915,0.498,1.52970580592146e-90,"1","CSRP2"
2.14831020735613e-94,0.598582938178545,0.817,0.364,5.80237103904817e-90,"1","ARL4C"
3.37442840635202e-94,1.04614474926164,0.847,0.4,9.11399368271617e-90,"1","TNC"
1.5088984359301e-93,1.37374764643414,0.218,0.031,4.0753837856036e-89,"1","GPC6"
2.84381159671064e-93,1.20245181652325,0.289,0.058,7.68085074155577e-89,"1","CASC19"
3.71362930754887e-93,0.404297757188467,0.945,0.51,1.00301413967587e-88,"1","GSN"
2.12265159662809e-92,0.848723356901733,0.677,0.297,5.7330696973328e-88,"1","MCM3"
2.80450999178601e-92,1.6873314286044,0.29,0.061,7.57470103681484e-88,"1","LINC00472"
4.04248223828399e-92,0.923410389545644,0.774,0.36,1.09183402773812e-87,"1","RESF1"
1.43223927798232e-91,1.22901300866043,0.574,0.234,3.86833506590245e-87,"1","CLSPN"
6.03535531980178e-91,0.911563346500591,0.712,0.308,1.63008911832526e-86,"1","ITGB6"
7.663900142997e-91,0.520061441761173,0.88,0.449,2.06994278962206e-86,"1","ANXA3"
3.61894566179244e-90,0.389854508594096,0.728,0.305,9.77441033793519e-86,"1","ZNF185"
6.20364005423541e-90,0.303540991748459,0.843,0.379,1.67554114224844e-85,"1","NFKBIZ"
8.37665554229291e-90,1.39867157823086,0.628,0.273,2.26245089541789e-85,"1","MKI67"
2.32549963988051e-89,0.775071048049518,0.685,0.298,6.28094197735326e-85,"1","IL1A"
2.447235595785e-89,0.798783269763044,0.877,0.485,6.6097386206557e-85,"1","STMN1"
3.15717250494648e-88,1.18470930725731,0.532,0.202,8.52720721860995e-84,"1","BRCA1"
2.469045863035e-87,0.656473110417592,1,0.949,6.66864597147123e-83,"1","KRT5"
3.21148146908604e-87,0.891657054784649,0.44,0.138,8.67389029985447e-83,"1","TM4SF19"
5.4684071908264e-87,0.582918236069751,0.536,0.195,1.4769620981703e-82,"1","SLC7A11"
2.2935423605996e-86,1.1672677263414,0.446,0.154,6.19462856174347e-82,"1","ASF1B"
2.96205082389046e-86,0.966281417592989,0.56,0.222,8.00020307024576e-82,"1","NCAPD2"
1.17854641200791e-85,0.863860612665701,0.612,0.254,3.18313600419216e-81,"1","HELLS"
3.59198423173761e-85,0.884284982707957,0.357,0.096,9.70159021150012e-81,"1","IGFL2-AS1"
1.26531225997739e-84,0.955823581983786,0.616,0.257,3.41748188297295e-80,"1","ANLN"
2.07058487545081e-84,0.486745877703092,1,0.984,5.59244269010508e-80,"1","KRT14"
5.57615055834489e-84,1.2398187740052,0.434,0.15,1.50606250430337e-79,"1","CIP2A"
1.57899325334808e-83,0.650829505525365,0.608,0.251,4.26470287796782e-79,"1","DBF4"
1.83874540403582e-83,0.52105078383159,0.928,0.533,4.96626746176035e-79,"1","ODC1"
1.12734277384327e-82,0.464811877235115,0.977,0.592,3.04484009787328e-78,"1","TACSTD2"
1.18781449386341e-81,2.36278859439286,0.181,0.024,3.20816816647568e-77,"1","AL137800.1"
2.09745854056176e-80,0.556229077200868,0.205,0.032,5.66502577220326e-76,"1","HBA2"
2.16788862652108e-80,0.687328693024108,0.674,0.288,5.85525039137077e-76,"1","EFEMP1"
4.06188894818915e-80,0.642374560622889,0.555,0.224,1.09707558601641e-75,"1","DHFR"
1.7677208746557e-79,0.241450566220075,0.839,0.409,4.77443731035759e-75,"1","MALL"
6.96955072323983e-79,1.10228161233192,0.491,0.189,1.88240595483985e-74,"1","ATAD5"
1.78957405353746e-78,0.590415528482215,0.638,0.261,4.83346056119933e-74,"1","CEMIP2"
9.89795422683466e-78,0.929247328131752,0.204,0.033,2.67333845712577e-73,"1","TMEM45B"
3.78255662336565e-76,0.926380194261918,0.394,0.124,1.02163071840483e-71,"1","AC110995.1"
5.77675128850514e-76,0.635300179137367,0.351,0.1,1.56024275551235e-71,"1","TRIB3"
6.35443533934116e-76,1.46664714649504,0.227,0.045,1.71626944080265e-71,"1","FLG"
2.02804413754495e-75,0.202839481515491,0.4,0.126,5.47754441109515e-71,"1","FN1"
2.70854384628098e-75,0.326472417478969,0.539,0.208,7.31550607442029e-71,"1","KCTD11"
2.81234740485294e-75,2.78266991294216,0.173,0.025,7.59586910576729e-71,"1","EDN2"
4.98373927920335e-75,0.514996397274858,0.883,0.465,1.34605814192003e-70,"1","KLF4"
1.50298487259122e-74,0.362160504895442,0.56,0.223,4.05941184238162e-70,"1","KNSTRN"
2.97999957998454e-74,0.614961556920552,0.728,0.369,8.04868086558023e-70,"1","H2AFX"
1.08258328847958e-73,0.295448051888553,0.772,0.376,2.92394920385449e-69,"1","EMP1"
1.20932039200818e-73,0.420240898225098,0.423,0.143,3.26625344677491e-69,"1","CLDN7"
1.42695717800342e-73,0.421867882076018,0.337,0.094,3.85406864206943e-69,"1","IGHG1"
7.31459115058589e-73,0.535442122096633,0.764,0.362,1.97559792386174e-68,"1","PLK3"
1.17841018180759e-72,0.953774558736981,0.584,0.265,3.18276806004413e-68,"1","PRC1"
1.40520112080379e-72,0.888328714026185,0.39,0.131,3.79530770717896e-68,"1","JADE2"
2.4340915741211e-72,0.930063047969722,0.536,0.228,6.57423793254368e-68,"1","ORC6"
3.50527195903847e-72,1.14299500395266,0.171,0.025,9.46738903416701e-68,"1","CRLF1"
9.56819526545129e-71,0.359937647657954,0.539,0.218,2.58427385924574e-66,"1","MYBL2"
2.35519789738423e-70,0.789728128137995,0.536,0.227,6.36115400104506e-66,"1","MELK"
2.5890624394926e-70,0.981282026032911,0.23,0.049,6.99279874282557e-66,"1","CD70"
3.72376744066698e-70,0.31108139822645,0.761,0.374,1.00575234804974e-65,"1","GLIPR1"
5.98686023064376e-70,0.69963787170612,0.963,0.624,1.61699107969457e-65,"1","IER3"
3.62299152483596e-69,1.09341317195133,0.508,0.205,9.78533780942945e-65,"1","AC036176.3"
3.84089092911179e-69,1.07917595219791,0.451,0.176,1.0373862310438e-64,"1","CDC6"
2.44320768836269e-68,0.507781648392391,0.786,0.382,6.5988596454988e-64,"1","SERPINH1"
2.52020282804556e-68,0.519697754226067,0.62,0.284,6.80681581826825e-64,"1","CDKN3"
3.34933861278489e-68,0.906402639176294,0.504,0.21,9.04622865927071e-64,"1","CDCA7"
4.22034414984181e-68,0.592518630473166,0.754,0.379,1.13987275143077e-63,"1","FOSL1"
5.80572018034247e-68,0.661681272697877,0.379,0.133,1.5680669635087e-63,"1","ESCO2"
8.78691239681002e-68,0.489063537903703,0.811,0.4,2.37325716925442e-63,"1","INHBA"
9.9389729610961e-68,2.13753993497796,0.177,0.03,2.68441720706245e-63,"1","STC2"
1.08805005212315e-67,0.947798954543616,0.482,0.194,2.93871438577942e-63,"1","DLL1"
1.1587894322324e-67,0.213854654940497,0.704,0.333,3.12977437751649e-63,"1","NBR1"
2.96215193597363e-67,0.5101620136142,0.574,0.256,8.00047616387117e-63,"1","FEN1"
6.94172730191277e-67,1.00059362142499,0.501,0.208,1.87489112697362e-62,"1","MIR222HG"
8.18854334906295e-67,0.778916451893089,0.78,0.41,2.21164367314841e-62,"1","EFNA1"
1.87410344319699e-66,0.73902962385972,0.268,0.069,5.06176598973076e-62,"1","AC105460.1"
3.071810415177e-66,0.766011789131421,0.61,0.282,8.29665275035156e-62,"1","CDC20"
4.25015443657339e-66,0.77976151398112,0.476,0.19,1.14792421177411e-61,"1","IRS2"
2.04118830422609e-65,0.511266281896223,0.777,0.394,5.51304549088426e-61,"1","PCLAF"
7.00466220443606e-65,0.633883760651696,0.661,0.321,1.89188921479614e-60,"1","BIRC5"
9.50991642366161e-65,0.474392702281237,0.869,0.493,2.56853332686676e-60,"1","PCNA"
3.03361770858507e-64,1.96706399047621,0.206,0.044,8.19349806911742e-60,"1","AC037198.1"
3.36867287735179e-64,0.909355502331879,0.575,0.268,9.09844857443946e-60,"1","ATAD2"
3.62342871600637e-64,0.309991357151686,0.723,0.348,9.78651861906162e-60,"1","ZBTB43"
5.24375109921005e-64,0.249839725020338,0.723,0.351,1.41628473438564e-59,"1","TXNIP"
1.00818320071812e-63,0.208977279099332,0.883,0.472,2.72300200681957e-59,"1","GJA1"
2.35468732610255e-63,0.543896836360607,0.475,0.193,6.35977499907038e-59,"1","RACGAP1"
2.97125746477741e-63,0.439087878768253,0.663,0.309,8.02506928661731e-59,"1","TINAGL1"
1.50396850959444e-62,0.476492700431288,0.988,0.719,4.06206854756363e-58,"1","LGALS1"
3.13409156909026e-62,0.335858970113805,0.731,0.353,8.46486791895587e-58,"1","TK1"
6.97023389954404e-62,0.483883885598384,0.515,0.215,1.88259047392785e-57,"1","KDM7A-DT"
7.91436541587959e-62,0.315263476503013,0.549,0.235,2.13759095517492e-57,"1","IL7R"
8.09528838109252e-62,0.918770254521971,0.401,0.15,2.18645643884928e-57,"1","FAM111B"
1.7586624566466e-61,0.511781676438616,0.623,0.289,4.7499714291568e-57,"1","KIF20B"
4.54074874747745e-60,0.797983893877896,0.574,0.267,1.22641082920618e-55,"1","CENPF"
6.23098444052449e-60,0.777671762280638,0.315,0.1,1.68292658754126e-55,"1","DLK2"
1.21717185007185e-58,0.276294411266497,0.795,0.399,3.28745944985907e-54,"1","SLC20A1"
1.28873636365802e-58,0.383262345746803,0.507,0.219,3.48074804460394e-54,"1","HIST1H2BC"
2.37684028666743e-58,0.451239381421841,0.462,0.182,6.41960793026005e-54,"1","THBD"
1.00548396919613e-57,1.32377907871004,0.46,0.199,2.71571165240183e-53,"1","ANGPTL4"
1.05631376522394e-57,1.15122663224023,0.224,0.056,2.85299784849333e-53,"1","SORT1"
1.33016192779843e-57,0.460460730062065,0.396,0.146,3.59263435079077e-53,"1","PXMP4"
1.39068785146606e-57,1.12309801867506,0.432,0.185,3.75610881802467e-53,"1","NDC80"
3.33964650509202e-57,0.520318906323275,0.981,0.754,9.02005124560303e-53,"1","MT1X"
7.38303627655345e-57,0.5702386715618,0.465,0.196,1.99408426793432e-52,"1","MCM6"
6.16642586916434e-56,0.456151263392291,0.475,0.204,1.6654899630026e-51,"1","GINS2"
3.8680595248241e-55,0.59980748938826,0.997,0.872,1.04472419705974e-50,"1","PERP"
4.87393830661602e-55,0.652180731673974,0.194,0.044,1.31640199723392e-50,"1","RNASE7"
7.5922574067007e-55,0.826210448103909,0.24,0.066,2.05059280297579e-50,"1","GNE"
9.58951267831798e-55,0.855883075385622,0.725,0.41,2.5900314792869e-50,"1","SNHG3"
1.86979263441045e-54,0.873681276226068,0.219,0.056,5.05012292627918e-50,"1","HES5"
2.65832311045548e-54,0.732398550685641,0.41,0.168,7.1798648890292e-50,"1","PRR11"
2.83205311649589e-54,0.534311664417491,0.571,0.273,7.64909226234374e-50,"1","SOX9"
7.3146118732289e-54,0.249073814904088,0.587,0.271,1.97560352084039e-49,"1","NR4A1"
1.32923654725027e-53,0.839166684482313,0.429,0.178,3.59013499046825e-49,"1","PKMYT1"
1.48130726131713e-53,1.07746290769887,0.223,0.059,4.00086278209143e-49,"1","SEMA3B"
4.10739069824575e-53,1.25493863079506,0.106,0.012,1.10936515368919e-48,"1","PPP1R14A"
5.69014903458891e-53,0.538149754551987,0.525,0.238,1.53685235275212e-48,"1","SUSD6"
1.09188521719502e-52,0.591116276747459,0.337,0.12,2.94907278312203e-48,"1","PTAFR"
1.31948182177572e-52,0.82392162164669,0.447,0.196,3.56378845243404e-48,"1","KIF23"
1.64152889757899e-52,0.485031404515351,0.503,0.227,4.43360539947109e-48,"1","CEP55"
1.67838460524872e-52,0.388946733191317,0.969,0.685,4.53314898031627e-48,"1","CTSC"
4.84338213452624e-52,0.398397824300832,0.153,0.029,1.30814908071419e-47,"1","LCK"
5.255858647064e-52,0.563359076004217,0.549,0.261,1.41955486198552e-47,"1","NUSAP1"
7.76011414925405e-52,0.749445165953698,0.378,0.153,2.09592923057203e-47,"1","KIF4A"
8.86587458381119e-52,0.463522527995695,0.749,0.411,2.39458406634156e-47,"1","NRARP"
1.10293147916821e-51,0.652570039962396,0.333,0.122,2.97890763208541e-47,"1","BUB1B"
5.9357155931261e-51,0.641201625353379,0.408,0.168,1.60317742454743e-46,"1","CENPA"
6.75193396153153e-51,0.289504501880154,0.909,0.59,1.82362984367005e-46,"1","BNIP3"
1.62094190749102e-50,0.767479557537318,0.341,0.132,4.37800199794249e-46,"1","CDCA2"
5.49687769162324e-50,2.16395622683086,0.104,0.013,1.48465169573052e-45,"1","CLDN16"
6.93848600106681e-50,0.296520082761152,0.938,0.622,1.87401568402813e-45,"1","UPP1"
1.78002025514067e-49,2.00659083246497,0.159,0.034,4.80765670710944e-45,"1","ENO2"
2.32545261821891e-49,0.215513186231243,0.632,0.313,6.28081497654745e-45,"1","NDUFA4L2"
2.91124419953728e-49,0.600721303515909,0.487,0.224,7.86297945853025e-45,"1","CCNB2"
2.1470746292243e-48,0.770261161336451,0.385,0.16,5.7990338660719e-44,"1","NEDD9"
2.64633576747205e-48,0.20168492479074,0.533,0.246,7.14748827436525e-44,"1","MCM5"
3.26036450014657e-48,1.0049606931724,0.226,0.065,8.80591847844588e-44,"1","CA9"
6.07559082833762e-48,0.354755571555358,0.507,0.232,1.64095632682571e-43,"1","ERBB3"
1.18218343521681e-47,0.533994224235892,0.99,0.764,3.19295924017709e-43,"1","SAT1"
2.13469330285327e-47,0.553915711700894,0.431,0.197,5.7655931416764e-43,"1","UNG"
4.55962323160329e-47,0.292577075255854,0.546,0.262,1.23150863862373e-42,"1","ZWINT"
4.72524577094239e-47,0.499636631648437,0.566,0.283,1.27624163027383e-42,"1","TPX2"
1.01328325966851e-46,0.636111310929628,0.538,0.263,2.73677675603868e-42,"1","AGPAT4"
1.99352092617628e-46,0.884199661982284,0.435,0.199,5.38430066950952e-42,"1","ASPM"
4.26079259178612e-46,0.404582549232638,0.424,0.185,1.15079747111551e-41,"1","RAD51AP1"
7.9568275280373e-46,0.732913564654513,0.55,0.272,2.14905954704759e-41,"1","TOP2A"
6.17149017282871e-45,1.65091193235778,0.125,0.022,1.66685778077931e-40,"1","UCA1"
7.38180171744036e-45,1.90770640862596,0.114,0.018,1.99375082586347e-40,"1","DEGS2"
1.57085056811718e-44,0.676335007589749,0.251,0.084,4.24271029942769e-40,"1","SERPINB7"
7.61680259219955e-44,0.307220802293938,0.435,0.189,2.05722221212718e-39,"1","CCL20"
7.89858042177873e-44,0.552213471682342,0.457,0.209,2.13332758611822e-39,"1","APCDD1"
5.25881576680076e-43,0.391695791180876,0.422,0.189,1.42035355045522e-38,"1","SGO2"
1.15844019046993e-42,0.36046067979353,0.854,0.526,3.12883111044024e-38,"1","CKS2"
1.41780229802404e-42,0.306758177442106,0.262,0.09,3.82934222673312e-38,"1","MAP1B"
5.74798275389349e-42,0.963350973200397,0.341,0.146,1.55247266199909e-37,"1","KIF14"
7.98173871619762e-42,0.254812302946536,0.766,0.444,2.15578780985782e-37,"1","HES1"
1.13624470199182e-41,1.66983887851854,0.125,0.025,3.0688833156097e-37,"1","LINC00052"
1.40963254055491e-41,0.561398076352844,0.358,0.155,3.80727652878475e-37,"1","FBXO5"
1.68380232063537e-41,0.494844564716458,0.475,0.231,4.54778168780406e-37,"1","DDIT3"
3.75945667957939e-41,0.490856409065941,0.324,0.133,1.0153916545876e-36,"1","TTK"
2.08677699604804e-40,1.03291700010926,0.676,0.39,5.63617598862616e-36,"1","GPNMB"
2.40320761520536e-40,1.14654042882236,0.171,0.046,6.49082344790815e-36,"1","PDGFB"
1.04555875210712e-39,0.563983377516687,0.306,0.125,2.82394963356613e-35,"1","CDC45"
1.6450220871208e-39,0.535733785095506,0.551,0.29,4.44304015510458e-35,"1","RRM2"
1.68542671208156e-39,1.15514424691294,0.217,0.072,4.55216900666109e-35,"1","PCSK9"
4.05154189360355e-39,0.731741593042567,0.733,0.425,1.09428095004338e-34,"1","ADM"
1.48748805234891e-38,0.341046808102134,0.344,0.146,4.01755648058918e-34,"1","FAM83D"
1.51195439606388e-38,1.37940818849464,0.178,0.051,4.08363762832892e-34,"1","SEMA7A"
1.53470082241229e-38,0.472400179775704,0.426,0.208,4.14507345125334e-34,"1","DLGAP5"
4.159936697675e-38,0.329646010055006,0.509,0.253,1.12355730267504e-33,"1","FOXD1"
4.93521495654534e-38,0.95622826517149,0.132,0.03,1.33295220761333e-33,"1","DAB2"
5.75679046321224e-38,0.338202618320772,0.406,0.189,1.55485153620899e-33,"1","ARHGAP11A"
1.05472362910689e-37,0.318421680588806,0.328,0.136,2.84870304985481e-33,"1","TMPRSS13"
3.27433758263622e-37,0.704940624981552,0.299,0.122,8.84365837694216e-33,"1","DTL"
4.08814375710675e-37,0.324784873268371,0.286,0.111,1.10416674735696e-32,"1","RAET1L"
5.70497308954792e-36,1.03553447583766,0.194,0.062,1.540856181756e-31,"1","STEAP4"
8.64512604260446e-36,0.492992443480641,0.276,0.109,2.33496209284704e-31,"1","TPRG1"
2.27508295867276e-35,0.581867079310347,0.357,0.163,6.14477156307925e-31,"1","GTSE1"
3.66226362141352e-35,0.367692308199388,0.42,0.201,9.89140781507578e-31,"1","BRCA2"
9.89052660020542e-35,0.265999777351971,0.711,0.405,2.67133232944948e-30,"1","HERPUD1"
1.95695647637377e-34,1.59475425838595,0.229,0.086,5.2855437470379e-30,"1","MIR503HG"
4.12782402811836e-34,0.267285774259278,0.333,0.151,1.11488399175449e-29,"1","CDCA3"
7.9236931357199e-34,0.332732572643243,0.369,0.173,2.14011027902659e-29,"1","CDCA8"
1.01531102318055e-33,1.41187062680139,0.182,0.059,2.74225354250835e-29,"1","LINC00520"
1.63297366695074e-33,0.354930924479723,0.35,0.162,4.41049857706724e-29,"1","CKAP2L"
2.88822071244127e-33,0.466394995153619,0.346,0.163,7.80079532223263e-29,"1","KIF2C"
6.74920897512352e-33,1.36164283011626,0.154,0.045,1.82289385209111e-28,"1","CEMIP"
7.38350355736632e-33,0.408909447773853,0.377,0.173,1.99421047580907e-28,"1","KCNMA1"
1.88716861341235e-32,0.233131198284718,0.496,0.256,5.09705370796541e-28,"1","UBE2C"
2.99495638452559e-32,0.654928123567073,0.362,0.179,8.08907769896515e-28,"1","HMMR"
7.92421155360815e-32,0.398382668217443,0.326,0.148,2.14025029851402e-27,"1","IL24"
9.01003716053321e-32,0.517673805207664,0.311,0.142,2.43352093668841e-27,"1","KIFC1"
1.33981000862508e-31,0.340482634344999,0.977,0.712,3.61869285229547e-27,"1","HSPA1A"
1.9365745763902e-31,0.318291136856621,0.403,0.202,5.23049427337229e-27,"1","CDCA5"
2.89390446154078e-31,0.518063910599385,0.357,0.172,7.81614656017548e-27,"1","DIAPH3"
3.87402464245501e-31,1.37162307620071,0.103,0.022,1.04633531568067e-26,"1","ADGRE2"
1.69260207769897e-30,0.356434151220868,0.322,0.148,4.57154895165714e-26,"1","TMCC3"
2.42417108294431e-30,0.5637667467231,0.817,0.536,6.5474436779243e-26,"1","DDIT4"
6.84760787701563e-30,0.786536264614457,0.137,0.039,1.84947041150315e-25,"1","KANK4"
1.58759157650319e-28,1.17585634209524,0.101,0.023,4.28792608897747e-24,"1","LEMD1"
1.7258378897758e-28,0.468917521708402,0.406,0.208,4.66131555649547e-24,"1","DSG1"
6.5411734586686e-27,0.225619174792042,0.272,0.123,1.7667055394518e-22,"1","CCNF"
8.5239740843275e-27,0.402854485931169,0.323,0.159,2.30224016043601e-22,"1","DEPDC1"
1.42934565568213e-26,0.596844119620256,0.279,0.131,3.86051968143186e-22,"1","PLK1"
2.76519975220744e-26,0.213720743675315,0.224,0.093,7.46852801073707e-22,"1","CCNE2"
2.11897712227772e-25,0.447668010574028,0.28,0.131,5.72314530955989e-21,"1","HS3ST1"
2.84840912668155e-25,0.216848964287437,0.353,0.182,7.69326821025419e-21,"1","NUF2"
1.71803763802952e-24,0.334295461796655,0.98,0.781,4.64024785655394e-20,"1","NDRG1"
1.24196164301354e-22,0.296410691647867,0.361,0.196,3.35441420161527e-18,"1","CENPE"
1.25840280040803e-22,0.500834268943819,0.216,0.096,3.39882012362203e-18,"1","LUCAT1"
3.25352442485102e-22,0.735779178759747,0.104,0.031,8.78744411908013e-18,"1","CCN3"
8.40271143566014e-22,0.337463726909419,0.956,0.772,2.26948833165745e-17,"1","TUBA1B"
1.9582770336269e-21,0.3348202905864,0.256,0.127,5.28911044012288e-17,"1","HIST1H1D"
3.66726581603803e-21,0.236306667262441,0.278,0.14,9.9049182425371e-17,"1","BUB1"
5.17526369137869e-21,0.509594432302027,0.131,0.046,1.39778697040447e-16,"1","CWH43"
5.63832098376964e-21,0.56294745319235,0.248,0.122,1.52285411450634e-16,"1","IL1R2"
1.51696795679064e-20,0.42693090074498,0.224,0.104,4.09717875449584e-16,"1","PARD6B"
1.99547495406653e-19,0.307744119173793,0.195,0.088,5.3895783034383e-15,"1","NUMBL"
5.01774355582151e-19,0.203960082699609,0.277,0.145,1.35524235699183e-14,"1","LPIN1"
2.31211230801982e-18,0.526749142678968,0.247,0.128,6.24478413273072e-14,"1","AL355075.4"
4.67396137195275e-18,0.352617442483032,0.216,0.105,1.26239022695072e-13,"1","HJURP"
7.71385925365882e-18,0.654476951707567,0.167,0.074,2.08343624582071e-13,"1","IL11"
8.09238539915655e-18,0.729535699310601,0.176,0.081,2.18567237245819e-13,"1","VASN"
8.85719176217338e-18,0.530463320347633,0.271,0.144,2.39223892304541e-13,"1","HIST1H4H"
2.94114714961883e-15,0.959714074598362,0.165,0.079,7.94374433640549e-11,"1","PIF1"
4.33729901710178e-13,0.292610447305397,0.26,0.152,1.17146109152902e-08,"1","YOD1"
5.76466428467128e-13,0.436638417262288,0.151,0.073,1.55697817664687e-08,"1","AC092718.4"
3.7156644471581e-12,0.253302826570382,0.14,0.067,1.00356381053293e-07,"1","HIST1H2BN"
1.52729240267003e-09,0.201145971235714,0.213,0.13,4.12506405037149e-05,"1","AC092069.1"
3.33610960605152e-09,0.479921175019595,0.12,0.063,9.01049843498455e-05,"1","LINC01127"
9.1893636425291e-08,0.677710894035519,0.114,0.062,0.00248195522621068,"1","AC010168.2"
5.15451811154235e-07,0.280080244121824,0.147,0.088,0.0139218379674647,"1","IL20"
1.60382992272336e-06,0.64403604028537,0.12,0.07,0.0433178423828351,"1","FZD10"
0,3.00035185464892,0.971,0.158,0,"2","RPS4Y1"
0,3.84320252507343,0.926,0.13,0,"2","CXCL11"
0,1.91967754041228,0.89,0.157,0,"2","MMP13"
0,3.14687356625653,0.894,0.182,0,"2","CXCL10"
0,2.92952354564193,0.804,0.102,0,"2","EIF1AY"
0,2.44938943680767,0.915,0.236,0,"2","TPM2"
0,2.36800381257212,0.986,0.335,0,"2","IFI44L"
0,3.30636599016717,0.677,0.083,0,"2","SLITRK6"
0,3.3284530509313,0.993,0.401,0,"2","MTRNR2L8"
0,2.49477068787699,0.711,0.121,0,"2","SLCO1B3"
0,3.9707306595516,0.61,0.045,0,"2","SRPX"
0,3.60785151647047,0.626,0.068,0,"2","PRKY"
2.82112473191214e-314,2.51112049342309,0.955,0.356,7.6195757884215e-310,"2","IFIT1"
4.00016859458035e-311,1.8900722677513,0.894,0.232,1.08040553571021e-306,"2","MDK"
6.24885569839525e-307,2.64924414112558,0.634,0.09,1.68775343557957e-302,"2","DDX3Y"
3.90027996515779e-305,2.15559971165865,0.768,0.171,1.05342661578947e-300,"2","HERC5"
2.60161091333376e-296,2.04788501625183,0.88,0.238,7.02669091582316e-292,"2","SERPING1"
3.76860454135388e-293,2.64106711507284,0.766,0.172,1.01786240057427e-288,"2","RSAD2"
8.75946321385876e-290,2.0236533091985,0.938,0.365,2.36584341943111e-285,"2","CTSV"
2.43873546813386e-279,2.69267173474044,0.709,0.161,6.58678062588273e-275,"2","NEXN"
1.16350793106678e-274,1.78585733550363,0.941,0.344,3.14251857101826e-270,"2","TRIM22"
1.93776770336363e-272,2.95250603644901,0.493,0.054,5.23371679001483e-268,"2","SEMA5A"
2.27426662971345e-272,3.37162552860301,0.405,0.026,6.14256674019305e-268,"2","CSAG1"
4.49654210323176e-272,2.60505558178996,0.649,0.114,1.21447105666186e-267,"2","CXCL9"
3.4726647574322e-268,1.95371111784987,1,0.903,9.37932024334862e-264,"2","ISG15"
1.96130358424927e-265,2.0652677484346,0.771,0.202,5.29728485069886e-261,"2","CPA4"
2.0011286069676e-263,1.9573351212484,0.964,0.395,5.4048482545588e-259,"2","IFIT3"
1.41662225178429e-258,1.80487048828068,0.964,0.436,3.82615503984419e-254,"2","EPSTI1"
9.44843075274717e-256,2.15267267988804,0.91,0.323,2.55192666200948e-251,"2","HLA-DRB1"
1.79188234130539e-254,1.98812602643003,0.892,0.351,4.83969501563172e-250,"2","DDX60L"
2.71544066046773e-242,2.02453399653861,0.812,0.265,7.3341336798573e-238,"2","EFEMP1"
1.28411366459367e-241,1.63241100076607,0.858,0.276,3.46826259670106e-237,"2","HERC6"
4.54952385371392e-235,1.71662564328486,0.921,0.384,1.22878089764959e-230,"2","SLFN5"
4.94746256446977e-224,1.34142796195057,0.89,0.313,1.33626016403764e-219,"2","C1S"
7.74234130523401e-220,1.15840066206486,0.851,0.292,2.09112896313065e-215,"2","EREG"
3.39165198042139e-215,1.61245745545528,0.836,0.29,9.16051283392013e-211,"2","SAMD9L"
1.1271777854974e-213,1.71330355498215,0.756,0.228,3.04439448084991e-209,"2","COL5A2"
7.12714279132806e-212,2.35491444161389,0.59,0.133,1.9249699965098e-207,"2","KCNMA1"
6.46773734181045e-211,1.17843977525539,0.959,0.383,1.74687117864959e-206,"2","TNC"
8.02794979523039e-206,1.27728262346319,0.979,0.424,2.16826896019378e-201,"2","SERPINE2"
3.71103026602226e-205,1.49866984419758,0.946,0.497,1.00231216454995e-200,"2","LY6K"
1.28694087807717e-202,2.03897995752566,0.836,0.346,3.47589861759863e-198,"2","HLA-DQB1"
2.1333397679524e-202,1.82669473247081,0.651,0.166,5.76193737926263e-198,"2","CMPK2"
2.81647785773465e-201,1.45839420409402,0.947,0.443,7.60702504595553e-197,"2","TIMP1"
3.3019600487209e-201,1.45476812507487,0.921,0.383,8.91826389559027e-197,"2","INHBA"
3.53037562177337e-201,1.35018656046927,0.796,0.28,9.53519151684769e-197,"2","KRT15"
1.842443805619e-199,2.05019017743069,0.548,0.111,4.97625647459637e-195,"2","TNFSF13B"
3.32104655828023e-197,1.67472241352977,0.695,0.206,8.96981464925906e-193,"2","USP18"
5.0898101714035e-196,1.45354227715383,0.885,0.377,1.37470682919437e-191,"2","IFIH1"
5.95273129811342e-194,1.57993659334553,0.819,0.291,1.60777319630745e-189,"2","NT5E"
1.82069731657496e-189,2.88560327155164,0.615,0.159,4.91752138233732e-185,"2","IFIT2"
3.14046100436535e-189,1.51007427480955,0.869,0.359,8.48207112669038e-185,"2","ARL4C"
1.78417959207016e-188,2.08570287861014,0.745,0.232,4.8188906602223e-184,"2","GBP5"
7.37691397707648e-187,2.67525093386795,0.674,0.235,1.99243069606859e-182,"2","MFAP5"
1.53977905475826e-185,4.39160826429725,0.255,0.012,4.15878924899659e-181,"2","GDNF"
1.32861779381487e-183,1.69383995902872,0.888,0.413,3.58846379931458e-179,"2","ISG20"
8.85775635551372e-183,1.16776054486452,0.921,0.395,2.3923914140607e-178,"2","PDPN"
1.37627790910154e-182,1.17616981711431,0.808,0.264,3.71718900469234e-178,"2","MX2"
8.72370794656465e-178,1.59587249088231,0.992,0.587,2.35618627928765e-173,"2","TNFSF10"
3.63947101628697e-177,1.1684822243089,0.918,0.36,9.82984726788946e-173,"2","SERPINH1"
6.42415991841812e-177,0.802626555321533,0.928,0.432,1.73510135236555e-172,"2","HOPX"
2.62695263138821e-176,1.3030156371857,0.981,0.502,7.09513636211642e-172,"2","MX1"
1.60503436526649e-175,1.30102744571867,0.994,0.612,4.33503731714826e-171,"2","FGFBP1"
4.82713870682904e-175,1.09957581112772,0.732,0.233,1.30376189332746e-170,"2","KLK5"
7.97828331195433e-175,1.32645332856078,0.994,0.577,2.15485453972575e-170,"2","IGFBP6"
1.05892348641513e-173,1.4687117906463,0.883,0.381,2.86004644445864e-169,"2","EMP3"
2.87832954719156e-173,1.43832265818567,0.808,0.319,7.7740802740097e-169,"2","SLC7A8"
8.39842223450497e-172,2.05084147070639,0.444,0.08,2.26832986131745e-167,"2","DNAH5"
1.6588214825436e-170,1.60782092045949,0.644,0.182,4.480310942202e-166,"2","GBP4"
5.99938094381353e-170,2.48632144848421,0.379,0.055,1.6203727991146e-165,"2","ZBP1"
1.1554454150294e-168,1.11399976293676,0.939,0.446,3.12074252145292e-164,"2","CD74"
2.66148998478481e-168,1.17448792848363,0.886,0.371,7.18841829990529e-164,"2","OAS1"
6.2080998938754e-168,1.15930163855345,0.856,0.322,1.67674570033681e-163,"2","VEGFC"
2.4987777975211e-167,1.27228981309539,0.974,0.553,6.74894895332474e-163,"2","AREG"
3.67437408000745e-166,1.26096244396806,0.743,0.254,9.92411695269211e-162,"2","POU3F1"
4.41813501404407e-166,1.33959773935023,0.761,0.297,1.19329408594316e-161,"2","DAPP1"
2.4696940224011e-163,2.08498922574374,0.629,0.211,6.67039658510313e-159,"2","SPON2"
2.20945859485655e-159,0.94827277867667,0.763,0.279,5.96752671884807e-155,"2","IFI30"
2.24429813047582e-158,1.76003682013079,0.606,0.182,6.06162482060213e-154,"2","APCDD1"
1.12613040289691e-157,1.59295863523747,0.894,0.486,3.04156560518426e-153,"2","VIM"
4.6357901865331e-157,0.892230942866896,0.998,0.598,1.25208057148072e-152,"2","NEAT1"
6.05790529822755e-157,1.3152786193726,0.954,0.537,1.63617964199828e-152,"2","GBP1"
7.35151628583279e-156,2.07391216488996,0.575,0.172,1.98557103364058e-151,"2","BRCA2"
2.40854328853083e-155,0.958301631598361,0.966,0.535,6.50523456799292e-151,"2","LAP3"
5.16410236791363e-153,2.07530791200582,0.435,0.087,1.39477240854979e-148,"2","BATF2"
9.84813797738007e-153,1.42260581166293,0.641,0.204,2.65988358631058e-148,"2","FYB1"
5.77053791310924e-152,1.20167978550491,0.6,0.164,1.55856458495167e-147,"2","PLBD1"
1.96781869638809e-150,0.61684555498236,0.991,0.44,5.31488151707458e-146,"2","LAMC2"
5.27272195662549e-150,2.73091668297332,0.366,0.062,1.42410947326498e-145,"2","IL18BP"
6.42629958501752e-146,1.31071028140448,0.864,0.444,1.73567925491738e-141,"2","NT5C3A"
3.51286533681935e-145,1.37648393015975,0.819,0.375,9.48789798821538e-141,"2","DDX58"
8.76106295795081e-144,0.569258070644879,0.965,0.48,2.36627549431294e-139,"2","KLK8"
8.12262604331616e-143,1.09673143393489,0.846,0.369,2.19384006803926e-138,"2","SCD"
2.02603006738141e-141,1.45645149647065,0.735,0.306,5.47210460899045e-137,"2","CKAP5"
7.30594833079348e-141,0.540236372308001,0.982,0.418,1.97326358466401e-136,"2","LAMA3"
3.11788582765391e-140,1.00049060455847,0.905,0.466,8.42109783191044e-136,"2","HLA-DRA"
1.68536765942161e-136,0.804634922432608,0.884,0.378,4.55200951133183e-132,"2","ITGA2"
4.70903701323927e-136,1.10346438882976,0.646,0.206,1.27186380690579e-131,"2","OASL"
4.28447346466774e-135,1.16700906520905,0.793,0.336,1.15719343807211e-130,"2","ECM1"
1.06761375253677e-133,1.20267755271574,0.746,0.306,2.88351798422656e-129,"2","ITGB6"
5.40204713752435e-132,1.36371930561642,0.71,0.267,1.45903891137395e-127,"2","HLA-DPA1"
1.19527731986376e-129,1.64658897257909,0.44,0.104,3.22832451322004e-125,"2","SLC47A2"
2.30830673303016e-129,1.25710960672365,0.428,0.094,6.23450565524115e-125,"2","MIR99AHG"
3.1054969958e-129,0.539174510853182,0.815,0.392,8.38763683595622e-125,"2","RBPJ"
6.8229178074797e-129,1.13597677885673,0.772,0.366,1.84280187062219e-124,"2","CKAP2"
1.62341018791429e-128,1.83467637241741,0.477,0.126,4.3846685765377e-124,"2","CCL5"
2.69663815851169e-128,0.949174809441487,0.94,0.539,7.28335000232421e-124,"2","WARS"
8.74465045535871e-125,1.39091572128701,0.681,0.283,2.36184264148783e-120,"2","WNT4"
1.35430255143754e-124,1.4592485073301,0.498,0.141,3.65783576117764e-120,"2","SOX2"
9.68231578946741e-123,2.6775525083904,0.275,0.039,2.61509667157725e-118,"2","GMPR"
2.61776489246415e-121,0.84860342165433,0.893,0.45,7.07032119805643e-117,"2","ATP1B1"
8.07743658079244e-121,0.655742351178092,0.899,0.365,2.18163484610623e-116,"2","CTNNAL1"
4.17890729638409e-119,0.586722462827179,0.971,0.441,1.12868107168038e-114,"2","LAMB3"
2.28867722609495e-118,0.761721695971775,0.817,0.362,6.18148831995984e-114,"2","NRIP1"
4.92592902495173e-117,3.15945401587957,0.257,0.035,1.33044417034921e-112,"2","CX3CL1"
2.86051999041756e-115,2.10173152031637,0.441,0.128,7.72597844211879e-111,"2","KBTBD7"
6.56493288396082e-115,2.10369042931014,0.289,0.047,1.77312272262898e-110,"2","BAMBI"
9.40539192421015e-112,0.790649151706119,0.89,0.451,2.54030230480992e-107,"2","IRF1"
2.2410795617708e-111,0.271969242929848,0.901,0.391,6.05293178838675e-107,"2","FST"
5.54787693847458e-111,1.27753243123071,0.425,0.106,1.4984260823126e-106,"2","AXL"
1.50755242684982e-110,1.08394536548631,0.677,0.287,4.07174834967868e-106,"2","HAS3"
7.13381651573522e-109,1.5297212180873,0.555,0.201,1.92677250273492e-104,"2","BRCA1"
7.63586032404434e-108,0.868859405610013,0.886,0.467,2.06236951492114e-103,"2","SQLE"
3.93176283828986e-106,1.49413702985149,0.428,0.121,1.06192982499371e-101,"2","AC110995.1"
5.00191781540277e-106,0.393582600824665,0.727,0.316,1.35096798276214e-101,"2","SESN3"
5.52808291266845e-106,0.871526240940052,0.796,0.377,1.49307991388262e-101,"2","APOL1"
1.09235214051521e-105,0.884964949565187,0.577,0.208,2.95033389631754e-101,"2","LY96"
3.48102523442232e-104,1.30650994902323,0.519,0.181,9.40190105565124e-100,"2","CDCA5"
2.64441056667317e-103,1.38518853010075,0.65,0.288,7.14228849952756e-99,"2","KIF20B"
5.96121640785042e-103,3.05431302320076,0.197,0.021,1.61006493959632e-98,"2","TFPI2"
7.38485075944059e-103,0.938711526096833,0.673,0.293,1.99457434161731e-98,"2","DHCR7"
4.6381145393697e-101,0.712261213273367,0.779,0.374,1.25270835593836e-96,"2","MSMO1"
5.06662109600055e-101,1.06915123669538,0.703,0.321,1.36844369181879e-96,"2","ANO1"
8.59357239204409e-101,0.847257285466308,0.782,0.385,2.32103796736719e-96,"2","GPSM2"
9.69445616150881e-99,1.25184557160754,0.62,0.257,2.61837566466191e-94,"2","HELLS"
4.27898564372694e-98,1.26056112486022,0.688,0.318,1.15571123251421e-93,"2","ABL2"
7.99886399896667e-98,0.956185330261722,0.69,0.299,2.16041317748091e-93,"2","MCM3"
2.06995440342767e-97,1.3685473637523,0.628,0.26,5.5907398482178e-93,"2","CENPF"
2.8966173000141e-97,0.454661642232437,0.621,0.257,7.82347366560808e-93,"2","CUL2"
1.16645719715014e-96,0.520291252287791,0.798,0.38,3.1504842437828e-92,"2","HMGCS1"
3.38938317119534e-96,1.44576317074479,0.462,0.154,9.15438500708148e-92,"2","HAPLN3"
1.94967393389107e-95,0.629701098421478,0.708,0.296,5.26587432804639e-91,"2","COL4A1"
3.94954299544504e-95,1.04467157154214,0.628,0.278,1.06673206763975e-90,"2","UBE2T"
2.02644155686193e-93,1.15412238327426,0.559,0.213,5.47321600092838e-89,"2","CFB"
3.67289714262523e-93,1.45385970972366,0.373,0.106,9.92012789251647e-89,"2","KIF18A"
8.5066760850201e-92,0.451087770572897,0.738,0.3,2.29756814380308e-87,"2","COL4A2"
1.70914132140129e-90,1.4944546020266,0.501,0.184,4.61621979497274e-86,"2","HLA-DMA"
2.01430831433353e-90,0.958415605872975,0.608,0.251,5.44044532618343e-86,"2","MMP2"
2.6371785179651e-90,1.40332933734568,0.587,0.257,7.12275545917193e-86,"2","AGPAT4"
2.16642453772432e-89,1.0538245819066,0.63,0.277,5.85129603393962e-85,"2","SOCS1"
1.33548854000802e-88,1.17298092384663,0.352,0.092,3.60702099770766e-84,"2","ADAMTS1"
3.03852921104682e-88,2.15590958459598,0.271,0.057,8.20676354611636e-84,"2","MANCR"
8.93017267741204e-88,2.20265151521156,0.219,0.034,2.41195033844222e-83,"2","COL22A1"
1.2436631054158e-86,0.457822315433966,0.83,0.431,3.35900968141754e-82,"2","NCOA7"
4.05522081587904e-86,0.427273291839847,0.891,0.482,1.09527459016077e-81,"2","CLEC2B"
1.50989484500311e-85,1.06567263836565,0.479,0.177,4.07807498686889e-81,"2","RAD51AP1"
4.3887951948227e-85,0.855632004770569,0.642,0.273,1.18536969416966e-80,"2","ARHGAP29"
5.67572551425376e-85,0.968859944400581,0.565,0.226,1.5329567041448e-80,"2","ORC6"
1.4070456215531e-84,0.804686984668057,0.844,0.48,3.80028951925276e-80,"2","FOSB"
7.47720629721985e-83,1.3381722868154,0.501,0.189,2.01951864881611e-78,"2","ASPM"
1.02643575367121e-82,0.879122246398409,0.773,0.415,2.77230032709056e-78,"2","HMGB2"
1.57874603934866e-81,1.35755231609005,0.453,0.164,4.2640351776768e-77,"2","NUF2"
3.99575591356483e-81,0.911245929502003,0.664,0.313,1.07921371469472e-76,"2","TINAGL1"
2.67747015507425e-80,0.586577088310593,0.972,0.583,7.23157914184003e-76,"2","TP63"
3.1464956572433e-80,1.14056088740298,0.45,0.161,8.49837012064844e-76,"2","CCNA2"
7.81287217043355e-80,0.958603323352478,0.825,0.484,2.1101786445124e-75,"2","PPP1R15A"
1.54665643279049e-79,0.833786046608547,0.609,0.278,4.17736435932383e-75,"2","MAD2L1"
2.30988551370048e-79,0.945863797277251,0.735,0.387,6.23876978395364e-75,"2","FOSL1"
2.0816417580339e-78,0.824105911752274,0.573,0.238,5.62230622427375e-74,"2","CLSPN"
2.2759065888753e-78,1.84881660659149,0.38,0.127,6.14699610589331e-74,"2","TNF"
2.88809156380038e-78,0.480789397278355,0.998,0.626,7.80044650466844e-74,"2","DST"
3.87950646053573e-78,0.527690956902448,0.87,0.457,1.0478158999261e-73,"2","PRSS23"
4.95158677596871e-78,1.03884198771372,0.496,0.203,1.33737407232139e-73,"2","CENPK"
5.48205371020217e-77,0.60427912828416,0.974,0.619,1.4806478865885e-72,"2","C12orf75"
1.24203278065552e-76,0.901616918166608,0.448,0.16,3.35460633727249e-72,"2","NCAPG"
2.7525664601456e-76,0.858676677243058,0.624,0.278,7.43440675220726e-72,"2","MKI67"
4.02831148051877e-76,0.895773972030037,0.6,0.267,1.08800664777331e-71,"2","ATAD2"
1.1263120925228e-75,1.03039387183444,0.492,0.192,3.04205633069483e-71,"2","ATAD5"
1.15854957174635e-75,0.684582932744332,0.685,0.32,3.12912653832972e-71,"2","BIRC5"
8.60725460656529e-75,0.236605680508243,0.998,0.642,2.32473339668722e-70,"2","CAV1"
1.43344157312363e-74,0.718458684638572,0.459,0.174,3.87158234484961e-70,"2","AGR2"
1.92746529621523e-74,2.27632829388609,0.234,0.049,5.20589101854772e-70,"2","CDH11"
2.4206510067164e-74,0.5069180814873,0.914,0.563,6.53793630404032e-70,"2","MT-ND6"
3.83301728367695e-74,0.663274988199801,0.531,0.211,1.03525963814831e-69,"2","LINC01322"
1.37167795646683e-73,1.23200420173022,0.462,0.178,3.70476499262127e-69,"2","CENPE"
1.93519051128073e-72,0.577694066029232,0.644,0.284,5.22675605191812e-68,"2","FLRT2"
2.0463032324092e-72,0.484269294743977,0.783,0.406,5.52686040041402e-68,"2","SLC20A1"
6.6088170063898e-72,0.48993064007489,0.56,0.236,1.78497538525582e-67,"2","IL7R"
7.47916872310058e-72,1.33472670913305,0.498,0.206,2.02004868042224e-67,"2","DKK1"
3.33178125872652e-71,0.897671101340526,0.473,0.188,8.99880800169447e-67,"2","KIF11"
5.49520019842015e-71,0.488347147177604,0.714,0.337,1.4841986215913e-66,"2","DCBLD2"
4.26888121177105e-69,0.341686128952898,0.77,0.347,1.15298212648724e-64,"2","COL12A1"
7.44859058966532e-67,0.72454703730409,0.563,0.262,2.01178983236271e-62,"2","ZWINT"
1.29001830928529e-66,2.63700992047622,0.197,0.039,3.48421045154865e-62,"2","TRIML2"
1.5353891377186e-66,0.861028565218523,0.431,0.163,4.14693252206415e-62,"2","CDCA8"
3.10345360105574e-66,0.744185505949042,0.703,0.374,8.38211783109145e-62,"2","HIST1H4C"
5.14285759349679e-66,0.802359750039613,0.488,0.204,1.38903440742755e-61,"2","GINS2"
1.53869027461331e-65,0.97086175636701,0.405,0.154,4.15584856270309e-61,"2","CKAP2L"
2.50045398586295e-65,0.51478908418869,0.904,0.492,6.75347617041723e-61,"2","JAG1"
4.10263657531408e-65,0.52503264625839,0.661,0.307,1.10808111262658e-60,"2","HMGA2"
5.60923832016753e-65,0.898439433019753,0.574,0.269,1.51499917789405e-60,"2","ANLN"
6.5459093520644e-65,1.29954283980471,0.325,0.103,1.76798465689907e-60,"2","AC103591.3"
8.22535558846861e-65,1.01748249831207,0.446,0.177,2.22158629088949e-60,"2","PKMYT1"
1.20484178745625e-64,0.922931947926847,0.505,0.213,3.25415718374059e-60,"2","CDCA7"
6.02359483421258e-64,1.17839836453515,0.406,0.155,1.62691272877248e-59,"2","GTSE1"
7.87837433114099e-64,0.586700122519352,0.453,0.186,2.12787012309787e-59,"2","PSAT1"
1.73471812632242e-63,0.551569853321867,0.731,0.382,4.68530018738422e-59,"2","GPNMB"
2.11675480614985e-63,1.09594868911183,0.411,0.158,5.71714305593012e-59,"2","NEDD9"
2.83789034147536e-63,0.487765168368378,0.455,0.176,7.66485802329079e-59,"2","NELL2"
4.19068711848783e-63,0.538779632882696,0.575,0.256,1.13186268383238e-58,"2","AMIGO2"
1.9536120244253e-62,0.815184367632295,0.519,0.227,5.2765107167703e-58,"2","CEP55"
8.26590245426616e-62,0.750993400787172,0.45,0.183,2.23253759387275e-57,"2","ARHGAP11A"
1.77934250241426e-61,0.891147342460842,0.46,0.19,4.80582616477066e-57,"2","KNL1"
2.00209835876538e-61,1.96712895438193,0.207,0.046,5.40746745718942e-57,"2","ICAM4"
6.46469439749771e-61,1.23378343845048,0.481,0.21,1.74604930982016e-56,"2","SLC7A11"
4.42502863436722e-60,1.14768352248434,0.408,0.164,1.19515598385624e-55,"2","DIAPH3"
8.42064348819124e-60,0.748619169663933,0.448,0.19,2.27433159972557e-55,"2","TACC3"
5.03357906564703e-59,0.452398279634892,0.56,0.273,1.35951936984061e-54,"2","ARL4A"
6.43624977818724e-59,0.896162773615027,0.565,0.272,1.73836670259059e-54,"2","TOP2A"
1.35629077191294e-58,0.468047710095356,0.843,0.499,3.66320574585966e-54,"2","CKS1B"
2.2248255803399e-58,2.05944665834024,0.265,0.082,6.00903140994003e-54,"2","NFATC1"
4.17968804254294e-58,0.233553142736445,0.582,0.252,1.12889194341042e-53,"2","GBP2"
4.82270901770204e-58,0.396891135469362,0.717,0.361,1.30256547859114e-53,"2","TK1"
7.63611786833308e-58,0.986495615821567,0.505,0.246,2.06243907505808e-53,"2","BMP2"
2.25950812939245e-57,0.360231306533061,0.559,0.263,6.10270550667606e-53,"2","FEN1"
5.39360827790947e-57,0.441299725914003,0.372,0.139,1.45675965978057e-52,"2","FAM107B"
2.66411929845108e-56,1.12820357967052,0.372,0.142,7.19551981318653e-52,"2","KIF14"
4.78398626166004e-56,1.27268864725358,0.33,0.118,1.29210684941176e-51,"2","DTL"
7.23497889877993e-56,0.557718013129607,0.538,0.252,1.95409545077147e-51,"2","FANCI"
1.77167939398759e-55,0.426772015528099,0.521,0.234,4.78512887522108e-51,"2","MELK"
5.78061378187435e-55,0.687029748104864,0.527,0.253,1.56128597634644e-50,"2","FOXD1"
4.51405251677349e-54,0.791484091312933,0.568,0.289,1.21920044425535e-49,"2","PLAUR"
5.55608820038836e-54,0.679660708021303,0.451,0.193,1.50064386204289e-49,"2","CDK1"
7.81166692094605e-54,1.2610895308059,0.225,0.059,2.10985311867832e-49,"2","ABCA13"
5.005266764522e-53,0.799875323173893,0.45,0.202,1.35187250042975e-48,"2","MCM6"
9.04569783577582e-53,0.44795463620796,0.61,0.321,2.44315252846469e-48,"2","TENT5A"
1.07015934699925e-52,0.395824327009159,0.873,0.525,2.89039338031027e-48,"2","PMAIP1"
2.49654987971766e-52,0.667477183238374,0.424,0.181,6.74293157012942e-48,"2","CTSS"
5.356189720302e-52,0.266990658601219,0.616,0.303,1.44665328155637e-47,"2","ITGA5"
6.76723106698979e-52,0.736577064321718,0.427,0.191,1.82776143888327e-47,"2","SGO2"
1.60448740069459e-51,2.83149709784723,0.128,0.02,4.33356002053602e-47,"2","AC005899.8"
1.73575724184456e-51,0.598349480890477,0.52,0.252,4.68810673449796e-47,"2","MCM5"
1.8473662265762e-51,0.377016361885889,0.367,0.142,4.98955144135966e-47,"2","DPYSL3"
7.36165750173878e-51,1.64494011337637,0.215,0.058,1.98831007464463e-46,"2","FOLR3"
1.24084185505429e-50,0.585076660496478,0.732,0.408,3.35138976631613e-46,"2","PCLAF"
3.67976583062503e-50,1.65538201137197,0.298,0.108,9.93867953193515e-46,"2","TRPV3"
9.35832033059486e-50,0.95519773031325,0.405,0.179,2.52758873809037e-45,"2","ANTXR2"
2.82538343645096e-49,0.286132553445932,0.317,0.108,7.6310781235104e-45,"2","A2ML1"
2.84684788962711e-49,0.451473469326525,0.897,0.605,7.68905146509387e-45,"2","UBE2S"
4.75093155702617e-49,0.312096434222747,0.981,0.593,1.2831791042372e-44,"2","DSG3"
1.0294077030645e-48,0.591428175589516,0.638,0.331,2.78032726520691e-44,"2","FSTL3"
1.17033839882432e-48,0.241728665859004,0.798,0.466,3.16096698138461e-44,"2","ZC3HAV1"
1.3679110465692e-48,0.810210854658035,0.64,0.356,3.69459094567875e-44,"2","PLCG2"
1.66027814086598e-48,0.787726933634793,0.461,0.22,4.48424523066493e-44,"2","MIR222HG"
1.69801951135818e-48,0.890306677100927,0.859,0.582,4.58618089822732e-44,"2","NFKBIA"
2.30016639660523e-48,0.761316747463431,0.504,0.25,6.21251942059107e-44,"2","ICAM1"
3.05892932829941e-48,0.833986600001458,0.376,0.156,8.26186222280387e-44,"2","KIF4A"
4.84022110634347e-48,1.4497345186958,0.254,0.083,1.30729531861231e-43,"2","MIR503HG"
6.79164870497083e-48,1.05493569724768,0.236,0.071,1.83435639872557e-43,"2","IL20"
7.84495198506839e-48,0.537861304079637,0.559,0.288,2.11884308164712e-43,"2","TPX2"
8.24695177873456e-48,0.654524813950047,0.634,0.361,2.22741920591842e-43,"2","GADD45B"
1.38134950236491e-47,0.436990549198592,0.61,0.325,3.73088687093738e-43,"2","ECT2"
1.94695096827535e-47,0.234784959504755,0.884,0.546,5.25851987021489e-43,"2","ODC1"
1.9955753931948e-47,0.536616351425317,0.987,0.722,5.38984957947982e-43,"2","LGALS1"
3.44907594009495e-47,0.373801363158428,0.433,0.188,9.31560920660244e-43,"2","NDC80"
3.89378907681322e-47,1.2160746480224,0.231,0.07,1.05167349175648e-42,"2","SRPX2"
1.30875898691681e-46,0.298831887771252,0.716,0.408,3.5348271477636e-42,"2","HERPUD1"
1.52894867454281e-46,0.502953224890191,0.379,0.158,4.12953747507268e-42,"2","KIF2C"
2.2466895730026e-46,1.24856408009485,0.268,0.093,6.06808386772271e-42,"2","GEM"
9.43237020152569e-46,0.293478452968959,0.83,0.506,2.54758886773007e-41,"2","PCNA"
3.15940759809782e-45,0.713501214735722,0.475,0.228,8.53324398170239e-41,"2","SLC43A3"
4.54131530094051e-45,0.391938884376315,0.576,0.288,1.22656384963102e-40,"2","RRM2"
1.41313084112752e-44,0.837757094702725,0.427,0.206,3.81672508880131e-40,"2","CXCL2"
3.00206474760979e-44,1.70226003233876,0.243,0.082,8.10827667681928e-40,"2","AC253572.2"
3.31279791566189e-44,0.341816584193015,0.337,0.136,8.94753589041121e-40,"2","SH3KBP1"
4.0433292822174e-44,0.791599794696885,0.192,0.053,1.0920628058341e-39,"2","ANKRD36C"
3.10774942220238e-43,0.908066493387811,0.366,0.16,8.39372041442642e-39,"2","FAM111B"
4.6504198083826e-43,0.496879168627002,0.369,0.163,1.25603188604606e-38,"2","HIST2H2AC"
5.97790376640218e-43,0.21307657253667,0.623,0.354,1.61457202826757e-38,"2","NBR1"
9.72050288238192e-43,0.396442271664345,0.546,0.276,2.62541062350253e-38,"2","PRC1"
4.80121769835595e-42,0.417381589897031,0.937,0.643,1.29676088814896e-37,"2","DNAJB1"
6.47826914491245e-42,0.519170007248555,0.711,0.428,1.7497157133494e-37,"2","EFNA1"
8.14357711201451e-42,1.25772846205093,0.242,0.083,2.199498742184e-37,"2","HLA-DMB"
1.02063313449192e-41,0.355651401337938,0.421,0.202,2.75662803294922e-37,"2","RDH10"
1.50029867324704e-41,1.29806053666153,0.295,0.118,4.05215668657292e-37,"2","SECTM1"
2.05881436249493e-41,0.774584910386267,0.187,0.053,5.56065171166256e-37,"2","NTRK2"
6.81437559224885e-41,0.255364481806819,0.843,0.497,1.84049470371049e-36,"2","STMN1"
1.05992944782512e-40,0.613687556023643,0.358,0.154,2.86276344563087e-36,"2","DEPDC1"
1.41877195902298e-40,0.689750181581563,0.298,0.12,3.83196118412517e-36,"2","CCNF"
1.6420368854444e-40,0.500288698273641,0.414,0.197,4.43497742389677e-36,"2","RALGPS2"
3.93024733832772e-40,1.87311034829308,0.209,0.067,1.06152050360893e-35,"2","AC239799.2"
4.26243919682176e-40,0.203970938442569,0.999,0.831,1.15124220266959e-35,"2","MT2A"
5.32179856738721e-40,0.466755234208667,0.438,0.215,1.43736457506561e-35,"2","HSPA6"
9.58023981954583e-40,0.453601958455542,0.445,0.216,2.58752697286113e-35,"2","HLA-DRB5"
9.64112351444468e-40,0.285738863728429,0.468,0.231,2.60397105001636e-35,"2","CCNB2"
1.31824252045821e-39,0.980802987587859,0.278,0.11,3.56044122350559e-35,"2","DLK2"
2.03242528931588e-39,0.883495247787151,0.344,0.152,5.48937746391326e-35,"2","AATK"
2.80753163891472e-39,0.838054998101876,0.262,0.098,7.58286220354476e-35,"2","HJURP"
9.74681955901945e-39,0.724306120142389,0.317,0.136,2.63251849469556e-34,"2","TAF4B"
9.96426042299938e-39,0.433946909064461,0.472,0.244,2.6912470976479e-34,"2","NCAPD2"
1.49453022080411e-38,0.470278540382112,0.356,0.158,4.03657667336983e-34,"2","FBXO5"
3.01891604229063e-38,0.574362769693595,0.4,0.19,8.15379033862277e-34,"2","CDC6"
2.05963652721272e-37,0.214009193533261,0.674,0.382,5.56287229634883e-33,"2","SMC2"
2.63297742435914e-37,1.03485673277233,0.285,0.116,7.11140872545161e-33,"2","IL1R2"
2.90925833673593e-37,0.622484456850105,0.325,0.142,7.85761584169008e-33,"2","KIFC1"
2.95381639610454e-37,0.52178173482682,0.317,0.134,7.97796270423876e-33,"2","BUB1"
3.17777227999127e-37,0.666448491335956,0.378,0.181,8.58284515102842e-33,"2","GOLM1"
3.26810551979934e-37,0.436279952517971,0.222,0.076,8.82682619842605e-33,"2","ANXA2R"
9.59102483213572e-37,0.380315486642033,0.318,0.137,2.59043989691154e-32,"2","TTK"
1.12910881246373e-36,0.309091038777689,0.495,0.259,3.04960999158329e-32,"2","UBE2C"
1.87486646759819e-36,0.542313411128026,0.367,0.172,5.06382684233595e-32,"2","AC023157.3"
1.96743831018043e-36,1.36825575489803,0.347,0.166,5.31385413196632e-32,"2","HIST1H2BG"
3.09182548605064e-36,1.8438855629624,0.124,0.028,8.35071145527417e-32,"2","ADAMTS4"
2.01770401758835e-35,1.34280287938067,0.235,0.087,5.44961678110438e-31,"2","TLR2"
2.12545796477165e-35,0.49651086113356,0.413,0.206,5.74064941705176e-31,"2","KIF23"
1.05529954223353e-34,0.863180412841524,0.426,0.225,2.85025853361853e-30,"2","AC036176.3"
2.24268805474328e-34,0.366013281936559,0.373,0.179,6.05727616705612e-30,"2","PRR11"
3.58521268499468e-34,0.867240579559298,0.237,0.092,9.68330094090214e-30,"2","CCNE2"
3.74253075415483e-34,0.26321529304388,0.505,0.273,1.01082013138968e-29,"2","NUSAP1"
6.8489447561232e-34,0.923790223572011,0.491,0.295,1.84983148918132e-29,"2","CEMIP2"
9.2568849183486e-34,0.677709943433062,0.295,0.129,2.50019204759677e-29,"2","CDC45"
5.37679278582954e-33,0.505358800355886,0.298,0.131,1.4522179635247e-28,"2","BUB1B"
6.26672414478646e-33,0.429818229121873,0.259,0.106,1.69257952426537e-28,"2","NEK2"
1.12147106780477e-32,0.57154740573763,0.356,0.174,3.02898120703389e-28,"2","XDH"
1.47025320795731e-32,0.476991246726509,0.478,0.262,3.9710068893719e-28,"2","GABRE"
5.74982873775786e-32,0.407246516718808,0.547,0.309,1.55297124378102e-27,"2","SLC16A3"
1.06844101524744e-31,1.51611398627615,0.169,0.055,2.88575233808182e-27,"2","AC245014.3"
2.5972345644949e-31,1.22070437890006,0.188,0.066,7.01487083524428e-27,"2","AC092718.4"
3.08926556518679e-31,0.486915958814787,0.631,0.403,8.34379736501301e-27,"2","BTG2"
4.85294763782168e-31,0.523378254361165,0.622,0.395,1.31073262749926e-26,"2","PLK3"
5.60838326942409e-31,0.290883290892366,0.536,0.322,1.51476823723875e-26,"2","RNF19B"
1.055558950488e-30,0.977265948801408,0.31,0.145,2.85095916937304e-26,"2","AC124319.1"
1.20276402596026e-30,0.29676515198677,0.319,0.151,3.24854535771607e-26,"2","HIST1H1E"
1.74841000273235e-30,0.818133167528277,0.252,0.106,4.72228057637981e-26,"2","SYNM"
4.86699955769255e-30,0.355000931795058,0.347,0.174,1.31452791053718e-25,"2","AURKA"
8.14381263597483e-30,0.214641683469786,0.676,0.416,2.19956235485044e-25,"2","IER5L"
9.57071848853112e-30,0.270264737412405,0.975,0.715,2.58495535656737e-25,"2","HSPA1A"
1.02201871653703e-29,0.603107615231083,0.366,0.192,2.76037035149487e-25,"2","CD83"
1.36029933471529e-29,0.281852896821247,0.486,0.28,3.67403247313253e-25,"2","DBF4"
1.38606936357301e-29,1.67744390921339,0.188,0.069,3.74363474407433e-25,"2","AL021155.5"
2.65710223881235e-29,0.917278745831057,0.246,0.105,7.17656743680827e-25,"2","NFKBID"
6.11421029909971e-29,1.06048084659274,0.196,0.074,1.65138705968384e-24,"2","PIF1"
9.81922435021514e-29,0.475049254278693,0.408,0.212,2.65207430474961e-24,"2","DLL1"
4.40753557767972e-28,0.444429732899494,0.437,0.242,1.19043128417551e-23,"2","HLA-DPB1"
2.02751569774158e-27,0.426204504346405,0.474,0.286,5.47611714803023e-23,"2","KDM6B"
4.5483470043234e-27,0.839960620485567,0.194,0.074,1.22846304239771e-22,"2","SCG5"
6.25902015053234e-27,0.940069928790357,0.194,0.074,1.69049875245728e-22,"2","LINC02605"
1.10442310461907e-26,0.237408165011906,0.35,0.177,2.98293636326566e-22,"2","ASF1B"
3.05866862345616e-26,0.315629110804615,0.426,0.244,8.26115808509273e-22,"2","DDIT3"
5.35764694583502e-26,0.438854488529395,0.492,0.292,1.44704686360058e-21,"2","SOX9"
1.48949383300989e-25,0.721608228277465,0.308,0.159,4.02297389357642e-21,"2","HIST1H2BH"
2.23656224010747e-25,0.629984225281125,0.289,0.144,6.04073095430626e-21,"2","LPIN1"
2.39277246557138e-25,0.272425076310632,0.269,0.126,6.46263915226175e-21,"2","APOBEC3G"
5.75142704951154e-25,1.4767695053119,0.107,0.029,1.55340293180257e-20,"2","MIR155HG"
2.84823707933266e-23,0.488817941636789,0.163,0.063,7.69280352756958e-19,"2","EHD3"
3.32683442905948e-23,0.450624101694349,0.417,0.244,8.98544710944674e-19,"2","HCAR2"
2.41728991659706e-22,0.505119330389792,0.271,0.134,6.52885833573699e-18,"2","HLA-DQA1"
7.58985079100988e-22,1.22909253916997,0.112,0.034,2.04994280014386e-17,"2","MYEOV"
2.059735891347e-21,0.749544426046391,0.222,0.104,5.5631406689391e-17,"2","CSF1"
2.45474036506275e-21,0.537329426605984,0.323,0.176,6.63000825199798e-17,"2","RGMB"
3.56841917890224e-21,0.897302708456901,0.225,0.106,9.63794336029706e-17,"2","SHISA2"
3.94500084794484e-21,0.262281691428695,0.34,0.19,1.06550527902142e-16,"2","LRATD2"
6.42121096505908e-21,0.310124233390452,0.256,0.128,1.73430486955281e-16,"2","HIST1H1D"
1.46575854889694e-20,0.453268420541095,0.643,0.452,3.95886726471575e-16,"2","HIST1H2AC"
1.62030051892551e-20,0.980343239283823,0.189,0.083,4.37626967156592e-16,"2","RDH16"
2.77267928279486e-20,0.738162764121098,0.261,0.137,7.48872947490063e-16,"2","HS3ST1"
9.33685451206339e-20,0.346489351009116,0.419,0.263,2.5217910351632e-15,"2","SUSD6"
1.77652997255638e-19,0.304538634116228,0.167,0.07,4.79822980287753e-15,"2","LINC02657"
6.68053921389926e-19,0.732880174505808,0.215,0.103,1.80434683628205e-14,"2","APOL4"
6.17510949243644e-18,0.533621214846641,0.223,0.111,1.66783532281216e-13,"2","AC091271.1"
9.93616750891324e-18,0.286518649194885,0.344,0.202,2.68365948248238e-13,"2","CREB5"
2.89810171756112e-17,0.216800959837463,0.496,0.329,7.82748292896084e-13,"2","TMEM41A"
3.2616222260352e-17,0.391700015007706,0.133,0.053,8.80931547029848e-13,"2","MIR3945HG"
6.25948783717799e-17,0.295706651136143,0.31,0.183,1.6906250699434e-12,"2","CXCL3"
1.74545364682598e-16,0.24607954865766,0.225,0.121,4.71429575471228e-12,"2","TNFAIP8L1"
2.94018037194995e-16,0.337154829306722,0.308,0.182,7.94113316659962e-12,"2","AC015912.3"
1.5428685844372e-15,1.47545324673596,0.104,0.039,4.16713375970642e-11,"2","CH25H"
3.49443811244466e-15,0.73286521322192,0.254,0.147,9.43812789790179e-11,"2","LINC00707"
1.09627561771761e-14,0.553358819902648,0.217,0.118,2.9609308158935e-10,"2","EID3"
4.25456721456573e-14,0.222733368865054,0.273,0.163,1.14911605898206e-09,"2","SESN2"
7.09727787595282e-14,0.354864943657662,0.288,0.173,1.9169037815161e-09,"2","TNFSF9"
8.13517828143467e-14,0.986343848925928,0.121,0.053,2.19723030203269e-09,"2","CEMIP"
1.478034723392e-13,0.727740176100352,0.114,0.049,3.99202398440945e-09,"2","CALML3-AS1"
7.18607215587415e-13,0.672310724802887,0.161,0.08,1.94088622858005e-08,"2","MAPK10"
1.37497297503249e-12,1.2292543780431,0.14,0.068,3.71366450826525e-08,"2","HIST1H2BN"
1.47235420440774e-12,0.754201152516332,0.219,0.13,3.97668147068487e-08,"2","AC092069.1"
6.13528995820187e-12,0.261568640174429,0.258,0.158,1.65708046481074e-07,"2","NUAK2"
2.06046673933411e-11,0.362625815319782,0.25,0.156,5.5651146162675e-07,"2","YOD1"
3.20640121739832e-11,0.423729048654589,0.151,0.079,8.66016904807112e-07,"2","IL11"
7.22196059798176e-11,1.02679769730105,0.151,0.081,1.95057933790889e-06,"2","AC108134.2"
5.6266131131438e-10,0.224579673105069,0.601,0.46,1.51969193572901e-05,"2","ATF3"
3.05164938555546e-09,0.506902834818933,0.215,0.136,8.24219982544675e-05,"2","AL355075.4"
6.2997204993826e-09,0.205371913850579,0.154,0.087,0.000170149150967825,"2","SULT1E1"
3.89501676636628e-08,0.28118467707471,0.119,0.064,0.00105200507842787,"2","LINC01127"
2.08875392582988e-07,0.2210535110672,0.109,0.059,0.00564151547827393,"2","SLAMF7"
3.83108976162709e-07,0.415380707684576,0.178,0.114,0.0103473903371786,"2","AC016831.1"
0.00412804257617277,0.4867087429176,0.173,0.139,1,"2","TRIB3"
1.77162843207384e-190,2.64227287993787,0.749,0.225,4.78499123218824e-186,"3","PRSS3"
1.57581354923877e-136,1.1943741674053,1,0.993,4.25611481513899e-132,"3","SFN"
3.58168549005565e-122,1.11586956496466,1,0.995,9.6737743400913e-118,"3","KRT17"
7.58736276068946e-107,0.81629974237898,1,0.985,2.04927080803462e-102,"3","KRT14"
2.36291875116779e-79,3.0110480056497,0.618,0.339,6.38200725502909e-75,"3","NDUFA4L2"
2.65821168940147e-67,2.18169944987789,0.627,0.396,7.17956395190442e-63,"3","CDA"
4.07963191367376e-67,1.87262570661679,0.645,0.385,1.10186778356414e-62,"3","TPPP3"
4.39866828325819e-64,1.57418430017089,0.753,0.583,1.18803631662521e-59,"3","RAB31"
8.60383327000174e-62,1.4440452225278,0.808,0.627,2.32380932789477e-57,"3","CRIP1"
2.97229075479115e-61,1.51409793282476,0.987,0.985,8.02786009961543e-57,"3","FABP5"
6.40470781467324e-60,1.79462757472569,0.896,0.859,1.72984753366509e-55,"3","CSTA"
4.32107846576639e-43,1.61309473430042,0.663,0.561,1.16708008281884e-38,"3","CSRP2"
3.75576883566937e-39,1.49745433367991,0.692,0.641,1.01439560482594e-34,"3","BNIP3"
2.31252060980436e-38,1.40502367084466,0.776,0.773,6.24588691502058e-34,"3","SERPINB1"
1.29741187103961e-37,0.603669846839414,1,0.953,3.50417972249087e-33,"3","KRT5"
6.17375285988251e-31,1.34014972349352,0.891,0.852,1.66746890992567e-26,"3","KRT16"
5.93285244175375e-30,1.00434763754252,0.328,0.146,1.60240411599327e-25,"3","KRT1"
6.25401861466174e-30,0.953478872525725,0.817,0.791,1.68914788763399e-25,"3","MT1X"
1.21918574585202e-24,1.61228060252913,0.891,0.902,3.29289878097173e-20,"3","KRT6B"
2.27985556042908e-24,0.782746365620977,0.998,0.992,6.15766188316289e-20,"3","KRT6A"
9.52934121359239e-23,2.87275723188203,0.287,0.156,2.57377976837917e-18,"3","PICSAR"
2.57671593910242e-21,0.922167279033291,0.735,0.676,6.95945207992172e-17,"3","KRT18"
5.38129782859075e-21,0.747495162357819,0.821,0.815,1.45343473052408e-16,"3","NDRG1"
6.11870281865496e-21,1.14065356051415,0.527,0.419,1.65260044429052e-16,"3","LINC02802"
9.7311063497674e-21,1.7445401517885,0.319,0.181,2.62827451400868e-16,"3","IGFL1"
6.22849349173386e-19,0.892067851527712,0.69,0.676,1.6822538071824e-14,"3","UPP1"
2.44318314374881e-18,1.35386823813912,0.534,0.469,6.59879335295116e-14,"3","FEZ1"
1.90504849591463e-17,0.511663616292723,0.719,0.579,5.14534548261582e-13,"3","RBP1"
2.47658180754066e-17,3.06727205740979,0.108,0.034,6.68899980398657e-13,"3","AC073210.3"
5.27685971779758e-17,1.66289896287985,0.423,0.318,1.42522704117995e-12,"3","EGLN3"
1.8879021598287e-16,2.18550242267395,0.475,0.393,5.09903494348133e-12,"3","SPRR1B"
2.19732361227018e-16,1.85752257328656,0.566,0.523,5.93475134438052e-12,"3","KRT6C"
3.30301335551032e-16,0.585214008875183,0.824,0.687,8.92110877189783e-12,"3","CAV1"
3.96792892500476e-15,0.911536294602685,0.889,0.856,1.07169792335454e-10,"3","MT2A"
1.30102664436633e-14,0.531442806737558,0.846,0.757,3.51394286376903e-10,"3","LGALS1"
2.27768664731545e-14,1.82233753900276,0.349,0.252,6.15180386573429e-10,"3","RPL39L"
1.53107669012376e-13,0.208451606134334,0.159,0.35,4.13528503235527e-09,"3","TNFRSF6B"
1.87694917264844e-13,0.345646277762128,0.873,0.753,5.06945202040618e-09,"3","FOS"
2.11052941631175e-13,0.21221087578029,0.131,0.305,5.70032890051641e-09,"3","PTGES"
4.03439895183768e-13,1.13751412194156,0.554,0.533,1.08965081290184e-08,"3","RAB25"
4.66052199078812e-13,2.52238024830009,0.315,0.225,1.25876038449196e-08,"3","S100A12"
4.75140200739615e-13,0.208740883019828,0.125,0.302,1.28330616817762e-08,"3","DHFR"
9.76219572099489e-13,1.15251886004204,0.581,0.582,2.63667144228351e-08,"3","GLTP"
2.34300787056997e-12,2.09901310115889,0.229,0.134,6.32822995762243e-08,"3","IVL"
6.05844602183565e-12,1.41433653161767,0.437,0.378,1.63632568603759e-07,"3","CKB"
7.02744864969175e-12,0.763550287511786,0.36,0.253,1.89804360579524e-07,"3","CLIC3"
1.91864782794941e-11,0.613176052273735,0.695,0.712,5.18207591850856e-07,"3","ID1"
2.35735037780973e-11,0.233443104520758,0.199,0.394,6.36696763542631e-07,"3","ECT2"
3.26255311142683e-11,0.247535172668574,0.073,0.2,8.81182969865272e-07,"3","CYP27B1"
3.32925954646357e-11,1.49208271627618,0.38,0.291,8.99199710904346e-07,"3","PI3"
5.71829005633544e-11,1.28615988783239,0.376,0.284,1.54445296131564e-06,"3","SPRR2A"
1.8571036961945e-10,0.594730599470052,0.369,0.275,5.01585137305173e-06,"3","KRTDAP"
3.20473338286846e-10,0.280869959597677,0.167,0.332,8.65566439378943e-06,"3","DBF4"
3.46795899786202e-10,2.57578810414694,0.136,0.068,9.36661045732553e-06,"3","PPP1R3C"
4.74361061720648e-10,1.2959885738509,0.355,0.269,1.2812017916013e-05,"3","C10orf99"
7.39957335787214e-10,0.517778619010582,0.131,0.278,1.99855076822769e-05,"3","BCAR3"
1.21867358224245e-09,1.0737372720976,0.441,0.379,3.29151547827862e-05,"3","RHOV"
5.84919399854507e-09,0.232086482564623,0.152,0.298,0.000157980880706704,"3","ORC6"
5.88267037468504e-09,2.00222226564855,0.233,0.161,0.000158885044149868,"3","AIF1L"
8.43451717278681e-09,0.237245466039475,0.151,0.298,0.000227807874319799,"3","MELK"
1.60355633777249e-08,0.529983177544038,0.125,0.255,0.000433104531268971,"3","OSR2"
1.71157700806783e-08,0.384981610600871,0.124,0.253,0.000462279834109041,"3","UNG"
1.92905967810206e-08,0.426876489144092,0.115,0.239,0.000521019728458584,"3","CDC6"
2.47887912306338e-08,0.975499216757681,0.332,0.258,0.000669520462348188,"3","SPRR2D"
3.07055813294567e-08,0.657339381100924,0.038,0.118,0.000829327046127295,"3","SLCO4A1"
5.71476443389586e-08,0.778757241202301,0.597,0.659,0.00154350072595093,"3","MAL2"
6.90119031176531e-08,2.14546150443391,0.31,0.265,0.00186394249130469,"3","HIST1H2BC"
7.93726535337904e-08,0.645391799952307,0.676,0.679,0.00214377599929415,"3","C12orf75"
1.3208756722663e-07,0.466789884449787,0.12,0.238,0.00356755310322406,"3","MCM2"
1.65804211033448e-07,0.272718837548971,0.05,0.132,0.00447820593580239,"3","FERMT2"
1.72995589128774e-07,0.32493558321093,0.179,0.325,0.00467243786677905,"3","ANKRD37"
2.19652793569452e-07,0.512350927932836,0.226,0.399,0.00593260230151734,"3","ZNF185"
2.73056986512367e-07,0.319491401461375,0.109,0.215,0.00737499614871253,"3","AURKA"
3.18887934500284e-07,0.775780161914144,0.708,0.803,0.00861284422291816,"3","PKP1"
3.19324327660717e-07,0.651002135051245,0.185,0.338,0.0086246307657883,"3","RCAN1"
4.01979235441272e-07,0.386102410255508,0.088,0.183,0.0108570571700333,"3","KIFC1"
4.52106229542745e-07,0.372770374058216,0.095,0.194,0.01221093715372,"3","CDCA3"
4.6756416975388e-07,0.547635438176131,0.099,0.202,0.0126284406608826,"3","FBXO5"
5.13934266802489e-07,1.40860197245851,0.303,0.251,0.0138808506120684,"3","CFD"
5.32366859716866e-07,0.534718464207768,0.111,0.22,0.0143786965140928,"3","CDCA8"
1.1545976564696e-06,0.359694729384587,0.106,0.205,0.0311845281035874,"3","FAM111B"
1.45071166070685e-06,0.410112421398444,0.156,0.282,0.0391822712440313,"3","NCF2"
1.54086780644789e-06,0.610132382224216,0.165,0.293,0.041617298584351,"3","DUSP5"
1.77915900308609e-06,0.339091790360963,0.192,0.327,0.0480533055143522,"3","NUSAP1"
2.01990332389167e-06,0.299673075829441,0.056,0.131,0.0545555688749901,"3","CEBPA"
2.12778634493508e-06,0.204499852452176,0.063,0.14,0.0574693813903516,"3","NEK2"
4.02673545292823e-06,0.475892196317,0.645,0.675,0.108758097848139,"3","CD24"
4.67621326273222e-06,0.239034985242832,0.242,0.398,0.126299844013134,"3","LGALSL"
8.0779678108852e-06,2.03410803595153,0.215,0.165,0.218177832604198,"3","TMPRSS13"
8.16068669996135e-06,2.27571498140839,0.124,0.076,0.220411987079256,"3","LINC00520"
8.92898191799313e-06,0.730535819917878,0.084,0.168,0.241162872623076,"3","CCL3"
9.62173995616479e-06,0.457550763466095,0.129,0.231,0.259873574476055,"3","ARRDC4"
1.16560590288356e-05,1.63982216239155,0.251,0.195,0.31481849830982,"3","RHCG"
1.26152075470849e-05,0.247258075969503,0.127,0.221,0.340724140639215,"3","HMMR"
1.36813141174716e-05,0.612332959165223,0.568,0.571,0.369518612998792,"3","CCND2"
1.38530713400646e-05,0.517655059796995,0.579,0.606,0.374157603823805,"3","TPM1"
1.56478418574777e-05,0.545136135842799,0.167,0.283,0.422632560728615,"3","CCNB2"
1.60444036457592e-05,1.32998109645959,0.333,0.299,0.43334329806831,"3","TGM1"
1.62981354738823e-05,0.216860726903551,0.059,0.127,0.440196341014086,"3","LSP1"
1.64296104451468e-05,0.756190696424389,0.143,0.251,0.44374734851297,"3","FHL1"
2.13058672348849e-05,1.39496195423509,0.206,0.156,0.575450168147007,"3","ASPG"
2.42316796881907e-05,1.25092510951643,0.149,0.098,0.654473436698344,"3","SPINK6"
4.44210807852665e-05,0.962441508510694,0.459,0.479,1,"3","ID3"
7.01880994132188e-05,0.327331293413741,0.1,0.178,1,"3","SH3KBP1"
8.81896276401852e-05,0.442773256045193,0.294,0.465,1,"3","BPGM"
8.95297487886758e-05,0.518896856673282,0.487,0.469,1,"3","NRARP"
9.14519733591156e-05,0.664438896267769,0.048,0.105,1,"3","SULT1E1"
9.15536397322962e-05,0.561936346582916,0.104,0.185,1,"3","ESCO2"
0.000103984783477535,0.63436676171992,0.181,0.296,1,"3","KNSTRN"
0.000109352573794504,0.851638683440267,0.547,0.591,1,"3","DDIT4"
0.000122056653104427,0.660917089465471,0.1,0.178,1,"3","CDCA2"
0.000148755658432316,0.292768227823906,0.235,0.357,1,"3","CDKN3"
0.000169959440665673,0.21594176903491,0.389,0.581,1,"3","PCNA"
0.000175048344776215,0.61944693077454,0.1,0.175,1,"3","HIST1H4H"
0.00020960452509877,0.636008724443504,0.104,0.181,1,"3","FAM83C"
0.000251435650536002,0.354436331482535,0.389,0.577,1,"3","CKS1B"
0.000421283371225603,1.014863240568,0.122,0.201,1,"3","POLM"
0.000457872865021194,0.411025270223959,0.099,0.165,1,"3","PLK1"
0.000553124889003173,0.200650661998247,0.167,0.253,1,"3","OVOL1"
0.000561974386739501,0.324948991801402,0.29,0.44,1,"3","C6orf132"
0.000684482494172476,1.10672472858425,0.108,0.18,1,"3","AC110995.1"
0.000770207943038865,1.96445114255022,0.116,0.081,1,"3","HES5"
0.00093551564799373,1.10317066334066,0.462,0.464,1,"3","SLPI"
0.00099731608202793,0.365408483865337,0.24,0.348,1,"3","RRM2"
0.000998663788606558,0.553171911806113,0.256,0.394,1,"3","PSIP1"
0.0011323188512606,0.937238357919623,0.45,0.489,1,"3","HIST1H1C"
0.00122620489242098,0.395772956297848,0.095,0.156,1,"3","HSPB8"
0.00181569260721056,0.732556299348775,0.156,0.238,1,"3","NDC80"
0.0018503239313979,1.19715580762241,0.136,0.215,1,"3","ASF1B"
0.00218139543447469,0.667312933418502,0.459,0.478,1,"3","AL161431.1"
0.00224978866661801,0.316689459737102,0.165,0.244,1,"3","CDK1"
0.0023535567803913,1.16335734874466,0.337,0.347,1,"3","PGF"
0.00246492518903462,0.81752848498909,0.093,0.151,1,"3","TRIB3"
0.00334446403373794,1.13480696781564,0.448,0.525,1,"3","TUBB2A"
0.0051236364775641,0.255142242568529,0.344,0.476,1,"3","DUSP6"
0.0051652008373926,0.597187442754272,0.066,0.109,1,"3","AC105460.1"
0.00579120339184686,0.976010829662721,0.129,0.195,1,"3","CCL4"
0.00614428308161803,0.364673676659871,0.575,0.612,1,"3","PHLDA1"
0.00708384045039941,0.826615624170494,0.093,0.144,1,"3","TPRG1"
0.00763835915301897,0.336401512779797,0.366,0.518,1,"3","HES1"
0.00810165189513062,0.934004724707601,0.199,0.168,1,"3","SULT2B1"
0.00848087149365661,0.203069147674123,0.683,0.685,1,"3","IER3"
0.00935298032874188,0.62356139158121,0.28,0.393,1,"3","BIRC5"
3.37248358891128e-73,1.42267967900105,0.952,0.846,9.10874092529048e-69,"4","KRT16"
3.59902268334146e-64,0.804033465910737,0.984,0.955,9.72060036543694e-60,"4","KRT5"
6.13817497191466e-61,2.2895318695603,0.5,0.216,1.65785967816443e-56,"4","DSG1"
7.76977573103699e-58,2.07122901517055,0.637,0.393,2.09853872719578e-53,"4","AKR1B10"
7.86167293483975e-58,1.48535036622446,0.675,0.373,2.12335924297087e-53,"4","SPRR1B"
1.16648513865709e-57,3.07138485214635,0.111,0.009,3.15055971099893e-53,"4","CHL1"
1.21198824401955e-54,1.96325790449799,0.54,0.251,3.2734590482724e-50,"4","C10orf99"
6.80326778134163e-54,4.18477039822891,0.452,0.217,1.83749459506256e-49,"4","DAPL1"
3.81025717368965e-53,1.31085268665697,0.855,0.851,1.02911236004184e-48,"4","DBI"
1.91816635813849e-52,2.39810737016314,0.365,0.126,5.18077551669624e-48,"4","CALML5"
1.37562204674201e-50,1.11690023228092,0.944,0.894,3.7154175860455e-46,"4","S100A8"
4.57043913233126e-43,1.81603930938726,0.685,0.512,1.23442990525135e-38,"4","IGFBP2"
3.25029272471621e-42,1.1614217915754,0.71,0.522,8.77871562018601e-38,"4","LGALS7B"
6.03812643117959e-40,1.04414975820469,0.931,0.927,1.6308375677973e-35,"4","CSTB"
3.30297854891616e-39,3.68208112860082,0.363,0.171,8.92101476276765e-35,"4","LGALS7"
3.71468406885213e-39,0.711448148884201,0.556,0.295,1.00329902015627e-34,"4","S100A7"
2.32936650657813e-36,2.65466048458356,0.147,0.03,6.29138599761688e-32,"4","SFRP1"
4.3110749488189e-36,1.46414984561968,0.119,0.019,1.1643782329265e-31,"4","LIMCH1"
4.66681936692301e-34,0.988983367333085,0.5,0.262,1.26046124281224e-29,"4","KRTDAP"
4.30420542993095e-33,0.641997982756819,0.998,0.992,1.16252284457005e-28,"4","KRT6A"
1.1924031895192e-31,2.7076209995675,0.411,0.23,3.22056177457241e-27,"4","ALDH3A1"
3.86331370881739e-31,3.27552939327158,0.129,0.027,1.04344239961449e-26,"4","SLC16A7"
1.99484762759259e-30,2.10970611911873,0.466,0.276,5.38788395736483e-26,"4","SPRR2A"
5.20508378050235e-30,1.64143866826076,0.365,0.167,1.40584107827588e-25,"4","NUPR1"
3.96252818937543e-29,0.844539765374195,0.95,0.962,1.07023923866841e-24,"4","S100A9"
8.15837832042199e-29,1.45648782429575,0.417,0.208,2.20349640056277e-24,"4","SBSN"
1.23013202572692e-28,4.00671450058538,0.127,0.029,3.32246358828583e-24,"4","IGFBP5"
1.25755220211151e-28,3.52379994634834,0.214,0.073,3.39652274268297e-24,"4","SLURP2"
7.32343845227818e-27,1.45144523122144,0.635,0.516,1.97798749157581e-22,"4","KRT6C"
7.77153240608757e-27,4.14136318685198,0.131,0.032,2.09901318756019e-22,"4","DCN"
2.53284222967501e-25,0.673697212468772,0.754,0.578,6.84095357812924e-21,"4","LY6D"
4.39067264976077e-23,0.953760164439244,0.869,0.904,1.18587677597389e-18,"4","KRT6B"
5.38670413772772e-23,1.4469600032035,0.274,0.12,1.45489492055888e-18,"4","MGST1"
1.13997996869142e-22,2.21437697398127,0.423,0.269,3.07897189743867e-18,"4","IL1RN"
3.97552157779384e-22,2.25432160778274,0.262,0.117,1.07374862294634e-17,"4","SPRR2E"
5.0657649215733e-22,1.56529485493342,0.381,0.214,1.36821244766773e-17,"4","CYB5A"
5.44773301651244e-22,0.791466266194099,0.845,0.865,1.47137821042984e-17,"4","CSTA"
5.8680041149075e-22,2.3315607803466,0.591,0.512,1.58488923139537e-17,"4","CA2"
5.52464024390061e-21,2.65650340965972,0.159,0.053,1.49215008347512e-16,"4","ADH7"
6.6156764200371e-21,0.949854343825314,0.776,0.794,1.78682804428782e-16,"4","PKP1"
1.93225639735917e-19,2.95436710679745,0.177,0.068,5.21883130362738e-15,"4","BMP7"
1.2417815096487e-17,3.03520971839537,0.117,0.036,3.35392767941018e-13,"4","SPRR3"
1.73442501720744e-17,1.66285422339718,0.353,0.208,4.68450852897556e-13,"4","KLK11"
2.51327044157054e-17,2.01621972250056,0.115,0.035,6.78809213563788e-13,"4","EPHB6"
3.58747175036509e-17,1.61468663523207,0.407,0.271,9.68940245056106e-13,"4","AKR1C1"
6.84759966672372e-17,0.339602791625286,0.972,0.987,1.84946819398541e-12,"4","FABP5"
8.87261072345587e-17,0.528360312019283,0.897,0.893,2.3964034302982e-12,"4","PERP"
9.67183497026374e-17,0.614644745668984,0.552,0.432,2.61226590711853e-12,"4","AQP3"
1.43823492349492e-16,1.25584231154092,0.629,0.577,3.88452870486743e-12,"4","GLTP"
4.13641372535327e-16,4.61750845190415,0.111,0.036,1.11720398308066e-11,"4","TCHH"
9.90581312280986e-16,1.73841906507621,0.391,0.252,2.67546106633971e-11,"4","SPRR2D"
2.06055426534878e-15,0.402585502706432,0.994,0.986,5.56535101528053e-11,"4","KRT14"
3.19957068954397e-15,1.51433100186847,0.165,0.069,8.64172047538931e-11,"4","TNFRSF18"
4.18742563483862e-15,1.98717253899721,0.337,0.219,1.13098178971356e-10,"4","GSTA4"
5.39845084601996e-15,0.224642874585049,0.296,0.164,1.45806758900153e-10,"4","SPINK5"
3.24353706707019e-14,0.754523350001793,0.333,0.184,8.76046926444988e-10,"4","SELENOP"
8.57409153442974e-14,3.60876999817921,0.119,0.044,2.31577638253413e-09,"4","SLURP1"
8.76426796045158e-14,2.16224641384455,0.349,0.241,2.36714113343837e-09,"4","NSG1"
9.11946712496927e-14,2.66125779806624,0.385,0.294,2.46307687578295e-09,"4","GBP6"
1.1409433965775e-13,1.46521837503151,0.252,0.486,3.08157401981617e-09,"4","RBPJ"
2.24428770166425e-13,2.59931504995602,0.119,0.044,6.06159665342496e-09,"4","DOC2B"
1.39178275116104e-12,0.785466620509899,0.206,0.422,3.75906603261085e-08,"4","SLC7A8"
1.50093023144586e-12,1.27525029551042,0.431,0.319,4.05386246211212e-08,"4","CRABP2"
2.03519705929613e-12,0.220427671959723,0.038,0.162,5.49686373745293e-08,"4","MYO1G"
2.62392319434485e-12,1.71040889608017,0.542,0.512,7.086954155606e-08,"4","HOPX"
2.76606414211133e-12,2.64098671449425,0.107,0.04,7.47086264142849e-08,"4","SERPINF1"
3.84039094683097e-12,1.88295407108179,0.276,0.164,1.03725119082958e-07,"4","CNFN"
3.93663545343307e-12,0.349510354456764,0.135,0.298,1.06324586961774e-07,"4","DHFR"
7.12241561496004e-11,1.02301960287722,0.657,0.665,1.92369323344456e-06,"4","CALML3"
9.72320266539137e-11,1.69410513166765,0.113,0.046,2.62613980789556e-06,"4","IL33"
4.01922558442903e-10,0.452202272920346,0.099,0.235,1.08555263809844e-05,"4","AGR2"
6.85452211901035e-10,0.461725795871033,0.085,0.208,1.85133787912351e-05,"4","CKAP2L"
7.12368313451197e-10,0.211686618742333,0.06,0.169,1.92403557780034e-05,"4","PTAFR"
7.97281670475603e-10,2.88139950449966,0.192,0.111,2.15337806378756e-05,"4","LSP1"
8.53639280206996e-10,2.90307185396176,0.101,0.042,2.30559433191108e-05,"4","KLK12"
1.48924632237838e-09,0.221998206814741,0.069,0.179,4.02230539211176e-05,"4","LPIN1"
1.86118420709043e-09,0.430274506001962,0.214,0.373,5.02687242493053e-05,"4","RNF19B"
3.36246838670298e-09,0.24734567441229,0.308,0.504,9.08169086564607e-05,"4","HIST1H1C"
1.47019151022132e-08,0.214777536697787,0.306,0.487,0.000397084024995675,"4","TNFAIP3"
1.99091349534836e-08,2.83406506878588,0.192,0.116,0.000537725825958638,"4","FOXQ1"
2.80614358864466e-08,2.31912048451191,0.153,0.084,0.000757911321857037,"4","IL36RN"
3.1313923709964e-08,0.502247326686982,0.129,0.256,0.000845757765482418,"4","MCM6"
3.62547543835848e-08,0.560751812023274,0.115,0.231,0.000979204661146243,"4","ARRDC4"
4.44624982218341e-08,0.478501032544697,0.185,0.332,0.00120088761447352,"4","KDM6B"
6.15858952745781e-08,2.79322302119497,0.204,0.128,0.00166337344547108,"4","FAM25A"
7.94629772068462e-08,0.546825669845772,0.048,0.135,0.00214621555137971,"4","CST6"
1.03934643703517e-07,0.796186617838283,0.248,0.42,0.0028071707917883,"4","PLCG2"
1.3902372885302e-07,0.503170009757222,0.202,0.339,0.00375489189259122,"4","APOL2"
1.50040358993305e-07,0.361813143907241,0.157,0.28,0.00405244005605018,"4","KDM7A-DT"
1.88237749371018e-07,0.369958700293207,0.03,0.104,0.00508411337276181,"4","GNE"
2.01830007909822e-07,0.233647889710348,0.169,0.293,0.00545122668363639,"4","ERBB3"
2.69865180277231e-07,0.419657706515311,0.188,0.11,0.00728878865410773,"4","KRT13"
2.92720062843259e-07,0.220633487824125,0.048,0.131,0.00790607617733357,"4","RUNX3"
3.0788041762823e-07,0.340555364387729,0.147,0.26,0.00831554219972087,"4","PELI1"
3.49246218287066e-07,1.62837819890187,0.226,0.146,0.00943279110971536,"4","SGPP2"
3.54855183993546e-07,0.23798345834111,0.379,0.292,0.00958428366448168,"4","PI3"
4.18973125163614e-07,2.84512720156686,0.127,0.07,0.011316045137544,"4","NTRK2"
5.85837467630303e-07,1.43754800128009,0.438,0.415,0.0158228841632268,"4","MAF"
6.40932387764039e-07,0.283993660467203,0.179,0.306,0.0173109428611189,"4","ARL5B"
8.55139952455206e-07,0.385896010141421,0.29,0.456,0.0230964749758627,"4","SOX4"
1.02504541379282e-06,0.907708162265987,0.363,0.29,0.0276854515811304,"4","GSTM3"
1.05181758077332e-06,1.37083949802073,0.538,0.587,0.0284085410391065,"4","DSC2"
1.74999087293483e-06,0.404852787230094,0.337,0.526,0.0472655034870969,"4","SOCS3"
1.82204977095349e-06,2.2181686940553,0.135,0.076,0.0492117422636827,"4","CRYAB"
2.03070316850321e-06,0.536921721898175,0.19,0.311,0.0548472618781031,"4","TRIB1"
3.03960886770207e-06,2.59850799373992,0.109,0.059,0.0820967959077652,"4","TMEM45B"
3.51970792168827e-06,1.76895686166505,0.183,0.116,0.0950637912568786,"4","CEBPA"
4.06713240691524e-06,0.332065456331431,0.171,0.277,0.109849179178374,"4","ARRDC3"
4.41613831752586e-06,0.285411789259057,0.109,0.199,0.119275479818056,"4","PXMP4"
4.49337858618623e-06,0.441444280811916,0.099,0.188,0.121361662234304,"4","DPYSL3"
6.22910189666764e-06,0.33795670708545,0.286,0.439,0.168241813127096,"4","C6orf132"
1.32340342446556e-05,0.407209488626695,0.226,0.348,0.357438030913903,"4","DUOXA1"
1.38934298551546e-05,0.275329746863108,0.093,0.174,0.375247646957872,"4","TAF4B"
1.49968530699891e-05,0.345681310078397,0.218,0.337,0.405050004567334,"4","CBX4"
1.5127648808338e-05,2.52902106409885,0.276,0.233,0.4085826666644,"4","H19"
1.53523870638063e-05,0.370747754199535,0.2,0.309,0.414652622206345,"4","LPAR6"
1.6275980381181e-05,0.243764263685881,0.502,0.674,0.439597954115318,"4","MT1E"
1.7014992881564e-05,0.633906067357994,0.042,0.104,0.459557942738162,"4","VASN"
2.18554272735689e-05,0.617673979433015,0.232,0.362,0.590293235231823,"4","WNT4"
2.28950646621401e-05,0.360419882837849,0.153,0.248,0.618372801459743,"4","UNG"
2.4801338906393e-05,0.215343107668276,0.077,0.151,0.669859362522768,"4","IL1R2"
2.70275093729896e-05,1.12559555183066,0.131,0.077,0.729986000655077,"4","DLX5"
3.04471997515043e-05,1.33445726750243,0.177,0.117,0.822348418088379,"4","SASH1"
4.07993384498893e-05,0.409318739796448,0.129,0.076,1,"4","S100P"
4.47614205469108e-05,0.353161891191054,0.062,0.129,1,"4","GEM"
4.48117531035584e-05,0.621868420255542,0.25,0.363,1,"4","HAS3"
4.82992808460514e-05,0.627508380804776,0.26,0.397,1,"4","SLC6A8"
4.92436806559181e-05,0.49475998265223,0.163,0.258,1,"4","SCAPER"
5.05078856017068e-05,1.44871019121797,0.29,0.238,1,"4","CAPNS2"
9.31852391798999e-05,0.725269651323954,0.147,0.236,1,"4","SOX7"
0.000107252085583116,0.248330454941331,0.599,0.815,1,"4","MT1X"
0.0001300821402356,0.303191913221972,0.337,0.492,1,"4","ID3"
0.000147945347264574,0.953413917424788,0.117,0.071,1,"4","S100A7A"
0.000172003706563585,0.381653638840468,0.379,0.543,1,"4","MPZL2"
0.000187243639548804,0.323966499228556,0.308,0.444,1,"4","BHLHE40"
0.000265077406220822,0.752399944257848,0.071,0.129,1,"4","EPS8L1"
0.000278539673338557,0.299394397030591,0.208,0.141,1,"4","XIST"
0.000312871909320295,1.73234605391618,0.171,0.125,1,"4","EPGN"
0.000351430613111413,0.264524283733521,0.208,0.15,1,"4","DEFB1"
0.000364378062381478,0.505805614597322,0.77,0.814,1,"4","DSP"
0.000387188188839234,0.252371559401903,0.119,0.187,1,"4","KBTBD7"
0.000408352261414916,1.87622910988759,0.107,0.066,1,"4","TMPRSS11A"
0.00044124245657421,0.881841473725875,0.385,0.359,1,"4","KLK10"
0.000480474559959675,0.212208996640351,0.119,0.188,1,"4","FAM83D"
0.000488167634604454,0.532466920864587,0.268,0.392,1,"4","ZNF185"
0.000515823680224296,0.307861172853216,0.192,0.275,1,"4","GPCPD1"
0.000532729200885648,0.261348807526897,0.454,0.656,1,"4","GJB6"
0.000550069969092268,0.264585889533175,0.159,0.238,1,"4","IRX3"
0.000584835620582993,1.09685229253407,0.171,0.124,1,"4","LURAP1L"
0.000663367935245643,0.476248052293123,0.218,0.319,1,"4","ANKRD37"
0.000786935602999941,1.62508758936478,0.278,0.247,1,"4","IFITM2"
0.000803151097744641,1.59718823407509,0.234,0.187,1,"4","ID2"
0.000946116895409342,0.459945988590926,0.087,0.146,1,"4","KLK9"
0.000994871035938741,0.230803217271519,0.054,0.102,1,"4","COL1A2"
0.000995618075023752,1.31742192302313,0.185,0.14,1,"4","IVL"
0.00105433632617876,0.290183074759094,0.107,0.169,1,"4","RGS2"
0.00122874594420145,0.755278836368234,0.069,0.121,1,"4","CCNE2"
0.0012559182347292,0.784120155620412,0.085,0.144,1,"4","DLK2"
0.00140832011796031,1.20918344581123,0.232,0.187,1,"4","ZNF750"
0.00143182861295092,0.605624081920419,0.131,0.196,1,"4","RIPK4"
0.00150323298241519,0.581250200918467,0.173,0.252,1,"4","TST"
0.00159243541265006,1.64706207935177,0.185,0.139,1,"4","ANK3"
0.00184780886902649,0.782128171485922,0.286,0.409,1,"4","ZC3H12A"
0.00231870314682209,0.588969191153135,0.361,0.517,1,"4","HES1"
0.00243771321679977,1.32663112514805,0.149,0.106,1,"4","PLA2G4E"
0.00263725051389412,0.650399060094516,0.067,0.114,1,"4","AL033384.1"
0.00272906093640874,0.774090789277565,0.137,0.098,1,"4","LUM"
0.00282531916339366,0.684485583107289,0.069,0.114,1,"4","COL6A1"
0.00362732248947093,0.405834120436253,0.46,0.646,1,"4","CDKN1A"
0.00382451200608925,0.286691328356632,0.389,0.543,1,"4","MAFB"
0.00399039332400522,0.868477607628969,0.157,0.23,1,"4","NELL2"
0.00440667180877779,1.12702276663753,0.101,0.155,1,"4","HIST1H1D"
0.00459954193958106,1.45764361191212,0.155,0.118,1,"4","LINC01133"
0.00494969824763102,0.389185443295245,0.175,0.245,1,"4","RDH10"
0.00555801212048098,0.820323011469791,0.06,0.101,1,"4","C15orf48"
0.00556830074114091,0.970886060138005,0.06,0.101,1,"4","PCSK9"
0.00566212791894843,0.43347492447854,0.087,0.135,1,"4","SYNM"
0.00592968428000603,0.651541512303131,0.121,0.176,1,"4","KRT75"
0.00601587204752294,0.662921754494924,0.333,0.44,1,"4","HIST1H4C"
0.00774657707709673,0.316226390180924,0.173,0.234,1,"4","NECTIN4"
0.00795682601736125,2.20575105306418,0.19,0.158,1,"4","ASPG"
0.00804158945577737,0.650900725534697,0.399,0.384,1,"4","RHOV"
0.00856284365436659,1.76759733649738,0.254,0.228,1,"4","PSAT1"
0.00857080423718333,0.278554513830629,0.139,0.19,1,"4","EPHX1"
0.00919027153124574,0.519024257580247,0.341,0.474,1,"4","NFKBIZ"
0,3.05398664227858,0.947,0.116,0,"5","ALDH3B2"
0,3.9046330710939,0.909,0.097,0,"5","CLDN4"
0,4.1006874350709,0.875,0.092,0,"5","CALML5"
0,4.0760906373367,0.952,0.171,0,"5","SBSN"
0,3.98369051432798,0.867,0.093,0,"5","CYSRT1"
0,4.19689794888364,0.824,0.076,0,"5","ANKRD22"
0,3.89841247619704,0.808,0.067,0,"5","SCEL"
0,4.20981371186378,0.789,0.061,0,"5","ABCA12"
0,4.50869330884704,0.811,0.089,0,"5","KLK7"
0,4.7208247252548,0.789,0.07,0,"5","BICDL2"
0,5.32063286796072,0.701,0.024,0,"5","ATP10B"
0,6.25798215529052,0.723,0.057,0,"5","LCN2"
0,3.60483877960684,0.725,0.065,0,"5","NEBL"
0,4.82208742010987,0.653,0.041,0,"5","SCNN1A"
0,4.88766631170895,0.619,0.022,0,"5","CXCL17"
0,3.93186481890092,0.592,0.027,0,"5","MAB21L4"
0,5.64093622060329,0.589,0.029,0,"5","KLK13"
0,4.738820635369,0.507,0.017,0,"5","SMIM5"
0,4.02540781079867,0.501,0.019,0,"5","PRSS27"
0,4.37780580173102,0.477,0.015,0,"5","TMPRSS11F"
0,5.36635145457246,0.453,0.015,0,"5","MUC15"
0,4.85409771551854,0.445,0.01,0,"5","ALOX12B"
0,8.55389641993806,0.4,0.002,0,"5","HLA-DQA2"
0,8.3611596653696,0.36,0.002,0,"5","VNN3"
4.432836024991e-318,5.40531169083058,0.709,0.071,1.19726468198982e-313,"5","KRT13"
3.98519084061435e-315,4.77530097834744,0.456,0.017,1.07636019414153e-310,"5","VSIG10L"
3.26685602580551e-311,3.75547759881637,0.709,0.072,8.82345144009809e-307,"5","TMEM184A"
3.15837254787097e-308,2.98921415278887,0.856,0.117,8.5304484145447e-304,"5","SULT2B1"
1.71471750899183e-304,4.99577647686881,0.472,0.022,4.63128052003605e-300,"5","CLCA4"
3.92715694573354e-300,4.69069565050991,0.576,0.042,1.06068581947317e-295,"5","S100P"
4.30071062898776e-294,3.32489309088056,0.765,0.094,1.16157893378331e-289,"5","IL36G"
2.65326402718289e-293,3.4765428001881,0.877,0.151,7.16620081101828e-289,"5","GPT2"
3.87942609819308e-289,4.19511748785159,0.475,0.024,1.04779419486097e-284,"5","GDPD3"
3.4680454486736e-284,3.86662890758998,0.731,0.093,9.36684395232253e-280,"5","STX11"
1.19305478824246e-276,3.69311324658088,0.744,0.102,3.22232167756405e-272,"5","ZDHHC21"
8.29248461148875e-276,4.00007633953403,0.765,0.106,2.239717168717e-271,"5","PRSS22"
7.42945889584352e-273,4.86552089425755,0.413,0.017,2.00662255317838e-268,"5","CHI3L2"
5.98431836481581e-270,2.80699766519014,0.653,0.067,1.6163045471531e-265,"5","PLA2G4E"
4.20918842066246e-267,3.42162890937077,0.701,0.09,1.13685970053672e-262,"5","TM7SF2"
9.87646609997864e-264,3.76453791067276,0.429,0.021,2.66753472894323e-259,"5","DOC2B"
2.14764028983035e-263,3.51592868728947,0.723,0.097,5.80056165880279e-259,"5","A2ML1"
5.16613124261329e-262,3.5216171966885,0.667,0.08,1.39532038731742e-257,"5","RAET1E"
1.53493125020434e-261,3.79458072681193,0.869,0.17,4.14569581367691e-257,"5","ELF3"
7.79931463992584e-261,4.16390780665229,0.947,0.233,2.10651689109757e-256,"5","KRTDAP"
3.84968939187649e-259,3.50831752177204,0.701,0.086,1.03976260785192e-254,"5","SPRR2E"
7.65145753492706e-259,3.1167829354101,0.883,0.17,2.06658216560845e-254,"5","GRHL1"
8.80426681765053e-258,4.10694396804154,0.523,0.04,2.37794442477923e-253,"5","S100A7A"
2.1362985345768e-257,3.33413561210721,0.867,0.17,5.76992871203847e-253,"5","KLK11"
6.41028887846705e-257,3.01656105854381,0.749,0.107,1.73135492318516e-252,"5","SGPP2"
6.299384481022e-255,2.5814687179296,0.909,0.174,1.70140075447923e-250,"5","NECTIN4"
5.9187090867572e-251,3.6537508969992,0.443,0.025,1.59858413724225e-246,"5","RDH12"
3.28484682928828e-250,4.10253842036301,0.699,0.1,8.87204280122472e-246,"5","VLDLR"
1.84679392602037e-246,4.2625883171202,0.627,0.075,4.98800571478843e-242,"5","ZNF117"
5.49285082309168e-246,3.11282569995369,0.469,0.031,1.48356407880883e-241,"5","ADH7"
1.29388098286942e-244,2.63407755098121,0.747,0.1,3.49464314663202e-240,"5","XIST"
1.04518939251213e-243,3.84908594826791,0.491,0.037,2.82295203023601e-239,"5","TMPRSS11A"
5.9514148539599e-243,2.42368205268299,0.837,0.14,1.60741763790603e-238,"5","ZNF750"
1.8489663413196e-241,3.38734887065715,0.443,0.027,4.99387319127011e-237,"5","SDR9C7"
3.89863660552214e-241,3.86118670420063,0.888,0.215,1.05298276078547e-236,"5","CLIC3"
7.93649755540874e-241,1.88169978419436,0.739,0.097,2.14356862474035e-236,"5","IVL"
1.19430881630993e-240,7.35082365718819,0.24,0.001,3.22570868197148e-236,"5","FETUB"
1.22589024407189e-236,3.94111555420399,0.357,0.015,3.31100696021376e-232,"5","ITGAM"
4.07575139923642e-234,3.43064992321474,0.883,0.205,1.10081969541976e-229,"5","HLA-DRB5"
5.91100727771028e-234,4.54783602324436,0.304,0.008,1.59650395563677e-229,"5","CEACAM6"
3.18807500005622e-232,2.53952370555267,0.819,0.16,8.61067176765186e-228,"5","ACSL1"
7.8776780323062e-232,3.38240239537404,1,0.472,2.12768205974558e-227,"5","LYPD3"
1.6115067620918e-231,2.69290957098664,0.589,0.063,4.35251861373374e-227,"5","APOBEC3A"
2.53165736530169e-227,2.53214710105263,0.88,0.188,6.83775337794333e-223,"5","SDCBP2"
4.02583981928834e-227,3.54846450684462,0.789,0.155,1.08733907679159e-222,"5","JAK2"
1.84945323594808e-226,1.56479150355552,0.856,0.149,4.99518824497217e-222,"5","RHCG"
5.97291606668936e-224,2.51621187232785,0.957,0.265,1.61322490045213e-219,"5","TMEM79"
3.3137986134571e-223,2.74637306086025,0.613,0.074,8.95023867508628e-219,"5","BLNK"
1.27569059078465e-222,3.63939132354249,0.467,0.038,3.44551271665027e-218,"5","GFPT2"
2.67798043582336e-222,3.05432200649103,0.349,0.015,7.23295735911533e-218,"5","KRT78"
5.21716334326015e-222,4.56124927593837,0.733,0.133,1.40910364738113e-217,"5","SPINK5"
2.92716085785554e-221,2.77525133750102,0.864,0.185,7.90596876098202e-217,"5","S100A12"
1.54487087597382e-219,3.10540756016726,0.917,0.255,4.17254174891769e-215,"5","LMO7"
5.15016505442514e-219,2.85270473649092,0.973,0.297,1.39100807954969e-214,"5","PDZK1IP1"
3.2929543758874e-218,7.00866764126724,0.245,0.003,8.89394047383427e-214,"5","SPTSSB"
1.22987135360579e-217,3.2654678715102,0.656,0.1,3.32175953895387e-213,"5","SYNGR1"
9.65687169623033e-217,3.93062826566966,0.933,0.316,2.60822447643485e-212,"5","KLK10"
1.39865813033094e-216,4.53362798269956,0.779,0.176,3.77763574421085e-212,"5","TMEM45A"
1.67327128595844e-216,4.3940668069356,0.709,0.122,4.51933841624515e-212,"5","KRT1"
6.16742589357748e-216,3.46257162096974,0.896,0.252,1.66576005959634e-211,"5","TMPRSS11D"
1.94874208286766e-215,4.04421994691933,0.768,0.159,5.26335749161727e-211,"5","CD274"
3.09149819028697e-215,3.68103529804851,0.736,0.13,8.34982746214608e-211,"5","CNFN"
3.397649656705e-214,2.25868740677153,0.947,0.226,9.17671195779453e-210,"5","C10orf99"
5.26558405738631e-214,2.91765806193642,0.528,0.054,1.42218159805947e-209,"5","PGLYRP4"
2.55150563587945e-212,3.7819720693124,0.776,0.159,6.8913615719468e-208,"5","AC023157.3"
6.20817974431079e-212,4.14098882291036,0.331,0.014,1.6767672671409e-207,"5","PLA2G2F"
5.46357879106882e-211,5.81769382528102,0.261,0.006,1.47565799567978e-206,"5","CYP4B1"
6.20507904585562e-211,3.85712191046347,0.517,0.055,1.67592979949514e-206,"5","GADD45G"
5.62194019185692e-210,4.22759233031964,0.344,0.017,1.51842982641864e-205,"5","LIPH"
8.43901007176381e-205,2.81541354723208,0.936,0.282,2.27929223028269e-200,"5","CRABP2"
9.21197568767733e-204,2.14951151655713,0.515,0.053,2.48806251348477e-199,"5","SLURP2"
1.23290327635686e-203,2.69253060120581,0.659,0.103,3.32994845911223e-199,"5","ANK3"
2.24028732641967e-203,2.70311668346636,0.896,0.231,6.05079203992688e-199,"5","OASL"
1.43531657061606e-201,3.03485858797763,0.789,0.18,3.87664652557693e-197,"5","FAM102A"
6.68227169354225e-201,2.97010213451892,0.629,0.091,1.80481476170883e-196,"5","SLC28A3"
1.61191290220217e-200,2.84835155597516,0.52,0.056,4.35361555755785e-196,"5","TTC9"
4.2721307639601e-200,4.30179708840346,0.395,0.029,1.15385979803798e-195,"5","AP001160.1"
2.13480434526629e-199,4.94064928189779,0.397,0.03,5.76589305612973e-195,"5","FAM157C"
3.57289223782404e-199,2.8043360153351,0.384,0.025,9.65002464513895e-195,"5","SLURP1"
4.44757702726783e-199,3.63543242958756,0.973,0.458,1.20124607929477e-194,"5","DMKN"
6.75795548305442e-199,3.87814426564532,0.451,0.041,1.82525619641817e-194,"5","NDRG2"
1.08485833552495e-198,2.92930810900944,0.917,0.312,2.93009387841934e-194,"5","DHCR7"
3.3172484103469e-198,3.04711168405954,0.365,0.022,8.95955623150594e-194,"5","KLK12"
6.20674916815296e-198,2.66084249090032,0.915,0.276,1.67638088282643e-193,"5","PPL"
2.89775655048238e-197,2.33538597664922,0.928,0.258,7.82655066719786e-193,"5","GBP2"
2.06802667357581e-196,3.1161836260122,0.675,0.116,5.58553324266092e-192,"5","HLA-DQA1"
6.07671873324618e-196,2.16698905549636,0.736,0.131,1.64126096266246e-191,"5","TMPRSS4"
9.41030355653498e-195,2.77804987229416,0.987,0.527,2.54162888758453e-190,"5","KLK8"
6.82258400941471e-194,4.28520388094398,0.459,0.046,1.84271171510282e-189,"5","CARD18"
2.83799343616808e-193,2.20207709501796,0.747,0.145,7.66513647174637e-189,"5","LGALS7"
3.17962747643952e-193,3.08253207273354,1,0.921,8.5878558511155e-189,"5","CSTB"
1.2039362464521e-189,5.04492337998707,0.413,0.036,3.25171140804246e-185,"5","UNC5B-AS1"
3.86191784207461e-189,4.22664451739229,0.272,0.009,1.04306538996593e-184,"5","MUC4"
4.80645560998994e-189,2.26391661842337,0.717,0.137,1.29817559570218e-184,"5","TTC22"
1.42911503312365e-188,3.89800416715528,0.315,0.016,3.85989679296367e-184,"5","KLK6"
6.08552744801741e-188,4.20364585338339,0.403,0.033,1.64364010843502e-183,"5","LY6G6C"
9.085921849561e-188,2.68562597122984,0.755,0.16,2.45401663234793e-183,"5","CASZ1"
4.18117860372964e-187,2.98549791400154,0.989,0.504,1.12929452908134e-182,"5","HLA-DRA"
1.08434917515786e-186,2.81056505292147,0.995,0.491,2.92871868718386e-182,"5","CD74"
3.09500797498053e-186,3.12887594330335,0.533,0.07,8.35930703962491e-182,"5","WFDC5"
4.92010245056521e-186,4.76551979609168,0.376,0.029,1.32887047087316e-181,"5","AL355312.4"
3.03037706941759e-185,3.76062029242441,0.632,0.112,8.18474542678998e-181,"5","ERV3-1"
3.03561654711214e-185,3.26080829549832,0.621,0.104,8.19889673209519e-181,"5","RAET1L"
4.00494250531169e-184,2.45302589004669,0.875,0.253,1.08169492125963e-179,"5","LPAR6"
1.54871469572959e-182,2.94972333066362,0.893,0.291,4.18292352169604e-178,"5","SERPINB13"
2.90995240688443e-181,4.638517196836,0.211,0.003,7.85949045575415e-177,"5","SLC5A1"
5.06195556187652e-181,2.1116785948731,0.885,0.236,1.36718357770723e-176,"5","IL1RN"
4.92677803140731e-180,2.4646104612017,0.584,0.086,1.3306734785028e-175,"5","CEBPA"
7.74779130514055e-180,4.18880914584431,0.856,0.278,2.09260095360541e-175,"5","S100A7"
1.26199857150777e-178,2.551235662058,0.917,0.296,3.40853194178535e-174,"5","HLA-DPA1"
2.53442709555774e-177,3.83321971289971,0.312,0.017,6.8452341423919e-173,"5","PCP4L1"
9.04564946663437e-177,2.51422562440935,0.539,0.073,2.44313946444328e-172,"5","KRT80"
3.90985436050863e-176,2.52030286749811,0.496,0.059,1.05601256422978e-171,"5","IL36RN"
2.87889637909905e-175,3.50632696152176,0.771,0.2,7.77561123030862e-171,"5","TNFAIP2"
9.03284314850397e-175,2.43967946635369,0.651,0.122,2.43968060597944e-170,"5","VAMP5"
1.67437451049085e-174,2.47221214783409,0.587,0.091,4.52231811538473e-170,"5","RORA"
1.55924530805696e-173,2.53060070374729,0.931,0.296,4.21136565253105e-169,"5","MDK"
1.3122359999859e-171,3.65387539799485,0.851,0.257,3.5442182123619e-167,"5","PI3"
4.05066930369347e-171,3.80140824312696,0.421,0.043,1.09404527223457e-166,"5","RNF223"
7.97421502111238e-170,3.78477214171716,0.595,0.104,2.15375573505224e-165,"5","KLK9"
1.04922800850033e-169,2.81069498693886,0.955,0.41,2.83385992815855e-165,"5","HMGCS1"
7.4931472497613e-169,2.55521170263003,0.995,0.639,2.02382414068803e-164,"5","NEAT1"
8.25554293192383e-169,4.32147463443828,0.248,0.009,2.22973959048331e-164,"5","KRT4"
1.31509108898592e-168,2.65470045620563,1,0.891,3.55192952224208e-164,"5","S100A8"
1.43314646224399e-168,2.01021386399306,0.901,0.276,3.87078527987479e-164,"5","METRNL"
5.16106176771995e-168,4.33554408928382,0.299,0.017,1.39395117284348e-163,"5","KRT23"
1.59339885887746e-167,3.66533679247083,0.333,0.024,4.30361097794214e-163,"5","EGR4"
2.15482733107657e-166,4.33292347076475,0.221,0.006,5.8199731385047e-162,"5","CYP4F22"
6.62105194033863e-166,2.6156843688584,0.816,0.232,1.78827991856606e-161,"5","HLA-DPB1"
3.21084233869677e-165,3.82295309265923,0.477,0.063,8.6721640725861e-161,"5","MAPK10"
1.63427817655263e-164,5.33216468599708,0.232,0.008,4.41402192705098e-160,"5","AC019349.1"
4.01281633230135e-164,3.71181666300779,0.411,0.043,1.08382156319127e-159,"5","PCDH1"
1.23786638035342e-163,3.56774342158557,0.915,0.393,3.34335330669656e-159,"5","UPK3BL1"
3.41067986141831e-163,1.90924687249901,0.952,0.307,9.21190523770472e-159,"5","MX2"
4.79057288271892e-162,2.96293015602188,0.851,0.246,1.29388582989355e-157,"5","SERPINB4"
1.14374938045229e-161,2.74604366304958,0.861,0.304,3.08915270166359e-157,"5","CREG1"
2.28320368010871e-161,2.17864022804452,0.821,0.233,6.16670481960561e-157,"5","CPEB4"
4.81175570432607e-161,6.21775385979368,0.277,0.015,1.29960709818143e-156,"5","MUCL1"
1.66534024454477e-159,1.68090667883402,0.981,0.401,4.49791746649098e-155,"5","AQP3"
2.49340050125894e-159,2.51070188322468,0.928,0.403,6.73442541385027e-155,"5","MSMO1"
3.49971532055818e-159,3.04809984250321,0.413,0.044,9.45238110929559e-155,"5","SAA2"
3.99426733586905e-159,2.44262262796726,0.765,0.195,1.07881166474487e-154,"5","PLBD1"
4.49964529250967e-158,1.31888376230914,0.589,0.1,1.21530919705394e-153,"5","FAM25A"
1.12054256508229e-157,2.78624363670293,0.789,0.229,3.02647341403077e-153,"5","LY96"
5.04610202309833e-157,1.91722861190346,0.907,0.271,1.36290169541863e-152,"5","GBP5"
1.79362376383392e-156,1.41629112661423,0.96,0.358,4.84439842373903e-152,"5","SPRR1B"
6.10238579492777e-156,2.1127676359208,0.781,0.194,1.64819337935204e-151,"5","HLA-DMA"
2.09928550277236e-154,5.86747937887098,0.203,0.005,5.66996021443786e-150,"5","AL121761.1"
3.71257352176275e-154,2.71169791997767,0.909,0.404,1.0027289824929e-149,"5","KIAA2026"
3.01840895755509e-153,2.21834947943887,0.973,0.503,8.15242075346055e-149,"5","SQLE"
4.23758858166362e-153,3.29868711738765,0.419,0.049,1.14453030002153e-148,"5","TP53INP2"
1.0331695169223e-152,1.78173379691867,0.995,0.376,2.79048754825545e-148,"5","HLA-DRB1"
4.01080535687396e-152,1.98397722192816,0.997,0.549,1.08327841883809e-147,"5","GLTP"
1.32366632317448e-151,2.39211551243632,0.797,0.224,3.57509037226195e-147,"5","SPRR2D"
4.22367398935442e-151,4.31377334417187,0.221,0.008,1.14077210778474e-146,"5","TGM5"
1.00920791312456e-150,2.25428407116164,1,0.958,2.72576965255813e-146,"5","S100A9"
1.26415847386586e-150,2.46667377630827,0.789,0.23,3.41436562206431e-146,"5","RAB11FIP1"
3.47062347399205e-150,2.67612426046222,0.509,0.078,9.37380694090512e-146,"5","AL033384.1"
4.81425591536148e-150,5.66234190493537,0.205,0.006,1.30028238017998e-145,"5","CHI3L1"
5.22549670749793e-150,4.00920097979567,0.507,0.084,1.41135440572812e-145,"5","OLMALINC"
8.06827230675713e-150,2.27163993179781,0.552,0.093,2.17915966733203e-145,"5","CST6"
2.88733092876522e-148,2.46806560752011,0.395,0.043,7.79839210550198e-144,"5","GGT6"
3.55589280909126e-148,2.64888877589247,0.827,0.286,9.60411088807459e-144,"5","TTC39B"
6.14047200915131e-148,2.0891762663853,0.891,0.312,1.65848008495168e-143,"5","EHF"
1.4126388222121e-147,2.30511099800954,0.789,0.229,3.81539619491267e-143,"5","CFB"
6.41387608932977e-146,2.16611361861358,0.829,0.261,1.73232379296708e-141,"5","TGM1"
1.84802340699372e-145,1.95958534688797,0.528,0.084,4.99132641994935e-141,"5","FUT2"
8.49058740922464e-145,1.86852736090459,0.963,0.417,2.29322275335748e-140,"5","OAS1"
1.17801744639685e-143,2.29085836195961,0.52,0.082,3.18170732097326e-139,"5","GRHL3"
1.84047142194985e-143,3.35202138525621,0.44,0.061,4.97092926354434e-139,"5","LYPD5"
5.66570731238664e-143,3.2292692247522,0.472,0.071,1.53025088800251e-138,"5","RDH16"
8.31125718942841e-143,2.60458287219917,0.485,0.075,2.24478745429272e-138,"5","KCNK7"
5.22681027434792e-141,1.99346929831208,0.891,0.33,1.41170918699863e-136,"5","DUOX1"
1.71230797398788e-140,2.31475515985318,0.717,0.191,4.62477260694386e-136,"5","IRX3"
4.3899382016941e-140,1.5066811789464,0.979,0.338,1.18567840889556e-135,"5","RHOV"
8.57524181080252e-140,3.56432656335355,0.189,0.005,2.31608706067965e-135,"5","SPRR2B"
1.09924307545994e-139,1.56252206426926,0.736,0.19,2.96894562250976e-135,"5","GSTA4"
3.45290268169146e-138,2.03517903869026,0.752,0.203,9.32594485298045e-134,"5","OVOL1"
2.91275220606647e-137,1.83853879255247,0.715,0.183,7.86705243336492e-133,"5","TENT5B"
7.69609437813165e-137,2.21632566067979,0.731,0.21,2.07863813058958e-132,"5","SCAPER"
9.65082787705047e-137,2.46443586348087,0.928,0.438,2.60659210131256e-132,"5","UGCG"
5.85190165542373e-135,4.53931707654437,0.171,0.004,1.5805401181134e-130,"5","FAM3D"
1.44699772136633e-134,1.85411200786661,0.997,0.638,3.90819614563833e-130,"5","CALML3"
1.57719535865323e-134,1.80277611418169,0.995,0.634,4.25984694418651e-130,"5","TACSTD2"
1.97361671074357e-133,2.34920221401533,1,0.852,5.33054137404731e-129,"5","CSTA"
3.24548115997085e-133,1.93222858039728,0.325,0.03,8.76572006496528e-129,"5","SPRR1A"
2.26587696956594e-132,1.85231254451419,0.997,0.652,6.11990710710064e-128,"5","SAMD9"
4.01089033438627e-132,2.41768472695074,0.328,0.032,1.08330137041439e-127,"5","THEM5"
8.39250739873715e-132,5.19382917168893,0.211,0.01,2.26673232332492e-127,"5","VSIG8"
2.36548828086442e-131,2.83767614445821,0.677,0.194,6.38894729778672e-127,"5","OGFRL1"
4.0268378797779e-130,3.31220500894134,0.379,0.047,1.08760864294921e-125,"5","NCCRP1"
4.27500660822668e-130,1.62554075766791,0.989,0.4,1.15463653481594e-125,"5","IFI44L"
7.86722713785501e-130,4.15381002089057,0.211,0.01,2.12485937766326e-125,"5","ENDOU"
1.09590526417406e-128,2.80430660087554,0.419,0.06,2.95993052800772e-124,"5","DUOX2"
1.97921729411617e-128,1.78243998040572,0.917,0.373,5.34566798967835e-124,"5","DENND2C"
2.97701751367473e-128,2.00443566849479,0.923,0.424,8.04062660268407e-124,"5","TJP2"
1.96422850228181e-127,2.82179645766376,0.733,0.23,5.30518476181294e-123,"5","INSIG1"
5.98186095788365e-127,2.30218783687584,0.509,0.091,1.61564082611479e-122,"5","APOL4"
4.88604224158923e-126,1.59822577525385,0.661,0.149,1.31967114903084e-121,"5","NUPR1"
9.73354490641971e-126,1.92202543642898,0.885,0.339,2.6289331437749e-121,"5","MXD1"
3.64169053254818e-125,1.88479598530396,0.789,0.255,9.83584195935938e-121,"5","SPRR2A"
1.09994096333706e-124,3.09913184863075,0.325,0.035,2.97083054787705e-120,"5","EGR2"
1.82186433459948e-124,2.66772252669475,0.584,0.134,4.92067338131975e-120,"5","MAP3K8"
2.54642739364076e-124,4.06773970461987,0.264,0.021,6.87764574748432e-120,"5","ACPP"
3.70157267003094e-124,2.66537326160382,0.643,0.166,9.99757762448657e-120,"5","SOX2"
1.03207355551443e-123,2.41082013880012,0.768,0.278,2.78752746608892e-119,"5","AL445524.1"
1.10601983103764e-123,4.85250957304184,0.216,0.012,2.98724896164955e-119,"5","MUC20"
1.32622827061601e-123,2.5115754489401,0.184,0.007,3.5820099361068e-119,"5","SLC6A14"
2.56204835772596e-123,3.75436166518662,0.315,0.033,6.91983640938204e-119,"5","HPGD"
3.11968301235921e-123,1.95192385908572,0.827,0.315,8.42595184808098e-119,"5","RBM47"
8.69907673946196e-123,1.9817615448549,0.744,0.227,2.34953363656128e-118,"5","CBR3"
1.0363206752035e-122,2.8393342926163,0.56,0.126,2.79899851165714e-118,"5","SLC25A25"
1.91737238199981e-122,1.89322769648826,0.987,0.647,5.17863106654328e-118,"5","CD24"
2.96882144716164e-122,2.45859997507869,0.859,0.354,8.01848984663888e-118,"5","HBEGF"
4.26421411678814e-122,1.94921119228575,0.947,0.425,1.15172159080331e-117,"5","SLPI"
6.71526798728405e-122,2.41142563821249,0.616,0.148,1.81372673068555e-117,"5","PRDM1"
4.45018351007403e-121,3.53906411463578,0.331,0.039,1.20195006423589e-116,"5","Z99572.1"
4.47631596679458e-121,2.34855545855501,0.965,0.577,1.20900817947155e-116,"5","WARS"
4.87674863288064e-121,1.87830137627291,0.779,0.231,1.31716103825473e-116,"5","RSAD2"
7.89484752176264e-121,1.81426276042542,0.968,0.505,2.13231936715287e-116,"5","KLF4"
2.22813733578956e-120,2.76556009298487,0.597,0.153,6.01797613023401e-116,"5","EPHX1"
4.06113359811843e-120,1.93503897424023,0.736,0.229,1.09687157351581e-115,"5","ARRDC3"
1.02433298228849e-119,1.7016704289333,0.952,0.45,2.76662095186299e-115,"5","CDKN2B"
6.7074860895727e-119,2.03817968861745,0.728,0.22,1.81162491793269e-114,"5","PRSS8"
1.51451712493821e-118,1.98906242130388,0.981,0.556,4.09055930274561e-114,"5","GSN"
1.785261188049e-118,3.05880977634749,0.499,0.101,4.82181194280154e-114,"5","AC091271.1"
1.87681730402576e-117,1.64544852242242,0.912,0.422,5.06909585644318e-113,"5","CFLAR"
5.81924895109093e-117,1.83258214696786,0.179,0.007,1.57172094920015e-112,"5","LYPD2"
7.13315045735747e-117,2.19072290763831,0.917,0.399,1.92659260702768e-112,"5","SERPINB3"
4.35391705523084e-116,2.63972733812498,0.277,0.025,1.1759494574473e-111,"5","SPRR3"
7.10101347116313e-116,1.66779297063032,0.933,0.425,1.91791272842645e-111,"5","IFIH1"
7.99304879020832e-116,1.53602719002768,0.997,0.84,2.15884254774737e-111,"5","DBI"
1.03077102029543e-115,4.99178164709581,0.984,0.746,2.78400944871592e-111,"5","KRT10"
1.74838449079467e-115,2.43034982194833,0.755,0.257,4.72221167118734e-111,"5","ARL5B"
2.34775125011146e-115,1.91524451591767,0.84,0.344,6.34104135142603e-111,"5","LGALSL"
7.60841042582623e-115,2.65776782707574,0.648,0.192,2.05495557191141e-110,"5","SLC8B1"
6.71102201526547e-114,1.73612852051145,0.803,0.299,1.81257993610305e-109,"5","DUOXA1"
7.86697472265573e-114,1.88955543766173,0.888,0.392,2.12479120284209e-109,"5","PGD"
4.35328619907753e-113,2.72853828998625,0.795,0.323,1.17577906950885e-108,"5","ZFAND2A"
9.50912056784134e-113,3.61044196850969,0.269,0.025,2.56831837416827e-108,"5","GSDMA"
1.11289870379992e-112,1.76049811666571,0.731,0.23,3.00582810909321e-108,"5","GPCPD1"
3.16751213827116e-112,3.27431218764479,0.512,0.116,8.55513353425657e-108,"5","ATF7IP2"
3.35333451642085e-112,1.50425882995681,0.872,0.333,9.05702119540108e-108,"5","HERC6"
1.67594827401771e-111,2.12736295271533,0.36,0.048,4.52656869329442e-107,"5","RASGRP1"
2.74840442737969e-111,2.51384871435124,0.573,0.14,7.42316551790981e-107,"5","AC124319.1"
1.0144826662289e-110,1.91754656643064,0.856,0.361,2.74001623321764e-106,"5","ZC3H12A"
1.05453074225994e-109,1.42518966908331,0.947,0.503,2.84818208176988e-105,"5","RAB25"
1.24435256651754e-109,9.31948882600248,0.104,0,3.36087184690721e-105,"5","C6orf15"
1.24435256651754e-109,8.30287142913083,0.104,0,3.36087184690721e-105,"5","CYP4Z1"
2.89207186364055e-109,2.18025914022072,0.384,0.058,7.81119689650677e-105,"5","DLX5"
5.03260889502272e-109,3.04467239066846,0.549,0.134,1.35925733645669e-104,"5","CNKSR3"
3.34610598089835e-108,2.85840622111247,0.829,0.35,9.03749764380835e-104,"5","EREG"
4.63111708370248e-107,2.41974142848129,0.605,0.168,1.2508184131372e-102,"5","FEM1C"
3.21617395208186e-105,2.57223156360354,0.525,0.124,8.6865642271779e-101,"5","EGR3"
3.84024469498569e-105,3.2281706177996,0.28,0.03,1.03721168966869e-100,"5","HSD17B2"
1.59945033023404e-104,6.81568727185719,0.117,0.001,4.31995539692911e-100,"5","SLC34A3"
2.43246355811239e-104,1.37955023037177,0.92,0.4,6.56984082410575e-100,"5","NRIP1"
3.00422822837723e-104,2.06867336465901,0.928,0.435,8.11412002202407e-100,"5","NRARP"
3.78634537078628e-104,5.5995587070833,0.149,0.005,1.02265402119567e-99,"5","SLC15A1"
3.93394683804909e-104,2.01883513659424,0.675,0.216,1.06251970148868e-99,"5","PELI1"
4.17193697600284e-104,1.82969429134767,0.587,0.151,1.12679845784861e-99,"5","CT69"
5.9554901239426e-104,1.65793429022114,0.899,0.411,1.60851832757566e-99,"5","APOL1"
6.81252423410344e-104,2.34686880937207,0.44,0.083,1.839994670389e-99,"5","HLA-DMB"
8.55306453824725e-104,7.71342524331762,0.101,0,2.3100972011352e-99,"5","AL033397.1"
8.6009377139862e-104,2.23198238884264,0.92,0.511,2.32302726717053e-99,"5","PPP1R15A"
1.59709457923341e-103,3.55133091906849,0.149,0.005,4.31359274905152e-99,"5","GABRP"
1.78818190196011e-102,4.71423350042902,0.251,0.024,4.82970049900407e-98,"5","AC005005.4"
2.99784652964698e-102,3.15264462560551,0.573,0.165,8.09688369192353e-98,"5","ERMP1"
4.68154821819804e-102,2.34915493866768,0.445,0.088,1.26443935825311e-97,"5","LRG1"
2.35613509146491e-101,1.429163581836,0.696,0.207,6.36368526853759e-97,"5","CAPNS2"
7.6326630002685e-101,3.37935090419413,0.157,0.007,2.06150594974252e-96,"5","CYP2C18"
1.44188390568745e-99,1.74000959153755,0.677,0.211,3.89438424087124e-95,"5","ITPKC"
1.46008778561449e-99,4.35181674045649,0.141,0.005,3.94355110016619e-95,"5","ANXA9"
5.98495432407499e-99,1.89178966248761,0.464,0.096,1.61647631338941e-94,"5","SASH1"
8.46618009729673e-99,1.83037814029956,0.709,0.247,2.28663058247887e-94,"5","ERBB3"
2.78214905655561e-98,1.12125244372363,0.947,0.459,7.51430638685104e-94,"5","TMEM40"
5.76260473107328e-98,1.45325196935428,0.957,0.456,1.55642191181558e-93,"5","ISG20"
6.85356201285937e-98,4.5338495313514,0.152,0.006,1.85107856405319e-93,"5","RARRES1"
8.88665575506389e-98,2.64111061649664,0.464,0.102,2.40019685288521e-93,"5","NFKBID"
2.05882558614398e-97,4.98973754677945,0.157,0.007,5.56068202561628e-93,"5","AC063960.1"
8.03097885929552e-97,1.05077940155308,1,0.885,2.16908708010713e-92,"5","PERP"
7.32968118545277e-96,1.38177742576109,0.992,0.628,1.97967359137894e-91,"5","TNFSF10"
1.09160628990968e-95,4.66540249526085,0.125,0.003,2.94831942841705e-91,"5","PSORS1C2"
2.26269403754829e-95,2.69359180977941,0.28,0.034,6.11131032601418e-91,"5","SLC39A2"
2.30191179198344e-95,3.1139446889974,0.608,0.192,6.21723355896807e-91,"5","GLRX"
2.99842006596867e-95,4.51889924216212,0.192,0.014,8.09843275617477e-91,"5","DSC1"
1.05978225949504e-93,1.39012235764649,0.651,0.197,2.86236590467017e-89,"5","CYB5A"
1.09216823907149e-93,1.86875192017545,0.624,0.19,2.94983719690818e-89,"5","CTSS"
1.1328427127542e-93,1.22086919294567,0.947,0.404,3.05969488287781e-89,"5","TRIM22"
1.14004966410983e-93,2.88657325182501,0.312,0.045,3.07916013779425e-89,"5","AC025164.1"
4.14767613222411e-93,6.28306848209083,0.115,0.002,1.12024584655241e-88,"5","HAL"
1.34602433424703e-92,1.99409629740733,0.896,0.495,3.6354771243678e-88,"5","IRF1"
3.93336962316533e-92,1.9476481868185,0.848,0.421,1.06236380152073e-87,"5","GPX2"
5.11505956794799e-91,1.23159668668107,0.872,0.388,1.38152643870707e-86,"5","C6orf132"
1.33576859368602e-90,5.00933355496516,0.125,0.004,3.60777739468656e-86,"5","CRNN"
1.70025511489827e-90,2.7494540937115,0.363,0.066,4.59221903982873e-86,"5","HMOX1"
5.00900411434165e-90,3.93046058350086,0.192,0.015,1.35288192124254e-85,"5","GP1BB"
6.81069044820926e-90,2.65496583367535,0.509,0.134,1.83949938315684e-85,"5","FAM43A"
1.24102349687086e-89,1.87502539990794,0.963,0.625,3.35188036269851e-85,"5","NAMPT"
2.88088346779105e-89,1.75542324840646,0.963,0.587,7.78097815815686e-85,"5","HSPA1B"
3.39518754655877e-89,2.36888947526914,0.739,0.301,9.17006204450058e-85,"5","MAFF"
1.74401428518359e-88,2.44310891895675,0.432,0.096,4.71040818285237e-84,"5","BBC3"
4.99324551115953e-88,1.54057191419879,0.971,0.582,1.34862568010908e-83,"5","ZFP36"
1.37500659545001e-87,1.59442900717893,0.683,0.226,3.71375531365093e-83,"5","GBP4"
1.67016635493607e-87,1.49230311920489,0.971,0.61,4.51095230804684e-83,"5","GJB6"
3.71524826486886e-87,1.48130131152531,0.648,0.212,1.00345140385843e-82,"5","TST"
1.25983770720286e-86,5.3677929645906,0.112,0.003,3.40269566338419e-82,"5","SERPINB11"
1.22991397344188e-85,1.54854678620204,0.696,0.239,3.32187465086917e-81,"5","HCAR2"
1.39969385128543e-85,1.18028756929974,0.877,0.38,3.78043312293682e-81,"5","AKR1B10"
1.86389568143361e-85,2.28621846053034,0.749,0.321,5.03419584598403e-81,"5","DNAJA4"
2.2258169838824e-84,4.12127021089776,0.147,0.008,6.01170909176797e-80,"5","ATG9B"
2.63932485393759e-84,2.43815869815549,0.4,0.084,7.12855249800005e-80,"5","CRISPLD2"
4.40417470471818e-84,3.24567733573923,0.173,0.012,1.18952354599733e-79,"5","FUT3"
6.67727168470635e-84,2.89535226734169,0.171,0.012,1.80346430932234e-79,"5","PLA2G3"
7.50189465562925e-84,2.9575098210199,0.333,0.059,2.02618672753891e-79,"5","FZD10"
2.47534724134068e-83,1.87693163905724,0.64,0.212,6.68566536413705e-79,"5","DSG1"
2.90152573635448e-83,3.83751535886453,0.139,0.007,7.83673086131982e-79,"5","CDSN"
5.73109919736484e-83,1.26924390534506,0.949,0.49,1.54791258221627e-78,"5","EPSTI1"
9.91876812773455e-83,1.21105536381939,0.867,0.393,2.67896008361982e-78,"5","HLA-DQB1"
3.89192381151653e-82,1.95631426763191,0.371,0.072,1.0511697022525e-77,"5","LINC00519"
7.80081304737275e-82,1.99077753720837,0.931,0.554,2.10692159596491e-77,"5","DSC2"
4.50094886350059e-81,2.79519077412543,0.44,0.11,1.21566127854288e-76,"5","EID3"
5.96354375819702e-81,1.84451097928712,0.72,0.302,1.61069353365143e-76,"5","NXF1"
3.81314925185084e-80,1.0724138897707,0.725,0.273,1.02989348143239e-75,"5","FAM110C"
8.69203997137143e-80,1.61361445677943,0.909,0.511,2.34763307586771e-75,"5","FOSB"
9.52594021691967e-80,4.45080753492877,0.136,0.007,2.57286119318783e-75,"5","CHST1"
1.10589532193177e-79,1.30992690223732,0.877,0.416,2.98691267500551e-75,"5","DDX58"
1.68876166206689e-79,2.7281063905448,0.629,0.223,4.56117637307646e-75,"5","HSPA6"
2.70038004282597e-79,1.70428445579727,0.808,0.383,7.29345645766867e-75,"5","ZBTB43"
7.15138942407326e-79,1.28150652778676,0.803,0.348,1.93151876954795e-74,"5","SAMD9L"
2.63858438505827e-78,3.14622886043322,0.139,0.008,7.12655256560387e-74,"5","SPRR5"
3.55537271010834e-78,1.85971167307371,0.696,0.298,9.60270615273161e-74,"5","IDH1"
4.94828428378809e-78,2.1869122290904,0.571,0.188,1.33648210220833e-73,"5","CLU"
9.48956185380608e-78,3.3160287532151,0.363,0.078,2.56303576109448e-73,"5","CASC19"
9.75422462299523e-78,1.18260448020173,0.619,0.204,2.63451852842478e-73,"5","IFIT2"
9.96436826867058e-77,1.34101553232738,0.995,0.845,2.69127622568524e-72,"5","KRT16"
2.66370752902675e-76,2.9947995614772,0.245,0.033,7.19440766514834e-72,"5","CEACAM1"
8.58625655919986e-76,1.08867321508688,0.904,0.512,2.31906203407429e-71,"5","LGALS7B"
1.42042487531373e-75,2.14387674330293,0.517,0.158,3.83642554573485e-71,"5","AATK"
4.74476416970905e-75,3.44817670901513,0.245,0.034,1.28151335459672e-70,"5","APCDD1L-DT"
4.81583419297478e-75,3.94252266963447,0.104,0.003,1.30070865718056e-70,"5","C15orf62"
5.62934094371625e-75,1.3099904587567,0.923,0.55,1.52042869548832e-70,"5","IER5"
6.49994383777926e-75,1.95871658701723,0.549,0.175,1.7555698311458e-70,"5","AC015912.3"
6.86333833945059e-75,1.86412990395267,0.389,0.086,1.85371905210221e-70,"5","HCAR3"
8.24838550741863e-75,1.65886370805062,0.776,0.36,2.2278064416987e-70,"5","CLK1"
1.20731706495234e-74,1.1113050243104,0.893,0.452,3.26084266072979e-70,"5","HIST1H2AC"
1.51057424732695e-74,1.52485886908915,0.589,0.199,4.07990998460536e-70,"5","SOX7"
2.20508505264047e-74,1.29753078156811,0.976,0.667,5.95571421867665e-70,"5","PHLDA2"
5.01624409134404e-74,1.30064071330843,0.68,0.273,1.35483736663111e-69,"5","GBP6"
5.06599552521534e-74,1.57679114952887,0.712,0.294,1.36827473140541e-69,"5","CBX4"
9.96318655317959e-74,1.03684039289631,0.88,0.454,2.69095705614828e-69,"5","MALL"
1.91447176228453e-73,3.10816319899165,0.224,0.028,5.17079678275428e-69,"5","SCNN1D"
2.0432348889364e-73,1.00571651373193,0.995,0.549,5.51857311152831e-69,"5","MX1"
4.87789399320106e-73,1.73410376938066,0.445,0.115,1.31747038862367e-68,"5","KLF2"
5.16780602272356e-73,1.94793692851854,0.749,0.352,1.39577272867741e-68,"5","IFRD1"
6.76183139765541e-73,4.32699816612678,0.133,0.008,1.82630304219275e-68,"5","GDF15"
7.18880070590557e-73,1.259107692054,0.987,0.668,1.94162318265804e-68,"5","DNAJB1"
1.15970808274771e-72,3.19531511241668,0.333,0.068,3.13225556069329e-68,"5","ABCA13"
1.1925928560634e-72,3.44272680652661,0.435,0.119,3.22107404494165e-68,"5","IGFL2-AS1"
1.2457829105581e-72,2.41750989556957,0.429,0.113,3.36473506312637e-68,"5","CD14"
1.3572099573514e-72,1.17104159746212,0.853,0.408,3.6656883738104e-68,"5","GPNMB"
1.71797043169316e-72,2.22237669783622,0.408,0.101,4.64006633896005e-68,"5","EPS8L1"
2.87625663075441e-72,1.25922148913291,0.872,0.44,7.7684815340046e-68,"5","NABP1"
4.39556188450078e-72,0.928573036233131,0.517,0.143,1.18719730938482e-67,"5","TMPRSS13"
5.46733921572335e-72,3.26064687323195,0.104,0.004,1.47667364877472e-67,"5","FCGR3B"
1.08836474586933e-71,2.5449814817333,0.395,0.095,2.93956434211847e-67,"5","LUCAT1"
4.33688598829776e-71,3.29037917174814,0.611,0.252,1.17134953657934e-66,"5","KCNQ1OT1"
1.88708125898119e-70,1.54891407468101,0.693,0.298,5.0968177723823e-66,"5","ABHD5"
2.25308457797965e-70,1.77502860847033,0.789,0.379,6.08535613666525e-66,"5","CD55"
3.9351748552711e-70,1.94492590861085,0.384,0.091,1.06285137666017e-65,"5","EPB41L1"
5.0080260942841e-70,1.27417159685974,0.952,0.603,1.35261776780519e-65,"5","NFKBIA"
7.16698957252088e-70,1.628267047169,0.752,0.329,1.93573221364216e-65,"5","PLAAT4"
1.43316927520297e-69,2.94190199013807,0.264,0.043,3.87084689539569e-65,"5","AP000692.2"
1.67149244317734e-69,1.34274858242937,0.523,0.163,4.51453393977768e-65,"5","RIPK4"
2.34276592031642e-69,3.0604962996312,0.237,0.035,6.32757647418261e-65,"5","CYP3A5"
2.67616210864642e-69,1.74337179279996,0.837,0.44,7.22804623924313e-65,"5","TNFAIP3"
3.84631297315437e-69,1.60754670934839,0.899,0.526,1.03885067091926e-64,"5","BAG3"
4.27308615521362e-69,1.25211678606641,0.824,0.411,1.15411783966165e-64,"5","BTG2"
1.83538004885868e-68,0.968623639324629,0.637,0.216,4.9571779739624e-64,"5","CMPK2"
4.05729659495456e-68,1.45742294815809,0.477,0.135,1.09583523733128e-63,"5","DHRS3"
4.39764850562286e-68,1.75054823218541,0.477,0.142,1.18776088488368e-63,"5","NR4A2"
4.50812011794296e-68,2.80535946993142,0.208,0.026,1.21759816265521e-63,"5","SPAG17"
1.88031847191598e-67,1.44870418752588,0.691,0.273,5.07855216079788e-63,"5","SAA1"
2.47483733238126e-67,1.2846980311051,0.864,0.421,6.68428815102854e-63,"5","EPHA2"
2.50318245548681e-67,1.5185747811854,0.245,0.037,6.76084549402433e-63,"5","BBOX1"
3.2103714876466e-67,1.15357810767051,0.987,0.73,8.67089235098469e-63,"5","GJB2"
9.04900116779333e-67,2.6603213160437,0.339,0.074,2.4440447254093e-62,"5","LINC02605"
1.5294278843198e-66,1.99202907836272,0.355,0.08,4.13083177275935e-62,"5","AL512274.1"
1.68012497818455e-66,1.03294592163746,0.584,0.212,4.53784955357865e-62,"5","HIST3H2A"
3.97722296957581e-66,3.55809185176605,0.152,0.013,1.07420815185273e-61,"5","CYP4X1"
6.62991400932677e-66,1.45393595888964,0.979,0.755,1.79067347477907e-61,"5","SOD2"
1.35619811624877e-65,2.54081488756335,0.272,0.049,3.6629554921763e-61,"5","GK"
2.81715113687035e-65,1.01390139224659,0.763,0.35,7.60884350557313e-61,"5","ZNF185"
3.91734705623945e-65,1.43311468469745,0.789,0.387,1.05803626641971e-60,"5","TXNIP"
4.39120856559942e-65,1.47562946776927,0.792,0.372,1.18602152148275e-60,"5","PLCG2"
3.46840532753007e-64,1.23776769368121,0.691,0.29,9.36781594912596e-60,"5","H1F0"
3.63034965747105e-64,1.39524968883883,0.549,0.194,9.80521138986357e-60,"5","ARRDC4"
5.58161571617383e-64,0.959262707223703,0.899,0.458,1.50753858878139e-59,"5","IFIT3"
5.79995474926826e-63,2.29773766492266,0.493,0.169,1.56650977822986e-58,"5","ERN1"
1.20635507454541e-62,0.988637841571248,0.885,0.485,3.25824442083968e-58,"5","NT5C3A"
4.31368820162702e-62,1.21586792957589,0.84,0.418,1.16508404637744e-57,"5","SCD"
6.95553225570332e-62,1.59706208880641,0.229,0.036,1.87861970694291e-57,"5","SMIM22"
7.46570936269492e-62,1.43349470795433,0.336,0.075,2.01641344177027e-57,"5","TNIP3"
9.60282133661223e-62,1.3780859115358,0.829,0.432,2.5936260148056e-57,"5","NFKBIZ"
1.07101218704952e-61,3.18849858684917,0.536,0.208,2.89269681600205e-57,"5","CCL20"
1.1335468703001e-61,1.29782061937052,0.565,0.207,3.06159674199353e-57,"5","RALGPS2"
1.17647098454932e-61,0.887472396101571,1,0.913,3.17753048216926e-57,"5","ISG15"
1.34740894494628e-61,2.45348249664956,0.229,0.036,3.6392168194054e-57,"5","CH25H"
1.90321382998869e-61,1.09195880622443,0.691,0.297,5.14039023341646e-57,"5","APOL2"
1.3004523422269e-60,0.973673519984039,0.664,0.258,3.51239173112063e-56,"5","USP18"
1.37086187223079e-60,1.26427013737038,0.992,0.74,3.70256083070814e-56,"5","HSPA1A"
3.82653044358775e-60,1.17949087815111,0.928,0.554,1.03350760750861e-55,"5","PNRC1"
4.18189046771445e-60,3.61355614989537,0.131,0.01,1.129486796425e-55,"5","GCNT3"
4.3767542747751e-60,1.11721700940204,0.581,0.221,1.18211756207401e-55,"5","ALDH3A1"
1.10037562227473e-58,1.70816769933681,0.632,0.272,2.97200451820182e-54,"5","GABRE"
1.4397340001063e-58,3.55893510885157,0.208,0.032,3.88857756088712e-54,"5","QPCT"
2.23303150841114e-58,3.07930630621416,0.229,0.038,6.03119480106765e-54,"5","CCL26"
3.31624383843348e-58,1.24610769673878,0.587,0.225,8.95684298322498e-54,"5","NSG1"
5.99545080555113e-58,1.01252662913816,0.659,0.271,1.61931130807131e-53,"5","TRIB1"
1.25334252338025e-57,0.970022639473187,0.965,0.631,3.38515282139773e-53,"5","SQSTM1"
1.80024560738638e-57,1.25767138440341,0.731,0.357,4.86228336098986e-53,"5","MARCKSL1"
1.92481555277743e-57,0.601260790857671,0.885,0.422,5.19873432649655e-53,"5","IFIT1"
2.18902680767268e-57,1.51590943580842,0.755,0.408,5.91234250484313e-53,"5","PLK3"
1.66893658330263e-56,0.894386113842143,0.944,0.602,4.50763081784207e-52,"5","CDKN1A"
4.02894746474719e-56,1.35249886781192,0.792,0.405,1.08817842075357e-51,"5","RESF1"
2.01779656987234e-55,1.04813600438264,0.675,0.289,5.44986675556821e-51,"5","KDM6B"
5.37132427616229e-55,1.58967607243376,0.339,0.086,1.45074097374867e-50,"5","SLC25A23"
6.61379695320605e-55,3.3307603640264,0.139,0.014,1.78632041909142e-50,"5","RND1"
1.22981954367009e-54,2.20324318579469,0.245,0.046,3.32161960549854e-50,"5","CWH43"
1.70011265097157e-54,1.75122221663138,0.336,0.085,4.59183425900912e-50,"5","IGFL2"
1.72466041105916e-54,0.889858337522797,0.952,0.579,4.65813530422969e-50,"5","GBP1"
4.3489430282532e-54,2.51369550069159,0.267,0.056,1.17460602250091e-49,"5","AC010168.2"
5.10714493790149e-54,1.40800705864548,0.592,0.242,1.37938877627781e-49,"5","KDM7A-DT"
8.71908555191443e-54,1.14996858615234,0.955,0.625,2.35493781671657e-49,"5","KLF6"
1.26634888639533e-53,1.1313927592754,0.621,0.259,3.42028170726515e-49,"5","PTGES"
1.45991043873069e-53,2.09316255014597,0.485,0.179,3.94307210396772e-49,"5","FBXO32"
2.6686112200487e-53,2.92509504162866,0.208,0.035,7.20765204422954e-49,"5","MYEOV"
3.25556310902825e-53,1.52716617439411,0.229,0.041,8.7929504011744e-49,"5","TMPRSS11E"
2.24619655233599e-52,2.72303573137102,0.139,0.014,6.06675226820427e-48,"5","RNF222"
3.12646798995079e-52,1.04744275137322,0.611,0.257,8.44427739405809e-48,"5","INPP1"
5.74843272311218e-52,1.01666934093685,0.701,0.315,1.55259419418537e-47,"5","CLDN1"
6.47031546587356e-52,2.15569628774156,0.677,0.348,1.74756750417779e-47,"5","CXCL1"
1.21667587706914e-51,2.13453176576648,0.229,0.043,3.28611987637605e-47,"5","TRIM2"
1.50693981627123e-51,1.2350913014772,0.544,0.207,4.07009374976697e-47,"5","THBD"
1.68030775087136e-51,2.01060440300261,0.317,0.08,4.53834320432846e-47,"5","VASN"
2.0530310323431e-51,0.354410304742625,0.947,0.464,5.54503151525546e-47,"5","MTRNR2L8"
7.14420899836891e-51,0.823193543633077,0.885,0.498,1.92957940836946e-46,"5","MPZL2"
1.34391672301926e-50,0.918220537469865,0.731,0.346,3.62978467720272e-46,"5","DAPP1"
1.35992393378227e-50,2.29027662115632,0.192,0.03,3.67301855275253e-46,"5","BX255925.1"
2.96829698129928e-50,1.26242079260649,0.955,0.635,8.01707331679121e-46,"5","DUSP1"
1.60190389458793e-49,4.4452660325393,0.112,0.01,4.32658222889253e-45,"5","PLAC4"
1.96896042382917e-49,1.97752232299473,0.349,0.103,5.31796520872021e-45,"5","MUC1"
3.06061441401122e-49,2.43795719460589,0.256,0.056,8.26641347080289e-45,"5","SNAI1"
4.55539819820277e-49,1.70688368472983,0.437,0.154,1.23036749935259e-44,"5","NUAK2"
5.32456604458073e-49,1.25304837552156,0.797,0.433,1.43811204298081e-44,"5","IER5L"
1.75957227817131e-48,0.73685554124796,0.595,0.245,4.7524287661129e-44,"5","HIST1H2BC"
2.19071029913538e-48,1.82128328798825,0.827,0.49,5.91688944693475e-44,"5","HOPX"
3.43000880968624e-48,1.25658773180193,0.84,0.503,9.26411079408157e-44,"5","MAFB"
7.7530494092571e-48,0.912894763160948,0.496,0.172,2.09402111494625e-43,"5","NOTCH3"
8.33904034592354e-48,1.1174045673433,0.371,0.11,2.25229140703049e-43,"5","EPGN"
1.20804937598081e-47,1.38782880501023,0.637,0.301,3.26282055958658e-43,"5","SOX9"
3.78714395147551e-47,3.52395573144527,0.12,0.012,1.02286970985402e-42,"5","PLIN5"
2.35459377706667e-46,2.43516390657319,0.224,0.045,6.35952233247936e-42,"5","AC116366.1"
3.10884388212844e-46,1.01188074713037,0.952,0.628,8.3966764412407e-42,"5","MAL2"
3.19397502484472e-46,1.99953897859747,0.611,0.304,8.62660714460312e-42,"5","NR4A1"
7.46370162415449e-46,1.93203309428924,0.44,0.171,2.01587117166789e-41,"5","PXMP4"
7.54980102434108e-46,1.09295611119683,0.723,0.382,2.03912575866428e-41,"5","GADD45B"
2.5847595022128e-45,3.6091922310963,0.12,0.013,6.98117693952654e-41,"5","AC114341.2"
2.96648899464879e-45,1.61656546637304,0.683,0.362,8.01219012564691e-41,"5","ANO1"
6.56508210171607e-45,2.09234730674876,0.171,0.027,1.77316302485249e-40,"5","PRRX2"
3.80247297309129e-44,1.13684969624667,0.645,0.312,1.02700992530223e-39,"5","SOCS1"
3.94066368116901e-44,1.48347998801503,0.656,0.333,1.06433385364694e-39,"5","TMEM41A"
4.69047678926534e-44,1.3251558599495,0.363,0.11,1.26685087601268e-39,"5","IDO1"
4.93603190096402e-44,3.34477174003343,0.272,0.068,1.33317285613137e-39,"5","CBR3-AS1"
7.60500384707156e-44,1.89853263949043,0.269,0.067,2.05403548905556e-39,"5","CRYAB"
1.39169292986136e-43,2.2515473800781,0.328,0.1,3.75882343426254e-39,"5","CDKN1C"
1.79711946817888e-43,1.34299274604569,0.389,0.126,4.85383997160433e-39,"5","BATF2"
2.57241692425367e-43,2.01419664315259,0.147,0.021,6.94784087071672e-39,"5","VWF"
3.40896457549435e-43,0.854616505806225,0.773,0.435,9.2072724219527e-39,"5","HERPUD1"
3.7810856708712e-43,1.88448430968717,0.128,0.015,1.0212334288456e-38,"5","CD36"
4.64030261467434e-43,3.24355583080159,0.203,0.041,1.25329933319739e-38,"5","TNFSF15"
4.66390631756868e-43,1.02737979873834,0.989,0.893,1.25967445731213e-38,"5","KRT6B"
1.85828503003669e-42,1.91933677604922,0.272,0.071,5.0190420376261e-38,"5","SORT1"
2.0830145534652e-42,1.27273552961409,0.845,0.53,5.62601400745417e-38,"5","EGR1"
6.82820212490149e-42,1.7736287055369,0.339,0.106,1.84422911191464e-37,"5","CSF1"
7.70482789669823e-42,3.91518201441884,0.101,0.01,2.08099696661923e-37,"5","CDH26"
9.23800280993666e-42,1.92946125721958,0.235,0.054,2.49509217893579e-37,"5","SLAMF7"
1.58291143750368e-41,0.714263507878426,0.821,0.493,4.27528550155368e-37,"5","TUBB2A"
2.17226714776407e-41,0.601586827012075,0.821,0.429,5.86707633939599e-37,"5","AL627171.2"
3.10635151110411e-41,2.4090762216052,0.216,0.047,8.3899447963411e-37,"5","CALML3-AS1"
5.41064859407551e-41,1.79369721263886,0.731,0.464,1.46136207877386e-36,"5","CXCL8"
1.10719473488049e-40,1.06556555115951,0.672,0.346,2.99042225943871e-36,"5","TENT5A"
2.1135294846942e-40,1.299010360356,0.451,0.181,5.70843178521056e-36,"5","FAM214A"
2.70613191580114e-40,0.383297148636903,0.765,0.389,7.30899169138731e-36,"5","MAF"
3.35991211289595e-40,1.58962103349386,0.376,0.129,9.07478662572068e-36,"5","SECTM1"
1.42106463047697e-39,1.52588218307739,0.395,0.143,3.83815346045525e-35,"5","BIRC3"
1.45843088195865e-39,0.957039748953354,0.821,0.497,3.93907596908211e-35,"5","ZC3HAV1"
1.51125028087451e-39,1.50823340159098,0.653,0.357,4.08173588361396e-35,"5","SLC5A3"
1.55171278669038e-39,1.97683624764643,0.173,0.032,4.19102106557205e-35,"5","SOX21"
1.57392846492868e-39,0.970498167002524,0.459,0.175,4.25102339092588e-35,"5","HIST1H2BG"
1.59901594194184e-39,3.2464403484504,0.107,0.012,4.3187821575907e-35,"5","ATP6V1C2"
1.65813496580793e-39,1.30542257665737,0.469,0.195,4.47845672915064e-35,"5","LRATD2"
1.95881757798827e-39,0.612115616492082,0.768,0.404,5.29057039638853e-35,"5","BHLHE40"
6.14952937554629e-39,0.97952149380903,0.664,0.32,1.6609263890413e-34,"5","SERPING1"
1.24778140078648e-38,2.0598757273365,0.445,0.185,3.3701327853842e-34,"5","XDH"
3.40182869536578e-38,1.05874844916428,0.552,0.252,9.18799912331345e-34,"5","DDIT3"
4.25040166699387e-38,2.27166480742631,0.224,0.054,1.14799098623837e-33,"5","MIR3945HG"
4.65896472912541e-38,1.66831997076099,0.24,0.059,1.25833978368948e-33,"5","ICAM4"
5.90518327577286e-38,3.0780301237011,0.101,0.011,1.59493095095349e-33,"5","SCNN1B"
6.34544939200659e-38,0.92300236266629,0.443,0.172,1.71384242628706e-33,"5","ID2"
2.14307607625765e-37,1.28832250427126,0.595,0.299,5.7882341743643e-33,"5","ARL4A"
5.48749868816258e-37,1.78551944633681,0.259,0.071,1.48211852068583e-32,"5","HES5"
7.52398685043488e-37,1.78099836944269,0.192,0.041,2.03215360843396e-32,"5","YPEL2"
7.53432050386422e-37,1.45213205878659,0.475,0.211,2.03494462488869e-32,"5","POLG2"
1.30463496102434e-36,2.35099264903159,0.112,0.014,3.52368856623063e-32,"5","FA2H"
1.69152444602055e-36,2.94362311477231,0.157,0.028,4.5686383762569e-32,"5","AL603756.1"
2.02281039341366e-36,0.373444329182192,0.629,0.304,5.46340859157096e-32,"5","HK2"
5.36413283762439e-36,1.26832239477032,0.728,0.42,1.44879863811397e-31,"5","TXNRD1"
7.15180840019762e-36,1.59042279645593,0.325,0.11,1.93163193080937e-31,"5","PARD6B"
7.90083253118136e-36,1.13954168309346,0.392,0.149,2.13393585834677e-31,"5","HIST1H4H"
2.53224459668044e-35,2.23937427769356,0.173,0.036,6.8393394311742e-31,"5","PAPPA"
4.11095005587287e-35,0.481759690672525,0.592,0.296,1.1103265005907e-30,"5","SELENOM"
1.87137920266582e-34,1.13785393490937,0.4,0.159,5.05440808848012e-30,"5","MYLIP"
5.10919981767226e-34,0.557897614274466,1,0.992,1.3799437787551e-29,"5","KRT6A"
5.22736946434297e-34,0.396532139403259,0.797,0.46,1.41186021862439e-29,"5","HIST1H1C"
5.77318328571655e-34,0.341036108289701,0.392,0.143,1.55927907363918e-29,"5","ASPG"
6.92060535484987e-34,1.24969576482417,0.736,0.448,1.8691863002914e-29,"5","SLC20A1"
1.60949314293636e-33,2.74952205419377,0.133,0.022,4.34708002975681e-29,"5","FOXA1"
2.70107614596725e-33,1.48680348504155,0.472,0.222,7.29533656264293e-29,"5","ZNF426"
8.99692945046662e-33,1.71576448588616,0.261,0.08,2.42998067527653e-28,"5","AC108134.2"
1.74644348661678e-32,0.723867388398422,0.803,0.477,4.71696921300326e-28,"5","HES1"
2.16610757018379e-32,2.49448497137464,0.16,0.033,5.85043993630939e-28,"5","EPHB6"
2.45392262478093e-32,0.828870868243441,0.648,0.343,6.6277996172708e-28,"5","PIM1"
2.57993431979908e-32,1.80777101520633,0.317,0.113,6.96814460434533e-28,"5","IKZF2"
3.24158942387411e-32,2.04372986438431,0.293,0.098,8.75520887494157e-28,"5","TLR2"
4.63677682739102e-32,0.965003178402986,0.144,0.027,1.25234705331004e-27,"5","LCE3D"
9.00718364794174e-32,1.49848473743252,0.261,0.081,2.43275023147258e-27,"5","PLEKHG2"
2.38958544012235e-31,0.7860041055765,0.197,0.048,6.45403131522646e-27,"5","BSPRY"
2.58339280878313e-31,0.445863227026014,0.992,0.985,6.97748563724236e-27,"5","FABP5"
4.83513235691674e-31,1.08942205613361,0.245,0.073,1.30592089827964e-26,"5","NR4A3"
7.74466745386195e-31,1.71420327732421,0.296,0.105,2.09175723261357e-26,"5","TSPYL2"
7.83544455752366e-31,0.436834740170167,0.896,0.562,2.11627522054157e-26,"5","DDIT4"
9.03070499736879e-31,1.1488548428687,0.744,0.51,2.43910311273934e-26,"5","KRT6C"
1.1649891935512e-30,1.15230807660629,0.339,0.124,3.14651931286245e-26,"5","TRPV3"
1.69390460856107e-30,0.601797555212269,0.957,0.69,4.5750669572626e-26,"5","ID1"
2.10482092791293e-30,0.364003689284001,0.92,0.582,5.68491084420002e-26,"5","LAP3"
6.63732482053203e-30,1.37067290793721,0.779,0.504,1.7926750607775e-25,"5","ATP1B1"
1.72455798620898e-29,0.844248637572012,0.565,0.28,4.65785866495184e-25,"5","CXCL10"
2.13321163215212e-29,1.06065633426534,0.904,0.667,5.76159129727966e-25,"5","IER3"
2.30515544476567e-29,0.558237970720835,0.616,0.337,6.2259943407676e-25,"5","RNF19B"
2.42782478489398e-29,0.936143601530991,0.347,0.133,6.55731196152014e-25,"5","C1orf74"
3.10360732489927e-29,0.429177387205784,0.717,0.37,8.38253302382045e-25,"5","EPPK1"
4.75279982704113e-29,0.682221869071712,0.397,0.164,1.28368370528554e-24,"5","SESN2"
5.81010493753574e-29,1.40491732779205,0.28,0.095,1.56925124257903e-24,"5","ZBP1"
7.18786520484876e-29,0.882161498715817,0.781,0.526,1.9413705131776e-24,"5","GJA1"
1.94454604197237e-28,1.3398696187664,0.245,0.08,5.25202440476317e-24,"5","TCP11L2"
2.49828393672426e-28,1.1352735096747,0.224,0.066,6.74761508469856e-24,"5","RASD1"
1.869890753424e-27,0.593961045816231,0.707,0.42,5.05038793592288e-23,"5","DDX60L"
2.13135816364362e-27,2.16926132577165,0.179,0.046,5.75658526418504e-23,"5","AL034417.3"
3.0829162519576e-27,2.07658236099842,0.149,0.033,8.32664850491229e-23,"5","TRIM72"
2.38629599745428e-26,0.585123174820969,0.733,0.455,6.44514685952426e-22,"5","EFNA1"
3.80125832784767e-26,0.772919473383664,0.76,0.488,1.02668186176838e-21,"5","SOCS3"
4.38379996800938e-26,1.80120515974056,0.44,0.223,1.18402053335965e-21,"5","RDH10"
6.67414082989991e-26,1.86291291748898,0.245,0.083,1.80261869674767e-21,"5","HAP1"
2.4771166135245e-25,1.65465835027452,0.352,0.157,6.69044426146833e-21,"5","YOD1"
3.00230510931049e-25,1.12411876754349,0.387,0.177,8.1089258697367e-21,"5","TNFSF9"
3.8295474260748e-25,0.981285019401053,0.787,0.532,1.03432246430854e-20,"5","CLEC2B"
7.06067379620378e-25,0.547516692921065,0.389,0.175,1.90701738561668e-20,"5","TM4SF19"
5.63375861312213e-24,1.85768737391295,0.107,0.02,1.52162186381816e-19,"5","MMP7"
7.614817626124e-24,1.28950593631545,0.979,0.79,2.05668609263983e-19,"5","SAT1"
1.05042090177695e-23,0.612536083104614,0.384,0.168,2.83708181360937e-19,"5","TNFSF13B"
1.09897525312954e-23,0.495180979536148,0.968,0.633,2.96822226117757e-19,"5","DSG3"
1.89326031406905e-23,1.94243411327621,0.12,0.026,5.11350678226911e-19,"5","GCOM1"
1.93104059388675e-23,2.61415646786861,0.147,0.037,5.21554754002873e-19,"5","IL23A"
2.91155995072087e-23,0.936951013288037,0.525,0.292,7.863832270902e-19,"5","ANKRD37"
3.41023231026817e-23,0.391971902658179,0.48,0.246,9.21069644680329e-19,"5","CCDC71L"
7.00829184129548e-23,0.940250603406103,0.712,0.466,1.8928695434155e-18,"5","ATF3"
3.90000521973189e-22,0.74313448342829,0.76,0.581,1.05335240979739e-17,"5","RBP1"
8.52302357398847e-22,0.227597132732783,0.616,0.339,2.30198343709855e-17,"5","IFI30"
1.06713801998449e-21,1.23067444587624,0.325,0.145,2.8822330781761e-17,"5","PTAFR"
1.11374258216041e-21,1.13798213712857,0.299,0.126,3.00810734015705e-17,"5","TPRG1"
1.13663614180929e-21,1.3831955870693,0.245,0.093,3.06994055541272e-17,"5","NR1D1"
1.52103572520453e-21,1.02331711149496,0.277,0.111,4.10816539020492e-17,"5","FOXQ1"
1.55485512374873e-21,1.96571766725209,0.115,0.025,4.19950820373295e-17,"5","SLC29A3"
4.29427407252402e-21,1.27864116503313,0.387,0.197,1.15984048424801e-16,"5","PLAT"
2.18938596022259e-20,1.42183285086375,0.139,0.037,5.9133125399652e-16,"5","RGS16"
3.37423444897307e-20,0.55221423951351,0.763,0.485,9.11346982323136e-16,"5","VEGFA"
8.85689814638557e-20,1.23222980941996,0.179,0.056,2.39215962035728e-15,"5","COL22A1"
7.63857122093021e-19,0.256903863987017,0.419,0.207,2.06310170106104e-14,"5","NELL2"
7.86860517447684e-19,0.761360227772313,0.488,0.277,2.12523157157445e-14,"5","ICAM1"
1.14016194709588e-18,1.0058203551356,0.248,0.098,3.07946340291127e-14,"5","AC253572.2"
2.83762424069775e-18,0.567559410253037,0.301,0.138,7.66413931170056e-14,"5","APOBEC3G"
3.60862696992439e-18,1.19932710949442,0.373,0.19,9.74654058306878e-14,"5","CXCL9"
4.44961431983949e-18,0.434745007599048,0.445,0.241,1.20179633164545e-13,"5","FAM53C"
5.93032313281307e-18,1.48126433367603,0.272,0.119,1.60172097494148e-13,"5","SYNM"
9.69854205825405e-18,2.28927345973635,0.152,0.048,2.61947922451384e-13,"5","MECOM"
3.68327822531434e-17,0.400329334946566,0.672,0.428,9.94816615875151e-13,"5","EMP1"
5.23996621217023e-17,0.245698056730018,0.731,0.459,1.41526247424506e-12,"5","ADM"
5.85071722779406e-17,0.913918913005457,0.187,0.068,1.5802202160549e-12,"5","GATA3"
3.37973880733478e-16,0.383277932548983,0.699,0.464,9.1283365447305e-12,"5","AC020916.1"
5.60157702721012e-16,0.756622137410786,0.493,0.297,1.51292993927918e-11,"5","AGPAT4"
6.09256915560046e-16,0.950422984287833,0.536,0.36,1.64554200323613e-11,"5","GLUL"
8.99266395896404e-16,1.54201682798583,0.739,0.564,2.4288286086766e-11,"5","CCND1"
1.70533862067264e-14,0.66363329399792,0.181,0.07,4.60594908057473e-10,"5","BMP7"
3.63094629470903e-14,0.741728351007882,0.68,0.483,9.80682284737961e-10,"5","NCOA7"
4.29317270509816e-14,0.873171679109328,0.349,0.19,1.15954301591996e-09,"5","AC007952.4"
5.93244498342619e-14,0.621191261563257,0.181,0.072,1.60229406557358e-09,"5","TENT5C"
1.41718094119817e-13,2.15284017584207,0.173,0.069,3.82766400408214e-09,"5","FLG"
1.81204585018913e-13,1.06286661007695,0.483,0.324,4.89415463677582e-09,"5","POU3F1"
3.6342817308302e-13,1.78215606690318,0.107,0.032,9.81583152679928e-09,"5","AC005899.8"
1.70397723577118e-12,1.78629114786485,0.131,0.046,4.60227211609439e-08,"5","IL33"
1.72880941928608e-12,2.7605438451232,0.141,0.054,4.66934136054978e-08,"5","CES1"
1.93716054139155e-12,1.16041996886657,0.152,0.059,5.23207690624444e-08,"5","RNF39"
2.45348811143358e-12,2.21548272470593,0.112,0.037,6.62662604017095e-08,"5","LRRC69"
2.52487221742815e-12,0.622609177261397,0.693,0.489,6.81942737205168e-08,"5","TM4SF1"
9.43808513842506e-12,0.390678629570273,0.496,0.322,2.54913241503722e-07,"5","PLAUR"
1.09286161783903e-11,1.48058553844985,0.115,0.04,2.95170994362142e-07,"5","S1PR3"
1.36543512073156e-11,0.417037222799627,0.939,0.752,3.68790371758386e-07,"5","FOS"
6.14015695720549e-11,0.489384428413652,0.176,0.078,1.65839499257163e-06,"5","MACC1"
1.00331900910701e-10,0.399217127009084,0.325,0.182,2.70986431169712e-06,"5","CLDN7"
1.24923681372434e-10,1.03315560328419,0.224,0.114,3.37406371018808e-06,"5","GEM"
1.3444979894904e-10,0.516091086439211,0.328,0.194,3.63135461981461e-06,"5","CXCL3"
3.74688800661911e-10,0.37488663717668,0.427,0.278,1.01199698170776e-05,"5","SUSD6"
3.88649348036947e-10,1.34312860940187,0.109,0.04,1.04970302411299e-05,"5","PLAAT2"
5.45743568757963e-10,0.786450018132227,0.312,0.191,1.47399880485838e-05,"5","SLC11A2"
1.54741069245136e-09,1.57056783668502,0.171,0.081,4.17940153924189e-05,"5","BAMBI"
1.74512395542373e-09,0.968615825647908,0.149,0.066,4.71340529120394e-05,"5","MTRNR2L10"
2.83797009936269e-09,0.685749508124087,0.179,0.087,7.6650734413687e-05,"5","ARC"
3.22006417979101e-09,1.40778693357725,0.157,0.074,8.69707134319754e-05,"5","HIST1H2BN"
3.99912676983289e-09,1.39997734690175,0.272,0.162,0.000108012414926417,"5","KRT75"
7.70200736409075e-09,0.711555403696106,0.149,0.068,0.000208023516896727,"5","AC245014.3"
1.85393397041442e-08,0.570020560507631,0.459,0.318,0.000500729026069232,"5","CEMIP2"
2.47773427855075e-08,1.96896727631467,0.141,0.067,0.000669211251293773,"5","AC037198.1"
2.49017603693375e-08,1.62043901782499,0.104,0.042,0.000672571645815438,"5","AC040970.1"
2.85333559318882e-08,1.71317399290942,0.115,0.049,0.000770657410364369,"5","ZNF114"
2.92639044829134e-08,1.03992134248477,0.109,0.045,0.000790388796179008,"5","OCLN"
3.0967652810295e-08,1.86941066087786,0.195,0.107,0.000836405334753258,"5","SERPINB7"
3.85571393762648e-08,0.869422261515161,0.168,0.082,0.00104138977741354,"5","AL021155.5"
6.27746533442668e-08,0.310250914693499,0.608,0.463,0.0016954806121753,"5","SLFN5"
3.50997917604959e-07,0.532052011651247,0.165,0.085,0.00948010275659234,"5","AC239799.2"
5.90200710441154e-07,0.272352291762746,0.389,0.271,0.0159407309883051,"5","DUSP5"
8.56342472872501e-07,1.20230974195464,0.101,0.045,0.0231289538498134,"5","FGF18"
1.13070552116001e-06,0.527304594599011,0.155,0.082,0.0305392254210107,"5","ALDH1A3"
1.17286390925481e-06,1.22510813064212,0.24,0.151,0.0316778813250632,"5","HS3ST1"
1.88035490387528e-06,0.354467092918385,0.347,0.235,0.0507865055987673,"5","CXCL2"
4.06260954209232e-06,0.306176391145426,0.307,0.215,0.109727021122372,"5","CD83"
5.07404728363838e-06,1.40823404161486,0.248,0.165,0.137044943083789,"5","SNCG"
6.80565160652537e-06,0.813539598937101,0.197,0.119,0.183813844240644,"5","AC016831.1"
7.44053276653016e-06,0.415312407660696,0.248,0.162,0.200961349491213,"5","LPIN1"
9.11339642815866e-06,0.583338676853805,0.227,0.143,0.246143724128137,"5","AL355075.4"
9.27224552933316e-06,0.521925342850252,0.163,0.091,0.250434079501759,"5","SRPX2"
9.83700801256084e-06,0.509996353032862,0.131,0.068,0.265687749411256,"5","CX3CL1"
5.09621872485712e-05,0.377264447745157,0.347,0.253,1,"5","MIR222HG"
6.99373105080625e-05,0.411154487707065,0.253,0.173,1,"5","TMCC3"
7.71932443254282e-05,3.1949417325198,0.203,0.14,1,"5","CYB5D2"
0.000112687871026397,0.989609414352396,0.165,0.102,1,"5","NUMBL"
0.000163919428603694,0.237956251737144,0.509,0.39,1,"5","NBR1"
0.0004663358551533,0.225560970626639,0.336,0.253,1,"5","AC036176.3"
0.000509874592180689,0.999832558128463,0.371,0.312,1,"5","KLK5"
0.00106482991602688,1.34756957993664,0.109,0.068,1,"5","RNASE7"
0.00230014397271307,0.593782265642159,0.704,0.563,1,"5","CTSL"
0.00342528543334789,0.308849655283228,0.979,0.796,1,"5","DSP"
0.00495223290946759,0.285966105799545,0.299,0.236,1,"5","IRS2"
0.00591249527048238,0.690081812007858,0.208,0.167,1,"5","SH3KBP1"
1.42361836042659e-315,4.98294775650296,0.534,0.028,3.84505082967616e-311,"6","OLR1"
4.68698930981252e-240,4.44111015293191,0.343,0.011,1.26590894268726e-235,"6","TMEM52B"
9.63597450845574e-232,4.12676628571511,0.477,0.035,2.60258035498881e-227,"6","TGM2"
5.71422629737118e-231,2.95565136516551,0.614,0.068,1.54335538065698e-226,"6","BCAT1"
1.75252493882784e-225,3.66946302614995,0.734,0.117,4.73339460728011e-221,"6","AXL"
2.8561637272556e-217,3.25718947358623,0.537,0.052,7.71421261094464e-213,"6","FBN2"
1.62687617153125e-207,2.52924937731395,0.8,0.147,4.39402985168874e-203,"6","NNMT"
2.13831299284883e-203,4.44513819108632,0.377,0.023,5.77536956238541e-199,"6","KCTD14"
1.70585766623918e-190,2.67787951869197,0.351,0.02,4.60735097074541e-186,"6","NRN1"
2.75199518379676e-182,4.13036936320842,0.354,0.023,7.43286379191667e-178,"6","S1PR3"
2.06779351159814e-174,4.6939630740822,0.263,0.01,5.58490349547543e-170,"6","NEURL1"
1.14028253540185e-168,5.72227382536358,0.337,0.023,3.07978909986684e-164,"6","HAS2"
3.62089569959717e-166,2.82342436161089,0.749,0.174,9.779677195042e-162,"6","GOLM1"
8.78347676688166e-160,2.46137370687186,0.791,0.195,2.37232923996707e-155,"6","FSTL1"
5.34701086728929e-154,4.00117835670197,0.66,0.139,1.44417416514616e-149,"6","FN1"
6.940906165525e-142,1.49606927210112,0.846,0.211,1.87466934624665e-137,"6","HLA-DRB5"
1.26493998676795e-139,2.33125112815537,0.543,0.092,3.41647641026156e-135,"6","RUNX3"
9.58468769210868e-136,2.21470793501486,0.929,0.45,2.58872829876163e-131,"6","PDPN"
2.48646881275241e-133,2.98290740162984,0.66,0.15,6.71570361636299e-129,"6","CCL5"
4.57391186909813e-132,2.27767701205766,0.66,0.146,1.23536785672471e-127,"6","DDX3Y"
4.95438916558239e-129,1.59604547509523,0.931,0.247,1.33813096973215e-124,"6","RPS4Y1"
3.74228155913619e-125,2.93301664304694,0.26,0.018,1.01075282630709e-120,"6","SLCO2A1"
3.37585337442027e-124,3.51646722188131,0.354,0.04,9.11784237897169e-120,"6","GNLY"
6.83131155151591e-121,2.97532210751735,0.429,0.063,1.84506893694893e-116,"6","SEMA3B"
6.89737466671919e-115,3.4463310564354,0.171,0.006,1.86291192373419e-110,"6","P3H3"
6.25036199797291e-113,2.15732845205487,0.929,0.475,1.6881602720325e-108,"6","KRT8"
7.09147503798099e-113,2.32335674031058,0.814,0.3,1.91533649300829e-108,"6","PLAUR"
3.15502390452795e-112,2.34841784370766,0.423,0.066,8.52140406373954e-108,"6","GLDC"
3.16894679290915e-111,1.93344978448453,0.834,0.305,8.55900839296833e-107,"6","ERAP2"
7.22943441665532e-110,2.02553414054244,0.76,0.251,1.95259794159444e-105,"6","IGFBP3"
7.93911780366421e-110,2.51569029584465,0.371,0.05,2.14427632759167e-105,"6","PCSK5"
1.97314449935531e-109,1.42621664921412,0.886,0.301,5.32926597830877e-105,"6","HLA-DPA1"
6.55090810577219e-109,2.59863081895866,0.3,0.032,1.76933477028801e-104,"6","CYBRD1"
2.31665934623981e-108,2.32154943637632,0.929,0.526,6.2570652282591e-104,"6","VIM"
1.31288378979287e-107,0.833758441785985,0.226,0.016,3.54596782785156e-103,"6","IGHGP"
1.83362925509377e-100,3.78131451307954,0.414,0.075,4.95244925508275e-96,"6","CCL2"
2.29305562256785e-100,2.13204615671687,0.309,0.037,6.19331393099352e-96,"6","FMNL1"
1.94923805925117e-99,1.33661562119674,0.937,0.383,5.26469707423149e-95,"6","HLA-DRB1"
3.3898790729611e-99,2.60747773398421,0.677,0.212,9.15572438816064e-95,"6","RRAD"
8.93069205092667e-99,2.2036758871954,0.329,0.044,2.41209061603478e-94,"6","ZEB2"
1.9966378768632e-95,1.66881289033057,0.583,0.148,5.39271924161981e-91,"6","FAM107B"
8.12540198793541e-95,3.29164723870938,0.294,0.036,2.19458982292148e-90,"6","ZNF114"
4.4265400828847e-94,1.93435584417571,0.526,0.122,1.19556421098633e-89,"6","MYO1G"
7.9256374942789e-94,2.8555289514866,0.269,0.03,2.14063543082979e-89,"6","DHRS2"
6.7721543907645e-93,1.98897259831456,0.523,0.122,1.82909117940158e-88,"6","TAGLN"
3.27707775241483e-92,2.93120318431934,0.303,0.04,8.85105930149721e-88,"6","KLHDC7B"
2.88729486400181e-91,1.48725343344388,0.686,0.185,7.79829469818249e-87,"6","EIF1AY"
5.46165770979963e-87,3.49259732772793,0.374,0.067,1.47513913083978e-82,"6","IL6"
6.22167708719431e-87,1.47976781072613,0.903,0.433,1.68041276448031e-82,"6","EMP3"
3.9378995920333e-86,2.68629158881144,0.48,0.11,1.06358730081227e-81,"6","ADAMTS1"
4.70421498249752e-85,1.73974253943731,0.969,0.661,1.27056142462276e-80,"6","KRT18"
3.52819426589234e-84,1.94187584532267,0.663,0.214,9.52929989274862e-80,"6","DLL1"
2.12379647201587e-83,1.56025937767113,0.869,0.423,5.73616189126766e-79,"6","SERPINH1"
7.6416670915609e-83,2.03487295768461,0.591,0.177,2.06393786475968e-78,"6","HAPLN3"
1.12557672739018e-82,1.92419280329798,0.703,0.26,3.04007018300813e-78,"6","IL7R"
1.30936343621494e-82,1.49749720290351,0.8,0.342,3.53645970487294e-78,"6","COL4A2"
5.54052729693818e-82,2.06081985528194,0.757,0.297,1.49644101763003e-77,"6","TNFRSF6B"
6.46684920724031e-82,2.81217096531007,0.429,0.098,1.74663130238353e-77,"6","MAP1B"
1.08859968638389e-81,1.84095883655086,0.717,0.257,2.94019889295424e-77,"6","DRAM1"
3.00288687675218e-80,1.57250841277349,0.966,0.635,8.11049716541996e-76,"6","MT1E"
5.92652263265356e-80,3.17170623815305,0.189,0.016,1.6006944978534e-75,"6","AP005482.1"
9.51552081194902e-80,1.46065626084396,0.791,0.333,2.57004701609931e-75,"6","COL4A1"
4.4045057450945e-78,2.03774159267682,0.697,0.263,1.18961295669257e-73,"6","ICAM1"
7.10393588593522e-78,3.91149750618255,0.166,0.012,1.91870204343224e-73,"6","DIO3"
8.87872276045148e-77,1.78424815418003,0.586,0.18,2.39805423037034e-72,"6","FAP"
1.36734161474618e-76,3.01700900065107,0.369,0.074,3.69305296726797e-72,"6","SCG5"
4.90205786511661e-76,1.4070995021336,0.734,0.295,1.32399680878934e-71,"6","ETS1"
8.13190804086614e-76,1.29161925851952,0.937,0.575,2.19634704275754e-71,"6","F3"
3.8806185429101e-75,1.28314039542991,0.549,0.152,1.04811626225459e-70,"6","DPYSL3"
8.72414138219155e-74,2.1026163992694,0.337,0.061,2.35630334591612e-69,"6","CDH11"
3.77758152842429e-73,0.798811481078869,0.737,0.241,1.02028699501212e-68,"6","HLA-DPB1"
5.84981884847518e-73,1.72298657223467,0.677,0.239,1.57997757278466e-68,"6","SLC43A3"
3.58365778087756e-72,3.83350976608249,0.329,0.062,9.67910130037221e-68,"6","CSF2"
9.1357427911986e-72,1.70739589095374,0.746,0.326,2.46747277047483e-67,"6","PLOD2"
3.85782902476142e-71,2.25572582474735,0.174,0.015,1.04196104129781e-66,"6","GZMA"
1.44485782751041e-70,2.01492967268067,0.869,0.444,3.90241650632287e-66,"6","INHBA"
2.36408295964156e-70,1.3711418791532,0.649,0.223,6.38515166569588e-66,"6","CENPK"
4.15999515709924e-70,2.2123088035134,0.197,0.021,1.12357309198093e-65,"6","NKG7"
3.3142904821166e-69,1.72483177449566,0.54,0.16,8.95156716314871e-65,"6","CYP27B1"
8.45011088756554e-69,0.895929776034841,0.946,0.498,2.28229044962258e-64,"6","CD74"
1.97847067582992e-68,1.45845303072608,0.954,0.58,5.34365144834903e-64,"6","WARS"
2.56854430258847e-68,1.82147903204275,0.857,0.541,6.9373813068612e-64,"6","IL32"
7.49627485229584e-68,3.29348489049306,0.191,0.021,2.02466887485658e-63,"6","NLRP3"
4.89186132347932e-66,1.52719382224771,0.5,0.136,1.32124282485853e-61,"6","PRKY"
2.98329336093792e-65,1.11922188245446,0.931,0.537,8.05757703855722e-61,"6","TGFBI"
8.67089590157868e-65,3.05334867772601,0.143,0.011,2.34192227405739e-60,"6","AC004817.3"
4.42465994277444e-64,1.44329338177908,0.746,0.339,1.19505640394395e-59,"6","PLSCR3"
1.39696702080951e-63,1.09057379631318,0.64,0.207,3.7730682265044e-59,"6","HLA-DMA"
1.76537411863186e-63,1.66964367232278,0.823,0.4,4.76809895701278e-59,"6","HIST1H4C"
1.9182434186821e-63,1.63506164895561,0.463,0.124,5.18098364951849e-59,"6","SECTM1"
9.59417155657953e-63,0.997684653221063,0.989,0.791,2.59128979571656e-58,"6","TUBA1B"
1.59320029814828e-62,1.22762210367145,0.889,0.499,4.30307468526868e-58,"6","ANXA3"
1.4556434655242e-61,1.9371022035332,0.411,0.108,3.93154743603431e-57,"6","IDO1"
4.83755411517534e-61,2.6446256604064,0.197,0.025,1.30657499096771e-56,"6","GZMB"
6.08454799835447e-61,1.2237882824618,0.86,0.505,1.64337556887556e-56,"6","CYBA"
7.01101913417601e-61,1.34519923917783,0.517,0.16,1.8936061579496e-56,"6","AURKB"
1.08164051813233e-59,1.34191024592432,0.554,0.179,2.92140287542361e-55,"6","DIAPH3"
4.20535171152214e-59,1.37945552680001,0.26,0.044,1.13582344376501e-54,"6","LOX"
4.58981601829709e-59,1.09124289196257,0.643,0.235,1.23966340838186e-54,"6","CXCL11"
4.7427919638822e-59,1.61237844288462,0.246,0.04,1.28098068152494e-54,"6","SAMSN1"
7.94799209748201e-59,1.51693489307086,0.217,0.031,2.14667318560892e-54,"6","WIPF1"
1.71716561382859e-58,1.08293920702726,0.649,0.262,4.63789260638965e-54,"6","SNHG9"
3.42262667272473e-57,2.48870608862233,0.109,0.007,9.24417238036223e-53,"6","HAVCR2"
6.57438235480731e-57,1.51767144490761,0.429,0.12,1.77567493020991e-52,"6","CCDC80"
7.98442447640855e-57,1.37853139481498,0.309,0.065,2.15651320683318e-52,"6","CD70"
1.3962359982139e-56,1.65795930238061,0.137,0.012,3.77109380757591e-52,"6","DOK2"
2.84334959822855e-56,1.83229041696749,0.323,0.072,7.6796029298555e-52,"6","KIF20A"
3.9267533278762e-56,2.1367082956422,0.494,0.17,1.06057680632608e-51,"6","POLM"
4.34480937103591e-56,2.37765475527858,0.36,0.091,1.17348956302309e-51,"6","ADAMTS6"
1.14521190946962e-55,1.20634183053459,0.677,0.273,3.0931028462865e-51,"6","CXCL10"
2.82983614509655e-55,1.50289759414011,0.189,0.025,7.64310444429128e-51,"6","CD69"
5.11716371838294e-55,1.12631653400904,0.229,0.037,1.38209474869805e-50,"6","PLAGL1"
9.12900333994134e-55,1.26440186125237,0.46,0.141,2.46565251208476e-50,"6","RGS2"
5.61962246654578e-54,0.646315352064102,0.94,0.51,1.51780383198935e-49,"6","HLA-DRA"
5.81050890920252e-54,1.68854409395399,0.311,0.07,1.56936035128651e-49,"6","RGS1"
6.97442907231666e-54,1.66317467930243,0.431,0.123,1.88372354814201e-49,"6","AC092069.1"
1.02953664805085e-53,1.28895874467511,0.726,0.321,2.78067553272054e-49,"6","SLC16A3"
6.1943446943342e-53,1.09844874955206,0.809,0.389,1.67303055849272e-48,"6","COL12A1"
1.08278232919238e-52,2.02687449083217,0.383,0.104,2.9244867929157e-48,"6","CSF1"
3.02007368000259e-52,1.31749878124738,0.683,0.289,8.156917002319e-48,"6","COL5A1"
3.18067292036981e-52,1.05960929075283,0.486,0.159,8.59067949062681e-48,"6","CXCL16"
3.69333023144719e-52,0.970202047033129,0.797,0.381,9.97531562211571e-48,"6","C1S"
1.38300790939173e-51,3.22803344630275,0.434,0.138,3.73536606247613e-47,"6","CCL3"
1.60501450067887e-51,1.25152483132766,0.18,0.025,4.33498366488355e-47,"6","CD3E"
6.51049966039688e-51,1.70875433717055,0.197,0.03,1.75842085327659e-46,"6","SFRP1"
7.14341969961366e-51,2.09696128094078,0.406,0.119,1.92936622666865e-46,"6","TMEM158"
8.09052065920983e-51,0.848371820305074,0.809,0.392,2.18516872484598e-46,"6","TK1"
8.77917539844687e-51,1.11144482240354,0.877,0.498,2.37116748336652e-46,"6","IRF1"
2.27482740733422e-50,1.02418875264827,0.871,0.451,6.14408134446899e-46,"6","TNC"
8.4219150346102e-50,0.930835251893738,0.211,0.035,2.27467503169787e-45,"6","AEBP1"
2.55177814409406e-49,0.797596827418654,0.723,0.316,6.89209758938364e-45,"6","SERPINB6"
1.10592615235486e-48,1.11142475158217,0.897,0.502,2.98699594489525e-44,"6","LAMB3"
1.15530215299083e-48,1.04233837972324,0.989,0.75,3.12035558501294e-44,"6","LGALS1"
1.35475768832177e-48,1.39338379837843,0.711,0.347,3.65906504038827e-44,"6","TINAGL1"
2.09817052077697e-48,1.64481386613584,0.729,0.346,5.66694875956653e-44,"6","CXCL1"
4.42109511012429e-48,0.976342534253473,0.774,0.373,1.19409357829347e-43,"6","BCAM"
1.23984111292137e-47,1.22250771360844,0.754,0.351,3.34868686188932e-43,"6","NT5E"
2.95622155715184e-47,1.21962735203714,0.811,0.42,7.98445880371142e-43,"6","APOL1"
6.63810505816097e-47,1.17685459453596,0.871,0.55,1.7928857951587e-42,"6","LY6K"
1.60475080696149e-46,0.909285842160827,0.16,0.021,4.33427145452228e-42,"6","RHOH"
1.92794329947139e-46,0.927888541989853,0.68,0.296,5.20718205754229e-42,"6","ATAD2"
2.42121593122444e-46,1.12670743669115,0.686,0.293,6.53946210864409e-42,"6","ANLN"
3.04941705657953e-46,1.36871899970995,0.56,0.227,8.23617052811566e-42,"6","CITED2"
4.23932223574684e-46,2.10913917064311,0.614,0.27,1.14499854265286e-41,"6","IL1B"
5.32613113628285e-46,0.668244212066228,0.603,0.238,1.43853475859863e-41,"6","CCDC71L"
6.45723470541829e-46,1.08257085552899,0.683,0.315,1.74403452158643e-41,"6","CDC20"
6.77205766887238e-46,1.09577544117483,0.397,0.117,1.82906505578574e-41,"6","LOXL2"
1.00661802968218e-45,0.983403627799782,0.609,0.238,2.7187746363686e-41,"6","FADS3"
1.784520753802e-45,2.74640995585834,0.48,0.184,4.81981210394382e-41,"6","CXCL3"
1.8970546317088e-45,0.940657950976374,0.903,0.505,5.1237548547823e-41,"6","LAMC2"
2.72239721618725e-45,1.14744184045593,0.529,0.2,7.35292264120014e-41,"6","PKMYT1"
3.01930466587748e-45,1.54051961994342,0.391,0.122,8.1548399720685e-41,"6","AC103591.3"
3.29675174556388e-45,2.03166817312419,0.311,0.082,8.90419678959349e-41,"6","PCSK9"
3.35932397680735e-45,0.717184878772594,0.697,0.29,9.07319812895898e-41,"6","GBP5"
5.34346542763442e-45,0.955050606998858,0.766,0.354,1.44321657734978e-40,"6","FSTL3"
5.98145465800467e-45,0.961470636505427,0.783,0.417,1.61553108858048e-40,"6","GLIPR1"
6.17652217430869e-45,2.57920670619216,0.1,0.008,1.66821687405903e-40,"6","PRF1"
9.47077101990172e-45,1.00827549496932,0.694,0.31,2.55796054476526e-40,"6","ITGAV"
2.060675373839e-44,1.41145404688635,0.183,0.03,5.56567811720175e-40,"6","SLC2A3"
3.7778341219747e-44,0.549264334624469,0.783,0.402,1.02035521800415e-39,"6","PGD"
5.6744029914207e-44,1.19643216585632,0.166,0.024,1.53259950395282e-39,"6","CYTIP"
6.16905537558335e-44,0.935691092501744,0.923,0.634,1.66620016639131e-39,"6","UBE2S"
6.42522253489241e-44,1.79243519696643,0.363,0.107,1.73538835444909e-39,"6","AC016831.1"
2.09224152738232e-43,2.83985799931074,0.329,0.099,5.6509351413069e-39,"6","SPARC"
2.40908864374647e-43,2.0554148554223,0.16,0.024,6.50670751789484e-39,"6","LCP2"
3.09901260705636e-43,1.47595314611513,0.483,0.179,8.37012315039853e-39,"6","NEDD9"
4.57093849086636e-43,0.951248806613075,0.717,0.333,1.2345647769981e-38,"6","IFI30"
6.02786005730254e-43,1.26389036820844,0.409,0.131,1.62806472287684e-38,"6","APOBEC3G"
6.11861978851245e-43,1.12592928028206,0.131,0.016,1.65257801867933e-38,"6","GPR65"
1.04012067713766e-42,1.41556171433065,0.626,0.286,2.80926193688111e-38,"6","AMIGO2"
1.94034301870646e-42,0.786831183840193,0.517,0.189,5.24067245922427e-38,"6","PRR11"
1.97315516002856e-42,1.01809982917397,0.903,0.586,5.32929477172113e-38,"6","LAP3"
4.59663387379833e-42,1.35609196178129,0.703,0.356,1.24150484297419e-37,"6","ABL2"
6.34931957481285e-42,1.1481077320959,0.946,0.658,1.7148877239612e-37,"6","UPP1"
7.27957589944765e-42,0.708140270349056,0.634,0.285,1.96614065468181e-37,"6","SPHK1"
9.33037599478198e-42,1.17950869330362,0.494,0.189,2.52004125243066e-37,"6","ASS1"
1.23447415211886e-41,0.740246062896825,0.263,0.063,3.33419123745782e-37,"6","PTPRC"
1.95873614844067e-41,0.871159300423929,0.794,0.401,5.29035046332341e-37,"6","HLA-DQB1"
4.4111685224038e-41,1.07274684737906,0.574,0.239,1.19141250621604e-36,"6","CDCA7"
4.75866087128979e-41,0.743711439058932,0.657,0.29,1.28526671472666e-36,"6","CCNB1"
4.95091402226808e-41,0.964768180960207,0.829,0.48,1.33719236827438e-36,"6","TM4SF1"
5.48174566822533e-41,2.02015766355087,0.143,0.02,1.48056468753098e-36,"6","ENTPD1"
5.74584709771708e-41,0.512338935949379,0.537,0.199,1.55189584262241e-36,"6","NELL2"
8.51644162038009e-41,3.64750082719316,0.1,0.009,2.30020571724846e-36,"6","AKAP12"
9.41165900769669e-41,2.05687032738236,0.1,0.009,2.5419949813888e-36,"6","CXCL13"
1.18605277160847e-40,1.17058152429365,0.943,0.745,3.20340993083733e-36,"6","HSPA1A"
1.21572257559452e-40,1.69404630062165,0.403,0.139,3.28354510442325e-36,"6","SRGN"
1.7706558772486e-40,1.09866717565435,0.851,0.487,4.78236445886074e-36,"6","LAMA3"
2.71597710572386e-40,0.847824555321619,0.617,0.273,7.33558256484958e-36,"6","MCM5"
3.45699933616219e-40,0.757456857998734,0.269,0.067,9.33700950704045e-36,"6","CLEC2D"
4.34315325930202e-40,1.25074346540184,0.409,0.139,1.17304226380488e-35,"6","PLK1"
5.11910317303633e-40,0.893149399885668,0.231,0.051,1.38261857600538e-35,"6","FYN"
7.58508220883218e-40,0.872797772703243,0.497,0.188,2.04865485378348e-35,"6","CCNA2"
1.0167642803948e-39,1.16732558183924,0.769,0.425,2.74617864491832e-35,"6","SCD"
2.16563170709193e-39,2.5897911214305,0.106,0.011,5.84915467768459e-35,"6","CCL7"
2.24337296711781e-39,0.529728003974684,0.7,0.335,6.0591260468885e-35,"6","PLAAT4"
2.85368675003689e-39,1.04006319150797,0.471,0.172,7.70752254317465e-35,"6","TNFSF9"
2.93735273471482e-39,1.11629191410608,0.817,0.499,7.93349600119126e-35,"6","ZC3HAV1"
3.5494201759414e-39,0.762030963212246,0.691,0.31,9.58662895320013e-35,"6","MKI67"
4.65726880190079e-39,0.811098522946971,0.877,0.532,1.25788173070538e-34,"6","CKS1B"
6.36225894857327e-39,2.44290190575292,0.266,0.068,1.71838251942015e-34,"6","CCL3L1"
1.90072557041478e-38,1.16235574985756,0.597,0.277,5.13366969313328e-34,"6","FOXD1"
2.78321891591097e-38,0.73902558209163,0.786,0.442,7.51719596998393e-34,"6","SNHG3"
4.15341065146224e-38,0.759227683670801,0.717,0.344,1.12179468285344e-33,"6","TYMS"
7.11303415702472e-38,2.3227185024362,0.111,0.013,1.92115939547081e-33,"6","IRF4"
1.42934324830758e-37,1.14416571674901,0.737,0.378,3.86051317935395e-33,"6","THBS1"
1.59786979119716e-37,1.47782377417075,0.234,0.055,4.31568651904442e-33,"6","SPOCD1"
1.83397964861088e-37,1.08462522887298,0.414,0.146,4.95339563293312e-33,"6","BUB1"
2.12919203078172e-37,0.762783850935333,0.777,0.385,5.75073475593835e-33,"6","VEGFC"
2.2438583896005e-37,0.773289808417726,0.583,0.247,6.06043712447199e-33,"6","CCNB2"
2.58110170955346e-37,0.792872142992119,0.86,0.529,6.97129760733294e-33,"6","ARL6IP1"
2.91277518703269e-37,1.20016549173284,0.26,0.067,7.8671145026566e-33,"6","TENT5C"
3.06761761400316e-37,1.20228810833907,0.243,0.059,8.28532841366114e-33,"6","LAPTM5"
3.93936426424227e-37,0.607204221810862,0.674,0.309,1.06398289412919e-32,"6","MAD2L1"
5.25504294225172e-37,1.07328090841703,0.56,0.245,1.41933454827277e-32,"6","INSIG1"
6.18161548105647e-37,2.31438773199965,0.44,0.17,1.66959252527854e-32,"6","CCL4"
6.38914914503054e-37,0.922801155046544,0.56,0.229,1.7256452925813e-32,"6","GINS2"
6.70153729719584e-37,1.06209218509288,0.874,0.595,1.81001820859962e-32,"6","HSPA1B"
1.50298235160957e-36,2.31006615847445,0.294,0.087,4.05940503346229e-32,"6","LINC00472"
1.8005082730017e-36,1.0421020077977,0.483,0.188,4.86299279455029e-32,"6","NCAPG"
2.92822225962384e-36,0.558210714016292,0.631,0.275,7.90883550101803e-32,"6","FANCI"
3.22792111541957e-36,1.01862839168614,0.183,0.036,8.71829214063672e-32,"6","CD7"
5.89306257816057e-36,0.837525303974705,0.84,0.532,1.59165727173539e-31,"6","BAG3"
7.20983868886682e-36,0.580214711455493,0.677,0.311,1.94730533147604e-31,"6","RRM2"
8.12519960757555e-36,0.593235219411774,0.837,0.45,2.19453516201008e-31,"6","FST"
1.14831948428165e-35,0.474996367961304,0.903,0.631,3.1014960950963e-31,"6","NAMPT"
1.78252521345501e-35,1.10544472194319,0.271,0.073,4.81442234902064e-31,"6","LINC02657"
2.44616194479832e-35,1.32588058467539,0.14,0.022,6.60683879670578e-31,"6","ITGB2"
4.13583916099372e-35,1.07597038721892,0.42,0.159,1.11704879899279e-30,"6","JADE2"
6.84794591164876e-35,1.90177380404373,0.503,0.224,1.84956171127721e-30,"6","CXCL2"
6.9677528329753e-35,1.18206185104517,0.174,0.034,1.8819203626583e-30,"6","ZNF331"
1.04826824511388e-34,2.03746865722451,0.271,0.078,2.83126770322809e-30,"6","IL11"
1.19763751230302e-34,0.43228750679033,0.777,0.402,3.23469915697924e-30,"6","TIMP3"
1.52415103600008e-34,2.45348054999059,0.16,0.029,4.11657953313261e-30,"6","PAPSS2"
1.8549087481744e-34,0.805758503574702,0.269,0.075,5.00992303794425e-30,"6","CORO1A"
1.94648925441721e-34,0.755615063594532,0.84,0.503,5.25727282725545e-30,"6","PRSS23"
3.16753305132803e-34,0.984667036185792,0.649,0.327,8.55519001833188e-30,"6","TPM2"
4.32044230155321e-34,1.34817440576326,0.657,0.345,1.16690826122651e-29,"6","IL1A"
5.99386692520213e-34,1.337272922786,0.477,0.198,1.61888351782784e-29,"6","ANTXR2"
6.57697381170564e-34,0.498487212284932,0.603,0.276,1.77637485680358e-29,"6","LRRC75A"
7.67760997670042e-34,0.676291711974188,0.963,0.658,2.07364567860702e-29,"6","C12orf75"
7.79655056280471e-34,0.97511647813268,0.4,0.139,2.10577034150792e-29,"6","CDC45"
8.94743408607888e-34,1.25689200485901,0.437,0.173,2.41661247230905e-29,"6","ID2"
1.29799959157154e-33,1.20426024872396,0.426,0.161,3.50576709687557e-29,"6","IL24"
1.46808888824798e-33,0.757443905733805,0.434,0.166,3.96516127826896e-29,"6","HIST1H2BH"
1.54464123201313e-33,1.46033751923573,0.134,0.021,4.17192150354426e-29,"6","PLAC8"
2.49293852368094e-33,0.73735915484866,0.571,0.261,6.73317765860984e-29,"6","DHFR"
2.51148910172631e-33,1.52655380836032,0.169,0.033,6.7832809148526e-29,"6","PDE4B"
3.30226087298614e-33,0.586602301657558,0.691,0.32,8.91907639184827e-29,"6","SERPING1"
4.03657534790129e-33,0.743085962896517,0.914,0.584,1.09023863571466e-28,"6","GBP1"
4.08744899073124e-33,0.510790221485206,0.706,0.354,1.1039790979066e-28,"6","MCM7"
4.9556546163196e-33,0.919967103886838,0.171,0.035,1.33847275532176e-28,"6","TNFRSF1B"
5.00321887559171e-33,0.983462465279418,0.8,0.484,1.35131938610856e-28,"6","VEGFA"
6.63046785442137e-33,1.28133315986945,0.483,0.203,1.79082306280067e-28,"6","CTSS"
7.83483828068448e-33,0.572820315133722,0.466,0.181,2.11611147123007e-28,"6","CIP2A"
1.14753241862151e-32,0.69270723742209,0.691,0.358,3.09937030945484e-28,"6","IFRD1"
1.48626255594491e-32,1.52175736566946,0.56,0.269,4.01424653735161e-28,"6","BMP2"
2.09418716424466e-32,0.542872906309434,0.569,0.254,5.6561901119084e-28,"6","MYBL2"
2.61709409032e-32,0.844877353339593,0.169,0.034,7.06850942854529e-28,"6","CD3D"
2.9199529478053e-32,0.757999457447863,0.126,0.019,7.88650091672734e-28,"6","IKZF1"
4.02512493997632e-32,0.843852958807438,0.549,0.238,1.0871459950382e-27,"6","GBP4"
4.66893694169624e-32,0.601771949188972,0.854,0.514,1.26103317858274e-27,"6","SQLE"
6.73665032165293e-32,0.510174119615972,0.629,0.312,1.81950188537524e-27,"6","MAFF"
7.83462217268798e-32,1.12987990575897,0.546,0.251,2.1160531026213e-27,"6","ADAM8"
1.42014323528529e-31,2.03948792897917,0.18,0.04,3.83566486418205e-27,"6","FCGR2A"
2.19927877974229e-31,1.43016046934909,0.491,0.222,5.94003205620594e-27,"6","IRS2"
2.91291307256867e-31,1.77805557557778,0.154,0.03,7.86748691770071e-27,"6","AC006262.2"
3.7990347067723e-31,0.728846162848576,0.386,0.145,1.02608128395213e-26,"6","BIRC3"
4.72345624869572e-31,0.874243024555297,0.746,0.448,1.27575829821023e-26,"6","SLC20A1"
5.90420257173312e-31,0.941253873439521,0.954,0.719,1.5946660725994e-26,"6","CTSC"
6.40730013307255e-31,0.95005483321613,0.631,0.332,1.73054769294157e-26,"6","DNAJA4"
6.68122189699691e-31,1.98162017495826,0.163,0.033,1.8045312221599e-26,"6","MIR155HG"
7.01350111858994e-31,0.749264087222761,0.454,0.185,1.89427651711996e-26,"6","AURKA"
8.14911309793281e-31,0.919224170938763,0.746,0.46,2.20099395662067e-26,"6","ADM"
8.53125881715042e-31,0.424628566262364,0.634,0.288,2.30420769392416e-26,"6","ZWINT"
8.81518270976235e-31,0.511315917496262,0.637,0.298,2.38089269807971e-26,"6","CENPF"
9.8174971342731e-31,0.67160238119055,0.84,0.529,2.65160780099582e-26,"6","CLEC2B"
1.12390914837821e-30,0.864112121525472,0.331,0.111,3.03556621885471e-26,"6","TUBA1A"
1.16004637716863e-30,0.566060725258418,0.123,0.019,3.13316926009476e-26,"6","CD3G"
1.56616902861541e-30,0.582716939448742,0.834,0.491,4.23006592938736e-26,"6","NT5C3A"
1.706134754977e-30,0.581076649800755,0.52,0.223,4.60809935971738e-26,"6","MCM6"
1.90722293552653e-30,0.372198129783083,0.663,0.32,5.15121842656361e-26,"6","CDKN3"
2.28363027213859e-30,1.55664495868757,0.103,0.014,6.16785700201911e-26,"6","CTLA4"
2.31138383375984e-30,0.795054246808286,0.483,0.206,6.24281659660195e-26,"6","CENPE"
3.23828290666952e-30,1.23508744385762,0.309,0.103,8.74627830262371e-26,"6","CCN2"
4.00905765746184e-30,0.606337692392612,0.68,0.357,1.08280638270387e-25,"6","SLC5A3"
5.14195189696201e-30,1.00645327298181,0.454,0.185,1.38878978785047e-25,"6","CXCL9"
5.23307378228739e-30,0.881189520132153,0.134,0.024,1.413400897858e-25,"6","PTPN22"
5.78592917407526e-30,0.767954853850983,0.8,0.476,1.56272161062599e-25,"6","PMEPA1"
7.83466041345932e-30,0.746284110816544,0.749,0.428,2.11606343107123e-25,"6","DDX58"
9.71990559246234e-30,1.54613215147284,0.18,0.041,2.62524930146815e-25,"6","LCK"
1.04840679439353e-29,0.501759694563915,0.651,0.336,2.83164191097748e-25,"6","ZFAND2A"
1.2269781402715e-29,1.47466431343308,0.126,0.021,3.31394525905929e-25,"6","IQGAP2"
1.31145560194234e-29,0.658711800989896,0.117,0.018,3.54211043528606e-25,"6","TIGIT"
1.72153627556383e-29,0.537474182009824,0.609,0.3,4.64969732667034e-25,"6","ARL4A"
1.89890724857095e-29,0.751097707983527,0.586,0.277,5.12875858766529e-25,"6","UBE2C"
2.06523334536276e-29,0.886651135988029,0.646,0.349,5.57798874249027e-25,"6","TENT5A"
2.18274903853882e-29,1.54058967849139,0.531,0.264,5.8953868781895e-25,"6","CCN1"
3.205127550458e-29,0.514438392307245,0.543,0.257,8.65672900103202e-25,"6","CREM"
3.31000975796632e-29,0.969962508523367,0.54,0.264,8.94000535529124e-25,"6","AMOTL2"
3.3791978579293e-29,0.436238713775316,0.4,0.15,9.12687549448124e-25,"6","MAP3K8"
4.84931628185392e-29,1.11807377702929,0.443,0.185,1.30975183456593e-24,"6","AC015912.3"
5.64199972214735e-29,0.95688333740802,0.38,0.14,1.52384770495478e-24,"6","HLA-DQA1"
5.74636094431718e-29,1.96453560901162,0.234,0.066,1.55203462745063e-24,"6","COL3A1"
5.91281277365772e-29,0.776443810994041,0.48,0.209,1.59699160203721e-24,"6","ARHGAP11A"
6.93491459070146e-29,0.692344807115142,0.503,0.221,1.87305108180256e-24,"6","KIF23"
1.14605182423307e-28,2.15536911121431,0.171,0.039,3.09537137207109e-24,"6","TRAF1"
1.39014988080049e-28,0.876445537399612,0.489,0.217,3.75465581305405e-24,"6","CDK1"
2.27122435269656e-28,0.384396437107178,0.626,0.299,6.13434985419813e-24,"6","PRC1"
2.3855258550732e-28,0.488020080106227,0.617,0.295,6.44306678196722e-24,"6","HELLS"
2.42187299395756e-28,0.417549884923282,0.686,0.34,6.54123676937998e-24,"6","MCM3"
2.84987944610082e-28,0.469846845456691,0.689,0.382,7.69723939597371e-24,"6","PLCG2"
2.93789459618166e-28,0.610666134108298,0.486,0.214,7.93495951482703e-24,"6","TACC3"
3.05926068250672e-28,0.338018452525423,0.737,0.41,8.26275717738241e-24,"6","H2AFX"
3.66182606545367e-28,0.423218966341979,0.563,0.262,9.8902260201838e-24,"6","NCAPD2"
3.87066158843291e-28,2.22315304263746,0.177,0.043,1.04542698841985e-23,"6","AL137800.1"
4.711240090005e-28,1.89880901883727,0.186,0.046,1.27245883590945e-23,"6","STC2"
4.92536557983057e-28,0.632293365181761,0.54,0.249,1.33029198945644e-23,"6","NCF2"
5.4764517029753e-28,0.890335504496362,0.12,0.02,1.4791348404566e-23,"6","SLA"
9.20393975645217e-28,0.225750150159938,0.777,0.44,2.48589208882017e-23,"6","RBPJ"
1.0100260512076e-27,2.71403453866082,0.206,0.055,2.72797936170659e-23,"6","MMP12"
1.01396398215075e-27,2.00538386814356,0.146,0.03,2.73861531939096e-23,"6","PLEK"
1.17121362588951e-27,0.490055991810575,0.774,0.458,3.16333088216499e-23,"6","SMC4"
1.1833100886883e-27,0.867803400254482,0.417,0.166,3.19600221853822e-23,"6","CDCA3"
1.33954807193023e-27,1.15748855006634,0.494,0.235,3.61798538747635e-23,"6","HSPA6"
1.55213956883829e-27,1.1319477903635,0.846,0.585,4.19217376147533e-23,"6","TPM1"
1.69514774432546e-27,0.581615734019244,0.78,0.453,4.57842454264864e-23,"6","HMGB2"
1.95901405747342e-27,0.467405338801873,0.589,0.272,5.29110106782997e-23,"6","CLSPN"
2.05586962474299e-27,0.851218483914481,0.12,0.021,5.55269826946835e-23,"6","BATF"
2.31045427757634e-27,0.793127534432031,0.494,0.222,6.24030595830593e-23,"6","ASPM"
2.48182170391337e-27,1.76843380447801,0.217,0.062,6.70315224009962e-23,"6","MTRNR2L10"
3.0588417698017e-27,0.792303082450409,0.714,0.4,8.26162573605741e-23,"6","SERPINE1"
3.08164677433152e-27,0.404850194744829,0.88,0.554,8.323219772792e-23,"6","CCND1"
9.91288518669261e-27,0.687846786118945,0.549,0.256,2.67737116007381e-22,"6","CEP55"
1.05650359515121e-26,0.558507112223077,0.151,0.033,2.8535105601439e-22,"6","CD2"
1.61258935449062e-26,0.680625198437556,0.414,0.172,4.35544258754373e-22,"6","DEPDC1"
2.46621467102764e-26,0.923221647365059,0.12,0.022,6.66099920497854e-22,"6","CST7"
3.08802602964324e-26,0.715960016666064,0.2,0.053,8.34044950346344e-22,"6","MSC"
4.50442569582914e-26,0.844198205126395,0.429,0.18,1.21660033618649e-21,"6","GTSE1"
5.03412654699125e-26,0.813850277643848,0.409,0.167,1.35966723907687e-21,"6","TNFSF13B"
5.66505311206173e-26,0.813760015329773,0.269,0.091,1.53007419503675e-21,"6","DUSP2"
6.46790076746907e-26,1.05720141454786,0.391,0.166,1.74691531828572e-21,"6","FAM83D"
6.65681586202378e-26,1.17873506992793,0.314,0.117,1.797939396174e-21,"6","SYNM"
8.70559063905918e-26,0.447604982465738,0.66,0.357,2.35129297570349e-21,"6","CKAP5"
1.13858854330322e-25,0.754688937975081,0.229,0.068,3.07521379660765e-21,"6","HIST1H1A"
1.40691297367233e-25,0.327487286940517,0.534,0.245,3.7999312505916e-21,"6","CBR3"
1.68867398075533e-25,0.409196282792339,0.483,0.2,4.56093955462208e-21,"6","SLCO1B3"
1.79677524789448e-25,0.440490714235857,0.617,0.312,4.8529102670382e-21,"6","TPX2"
1.95012102439833e-25,0.466189470567463,0.606,0.305,5.26708187479746e-21,"6","APOL2"
2.76011480125453e-25,0.79806151145851,0.417,0.176,7.45479406670837e-21,"6","KIF4A"
3.06618223861695e-25,0.32793580528993,0.669,0.37,8.28145160828053e-21,"6","CLK1"
3.10318610542908e-25,0.781602317455404,0.734,0.439,8.38139535215341e-21,"6","IER5L"
3.23528547582114e-25,0.361448367930101,0.74,0.394,8.73818254164531e-21,"6","MMP14"
3.35013839941853e-25,0.931467474949537,0.566,0.299,9.0483888029895e-21,"6","KDM6B"
3.88388488369605e-25,1.73622100922404,0.249,0.082,1.04899846823747e-20,"6","ARC"
4.20429129829074e-25,0.559513388157004,0.369,0.152,1.13553703675535e-20,"6","NR4A2"
4.97228750553597e-25,0.592688179663238,0.48,0.218,1.34296513237021e-20,"6","KIF11"
5.34285799275448e-25,1.97003493154268,0.146,0.033,1.44305251526306e-20,"6","UCA1"
5.61797558240349e-25,0.440927892785389,0.114,0.021,1.51735902505136e-20,"6","TRBC1"
1.53263941760603e-24,0.362576349395631,0.654,0.352,4.13950580301212e-20,"6","GLUL"
1.70562889428264e-24,0.830437088758616,0.523,0.259,4.606733080568e-20,"6","FYB1"
2.03393969786202e-24,1.67352104294426,0.106,0.018,5.49346772995553e-20,"6","HTRA3"
2.43215271283328e-24,0.354017421253055,0.797,0.437,6.5690012620914e-20,"6","PCLAF"
2.68009498200775e-24,0.373747168566983,0.749,0.407,7.23866853690472e-20,"6","SMC2"
2.85625028889458e-24,1.44842598685402,0.274,0.097,7.71444640527536e-20,"6","AC253572.2"
3.80828587907124e-24,0.88042708364792,0.626,0.338,1.02857993307835e-19,"6","RNF19B"
4.3157713142071e-24,2.01970131554638,0.214,0.066,1.1656466742542e-19,"6","GPR183"
4.35164201765298e-24,0.412686489656569,0.417,0.179,1.17533499254789e-19,"6","KIF2C"
5.34234877290973e-24,0.23096452458119,0.726,0.367,1.44291498007519e-19,"6","ALCAM"
5.68975027608349e-24,0.466151153949387,0.726,0.402,1.53674465206739e-19,"6","NRG1"
6.22682245709989e-24,0.329915528796132,0.889,0.53,1.68180247743811e-19,"6","STMN1"
6.63828004179925e-24,0.290742746180571,0.694,0.358,1.79293305648956e-19,"6","BIRC5"
7.6802486829821e-24,0.38322325152779,0.44,0.194,2.07435836678664e-19,"6","HMMR"
7.75096047383361e-24,0.699341276155463,0.509,0.244,2.09345691437772e-19,"6","BCAR3"
8.60904893999278e-24,0.722533826141674,0.9,0.676,2.32521802820265e-19,"6","DNAJB1"
8.71073748360897e-24,1.6924902402057,0.157,0.039,2.35268308694795e-19,"6","TYROBP"
8.87269661102518e-24,0.864236252437646,0.363,0.152,2.39642662767179e-19,"6","TAF4B"
1.26491380854583e-23,1.63023227123107,0.211,0.064,3.41640570550143e-19,"6","AC245014.3"
1.35467494987716e-23,0.682934535568725,0.123,0.025,3.65884157212322e-19,"6","SPOCK2"
1.49546849015525e-23,1.21432791234155,0.129,0.028,4.03911084506031e-19,"6","ALOX5AP"
1.73565602157498e-23,2.3372661100354,0.12,0.024,4.68783334867187e-19,"6","DEC1"
1.91058390318816e-23,0.694130998263518,0.509,0.241,5.1602960641209e-19,"6","NCAPD3"
1.92172936928612e-23,0.898159519274083,0.151,0.037,5.19039885350488e-19,"6","HCST"
1.96009940657025e-23,2.59621426314058,0.111,0.021,5.2940324872056e-19,"6","GAL"
2.15787373438915e-23,0.387879179799228,0.423,0.183,5.82820116921165e-19,"6","FEM1C"
3.18866561588054e-23,1.12990309994557,0.297,0.112,8.61226696193175e-19,"6","HJURP"
4.69646829066118e-23,0.841376161343734,0.406,0.178,1.26846912062468e-18,"6","ERN1"
4.71438521001417e-23,0.434468232828967,0.54,0.263,1.27330830137273e-18,"6","MELK"
5.66723872396332e-23,0.379340261803824,0.471,0.224,1.53066450695525e-18,"6","ZNF426"
5.99788293445416e-23,0.385910061425474,0.883,0.588,1.61996820176673e-18,"6","PTTG1"
8.06244953105838e-23,0.5412485026557,0.46,0.208,2.17758699384356e-18,"6","CDC6"
8.7264760156258e-23,0.57660919855991,0.491,0.235,2.35693390706037e-18,"6","NEXN"
1.12239010342301e-22,0.588079621960823,0.726,0.426,3.03146343033522e-18,"6","BPGM"
1.87156878798972e-22,0.729281107137992,0.44,0.21,5.05492013948143e-18,"6","CREB5"
1.90701743900276e-22,0.489787285511542,0.294,0.108,5.15066340100254e-18,"6","MUC1"
2.46389350231431e-22,0.202848249809506,0.983,0.681,6.65472996040072e-18,"6","CAV1"
3.23510401541008e-22,0.850664884534449,0.506,0.256,8.73769243522108e-18,"6","HCAR2"
3.29603399091839e-22,2.54417066256231,0.3,0.118,8.90225820607148e-18,"6","MMP9"
4.08488013969357e-22,0.948120918460888,0.731,0.442,1.10328527692984e-17,"6","ITGA2"
4.24807743336321e-22,0.381918662761954,0.491,0.229,1.14736323397707e-17,"6","CMPK2"
4.83387551606173e-22,0.562947473760238,0.431,0.194,1.30558143813311e-17,"6","CENPA"
5.43976185101112e-22,0.959068252810981,0.28,0.101,1.46922527833959e-17,"6","IL18BP"
6.20408294123676e-22,0.353209727634629,0.803,0.487,1.67566076159864e-17,"6","HES4"
7.0741319017972e-22,0.292905682815472,0.651,0.365,1.91065228535641e-17,"6","MARCKSL1"
9.16848213902115e-22,0.787958406770076,0.474,0.222,2.47631534092822e-17,"6","BRCA2"
1.27300850638576e-21,0.752089482491899,0.163,0.044,3.43826867489731e-17,"6","HIST1H2AL"
1.68306077614458e-21,1.16685180880487,0.1,0.019,4.54577885028888e-17,"6","ICOS"
2.01731588299521e-21,1.32481980786988,0.269,0.1,5.44856846838176e-17,"6","TLR2"
2.35042540631039e-21,0.475844616209826,0.614,0.329,6.34826397990374e-17,"6","KIF20B"
2.40427589308897e-21,0.479346528945549,0.146,0.036,6.49370875964399e-17,"6","CD52"
2.97561109840497e-21,0.58548966507734,0.866,0.589,8.03682801568198e-17,"6","PHLDA1"
3.40407457835142e-21,0.75821478517614,0.36,0.154,9.19406502866934e-17,"6","LPIN1"
4.14132601426255e-21,1.0625210885037,0.531,0.301,1.11853074319217e-16,"6","COL5A2"
4.60279825086897e-21,1.113022281164,0.24,0.084,1.2431697795772e-16,"6","PIF1"
4.62797250580234e-21,0.37714291877479,0.563,0.296,1.24996909409215e-16,"6","DBF4"
5.55100784616436e-21,0.688021217848652,0.586,0.318,1.49927170917053e-16,"6","SOCS1"
6.18686879215546e-21,0.602528973810119,0.86,0.563,1.67101139207327e-16,"6","SDC4"
7.87066618983423e-21,0.797791505851977,0.331,0.137,2.12578823121233e-16,"6","KIF18A"
8.74796250250166e-21,0.385398705084384,0.583,0.302,2.36273719230067e-16,"6","TOP2A"
8.78373783704189e-21,0.968939321780065,0.194,0.06,2.37239975240664e-16,"6","GFPT2"
1.1117782841879e-20,1.39798854956974,0.231,0.081,3.00280196776309e-16,"6","AC239799.2"
1.56496521817477e-20,1.43013457347998,0.197,0.064,4.22681455776825e-16,"6","SERPINB9"
1.59862519904002e-20,0.51355739806315,0.366,0.158,4.31772680008718e-16,"6","KIFC1"
1.73703140878027e-20,0.388932368474553,0.434,0.196,4.69154813197464e-16,"6","NUF2"
1.77459127530638e-20,1.55979751975737,0.1,0.02,4.79299357547501e-16,"6","CCR7"
1.8239616552508e-20,1.09752114048368,0.149,0.04,4.92633803466688e-16,"6","LDLRAD4"
2.44392890818163e-20,0.646583527956936,0.217,0.074,6.60080758810775e-16,"6","CXCR4"
2.50327561642383e-20,0.275317740910534,0.657,0.352,6.76109711239913e-16,"6","ECT2"
2.63655219220309e-20,1.12946232815228,0.5,0.266,7.12106381592133e-16,"6","HEPHL1"
3.08576956046393e-20,0.562214540479164,0.526,0.283,8.33435500585702e-16,"6","TRIB1"
3.62868232826124e-20,0.439087762230481,0.711,0.417,9.80070810040078e-16,"6","UACA"
5.63110555541718e-20,0.882493079083886,0.106,0.022,1.52090529946263e-15,"6","PDE3B"
5.70089792556971e-20,0.503703837284977,0.363,0.157,1.53975552071712e-15,"6","YOD1"
6.64754602232585e-20,0.604725210216009,0.586,0.316,1.79543570516999e-15,"6","ARHGAP29"
7.0054333444149e-20,0.761186809280511,0.266,0.098,1.89209749199302e-15,"6","HLA-DMB"
8.68267893343542e-20,0.570512166736671,0.711,0.452,2.34510475313157e-15,"6","TNFAIP3"
9.62628180569869e-20,0.504007545449046,0.797,0.504,2.59996245290116e-15,"6","ATP1B1"
9.90163035688913e-20,0.614551646600034,0.363,0.163,2.67433134309219e-15,"6","MYLIP"
1.31297774551725e-19,0.428263769102195,0.726,0.424,3.54622159286753e-15,"6","ARL4C"
1.67803669533229e-19,0.960370994780136,0.566,0.332,4.53220931042297e-15,"6","GPRC5A"
1.74018681026101e-19,2.49146283426642,0.151,0.043,4.70007055583396e-15,"6","TFPI2"
2.98923738346258e-19,2.03268860249727,0.494,0.287,8.07363124899408e-15,"6","SERPINB2"
3.05372650853266e-19,0.55127772619305,0.489,0.25,8.24780992689587e-15,"6","DUSP4"
3.88449587577459e-19,0.752864158719081,0.803,0.561,1.04916349108796e-14,"6","IER5"
4.14366243643007e-19,0.562047653706503,0.926,0.658,1.1191617874554e-14,"6","FGFBP1"
6.30011209037712e-19,1.80976154383363,0.394,0.198,1.70159727448996e-14,"6","MMP3"
6.64948908714196e-19,0.64993694515287,0.366,0.165,1.79596050754617e-14,"6","HIST1H1E"
7.43478838340477e-19,1.76492145896287,0.191,0.065,2.00806199447379e-14,"6","SEMA7A"
7.80451793877955e-19,0.373247171585324,0.68,0.412,2.10792225008497e-14,"6","BHLHE40"
8.91581098688787e-19,1.91891765483479,0.191,0.064,2.40807138944854e-14,"6","LINC01127"
9.61479783669829e-19,0.619956102823343,0.363,0.169,2.59686074771384e-14,"6","PRDM1"
1.41797564493492e-18,0.658412240364475,0.126,0.032,3.82981041940473e-14,"6","TRBC2"
2.33140817825608e-18,1.07321067887729,0.143,0.04,6.29690034865184e-14,"6","SATB1"
2.42059969320098e-18,0.960759971033113,0.211,0.075,6.53779771136653e-14,"6","FOLR3"
2.81614542711466e-18,0.673952527193978,0.394,0.188,7.606127184094e-14,"6","FBXO32"
2.93616763673369e-18,0.794392877136274,0.386,0.188,7.93029517005403e-14,"6","AC007952.4"
3.27903545467581e-18,0.463801034307395,0.743,0.491,8.8563468595339e-14,"6","SOCS3"
3.83773526294459e-18,1.09179322790384,0.114,0.027,1.0365339171687e-13,"6","TNFRSF4"
4.2739040208717e-18,0.205328984810495,0.443,0.213,1.15433873699724e-13,"6","NDC80"
4.70461863819797e-18,0.769155914168953,0.314,0.138,1.27067044799089e-13,"6","CCNF"
7.0916527053445e-18,0.412071703561103,0.994,0.849,1.9153844791865e-13,"6","MT2A"
7.7249783757587e-18,0.437290610358919,0.657,0.388,2.08643940950867e-13,"6","GADD45B"
8.48459267043543e-18,0.780183356810928,0.577,0.346,2.29160363435791e-13,"6","TGFA"
9.08159111633688e-18,0.517217417227471,0.486,0.264,2.45284694461143e-13,"6","DUSP5"
1.02593084188989e-17,0.79389582232093,0.546,0.309,2.77093661086041e-13,"6","SOX9"
1.48532836678107e-17,0.519252505170378,0.466,0.252,4.011723385839e-13,"6","KCTD11"
2.32144789749561e-17,0.4497463132334,0.214,0.078,6.2699986263459e-13,"6","SLC39A8"
2.60189760669315e-17,1.11450687514179,0.211,0.078,7.02746524591753e-13,"6","AC092718.4"
3.38427257904042e-17,0.419850769001818,0.363,0.167,9.14058180873026e-13,"6","KIF14"
3.56678026063905e-17,0.335164390720337,0.431,0.216,9.63351680596002e-13,"6","SGO2"
7.05504554700006e-17,0.297936469218436,0.743,0.462,1.90549725178924e-12,"6","AC020916.1"
9.93964207877265e-17,0.538219002745421,0.697,0.427,2.68459792905571e-12,"6","FOSL1"
1.15177590123115e-16,0.464118792039709,0.546,0.312,3.11083153163522e-12,"6","CEMIP2"
1.28922697824819e-16,0.265378519380891,0.449,0.22,3.48207314555055e-12,"6","KNL1"
1.50533395836037e-16,0.350063527713844,0.489,0.268,4.06575648813553e-12,"6","KNSTRN"
1.70417996990224e-16,0.849333117052324,0.171,0.057,4.60281968070895e-12,"6","COL6A2"
1.82902216970939e-16,0.227624550792503,0.58,0.328,4.94000597816809e-12,"6","MAD1L1"
1.90643081045971e-16,0.98562147912134,0.271,0.126,5.14907897597062e-12,"6","IGFBP4"
2.09342177285072e-16,0.893126708395445,0.206,0.077,5.6541228662925e-12,"6","NR4A3"
2.22421081014239e-16,0.619425387050716,0.817,0.591,6.00737097711359e-12,"6","GADD45A"
2.33316508865683e-16,0.405847576760234,0.611,0.348,6.30164558795324e-12,"6","HMGA2"
2.68706612033229e-16,0.766143265025658,0.197,0.072,7.25749688440548e-12,"6","HIST1H3B"
3.00030541484637e-16,0.599559663771736,0.314,0.142,8.10352489495857e-12,"6","DTL"
3.08532403943525e-16,0.64731568610737,0.803,0.567,8.33315169811067e-12,"6","PMAIP1"
3.7443202632139e-16,0.355786934866862,0.28,0.12,1.01130345989144e-11,"6","NEK2"
4.33071657065821e-16,1.79031831921643,0.137,0.041,1.16968323856908e-11,"6","DAB2"
4.37228008857073e-16,1.22631161010373,0.714,0.467,1.18090912912207e-11,"6","CXCL8"
4.58911861035239e-16,0.460406375050122,0.194,0.07,1.23947504547008e-11,"6","BMP7"
5.89491426562065e-16,1.07038337838868,0.291,0.134,1.59215739400148e-11,"6","TRIB3"
7.00390000879612e-16,0.416505161046208,0.546,0.317,1.89168335337574e-11,"6","NXF1"
7.35464130931794e-16,0.415022418484163,0.363,0.178,1.98641507123368e-11,"6","FBXO5"
7.5677618533382e-16,0.294042761218611,0.626,0.363,2.04397679896811e-11,"6","SAMD9L"
7.70665079706955e-16,0.212598394282242,0.863,0.552,2.08148931378052e-11,"6","CTSL"
8.19949666146863e-16,0.213924462998864,0.44,0.228,2.21460205329606e-11,"6","RACGAP1"
8.49369572184027e-16,0.460225582565755,0.503,0.263,2.29406227751184e-11,"6","OASL"
1.61900345520994e-15,1.13482144205447,0.189,0.068,4.37276643217652e-11,"6","GATA3"
1.95723557667735e-15,0.287801575534626,0.854,0.571,5.28629756904785e-11,"6","CDK6"
2.55766420916312e-15,0.489283847242809,0.523,0.312,6.90799526252868e-11,"6","NR4A1"
2.72533631610546e-15,0.925081956682635,0.151,0.049,7.36086085616925e-11,"6","ENO2"
3.14265127773251e-15,0.467333666866248,0.443,0.238,8.48798683602772e-11,"6","RIMKLB"
3.458386378888e-15,1.01848616010731,0.186,0.07,9.3407557707386e-11,"6","RASD1"
3.65312692643151e-15,0.995916517681772,0.4,0.208,9.86673051559887e-11,"6","CD83"
3.89917867900868e-15,1.0783790035594,0.111,0.03,1.05312916941345e-10,"6","AIF1"
4.04457923399124e-15,0.7921478235062,0.414,0.214,1.09240040530869e-10,"6","ACKR3"
4.14305216136403e-15,0.258486068771748,0.503,0.266,1.11899695826281e-10,"6","ORC6"
4.68968999941623e-15,0.20116360580305,0.597,0.325,1.26663837194233e-10,"6","FLRT2"
6.06571497126726e-15,0.418719275199684,0.529,0.296,1.63828895658957e-10,"6","AGPAT4"
9.75449629054589e-15,0.444399353270319,0.163,0.056,2.63459190311354e-10,"6","POU2F2"
1.19400750906344e-14,0.87050172475145,0.24,0.102,3.22489488122945e-10,"6","MIR503HG"
1.26322489174039e-14,0.8031601688138,0.237,0.1,3.41184411010162e-10,"6","SLCO4A1"
1.77315419723726e-14,0.569709699395825,0.18,0.067,4.78911217131811e-10,"6","CTHRC1"
2.07380750694977e-14,0.946667506728812,0.129,0.039,5.60114669552064e-10,"6","IL23A"
2.64199054754959e-14,0.265289659839048,0.346,0.169,7.13575226987669e-10,"6","SESN2"
2.72488215254932e-14,0.600206788739794,0.797,0.544,7.35963420582045e-10,"6","JAG1"
3.25673867537594e-14,1.35715655365607,0.163,0.058,8.79612548832288e-10,"6","TRIML2"
3.43669658803776e-14,0.236759139152749,0.689,0.441,9.28217381463118e-10,"6","CFLAR"
4.67044268308575e-14,0.360092766079042,0.883,0.604,1.26143986427463e-09,"6","AREG"
5.00365640716909e-14,0.222460370872832,0.214,0.088,1.3514375590123e-09,"6","C15orf48"
6.21453087627293e-14,1.28259714562925,0.149,0.05,1.67848264437256e-09,"6","CTC1"
6.65924832175596e-14,0.357627082921435,0.237,0.101,1.79859637922307e-09,"6","HIST1H1B"
6.72920574330701e-14,2.14808883313481,0.134,0.044,1.81749117920979e-09,"6","C1QB"
8.9125887086597e-14,0.317928621123944,0.389,0.203,2.4072010843219e-09,"6","LRATD2"
1.1273696798549e-13,0.466074682249077,0.583,0.365,3.0449127683201e-09,"6","ITGB6"
1.23662627323708e-13,0.377307511280981,0.363,0.187,3.34000390138604e-09,"6","SLC11A2"
1.24465789897613e-13,0.977714752539641,0.2,0.08,3.36169651934463e-09,"6","AL021155.5"
1.29218294477635e-13,0.298693328883307,0.429,0.228,3.49005691554643e-09,"6","ATAD5"
1.39357193958204e-13,0.215243841546206,0.817,0.567,3.76389845161712e-09,"6","CKS2"
1.89808707581787e-13,0.764913186962382,0.177,0.067,5.12654338307648e-09,"6","NPHP1"
2.18040885020247e-13,0.413156026440791,0.497,0.284,5.88906626351184e-09,"6","GABRE"
3.15744107484945e-13,0.957418678956425,0.286,0.135,8.52793259906087e-09,"6","BATF2"
3.3804596058089e-13,0.656451348736857,0.637,0.426,9.13028334932926e-09,"6","SOX4"
3.46424890762691e-13,0.378881347247765,0.36,0.185,9.35658987460953e-09,"6","HIST2H2AC"
4.36053902867824e-13,0.693936970589173,0.489,0.305,1.17773798625571e-08,"6","EPCAM"
4.57270304743842e-13,0.672595131564135,0.249,0.112,1.23504136608264e-08,"6","APOL4"
5.14058876885568e-13,1.65757966448373,0.137,0.047,1.38842162058023e-08,"6","C1QA"
5.5148877826823e-13,0.923085477596218,0.191,0.078,1.48951604122466e-08,"6","MACC1"
6.14869074078677e-13,0.511501276614153,0.523,0.316,1.6606998821791e-08,"6","ADRB2"
9.5926238134099e-13,1.17478549398741,0.143,0.05,2.59087176576388e-08,"6","KANK4"
1.67848798142165e-12,0.360925720526197,0.674,0.444,4.53342818902174e-08,"6","HERPUD1"
1.68256157609265e-12,0.280197919354157,0.923,0.673,4.54443056086864e-08,"6","PHLDA2"
1.99703661127843e-12,0.56015486590838,0.571,0.339,5.3937961834019e-08,"6","ITGA5"
5.985657958249e-12,1.33651672695541,0.669,0.426,1.61666635794347e-07,"6","MMP1"
6.76896875378067e-12,0.352188321885655,0.574,0.369,1.82823077070862e-07,"6","SLC6A8"
7.28313483291417e-12,1.04765067507977,0.483,0.294,1.96710188702179e-07,"6","MMP10"
1.06613802384769e-11,0.540331971625074,0.789,0.571,2.87953218861021e-07,"6","DDIT4"
1.292754441211e-11,0.324253728444048,0.894,0.637,3.49160047026679e-07,"6","TNFSF10"
1.56749566122475e-11,0.232681016821237,0.86,0.634,4.23364903140192e-07,"6","KLF6"
2.08313899297201e-11,0.239018534588268,0.129,0.045,5.62635010611811e-07,"6","NOXO1"
4.00394312651832e-11,0.288366399908649,0.594,0.381,1.08142499904133e-06,"6","EPPK1"
4.13327258043442e-11,1.40523621746712,0.183,0.08,1.11635559124953e-06,"6","CCL4L2"
4.66296937524168e-11,1.55314739224293,0.12,0.043,1.25942139855903e-06,"6","CD86"
4.81786961745509e-11,0.85050759966312,0.114,0.039,1.30125840497844e-06,"6","RGS16"
5.07625914785097e-11,1.68726187886522,0.163,0.068,1.37104683324307e-06,"6","LYZ"
5.99080762453687e-11,0.29063067789445,0.929,0.759,1.61805723131116e-06,"6","SOD2"
6.05852829324666e-11,2.22304579868437,0.123,0.044,1.63634790672299e-06,"6","FCER1G"
8.13511342431279e-11,0.396193403982094,0.231,0.11,2.19721278477264e-06,"6","TSPYL2"
9.3262419458883e-11,0.400419345513165,0.426,0.25,2.51892468716497e-06,"6","NEFM"
9.59019699828749e-11,0.968946279705283,0.154,0.062,2.59021630726747e-06,"6","PDGFB"
1.03660881504783e-10,0.605070365918108,0.217,0.102,2.79977674856269e-06,"6","COL6A1"
1.09009656461818e-10,0.538831088613817,0.554,0.379,2.94424181137723e-06,"6","HBEGF"
1.39663519515613e-10,0.333855820371492,0.149,0.06,3.7721719985972e-06,"6","BCL2A1"
1.46971911797383e-10,0.715130339710031,0.157,0.064,3.96956436573553e-06,"6","PLXNA3"
1.71165683924534e-10,0.792793485123393,0.134,0.05,4.62301395711774e-06,"6","MECOM"
2.44508358768105e-10,0.223338740398384,0.674,0.446,6.60392626196774e-06,"6","DUSP6"
3.33545179738222e-10,0.390604432463035,0.657,0.439,9.00872175954965e-06,"6","EPHA2"
5.00769154717874e-10,0.540837720178804,0.269,0.14,1.35252740997751e-05,"6","AL355075.4"
6.70827504105027e-10,0.694033671149782,0.191,0.087,1.81183800583727e-05,"6","LINC02605"
7.88481916161491e-10,0.474439791980317,0.66,0.471,2.12961080736057e-05,"6","ATF3"
1.09610562225034e-09,0.38477531659202,0.291,0.156,2.96047167513595e-05,"6","LINC00707"
1.61248672687842e-09,0.809524478392397,0.506,0.332,4.35516540062593e-05,"6","CLDN1"
3.07405467847879e-09,0.519633379494219,0.657,0.462,8.30271428110338e-05,"6","EFNA1"
4.44635124205548e-09,0.839826373779664,0.111,0.042,0.000120091500696677,"6","AC040970.1"
5.17609358750832e-09,0.247162026807753,0.449,0.277,0.000139801111705012,"6","SUSD6"
7.72311408355266e-09,1.55803689361735,0.14,0.06,0.000208593588282674,"6","SPP1"
8.14336302526696e-09,1.21214749146888,0.114,0.044,0.000219944091949435,"6","FGF18"
8.68064261971621e-09,0.21780212408844,0.231,0.118,0.000234455476515915,"6","PARD6B"
1.18132595316194e-08,0.636908776899303,0.189,0.091,0.000319064326689509,"6","COL1A2"
1.801469383546e-08,0.768932814997615,0.237,0.128,0.000486558865801939,"6","CD14"
2.20862653782395e-08,0.473529586113393,0.154,0.07,0.000596527941600871,"6","ANKRD36C"
7.90312818402325e-08,1.2185344424633,0.106,0.043,0.00213455589122284,"6","DEPP1"
7.93444182377982e-08,0.802851468305874,0.1,0.039,0.00214301339218469,"6","CTSK"
1.18159937669196e-07,0.637753151356157,0.303,0.183,0.00319138175650731,"6","EDN1"
1.21224217001844e-07,0.374393103781433,0.303,0.173,0.0032741448770028,"6","SEMA3A"
2.90546402474977e-07,0.509608374556967,0.123,0.054,0.00784736778444666,"6","AC116366.1"
2.95386864836561e-07,0.67759114347381,0.2,0.107,0.00797810383237066,"6","SERPINB7"
4.29588386833283e-07,0.581024997551241,0.28,0.171,0.0116027527399801,"6","TMCC3"
5.87901510161231e-07,0.729605457182263,0.189,0.101,0.0158786318879447,"6","CRISPLD2"
1.32845089229112e-06,0.398156538363407,0.566,0.415,0.035880130149891,"6","ERRFI1"
1.39154114982231e-06,0.530685062968334,0.209,0.117,0.0375841349155508,"6","FERMT2"
1.4194623339139e-06,0.454497042180634,0.214,0.12,0.0383382581766804,"6","SHISA2"
1.43880905624161e-06,0.299178877918228,0.137,0.065,0.0388607938000297,"6","PCDH1"
2.24784537617658e-06,1.290423979178,0.131,0.066,0.0607120557651531,"6","SNAI1"
2.43002012995489e-06,0.24967176902083,0.186,0.101,0.0656324136899516,"6","NUMBL"
3.24150017238651e-06,0.716457502305234,0.183,0.101,0.0875496781559874,"6","SPOCK1"
3.65977132434001e-06,0.324550608103223,0.18,0.099,0.0988467636990994,"6","NR1D1"
5.13911333950339e-06,0.316771482428794,0.163,0.087,0.138802312186647,"6","MANCR"
6.48163208037987e-06,0.461880367283717,0.117,0.055,0.17506240085898,"6","CALML3-AS1"
6.7132089038252e-06,0.28784048171106,0.203,0.116,0.181317059283415,"6","GEM"
8.38292232876008e-06,0.987979838422173,0.126,0.062,0.226414349177481,"6","MIR3945HG"
1.3332246596919e-05,0.797186339940197,0.223,0.138,0.360090648336185,"6","IL1R2"
1.96073953479361e-05,0.204004513888954,0.814,0.647,0.529576140952405,"6","DUSP1"
2.07671510612201e-05,0.315810359861399,0.491,0.377,0.560899983012495,"6","ANO1"
2.34901061290936e-05,0.481234677890114,0.12,0.061,0.63444427644069,"6","GK"
5.81116253780314e-05,0.580605865806173,0.166,0.097,1,"6","CYP24A1"
6.26103248622599e-05,0.36894027364228,0.331,0.234,1,"6","OSR2"
7.14297777910569e-05,0.338842687870816,0.794,0.588,1,"6","ODC1"
0.000104954651177592,1.23134031325891,0.326,0.239,1,"6","ANGPTL4"
0.00018308597730451,0.492125994688888,0.2,0.125,1,"6","AC091271.1"
0.000405526080108876,0.228690307015617,0.834,0.673,1,"6","IER3"
0.000562070517263376,0.852403736634078,0.109,0.061,1,"6","CEMIP"
0.000935864619523118,0.2003389832001,0.737,0.512,1,"6","TIMP1"
0.0021375194512367,0.623615269049077,0.357,0.274,1,"6","MMP13"
0.00218233788439177,0.47118882350922,0.134,0.084,1,"6","HMOX1"
0,6.35370909065283,0.727,0.011,0,"7","MYH14"
2.40018197018889e-256,4.64302131923984,0.651,0.037,6.48265148328316e-252,"7","KLHDC7B"
9.83820643405928e-250,5.17447671920274,0.988,0.126,2.65720117577507e-245,"7","DEFB1"
1.42344805428029e-245,3.17311518161181,0.878,0.082,3.84459084980564e-241,"7","CASP14"
3.00496346417537e-228,6.23710236093619,0.291,0.004,8.11610582039125e-224,"7","STRA6"
1.21609183580016e-209,3.23511608547219,0.948,0.119,3.28454243931267e-205,"7","XIST"
1.86590754774048e-204,4.4217101902991,0.413,0.016,5.03962969569227e-200,"7","TCN1"
4.75456547585734e-187,3.90210538961353,0.628,0.053,1.28416058937431e-182,"7","PCSK5"
1.65553902067703e-179,3.77072552107768,0.61,0.052,4.47144534094659e-175,"7","PLXNA3"
5.70342283529248e-175,2.87587464986398,0.622,0.052,1.54043747358415e-170,"7","NCCRP1"
1.39567806492909e-172,2.83414701802677,0.773,0.095,3.76958688556698e-168,"7","CTSH"
7.64528330222273e-162,3.06478958547265,0.75,0.094,2.06491456709734e-157,"7","FUT2"
7.37936378459132e-160,3.91368079615558,0.663,0.073,1.99309236458027e-155,"7","ARC"
2.53097485114791e-155,1.43033973827626,0.773,0.095,6.83590997546538e-151,"7","KRT13"
4.86646912986724e-150,3.34554178397376,0.669,0.081,1.31438464728584e-145,"7","ANXA2R"
6.87311137717117e-146,2.69771946486921,0.895,0.152,1.85635865186016e-141,"7","SPINK5"
4.5312499896968e-145,3.86979610795483,0.552,0.052,1.22384530971721e-140,"7","MAB21L4"
1.11060883933422e-144,4.85407205862323,0.279,0.01,2.99964341415779e-140,"7","C20orf204"
1.09820425798033e-142,1.5026244305031,0.715,0.085,2.96613988037908e-138,"7","LCN2"
1.63745538313442e-138,2.9620954077856,0.756,0.109,4.42260324430777e-134,"7","SLC28A3"
2.20715967259695e-138,3.56399381695522,0.913,0.208,5.96131755971711e-134,"7","THBD"
8.64657725827575e-137,4.56851588894685,0.209,0.004,2.3353540516877e-132,"7","SLC1A1"
5.52450108809602e-136,2.93369865803888,0.703,0.096,1.49211249888385e-131,"7","MYADM"
1.63286083273805e-135,3.0609887583245,0.843,0.152,4.41019382314219e-131,"7","TMPRSS4"
1.57479313348334e-132,3.45179431615309,0.326,0.017,4.25335877422515e-128,"7","GAL"
4.82806385955335e-132,3.48460862074918,0.61,0.072,1.30401176782676e-127,"7","TTC9"
2.3881246295599e-131,3.08175916952636,0.924,0.197,6.45008581197834e-127,"7","ELF3"
1.75909199958651e-130,3.24971877868675,0.587,0.068,4.75113158168319e-126,"7","STEAP4"
3.48272968431625e-130,3.24071500749722,0.767,0.128,9.40650460436977e-126,"7","HSPB8"
6.3259809029542e-128,3.20435648776645,0.657,0.089,1.7085841820789e-123,"7","HCAR3"
1.00456474461986e-124,2.72021684905736,0.878,0.177,2.71322891874379e-120,"7","RHCG"
5.68200550636142e-124,4.32661977185814,0.43,0.036,1.53465286721316e-119,"7","OCLN"
1.0883080043017e-119,2.83391150806196,0.971,0.276,2.93941108881845e-115,"7","TMPRSS11D"
4.64593243933328e-117,4.06729039072901,0.988,0.425,1.25481989253953e-112,"7","AQP3"
4.13565128442693e-115,2.60455627802159,0.843,0.169,1.11699805541087e-110,"7","ZNF750"
1.46471430655487e-114,2.339848539643,0.669,0.102,3.95604687057405e-110,"7","LINC01133"
1.39168833230556e-111,2.62927845772613,0.89,0.205,3.75881101672408e-107,"7","NECTIN4"
1.6495690161886e-111,4.24979966079146,0.547,0.07,4.4553209558238e-107,"7","DUOX2"
2.23407052147633e-111,3.33925698858501,0.593,0.083,6.03400107145542e-107,"7","AL512274.1"
6.12592206598939e-111,3.15774019168468,0.808,0.18,1.65455029080308e-106,"7","AC007952.4"
1.97817090352704e-110,4.4383498269733,0.343,0.025,5.34284179333618e-106,"7","AP006623.1"
2.9790342277353e-110,4.35224036516991,0.593,0.085,8.04607354569028e-106,"7","APOBEC3A"
1.27798880468113e-109,3.31658190697426,0.744,0.137,3.45171996256327e-105,"7","CLDN4"
9.26985437309882e-109,2.46415066517462,1,0.324,2.50369496763026e-104,"7","PDZK1IP1"
8.52966094317028e-108,2.36206866234593,0.89,0.22,2.30377612414086e-103,"7","CAPNS2"
1.58600101213361e-107,2.60222923077911,0.517,0.06,4.28363013367166e-103,"7","S100A7A"
2.70020775590949e-107,3.43860796963556,0.442,0.045,7.29299112793594e-103,"7","AC116366.1"
2.34647712024778e-106,3.05765266131457,0.494,0.058,6.33760005407723e-102,"7","MTRNR2L10"
7.08496025935239e-106,4.00901344681236,0.977,0.525,1.91357691644849e-101,"7","LGALS7B"
9.41651052036696e-106,3.25381823734605,0.349,0.027,2.54330532644591e-101,"7","PRRX2"
3.25225377867351e-102,2.6917465644411,0.721,0.141,8.78401223081929e-98,"7","DHRS3"
2.56306623349318e-100,1.96228502494317,0.872,0.199,6.92258559004173e-96,"7","GRHL1"
3.1788110408156e-100,2.72071451154075,0.61,0.097,8.58565074013887e-96,"7","GRHL3"
3.761844575513e-100,3.81886152684348,0.39,0.037,1.01603660140031e-95,"7","FGF18"
2.42520552390982e-99,3.36723552999746,0.471,0.056,6.55023759952803e-95,"7","SNAI1"
1.03438317041484e-98,2.48366994547999,0.971,0.333,2.79376550497344e-94,"7","EHF"
1.13967960970838e-98,4.135950617739,0.238,0.012,3.07816065786135e-94,"7","PSG4"
1.21581196960273e-98,4.36307437144444,0.267,0.016,3.2837865487e-94,"7","FUT3"
6.11277650646175e-98,2.56669813006784,0.948,0.314,1.65099980663026e-93,"7","DUOXA1"
7.08075989906915e-98,2.70652039551225,0.547,0.079,1.91244244113959e-93,"7","LINC00519"
7.18819959949434e-98,2.6544955289198,0.715,0.135,1.94146082982743e-93,"7","PRSS22"
1.49756146326595e-96,1.26103293782027,0.506,0.061,4.044763756135e-92,"7","NDN"
2.18703211425407e-96,2.07619114270578,0.802,0.175,5.90695503738883e-92,"7","NOTCH3"
2.33811439845689e-96,2.526526494769,0.977,0.338,6.31501317879221e-92,"7","PLAAT4"
3.26135078535845e-96,5.24664165403577,0.134,0.002,8.80858233617463e-92,"7","PALM"
6.07228109438982e-96,4.74013359486386,0.221,0.01,1.64006240078375e-91,"7","SCNN1B"
9.5440556600005e-96,2.39830000990533,0.826,0.204,2.57775399320954e-91,"7","NOTCH1"
1.56955584408934e-95,2.75163338827188,0.959,0.371,4.23921337930091e-91,"7","CLK1"
4.71340178727724e-95,2.75428912758764,0.483,0.062,1.27304268872571e-90,"7","GATA3"
7.2884007704305e-95,2.19645439165479,0.733,0.147,1.96852416408557e-90,"7","MAP3K8"
9.44872999169351e-95,2.966830755845,0.866,0.251,2.5520074834565e-90,"7","RAB11FIP1"
2.93511407176545e-93,2.30044597814203,0.605,0.1,7.9274495964313e-89,"7","CDKN1C"
2.98026164923294e-93,1.76524162901022,0.756,0.162,8.04938868841325e-89,"7","CXCL16"
4.25836055154319e-92,2.39245886917074,0.733,0.162,1.1501406013663e-87,"7","SESN2"
5.83084274393718e-92,2.80286357230871,0.884,0.244,1.57485231670999e-87,"7","SPRR2D"
2.41676393857326e-91,4.21161444801355,0.192,0.008,6.52743772169251e-87,"7","CSF2RA"
4.11933789306524e-90,2.42092878133976,0.459,0.057,1.11259197153799e-85,"7","RASGRP1"
1.19677336479632e-88,2.4143921479147,0.767,0.185,3.23236518097837e-84,"7","CASZ1"
3.7804970890166e-88,2.54242123085607,0.919,0.352,1.02107445877249e-83,"7","DUOX1"
5.13086588012672e-88,2.3347963526503,0.477,0.065,1.38579556556343e-83,"7","BMP7"
7.01900461304993e-88,2.25896998790801,1,0.649,1.89576295593865e-83,"7","TACSTD2"
2.05499127657737e-87,2.71889398000082,0.442,0.057,5.55032593890781e-83,"7","MYL9"
2.99084939000972e-87,2.35201281859447,0.855,0.263,8.07798511747726e-83,"7","INPP1"
6.06062531831028e-87,2.28824911398953,0.616,0.11,1.63691429222242e-82,"7","CST6"
1.53673112046945e-86,1.7712090312409,0.971,0.308,4.15055708327593e-82,"7","CRABP2"
1.63348257001489e-86,2.26924946633743,0.605,0.105,4.41187307335322e-82,"7","APOL4"
8.98590357094218e-86,2.833985927725,0.465,0.063,2.42700269547577e-81,"7","TP53INP2"
1.81767007426745e-85,2.44261801533028,0.785,0.211,4.90934510358896e-81,"7","IRX3"
9.73777257205939e-85,1.43094836863758,0.959,0.267,2.63007499398752e-80,"7","SERPINB4"
1.3026705595134e-84,3.98546262893777,0.198,0.009,3.51838291418974e-80,"7","AP003327.2"
1.86171719052512e-84,1.95597562913077,0.802,0.204,5.0283119598893e-80,"7","FAM102A"
1.86444987497112e-84,2.57453390760971,0.971,0.382,5.0356926673095e-80,"7","SPRR1B"
3.57122499329204e-84,1.68249583304484,0.64,0.113,9.64552158438246e-80,"7","ANKRD22"
8.57375563128747e-83,2.38269710302638,0.965,0.387,2.31568565845443e-78,"7","GADD45B"
9.91381448018976e-83,3.44594230573403,0.279,0.022,2.67762215295445e-78,"7","FOXA1"
2.10678574212308e-82,2.37744233131116,0.977,0.44,5.69021761090024e-78,"7","CFLAR"
3.11279134102633e-82,2.36302502734939,1,0.66,8.40733813297801e-78,"7","CD24"
5.20307019618381e-82,2.54543917298849,0.994,0.563,1.40529722928729e-77,"7","IER5"
1.28331827732256e-81,2.39658299128264,0.669,0.147,3.46611433522049e-77,"7","CNKSR3"
2.28964130151643e-81,1.88571677263433,0.785,0.202,6.18409219126573e-77,"7","TENT5B"
2.43050701156443e-81,2.39976060766495,0.977,0.443,6.56455638753438e-77,"7","NFKBIZ"
1.0093272574013e-80,2.37501886352726,0.43,0.056,2.72609198951516e-76,"7","GGT6"
1.11655273416312e-79,2.27283394907349,0.564,0.098,3.01569727970117e-75,"7","BLNK"
2.37401308723003e-79,1.8447189153735,0.57,0.098,6.4119719472996e-75,"7","NEBL"
3.21780497130816e-79,2.23463020275142,0.767,0.196,8.6909694470062e-75,"7","LRATD2"
5.40956928762161e-79,1.20915961885562,0.762,0.157,1.46107056889372e-74,"7","ALDH3B2"
4.01413808648514e-78,2.08793533010498,1,0.494,1.08417855577877e-73,"7","LYPD3"
4.68245146182437e-78,2.70252885100236,0.919,0.366,1.26468331532414e-73,"7","MARCKSL1"
4.72846184810389e-78,2.14671669226786,0.547,0.094,1.27711026055438e-73,"7","AL033384.1"
8.65201222996394e-78,3.84337585061093,0.192,0.01,2.33682198319096e-73,"7","MB"
2.05469322202789e-77,2.7983643399336,0.157,0.006,5.54952092337513e-73,"7","DEFB4A"
3.03738000411417e-77,1.77071723294075,0.913,0.286,8.20365965311195e-73,"7","GBP2"
1.70377728865967e-76,3.56795087843202,0.913,0.347,4.60173207894091e-72,"7","KRT15"
4.47503825250312e-76,3.11896841540013,0.297,0.028,1.20866308161857e-71,"7","SOX18"
6.76088584704371e-76,2.75064481534335,0.442,0.065,1.82604765842804e-71,"7","RASD1"
9.44026414508783e-76,5.13055676103485,0.14,0.004,2.54972094294677e-71,"7","LINC00654"
2.501713241774e-75,2.35090481094862,0.942,0.406,6.7568772947074e-71,"7","C6orf132"
2.51166259462254e-75,1.59566480485778,0.93,0.294,6.78374950181601e-71,"7","TMEM79"
8.58809317098864e-75,3.04596035349027,0.733,0.213,2.31955808455232e-70,"7","POLG2"
2.33334909298592e-74,2.53359259353814,0.61,0.133,6.30214256524567e-70,"7","C1orf74"
7.42583213865513e-74,2.05599920212307,0.424,0.058,2.00564300232936e-69,"7","TMPRSS11A"
5.36484141008216e-73,2.0682238893106,0.797,0.219,1.44899001644909e-68,"7","SDCBP2"
5.77286449973463e-73,2.80875340981511,0.558,0.11,1.55919297273333e-68,"7","PARD6B"
8.69089571549026e-73,2.1262656561613,0.453,0.07,2.34732402379677e-68,"7","CBR3-AS1"
1.06175368769758e-72,1.99389142595833,0.657,0.156,2.86769053510239e-68,"7","FAM83C"
1.59675812246974e-72,2.24959971549685,0.953,0.429,4.31268401297852e-68,"7","APOL1"
2.31207839797272e-72,5.93051159249178,0.116,0.003,6.24469254508452e-68,"7","AC073476.3"
2.96870943595601e-72,2.55866541375862,0.773,0.225,8.01818731557358e-68,"7","OVOL1"
3.34180602992523e-72,1.583940512831,0.913,0.299,9.02588390622506e-68,"7","S100A7"
1.6254480846014e-71,2.84915814976471,0.785,0.249,4.39017273169991e-67,"7","GPCPD1"
8.33083315802515e-71,5.24068572910112,0.122,0.003,2.25007472765101e-66,"7","OR5AU1"
1.08525378258231e-70,2.15934476398902,0.831,0.281,2.93116194137657e-66,"7","TRIB1"
2.07393882290249e-70,3.24870351834174,0.593,0.126,5.60150136677734e-66,"7","KLK7"
4.0720462086381e-69,1.96715121062311,0.872,0.313,1.09981896049106e-64,"7","NXF1"
5.75294041436811e-69,1.8224728793034,0.988,0.478,1.55381167651668e-64,"7","TMEM40"
8.71298637007213e-69,2.34534161333567,0.942,0.444,2.35329048869278e-64,"7","TJP2"
9.00051954067411e-69,6.27074666532834,0.157,0.007,2.43095032274067e-64,"7","DHRS9"
2.09574462137167e-68,2.91170256328013,0.401,0.058,5.66039664786275e-64,"7","PCDH1"
2.36191652866389e-68,3.46838447862822,0.5,0.093,6.37930035226829e-64,"7","KRT80"
2.75266826517766e-68,1.81128384077086,0.674,0.166,7.43468171741834e-64,"7","CT69"
3.37431855581591e-68,4.15017866674541,0.221,0.017,9.11369698740319e-64,"7","RNF222"
4.57713387919734e-68,1.62494375853065,0.657,0.153,1.23623808943241e-63,"7","TMPRSS13"
6.95011198058177e-68,1.97746264031955,0.791,0.245,1.87715574483533e-63,"7","CCDC71L"
9.0252842957324e-68,2.96920028440773,0.18,0.01,2.43763903543436e-63,"7","NPPC"
1.21314534238724e-67,1.76246774336259,0.773,0.202,3.27658425525371e-63,"7","KLK11"
2.12389405012702e-67,4.01924288401668,0.198,0.013,5.73642543998806e-63,"7","GCNT3"
2.12856388295165e-67,1.90364356925817,1,0.896,5.7490381914641e-63,"7","S100A8"
7.01109747762402e-67,1.57686392948016,0.919,0.315,1.89362731773147e-62,"7","SERPINB13"
1.79583165723018e-66,1.64818447309884,0.366,0.048,4.85036172301299e-62,"7","BSPRY"
1.81064004061406e-66,2.42528584710114,0.971,0.582,4.89035768569453e-62,"7","LY6D"
2.07378670758762e-66,2.87745022143758,0.541,0.107,5.60109051852341e-62,"7","SCEL"
7.36449410429513e-66,5.5084821816533,0.116,0.003,1.98907621262907e-61,"7","SCNN1G"
8.98902375721217e-66,3.06573996973715,0.337,0.042,2.42784542658543e-61,"7","SLC39A2"
1.98445307375869e-65,2.76124799013273,0.384,0.056,5.35980930691485e-61,"7","SPOCD1"
3.78496055709463e-65,1.77512233803145,0.953,0.42,1.02227999686569e-60,"7","NRIP1"
3.91145311502922e-65,1.25697263385651,0.558,0.107,1.05644437183824e-60,"7","BICDL2"
9.10683331305285e-65,2.28197456819233,0.994,0.637,2.45966460952245e-60,"7","KLF6"
1.6415204309477e-64,1.65978538278159,0.977,0.514,4.43358253194665e-60,"7","CYBA"
1.70420898414588e-64,1.84901276984275,0.721,0.203,4.60289804527961e-60,"7","TMEM45A"
5.00901867867196e-64,1.45598574131299,0.994,0.417,1.35288585492251e-59,"7","SERPINB3"
5.29161372078481e-64,1.88535342942317,0.959,0.501,1.42921194984677e-59,"7","TUBB2A"
5.40036013150614e-64,1.93725061937357,0.814,0.267,1.45858326791849e-59,"7","PTGES"
6.65503716293426e-64,2.23752581438409,0.721,0.216,1.79745898733692e-59,"7","RALGPS2"
1.05387560215591e-63,3.16416600385022,0.93,0.429,2.84641261386291e-59,"7","EMP1"
1.08713833730992e-63,1.70057533401769,0.541,0.108,2.93625193524036e-59,"7","CEBPA"
2.65363895099205e-63,2.03714763381127,0.785,0.255,7.16721344273442e-59,"7","HCAR2"
2.79150686643213e-63,1.95575881840793,0.715,0.211,7.53958089554654e-59,"7","SOX7"
2.92253150613154e-63,2.31824732641294,0.919,0.397,7.89346534491068e-59,"7","ZBTB43"
3.123215543806e-63,2.37303372697354,0.657,0.158,8.43549286226561e-59,"7","CNFN"
1.80816324232067e-62,2.24458585580386,0.884,0.361,4.8836681011839e-58,"7","MXD1"
2.68915098561425e-62,1.87220764785382,0.988,0.602,7.26312789704552e-58,"7","HSPA1B"
5.84601572337432e-62,1.79030681138758,0.965,0.511,1.57895038672617e-57,"7","MPZL2"
6.58389294123343e-62,4.3354107650976,0.105,0.003,1.77824364449774e-57,"7","CYP2E1"
7.19269626013583e-62,0.732200853727705,0.802,0.21,1.94267533290009e-57,"7","CYB5A"
8.82894104469604e-62,1.99007592027797,0.651,0.174,2.38460868676195e-57,"7","RIPK4"
9.71663205627624e-62,2.16474777787146,0.791,0.261,2.62436515207965e-57,"7","KCNQ1OT1"
1.3108678603614e-61,2.13024433641989,0.872,0.363,3.5405230040501e-57,"7","ZNF185"
1.40416390943399e-61,1.93421324162736,0.564,0.124,3.79250630299025e-57,"7","KLF2"
4.46431042940929e-61,1.55394334876448,1,0.924,1.20576560387916e-56,"7","CSTB"
5.83766200896596e-61,1.92617115999294,0.785,0.263,1.57669413200162e-56,"7","ERBB3"
7.41931566648666e-61,1.29785840493407,0.663,0.154,2.00388296836138e-56,"7","SULT2B1"
1.36021695017062e-60,2.1159899647394,0.901,0.396,3.67380996071582e-56,"7","DENND2C"
1.4981393153231e-60,1.69190527288299,1,0.681,4.04632447675615e-56,"7","DNAJB1"
2.09448928705327e-60,4.56592068262167,0.116,0.004,5.65700611540219e-56,"7","FAM189A2"
2.74425628057084e-60,4.32878600382212,0.36,0.056,7.41196178819378e-56,"7","RNF39"
1.00562351676986e-59,1.85253169037044,0.994,0.525,2.71608855644372e-55,"7","FOSB"
1.58307390723766e-59,2.56459793599919,0.424,0.069,4.2757243160582e-55,"7","S100P"
2.57253370296641e-59,2.45658089391174,0.61,0.157,6.94815627834199e-55,"7","AC124319.1"
5.16168818509232e-59,4.05664409062374,0.285,0.034,1.39412036191158e-54,"7","BX255925.1"
6.00583808717388e-59,1.86102134529739,0.837,0.305,1.62211680896479e-54,"7","PPL"
9.21232408098225e-59,4.86024896514817,0.14,0.007,2.4881566110325e-54,"7","C5AR2"
2.86454722716054e-58,3.19319647919275,0.267,0.029,7.7368556058379e-54,"7","PLA2G2F"
6.90014711336611e-58,1.8649327473937,0.576,0.13,1.86366073384905e-53,"7","IVL"
1.51115523836348e-57,2.08584970105324,0.93,0.464,4.08147918329593e-53,"7","ADM"
2.68528945581673e-57,3.47151226210099,0.221,0.021,7.2526982912154e-53,"7","SYTL2"
3.57599777382173e-57,2.21200250600577,0.773,0.282,9.6584123873151e-53,"7","GABRE"
5.6030903430634e-57,1.97073622415415,0.983,0.7,1.51333867075799e-52,"7","ID1"
9.89333141080682e-57,1.66475603499924,0.953,0.513,2.67208988074481e-52,"7","KRT6C"
2.94986754693919e-56,0.793964963501761,0.942,0.384,7.96729725752806e-52,"7","PLCG2"
9.06059500474054e-56,1.68911260260057,0.488,0.097,2.44717610483037e-51,"7","PLA2G4E"
2.59819904269704e-55,1.37991396946048,1,0.851,7.01747579442043e-51,"7","KRT16"
3.05222533292527e-55,1.66524776751946,0.436,0.078,8.24375540169787e-51,"7","GLDC"
9.1115657953891e-55,2.25559804671136,0.36,0.056,2.46094280567664e-50,"7","CXCL17"
1.64611506844117e-54,1.5055357898204,0.547,0.125,4.44599218835275e-50,"7","STX11"
2.12678055209025e-54,1.64257260103754,0.994,0.567,5.74422159314056e-50,"7","GLTP"
3.74592833554702e-54,1.28476775549287,0.878,0.325,1.0117377841479e-49,"7","SERPINB6"
5.35255754266391e-54,0.851465564231509,0.605,0.138,1.4456722666981e-49,"7","SGPP2"
9.35975094725643e-54,1.90981029250344,0.57,0.136,2.52797513334449e-49,"7","CYSRT1"
1.19970608408527e-53,6.14667934026833,0.122,0.006,3.24028616250591e-49,"7","CEACAM5"
2.48930366968046e-53,2.86142175351516,0.273,0.034,6.72336028143995e-49,"7","TRIM72"
5.10334776386764e-53,1.61458365993736,0.331,0.05,1.37836319754301e-48,"7","LOX"
8.83519350989669e-53,3.50293149740143,0.186,0.015,2.386297415088e-48,"7","FA2H"
9.19471694504488e-53,2.31633360805172,0.465,0.1,2.48340109968717e-48,"7","EPB41L1"
1.02328614601213e-52,3.01378562701204,0.424,0.085,2.76379355176415e-48,"7","SRPX2"
1.56228877079937e-52,1.67960952311046,0.721,0.229,4.21958574105202e-48,"7","ANGPTL4"
4.56632401598108e-52,4.24117679966468,0.163,0.012,1.23331845347633e-47,"7","PADI1"
5.77668409382732e-52,4.37310489054281,0.395,0.077,1.56022460690182e-47,"7","ALDH1A3"
7.87451840800899e-52,1.8208252946937,0.971,0.598,2.12682867681915e-47,"7","ZFP36"
8.05965400487508e-52,1.03709610578852,0.866,0.303,2.17683195017671e-47,"7","METRNL"
1.1506277790383e-51,2.99886110970178,0.297,0.041,3.10773056840456e-47,"7","TMPRSS11F"
1.43790625648015e-51,1.45048231758225,0.994,0.653,3.88364100812723e-47,"7","NEAT1"
5.49705851427336e-51,1.65446346061591,0.721,0.229,1.48470053412009e-46,"7","ITPKC"
5.63308505387855e-51,1.66930968907655,0.802,0.308,1.52143994220206e-46,"7","CBX4"
1.28269735891466e-50,1.96235437384743,0.762,0.267,3.46443729669261e-46,"7","IL1RN"
2.14353920629678e-50,1.16457088765764,0.988,0.483,5.78948504228696e-46,"7","MTRNR2L8"
2.56442500279039e-50,2.32127555998532,0.779,0.277,6.92625549003657e-46,"7","SPRR2A"
5.84907976667898e-50,1.71865503409833,0.564,0.149,1.57977795418232e-45,"7","RGS2"
7.11128362087089e-50,1.82324253807744,0.692,0.241,1.92068659316102e-45,"7","FAM53C"
1.81174916740427e-49,3.17065960694793,0.244,0.029,4.89335332624219e-45,"7","ADGRE2"
5.20505935095103e-49,2.08779350693863,0.436,0.093,1.40583448009836e-44,"7","SLC25A23"
1.55331543565141e-48,1.9023447211961,0.831,0.365,4.19534966015088e-44,"7","IFRD1"
2.00645146070057e-48,3.19794000239347,0.285,0.041,5.41922475020616e-44,"7","CYP3A5"
1.80990941574777e-47,1.48504090480253,0.587,0.165,4.88838434099316e-43,"7","TTC22"
1.87192454756131e-47,1.01918003325283,1,0.89,5.05588101050835e-43,"7","PERP"
2.25424206747027e-47,2.38792050016126,0.703,0.237,6.08848240003046e-43,"7","HSPA6"
4.60922235904436e-47,2.39883490272124,0.471,0.116,1.24490486695429e-42,"7","IKZF2"
9.95869420546263e-47,0.7506656685885,0.866,0.299,2.6897437179534e-42,"7","GBP5"
1.09851270423923e-46,2.6629975106904,0.436,0.097,2.96697296287974e-42,"7","AC253572.2"
1.64708600668182e-46,1.96046101892157,0.61,0.182,4.44861459544693e-42,"7","HIST1H2BG"
1.80323436657312e-46,1.4198141315171,0.971,0.727,4.87035570067734e-42,"7","CTSC"
4.19185163223743e-46,1.99238663766465,0.302,0.049,1.13217720735101e-41,"7","CTC1"
5.68735153351321e-46,3.04858851489997,0.297,0.047,1.53609677568658e-41,"7","AL034417.3"
6.25490768621541e-46,1.59586937345996,0.907,0.417,1.68938801696992e-41,"7","PLK3"
1.11660862883655e-45,1.91957401273935,0.901,0.46,3.01584824562463e-41,"7","UGCG"
1.40542543695747e-45,0.975473449593255,0.57,0.151,3.79591356267843e-41,"7","KRT1"
1.43998023234737e-45,1.13690174686777,0.715,0.235,3.88924260954702e-41,"7","NSG1"
1.45978467266998e-45,1.80312491135604,0.43,0.092,3.94273242241435e-41,"7","WFDC5"
2.39632641961239e-45,1.4024147951597,0.924,0.434,6.47223802673111e-41,"7","HMGCS1"
3.10581325920452e-45,1.94837468055318,0.669,0.221,8.3884910317855e-41,"7","PLBD1"
4.28578895890021e-45,1.83379585369428,0.297,0.046,1.15754873990936e-40,"7","AL355312.4"
4.69048569733448e-45,3.30375015415237,0.25,0.033,1.26685328199307e-40,"7","LIPH"
1.64630250009935e-44,3.03886622912346,0.256,0.036,4.44649842251835e-40,"7","GSDMA"
1.85937614722457e-44,1.76957428505113,0.453,0.102,5.02198903603884e-40,"7","LRG1"
2.29844941191166e-44,1.55808433622383,0.953,0.509,6.20788201663219e-40,"7","IRF1"
2.98938531539926e-44,1.79710492538644,0.779,0.337,8.07403079836187e-40,"7","HAS3"
3.20287042796817e-44,2.21086034511524,0.785,0.338,8.65063273889923e-40,"7","RBM47"
5.04405623411024e-44,1.90448438183609,0.291,0.044,1.36234914827083e-39,"7","SMIM5"
5.60764148122985e-44,2.07555868999099,0.744,0.288,1.51456788766537e-39,"7","LMO7"
5.72055770364762e-44,1.61939349363297,0.913,0.47,1.54506543017819e-39,"7","MALL"
8.21269752153338e-44,2.13301103441333,0.36,0.069,2.21816747359095e-39,"7","FZD10"
9.61840367416996e-44,1.77333017640731,0.994,0.679,2.59783464835656e-39,"7","PHLDA2"
1.21823028446892e-43,1.46878685659857,0.82,0.365,3.29031817532211e-39,"7","LGALSL"
1.76761448353291e-43,1.50930492500323,0.971,0.594,4.77414995857405e-39,"7","GADD45A"
4.05696240586089e-43,1.32705762808666,0.948,0.454,1.09574497619897e-38,"7","NRARP"
4.86982604983761e-43,3.19891368411448,0.279,0.044,1.31529131780064e-38,"7","CCL26"
4.94201113499009e-43,2.06376910367566,0.738,0.319,1.33478778744947e-38,"7","MAFF"
5.89836231547624e-43,2.70959453970021,0.453,0.112,1.59308867778698e-38,"7","EPS8L1"
6.38923344764018e-43,0.767166983495042,0.855,0.344,1.72566806187314e-38,"7","KLK10"
6.39641717246085e-43,1.35926196903584,0.965,0.539,1.72760831410995e-38,"7","BAG3"
1.1026247893031e-42,2.7990736510475,0.535,0.162,2.97807929342874e-38,"7","NUAK2"
2.63363412707221e-42,2.13750286159586,0.785,0.333,7.11318241380934e-38,"7","GPRC5A"
2.86716914317762e-42,0.935481009442806,1,0.96,7.74393713880844e-38,"7","S100A9"
4.6969124662268e-42,0.8950471034007,1,0.993,1.2685890880032e-37,"7","KRT6A"
5.04479275818976e-42,1.95144425130975,0.448,0.11,1.36254807605947e-37,"7","BBC3"
7.68697287902218e-42,1.50710286955126,0.948,0.54,2.0761745048951e-37,"7","EGR1"
7.96749519768122e-42,1.25618315706136,0.721,0.243,2.15194077794172e-37,"7","GBP4"
1.15802058777894e-41,1.66001671786074,0.93,0.466,3.12769780553213e-37,"7","AC020916.1"
2.04563507475525e-41,1.69396147966689,0.965,0.648,5.52505577340646e-37,"7","DUSP1"
2.47056267359619e-41,1.02750996521075,0.622,0.19,6.67274272511596e-37,"7","GPT2"
4.40782370095053e-41,2.66410987773499,0.401,0.094,1.19050910338973e-36,"7","NR1D1"
5.96072398231194e-41,1.35473303301632,0.93,0.531,1.60993194038263e-36,"7","GJA1"
6.31080456660657e-41,1.81390251750658,0.686,0.242,1.70448520539477e-36,"7","PRSS8"
7.35536738611429e-41,3.55085122006916,0.227,0.031,1.98661117731561e-36,"7","AL603756.1"
2.37645994504696e-40,1.04616007523399,0.977,0.508,6.41858066557733e-36,"7","EPSTI1"
7.05328236529734e-40,1.45098497773435,0.436,0.103,1.90502103404316e-35,"7","ABCA12"
7.59809075734664e-40,1.0708455746092,0.971,0.526,2.05216833265175e-35,"7","PPP1R15A"
9.04127417005138e-40,1.01909651625525,0.948,0.569,2.44195774058918e-35,"7","DSC2"
3.63055562164004e-39,2.12314133440403,0.326,0.062,9.8057676784876e-35,"7","RNF223"
1.33210141346425e-38,3.28096770897377,0.43,0.11,3.5978727076256e-34,"7","MUC1"
1.38053824710909e-38,1.86603787539775,0.808,0.377,3.72869575161694e-34,"7","HBEGF"
1.68314804610157e-38,0.802007632036826,0.93,0.456,4.54601455771572e-34,"7","NABP1"
1.85126618430279e-38,3.054303950783,0.372,0.086,5.00008483718339e-34,"7","HAP1"
3.10650623669258e-38,1.01893133134171,0.843,0.328,8.39036269468299e-34,"7","SERPING1"
4.44718488170834e-38,3.23557773674925,0.262,0.044,1.2011401647006e-33,"7","SPRR1A"
5.73635111575226e-38,1.23318930647979,0.855,0.416,1.54933107285353e-33,"7","BHLHE40"
8.12634252345192e-38,2.18715914326672,0.535,0.17,2.19484385215913e-33,"7","PRDM1"
8.82272274334132e-38,0.843640420395054,0.529,0.152,2.38292918574906e-33,"7","LRATD1"
9.48098498918952e-38,0.645805163866131,0.919,0.367,2.5607192357302e-33,"7","RHOV"
1.11963439370974e-37,1.12618046652822,0.855,0.379,3.02402053397063e-33,"7","EPPK1"
1.26323243337433e-37,1.34723791866475,0.581,0.19,3.41186447930072e-33,"7","CD274"
1.40233371005919e-37,1.82874891442132,0.692,0.28,3.78756311749888e-33,"7","ARL5B"
1.49959865041396e-37,1.80458340162161,0.709,0.271,4.05026599490308e-33,"7","IGFBP3"
1.47874979492822e-36,1.44271747289879,0.645,0.236,3.99395532112164e-32,"7","CITED2"
4.52201049675252e-36,1.48461452282237,0.326,0.065,1.22134981506789e-31,"7","ATP10B"
9.33142855631745e-36,1.15545472638385,0.767,0.321,2.52032553877578e-31,"7","POU3F1"
1.1095327763378e-35,0.855516047906825,0.924,0.505,2.99673707561076e-31,"7","CA2"
1.3666418365431e-35,3.71251655551416,0.221,0.033,3.69116293631927e-31,"7","KRT78"
1.37623129998496e-35,1.49396699785676,0.564,0.187,3.71706311812937e-31,"7","FEM1C"
1.41146359278788e-35,1.24789013222412,0.953,0.525,3.8122220177608e-31,"7","KLF4"
1.58172148455169e-35,0.24600828913139,0.436,0.105,4.27207155762565e-31,"7","CDC42EP5"
2.37238062061802e-35,1.80227031361604,0.971,0.625,6.40756281822721e-31,"7","FAM83A"
2.63267907019771e-35,5.10780409696582,0.116,0.009,7.11060290069699e-31,"7","SPRR2F"
3.76393480068071e-35,1.78021416870028,0.517,0.164,1.01660115031585e-30,"7","MYLIP"
4.96520144183736e-35,1.16568490008456,0.715,0.292,1.34105125742585e-30,"7","FAM110C"
5.59886615264572e-35,1.03298196352934,0.36,0.08,1.51219775916808e-30,"7","GADD45G"
8.9496573008955e-35,1.60914557584773,0.424,0.113,2.41721294039886e-30,"7","SASH1"
9.40716470174013e-35,2.32696163163743,0.552,0.18,2.54078111429299e-30,"7","CLDN7"
1.27291621012372e-34,1.23982505798897,0.471,0.133,3.43801939192315e-30,"7","VLDLR"
2.82628053167461e-34,0.792837988282219,0.988,0.512,7.63350108799996e-30,"7","CD74"
4.17826310820288e-34,2.19986330673176,0.384,0.098,1.12850708289452e-29,"7","CRISPLD2"
4.32634562623315e-34,1.20495383656658,0.733,0.311,1.16850269018931e-29,"7","APOL2"
5.534672233255e-34,1.7445288772313,0.227,0.036,1.49485962347984e-29,"7","SOX21"
6.00712751782618e-34,0.871297599285028,0.82,0.325,1.62246507128967e-29,"7","ERAP2"
6.36153740954575e-34,2.47537259029978,0.227,0.036,1.71818763894421e-29,"7","SCNN1D"
6.61234280085617e-34,1.19316902988309,0.564,0.189,1.78592766708324e-29,"7","JAK2"
9.49385925295034e-34,1.32527243151274,0.779,0.358,2.56419644562936e-29,"7","CXCL1"
1.03199502027577e-33,1.162381476802,0.988,0.751,2.78731535026283e-29,"7","HSPA1A"
1.2014563016003e-33,1.91976921949298,0.762,0.367,3.24501332499226e-29,"7","ABL2"
1.275932979803e-33,0.993142028745931,0.965,0.574,3.44616738514993e-29,"7","GSN"
1.51215375422274e-33,4.41625830135755,0.128,0.012,4.08417607478021e-29,"7","GABRP"
1.90717667120693e-33,0.870197707460935,0.14,0.014,5.15109347126279e-29,"7","ZG16B"
2.16071442378706e-33,2.32721031541485,0.238,0.04,5.83587358720647e-29,"7","DEPP1"
3.91132845976313e-33,3.19183633022363,0.192,0.027,1.05641070369742e-28,"7","GCOM1"
9.02973167768228e-33,2.48794229724356,0.692,0.303,2.43884022882521e-28,"7","KLK5"
1.20712423816211e-32,0.924388627910236,1,0.897,3.26032185485205e-28,"7","KRT6B"
1.82282413734233e-32,3.42084469557819,0.163,0.02,4.92326571254789e-28,"7","DDR2"
3.79279265846392e-32,0.89394649536527,0.919,0.441,1.02439536912452e-27,"7","OAS1"
4.71378610867626e-32,1.14270776199012,0.878,0.433,1.27314649009237e-27,"7","TRIM16"
5.49508824043061e-32,0.766477521188824,0.988,0.546,1.4841683828579e-27,"7","KLK8"
5.50804122377269e-32,2.02789274987316,0.465,0.147,1.48766685412877e-27,"7","HS3ST1"
7.77122569538003e-32,3.92051534024217,0.169,0.022,2.09893034806519e-27,"7","KRT4"
7.81814093011774e-32,1.41626099600653,0.273,0.053,2.1116016838155e-27,"7","LY6G6C"
9.48066563033196e-32,3.24404767018214,0.535,0.2,2.56063298009636e-27,"7","PLAT"
1.35533388818646e-31,1.40818514972513,0.25,0.046,3.66062129860281e-27,"7","IL33"
1.36869007482975e-31,1.10274201431437,0.459,0.129,3.69669502310766e-27,"7","SYNGR1"
2.00825780649352e-31,1.02669235320972,0.971,0.594,5.42410350955835e-27,"7","GBP1"
2.29690831471965e-31,4.21405113638055,0.11,0.009,6.20371966722629e-27,"7","TMPRSS7"
1.28835140658849e-30,1.18330681734261,0.581,0.209,3.47970831405485e-26,"7","CTSS"
1.29134360181577e-30,0.690145330939159,0.424,0.118,3.48778993414421e-26,"7","LURAP1L"
1.61676730667778e-30,1.70400806687737,0.663,0.276,4.36672681860602e-26,"7","SUSD6"
2.03725639815036e-30,1.72709022105395,0.43,0.121,5.5024258057643e-26,"7","SPRR2E"
2.52693491331155e-30,0.724065299190347,1,0.785,6.82499850736318e-26,"7","PKP1"
3.76588594197999e-30,2.66459491781319,0.128,0.013,1.01712813406938e-25,"7","PLAC4"
5.30374078323948e-30,2.67844987188008,0.209,0.035,1.43248734814515e-25,"7","AC005005.4"
7.05143788798218e-30,0.508111185003647,0.599,0.216,1.90452285916511e-25,"7","OGFRL1"
7.5890730352103e-30,2.13172278507387,0.727,0.367,2.04973273607995e-25,"7","SLC5A3"
7.75409233406665e-30,1.18662546017518,0.89,0.47,2.09430279850806e-25,"7","ATF3"
7.92279556541176e-30,0.970840195865311,0.983,0.616,2.13986785426206e-25,"7","NFKBIA"
7.94131295919262e-30,1.61645416425575,0.831,0.441,2.14486921714833e-25,"7","EPHA2"
2.35817210586324e-29,1.03067253722185,0.762,0.344,6.36918704072603e-25,"7","ZFAND2A"
5.92148623113832e-29,0.998914140169887,0.843,0.446,1.59933421616815e-24,"7","IER5L"
7.06779417507152e-29,1.12539245366591,0.936,0.571,1.90894052874507e-24,"7","RAP2B"
8.30403506992065e-29,2.38360506375149,0.209,0.037,2.24283683203487e-24,"7","LMO2"
1.35556465629247e-28,0.986849646816302,0.459,0.143,3.66124458018034e-24,"7","EGR3"
1.5999375292066e-28,1.25586311743401,0.837,0.49,4.32127127263412e-24,"7","HES1"
1.61071449518225e-28,0.709809679884058,0.965,0.568,4.35037878003775e-24,"7","PNRC1"
1.70887075992257e-28,1.42407712500773,0.837,0.451,4.61548903547487e-24,"7","SLPI"
2.23666885810927e-28,0.550873393339628,0.686,0.289,6.04101891886733e-24,"7","GBP6"
3.14995572565354e-28,2.34180521117858,0.285,0.064,8.50771541941766e-24,"7","NDRG2"
3.71350933266819e-28,1.94147573205962,0.407,0.125,1.00298173566035e-23,"7","EID3"
1.07582112024036e-27,1.35631279616755,0.703,0.312,2.9056852636572e-23,"7","SOX9"
1.30672241543167e-27,1.02147211015729,0.616,0.254,3.52932657183941e-23,"7","ARRDC3"
1.39440071734243e-27,2.31772763022085,0.157,0.022,3.76613689747017e-23,"7","MMP7"
1.79483958486016e-27,1.39925851820952,0.384,0.109,4.84768223474881e-23,"7","TMEM184A"
2.25254915872602e-27,0.862151213858711,0.791,0.358,6.0839100228031e-23,"7","HERC6"
3.08472052839064e-27,1.96306690361925,0.326,0.085,8.33152167513027e-23,"7","AC108134.2"
3.3919351062803e-27,1.26436500749591,0.593,0.237,9.16127752855247e-23,"7","PELI1"
6.74867254887991e-27,1.09372474223578,0.64,0.271,1.82274896872698e-22,"7","AMOTL2"
6.91534830701176e-27,0.587805839593335,0.901,0.473,1.86776642424081e-22,"7","CDKN2B"
1.42256838084654e-26,1.39313406250004,0.5,0.181,3.84221493982842e-22,"7","ID2"
1.66876600358461e-26,0.783973602260387,0.628,0.252,4.50717009908167e-22,"7","CBR3"
2.04868389607934e-26,0.671246913246908,1,0.567,5.5332903349207e-22,"7","MX1"
2.49490178436343e-26,1.51796752302829,0.279,0.064,6.73848022938719e-22,"7","SAA2"
3.19425975673066e-26,0.884565713802431,0.994,0.643,8.62737617695385e-22,"7","TNFSF10"
3.46553976556821e-26,1.2319296030043,0.692,0.304,9.36007635282317e-22,"7","KDM6B"
5.73076489711167e-26,1.12863736420536,0.384,0.114,1.54782229106089e-21,"7","FOXQ1"
1.03470722336424e-25,1.58328383190415,0.116,0.013,2.79464073958447e-21,"7","AC136616.1"
1.0904830134543e-25,0.605191544687606,0.866,0.452,2.94528557103871e-21,"7","SNHG3"
1.09067024288448e-25,1.55413584313403,0.203,0.037,2.9457912590067e-21,"7","EPHB6"
1.59875422809957e-25,0.47111415949598,0.936,0.427,4.31807529467413e-21,"7","TRIM22"
1.81427419013978e-25,2.93196358925302,0.122,0.014,4.90017316014853e-21,"7","ATG9B"
1.92573132993014e-25,0.811385709919314,0.581,0.23,5.20120774900833e-21,"7","TNFAIP2"
2.84798616673484e-25,1.42119465693314,0.599,0.265,7.69212583773412e-21,"7","CPEB4"
3.38933043827032e-25,1.78598842732044,0.419,0.138,9.1542425807243e-21,"7","SECTM1"
5.62023196445702e-25,0.491428857600697,0.878,0.448,1.5179684512802e-20,"7","IFIH1"
8.64013704995838e-25,1.30146899464105,0.174,0.029,2.33361461582326e-20,"7","NPW"
9.09852954367853e-25,1.41963002122129,0.343,0.097,2.45742184445214e-20,"7","KCNK7"
9.70240180854272e-25,1.33109140561658,0.442,0.152,2.6205217044693e-20,"7","FAM43A"
1.2500012327924e-24,0.584890465185806,0.994,0.957,3.37612832964899e-20,"7","KRT5"
1.58083782228356e-24,0.805725051303207,0.779,0.371,4.26968487420566e-20,"7","ANO1"
2.43522770871934e-24,2.54360161033422,0.215,0.044,6.57730651848007e-20,"7","CH25H"
2.4680076841509e-24,3.10625130218602,0.14,0.02,6.66584195412316e-20,"7","AC036108.3"
2.63212312362915e-24,1.47556589003034,0.308,0.081,7.10910134460997e-20,"7","PGLYRP4"
6.34359873301148e-24,0.663335295224761,0.866,0.456,1.71334258179907e-19,"7","TNFAIP3"
6.96911710368042e-24,1.39305221430192,0.413,0.14,1.88228883853304e-19,"7","AL355075.4"
1.01210371323827e-23,3.598348884421,0.134,0.019,2.73359091908524e-19,"7","GPAT3"
1.01853767037419e-23,0.438720766786496,0.936,0.522,2.75096839391364e-19,"7","RAB25"
2.66970041018809e-23,0.904577721599237,0.599,0.255,7.21059383787702e-19,"7","KCTD11"
2.71981623291089e-23,0.506530454292611,0.93,0.427,7.34595166346902e-19,"7","IFI44L"
3.46626468318251e-23,0.611525209983483,0.419,0.134,9.36203428280764e-19,"7","ANK3"
5.33520895387673e-23,1.10196630876823,0.831,0.456,1.44098658635256e-18,"7","SLC20A1"
6.00053403772947e-23,0.478499175941879,0.86,0.444,1.62068423825035e-18,"7","AL627171.2"
7.22270878868738e-23,0.894178407926204,0.721,0.357,1.95078141673657e-18,"7","TENT5A"
8.1589893402633e-23,0.904490885573865,0.75,0.385,2.20366143091171e-18,"7","ZC3H12A"
8.79135063949711e-23,1.53850903996696,0.314,0.088,2.37445589422178e-18,"7","AJAP1"
1.06064572139962e-22,0.358425351408211,0.831,0.414,2.86469802892822e-18,"7","PGD"
2.01723147803934e-22,1.16460004730703,1,0.74,5.44834049903644e-18,"7","GJB2"
3.20530667435731e-22,0.809696736442236,0.651,0.285,8.65721279677166e-18,"7","CPA4"
8.98861214221268e-22,2.39223472566893,0.151,0.025,2.42773425349022e-17,"7","AL353135.2"
1.02710553713068e-21,0.800788500730293,0.407,0.134,2.77410934523625e-17,"7","IL36G"
1.22852444663469e-21,0.66691023540149,0.959,0.571,3.31812167791562e-17,"7","SDC4"
1.40318283882427e-21,2.10986437415024,0.203,0.043,3.78985652938048e-17,"7","HSD17B2"
1.44624520617075e-21,2.249753129115,0.297,0.087,3.90616367734657e-17,"7","PLEKHG2"
1.76836302180208e-21,0.556749889059904,0.983,0.647,4.77617168558524e-17,"7","DSG3"
2.25858167455556e-21,3.47269468000402,0.105,0.013,6.10020324480711e-17,"7","PTPRH"
2.76864298402571e-21,2.45170889482297,0.221,0.051,7.47782783555504e-17,"7","TRIM2"
3.81554700353215e-21,1.78550352695157,0.157,0.028,1.030541090184e-16,"7","LINC02154"
4.37178205414421e-21,0.535173332187933,0.884,0.461,1.18077461500381e-16,"7","EFNA1"
5.53529968733186e-21,0.730200794931277,0.953,0.616,1.49502909255146e-16,"7","CDKN1A"
5.81929162132978e-21,0.548530732420595,0.738,0.341,1.57173247400496e-16,"7","MX2"
8.16133349175058e-21,2.08321813099888,0.256,0.068,2.20429456278692e-16,"7","AC245014.3"
1.04350250710721e-20,0.879052752252439,0.68,0.346,2.81839592144586e-16,"7","RNF19B"
1.11167598940651e-20,0.969680463183112,0.378,0.127,3.00252567978803e-16,"7","CD14"
1.21381831886913e-20,1.26348444310822,0.227,0.054,3.27840189743363e-16,"7","AP000692.2"
1.28779823048102e-20,5.54512644481654,0.116,0.016,3.47821424070619e-16,"7","SLC6A14"
1.4089893172787e-20,1.13153509963216,0.576,0.267,3.80553924703803e-16,"7","FYB1"
1.57342535209241e-20,0.841087203886411,0.61,0.278,4.24966453346638e-16,"7","BMP2"
2.72624918929926e-20,1.84186166424079,0.395,0.15,7.36332643537836e-16,"7","PTAFR"
3.03390861999954e-20,0.311857034017016,0.628,0.267,8.19428379175675e-16,"7","OASL"
3.08988950087561e-20,0.601719480747877,0.953,0.641,8.34548255291493e-16,"7","MAL2"
3.67956279113779e-20,1.32432681644919,0.267,0.074,9.93813114258405e-16,"7","TENT5C"
4.2698714679732e-20,1.49348333990275,0.174,0.034,1.15324958478488e-15,"7","PCP4L1"
5.77102936494178e-20,1.8141922214177,0.128,0.02,1.55869732117712e-15,"7","CYP4X1"
5.86339578895143e-20,0.72841048472067,0.669,0.325,1.58364456863789e-15,"7","SOCS1"
1.37611579616578e-19,1.48066331819769,0.285,0.082,3.71675115386415e-15,"7","LYPD5"
1.49426127016087e-19,0.588936253257311,0.645,0.316,4.03585026457749e-15,"7","ABHD5"
1.63711798818407e-19,0.991626505366106,0.762,0.397,4.42169197428636e-15,"7","CD55"
2.18738455249083e-19,0.74324564955851,0.994,0.758,5.90790693782249e-15,"7","FOS"
2.71505280330312e-19,1.32460647266398,0.465,0.193,7.3330861164414e-15,"7","AC015912.3"
3.21128234518942e-19,1.23252034462221,0.68,0.364,8.67335248612212e-15,"7","DAPP1"
4.45193395311793e-19,0.501555701768486,0.36,0.121,1.20242284139762e-14,"7","TSLP"
6.47665058621079e-19,1.28798928376656,0.453,0.183,1.74927855682967e-14,"7","TNFSF9"
6.55839317097882e-19,0.250623460274523,0.901,0.478,1.77135641154967e-14,"7","ISG20"
9.39483594988648e-19,0.932232660466332,0.587,0.271,2.53745124170484e-14,"7","HEPHL1"
9.55846383522595e-19,0.413630538289377,0.965,0.654,2.58164549725618e-14,"7","CALML3"
1.01718634683383e-18,1.38944776464335,0.424,0.17,2.74731860416349e-14,"7","TMCC3"
1.34801310908577e-18,0.353500905637375,0.826,0.436,3.64084860632975e-14,"7","DDX58"
1.60213319719783e-18,0.57268587149,0.802,0.428,4.32720155231163e-14,"7","BTG2"
1.80950427430656e-18,0.921023248806879,0.471,0.192,4.8872900944746e-14,"7","FBXO32"
3.0797108703885e-18,1.13897699892851,0.506,0.231,8.3179910898323e-14,"7","OSR2"
3.69555801075096e-18,0.549459820107495,0.471,0.188,9.98133263123727e-14,"7","HIST2H2AC"
3.95145575558255e-18,2.02190764366725,0.331,0.116,1.06724868502529e-13,"7","RAET1E"
4.40467576303327e-18,3.45066920007361,0.11,0.017,1.18965887683765e-13,"7","DACT3"
1.38776834926795e-17,0.918674334023856,0.645,0.347,3.74822353453781e-13,"7","TMEM41A"
1.99746128103715e-17,0.737547213733832,0.308,0.103,5.39494317395324e-13,"7","COL6A1"
2.24726471512996e-17,0.963389267397907,0.767,0.486,6.0696372690945e-13,"7","DMKN"
2.50676361385761e-17,1.68093768251645,0.285,0.091,6.77051784466801e-13,"7","VASN"
2.96018619079126e-17,3.31057262286851,0.134,0.025,7.99516688270811e-13,"7","MUC4"
4.62102244506006e-17,1.71270488861437,0.122,0.021,1.24809195218627e-12,"7","AC019349.1"
6.62118985152649e-17,2.24567453203208,0.157,0.033,1.78831716699879e-12,"7","KRT23"
6.66299360093723e-17,0.344984614278895,0.593,0.291,1.79960794167714e-12,"7","SERPINB2"
7.06518178587754e-17,1.30215611598087,0.267,0.082,1.90823494854766e-12,"7","AL021155.5"
7.22808495964909e-17,2.17310628574916,0.14,0.027,1.95223346675162e-12,"7","CCL27"
9.8452634588926e-17,2.05331480476727,0.198,0.051,2.6591072076123e-12,"7","MECOM"
1.46247816401643e-16,0.895004897385102,0.849,0.513,3.95000727319198e-12,"7","ATP1B1"
2.34692598185279e-16,1.32076128237245,0.267,0.085,6.33881238438619e-12,"7","AC239799.2"
2.56289760617423e-16,0.382569145028995,0.599,0.288,6.92213014451597e-12,"7","LPAR6"
3.575691523084e-16,1.62411061293459,0.488,0.251,9.65758523469757e-12,"7","AC036176.3"
3.74729959488141e-16,0.67936653774277,0.448,0.201,1.01210814758152e-11,"7","MYLK"
4.2945513609547e-16,0.543876929076871,0.779,0.431,1.15991537708026e-11,"7","TXNRD1"
4.84950296554705e-16,2.10962551818402,0.116,0.021,1.3098022559646e-11,"7","PLA2G3"
1.00954436929987e-15,1.26186831852335,0.331,0.122,2.72667838704203e-11,"7","NFKBID"
1.04508582622432e-15,0.613501917799313,0.721,0.369,2.82267230804928e-11,"7","SAMD9L"
1.63413799013818e-15,0.400953414573188,0.936,0.64,4.41364329756422e-11,"7","NAMPT"
1.94051582393e-15,0.598684093519903,0.541,0.255,5.24113918885254e-11,"7","CLIC3"
2.03881205088927e-15,0.729528878842555,0.645,0.355,5.50662746824684e-11,"7","PIM1"
3.03195666009411e-15,1.5949104065224,0.477,0.232,8.18901174324818e-11,"7","ZNF426"
4.50274101000546e-15,0.674765722959722,0.244,0.075,1.21614531939237e-10,"7","LINC00520"
4.88547258907888e-15,2.20233447876675,0.221,0.066,1.31951729158431e-10,"7","AC010168.2"
5.10337314885712e-15,0.462488751801687,0.907,0.595,1.37837005377482e-10,"7","WARS"
5.98984393573371e-15,1.42416709822801,0.343,0.133,1.61779694860232e-10,"7","TRPV3"
6.93870121712109e-15,0.655050947267415,0.924,0.626,1.87407381173224e-10,"7","GJB6"
7.09485293599686e-15,0.376817881656842,0.913,0.54,1.91624882948339e-10,"7","PLAU"
1.2734624594963e-14,0.911155782701635,0.465,0.217,3.43949475685356e-10,"7","SLC8B1"
1.30892649842979e-14,1.14040149539194,0.215,0.063,3.53527957960902e-10,"7","SLAMF7"
1.35824817772866e-14,1.20653516660702,0.198,0.055,3.66849250322735e-10,"7","CALML3-AS1"
1.50855307892182e-14,0.999379850553072,0.378,0.163,4.07445101085994e-10,"7","KRT75"
1.72589224835431e-14,1.3446333660451,0.605,0.326,4.66146237358016e-10,"7","PLAUR"
1.80008579064158e-14,0.29754302530702,0.331,0.121,4.86185171194385e-10,"7","RORA"
2.20768876645561e-14,0.854997733863551,0.948,0.668,5.96274658931994e-10,"7","SAMD9"
7.89961336114362e-14,1.7093035989696,0.238,0.08,2.13360657271128e-09,"7","MACC1"
9.30357937505713e-14,0.870550221068335,0.151,0.036,2.51280375340918e-09,"7","ITGAM"
1.3395989211373e-13,0.226532669391091,1,0.993,3.61812272609973e-09,"7","SFN"
1.67315154444132e-13,1.34631848719837,0.413,0.197,4.51901500638157e-09,"7","XDH"
2.3017027723945e-13,1.45481772415249,0.326,0.134,6.21666901796031e-09,"7","AC103591.3"
3.52116896340173e-13,0.483579270662059,0.628,0.334,9.51032525325173e-09,"7","CLDN1"
4.20557341611951e-13,1.92607098816386,0.326,0.129,1.13588332395972e-08,"7","FAM25A"
4.26220728081385e-13,0.60196341015724,0.988,0.798,1.15117956447501e-08,"7","SAT1"
8.60332057112421e-13,1.16495965124707,0.349,0.151,2.32367085305494e-08,"7","SLC25A25"
9.10252183248407e-13,3.80806411633384,0.174,0.05,2.45850012173562e-08,"7","PRSS27"
1.34957177191677e-12,0.355256458732861,0.105,0.021,3.64505839877e-08,"7","CYP1B1"
1.86957958342726e-12,1.85157526332961,0.105,0.021,5.04954749687868e-08,"7","TGM5"
2.57620158165525e-12,0.953218938700146,0.337,0.139,6.95806285189266e-08,"7","BATF2"
3.34547082819145e-12,1.40531844277422,0.169,0.048,9.03578215986229e-08,"7","YPEL2"
4.21727698488994e-12,2.26464357319961,0.157,0.043,1.13904434084892e-07,"7","MYEOV"
4.33389281434562e-12,2.80960349084104,0.11,0.024,1.17054111022661e-07,"7","MUC20"
4.4847189403881e-12,0.221625058142699,0.436,0.2,1.21127773860942e-07,"7","ACSL1"
4.76386093470054e-12,0.76832063811401,0.773,0.499,1.28667119985327e-07,"7","SOCS3"
5.60644741201995e-12,1.56742647947436,0.267,0.103,1.51424538151247e-07,"7","ZBP1"
6.95749286057729e-12,0.236371635084112,0.581,0.31,1.87914924671332e-07,"7","H1F0"
9.02728622940541e-12,2.81075863136784,0.157,0.045,2.43817973770011e-07,"7","CEACAM1"
1.25165864078597e-11,1.02613759878243,0.703,0.476,3.38060482289883e-07,"7","CXCL8"
1.25268515771424e-11,0.452066121568938,0.872,0.576,3.38337734247038e-07,"7","DDIT4"
1.73085969153074e-11,1.22430940690549,0.18,0.056,4.67487894085537e-07,"7","Z99572.1"
1.83401210796775e-11,1.18864537388871,0.326,0.136,4.9534833024101e-07,"7","A2ML1"
1.84822860731269e-11,0.232466243683164,0.547,0.279,4.99188064549084e-07,"7","USP18"
2.47156300276674e-11,0.433112974841811,0.203,0.066,6.67544451417268e-07,"7","KLK13"
2.50457272938466e-11,1.84501115338843,0.151,0.043,6.76460048479503e-07,"7","AC040970.1"
3.13407934478348e-11,0.724951063468642,0.384,0.177,8.4648349023257e-07,"7","AATK"
7.89261234252929e-11,4.21596667136343,0.233,0.092,2.13171566759374e-06,"7","C15orf48"
1.00567898710576e-10,0.987447092445972,0.628,0.352,2.71623837627396e-06,"7","TGFA"
1.04116057739493e-10,0.412472294821118,0.419,0.198,2.81207060348597e-06,"7","HAPLN3"
1.310093082074e-10,0.371794616670793,0.494,0.26,3.53843040537367e-06,"7","KDM7A-DT"
1.31321904198153e-10,3.50826611736896,0.128,0.035,3.54687331048791e-06,"7","KLK6"
1.36428282405358e-10,1.63593196941301,0.145,0.042,3.68479147948632e-06,"7","PLAAT2"
1.46984288238198e-10,1.41288814541083,0.221,0.082,3.96989864102549e-06,"7","SCNN1A"
1.72949484119726e-10,1.41511628719073,0.302,0.135,4.67119261658967e-06,"7","CCNG2"
1.81708923088858e-10,0.488368690330216,0.779,0.494,4.90777630370695e-06,"7","TM4SF1"
2.0418720683134e-10,0.366434457687066,0.407,0.197,5.51489226930765e-06,"7","AC023157.3"
2.44576233689454e-10,0.283759583228366,0.843,0.517,6.60575949571845e-06,"7","MAFB"
3.60982896171786e-10,1.21926626130446,0.163,0.051,9.74978704270378e-06,"7","CLCA4"
3.61879458272528e-10,1.16771589320131,0.169,0.054,9.7740022884827e-06,"7","SDR9C7"
6.61966504026569e-10,1.01981621941655,0.163,0.052,1.78790533072536e-05,"7","AP001160.1"
8.4762243449268e-10,0.373996212900395,0.721,0.436,2.28934343332128e-05,"7","FOSL1"
9.70865874647379e-10,0.328120752819383,0.517,0.296,2.62221164083511e-05,"7","TGM1"
1.01902209417125e-09,1.87796526167343,0.215,0.083,2.75227677414713e-05,"7","HMOX1"
1.65093697989863e-09,0.987909159060707,0.535,0.321,4.45901568900821e-05,"7","CEMIP2"
3.01965122989579e-09,0.585993727058105,0.134,0.039,8.15577600682555e-05,"7","ALOX12B"
3.4314827540091e-09,0.249636444864144,0.471,0.239,9.26809177030318e-05,"7","CMPK2"
4.17928238330645e-09,1.41080265281287,0.186,0.068,0.000112878237890724,"7","CX3CL1"
4.29467907273656e-09,0.526463599802088,0.14,0.043,0.000115994987075542,"7","SERPINF1"
4.43864446282483e-09,0.31859228138939,0.5,0.262,0.000119883348296436,"7","CFB"
4.9326838319639e-09,0.297424842968919,0.302,0.139,0.000133226857617513,"7","CYB5D2"
5.24416647744316e-09,0.944768513880558,0.715,0.437,0.000141639692389262,"7","BPGM"
6.41824728942796e-09,1.25560229129045,0.267,0.12,0.00017335044104016,"7","AC016831.1"
1.11754351413979e-08,1.38344679291321,0.14,0.045,0.000301837327734016,"7","CD86"
1.21194427492119e-08,1.16844669197216,0.122,0.036,0.000327334029213463,"7","ACPP"
1.26654803398157e-08,0.405099423018008,0.384,0.194,0.000342081958498082,"7","SOX2"
1.38588173259389e-08,2.25211463062486,0.128,0.04,0.000374312797156285,"7","LRRC69"
2.13380736546735e-08,1.26451476709257,0.366,0.195,0.000576320031339078,"7","FAM214A"
3.52972682582727e-08,1.54449728875912,0.14,0.046,0.000953343918387688,"7","VSIG10L"
6.31868877124079e-08,1.82215244829906,0.413,0.232,0.00170661465022443,"7","RDH10"
7.48025611926418e-08,0.455385559036588,0.151,0.053,0.00202034237525206,"7","RDH12"
8.21008204145185e-08,1.52449759687042,0.302,0.161,0.00221746105857573,"7","TAF4B"
1.60833274673416e-07,0.303188049357355,0.913,0.647,0.00434394591565428,"7","SQSTM1"
1.88729571951675e-07,0.263883260884155,0.337,0.176,0.0050973970088428,"7","FAM83D"
1.90164564245497e-07,0.480725937464845,0.779,0.505,0.00513615471570662,"7","NT5C3A"
9.01431145301371e-07,0.739685338213303,0.256,0.126,0.0243467538034447,"7","SYNM"
1.14844231621914e-06,0.44479719609619,0.709,0.49,0.0310182785187627,"7","NCOA7"
2.17920714310134e-06,1.57441810780178,0.308,0.167,0.0588582057280242,"7","YOD1"
2.29879274005866e-06,0.725875178227893,0.215,0.103,0.0620880931162443,"7","NUMBL"
2.36918873724053e-06,1.17899606362735,0.36,0.204,0.0639894186041294,"7","ASS1"
2.54589375628629e-06,1.89409449388987,0.186,0.083,0.0687620444635363,"7","SLURP2"
4.67226409853329e-06,0.216055399960426,0.465,0.265,0.126193181037286,"7","RSAD2"
5.6242800868124e-06,0.448671111391135,0.122,0.045,0.151906180864716,"7","MUC15"
6.07910248327438e-06,0.62569663118036,0.128,0.049,0.164190478970758,"7","SLURP1"
6.45145008305524e-06,1.260458761848,0.116,0.043,0.174247215293239,"7","S1PR3"
7.81488394826572e-06,0.418073480009956,0.267,0.14,0.211072200558709,"7","ATF7IP2"
8.43952862046794e-06,0.475120477091166,0.128,0.05,0.227943228510219,"7","BBOX1"
1.34987316618316e-05,0.8661244570586,0.186,0.087,0.364587243454408,"7","IL36RN"
1.59570934246613e-05,3.63988983138451,0.128,0.052,0.430985136306677,"7","TMPRSS11E"
1.68082834532943e-05,0.285671531461268,0.192,0.09,0.453974927790025,"7","LINC02605"
2.38536393587444e-05,0.726949670508899,0.256,0.138,0.644262945440327,"7","RAET1L"
3.15537641147108e-05,0.42636714281895,0.308,0.187,0.852235614974224,"7","PXMP4"
6.47227163646762e-05,2.69113503845669,0.105,0.042,1,"7","SPRR3"
6.52013765150545e-05,2.45184522764169,0.134,0.061,1,"7","POU2F2"
6.77793157663212e-05,0.92991783164907,0.233,0.125,1,"7","IDO1"
6.83402770890472e-05,0.215864237577667,0.14,0.063,1,"7","MMP12"
0.000205806217910803,1.25068009679534,0.308,0.196,1,"7","SLC11A2"
0.000300324982766047,0.362642815997525,0.14,0.067,1,"7","GFPT2"
0.000326116328137901,0.690226996686099,0.157,0.079,1,"7","CRYAB"
0.000439503879379556,0.481266396008667,0.233,0.138,1,"7","CCDC80"
0.000598796181000849,2.27169448002048,0.134,0.068,1,"7","RNASE7"
0.000899659397309114,0.885888078875737,0.105,0.048,1,"7","APCDD1L-DT"
0.00116965422873615,0.747846135202476,0.192,0.111,1,"7","SERPINB7"
0.00143914946366057,0.995981124605288,0.134,0.071,1,"7","ICAM4"
0.00184401181469578,0.286142105621444,0.169,0.095,1,"7","PCSK9"
0.00300930584065058,0.720443537501321,0.186,0.109,1,"7","TLR2"
0,3.1066726850655,0.756,0.029,0,"8","MAGEA10"
0,7.69216886121618,0.512,0.002,0,"8","AP003900.1"
4.25590755929055e-288,4.86593720100671,0.369,0.004,1.14947807268879e-283,"8","SCN2A"
4.03264204282922e-249,2.24300180097425,0.775,0.048,1.08917628934774e-244,"8","MAGEA1"
2.94642526347975e-241,4.02997302799892,0.794,0.063,7.95799999413244e-237,"8","FBN2"
8.91864011309453e-225,9.18253455243609,0.212,0,2.4088355081457e-220,"8","LINC01297"
1.27776949887967e-221,6.5162912735191,0.238,0.001,3.4511276395241e-217,"8","LINC01608"
9.31431363201552e-205,3.95529984216256,0.562,0.033,2.51570296887107e-200,"8","PLAGL1"
3.2125472232067e-200,3.9053625032156,0.787,0.079,8.67676879515897e-196,"8","LUM"
7.65222262082729e-197,1.88211272578401,0.656,0.045,2.06678880765924e-192,"8","MAGEB2"
2.3386790398431e-196,2.48964333443695,0.45,0.019,6.31653821871224e-192,"8","PRAME"
2.09457175615479e-195,2.48882752614654,0.562,0.033,5.65722885619847e-191,"8","MAP9"
1.9425739467282e-169,4.15439268574711,0.438,0.023,5.24669797271819e-165,"8","NLGN4X"
1.73426638931278e-160,2.99448269100431,0.531,0.039,4.68408009089489e-156,"8","TMPRSS11E"
3.48841106326651e-155,2.08339703887258,0.881,0.111,9.42184944077651e-151,"8","MGST1"
6.75855367833505e-154,2.2269792716571,0.769,0.092,1.82541776298151e-149,"8","LCP1"
9.53101059173246e-150,2.97365852280725,0.869,0.124,2.57423065072102e-145,"8","XIST"
4.10369437756539e-149,2.87893326041008,0.575,0.053,1.10836681443664e-144,"8","CD38"
8.1249986878052e-149,3.6637693098891,0.338,0.015,2.1944808955893e-144,"8","LINC02582"
2.02539113596157e-145,2.70276729310426,0.556,0.048,5.47037891911859e-141,"8","WFDC2"
1.5572012630623e-136,2.82201254924269,0.438,0.03,4.20584489140496e-132,"8","ITM2A"
4.4212830378636e-134,2.27909778429684,0.963,0.174,1.19414433569658e-129,"8","SELENOP"
2.3425734693881e-128,2.18210980625435,0.7,0.093,6.32705668347032e-124,"8","WDR72"
6.0383573594198e-123,2.45166855920986,0.562,0.06,1.6308999392057e-118,"8","NDN"
1.74326766182762e-122,1.94042677610202,0.956,0.16,4.70839162783021e-118,"8","CTAG2"
6.90138209716243e-121,1.79890128156846,0.969,0.163,1.8639942906226e-116,"8","MAGEA4"
2.92883164111667e-115,3.12198360844862,0.494,0.051,7.91048137949202e-111,"8","SPP1"
3.99125243120289e-113,3.17299942471334,0.781,0.145,1.07799736914359e-108,"8","AL354953.1"
9.74087609836692e-107,3.69346977310253,0.375,0.03,2.63091322540792e-102,"8","TREM1"
1.35078799688135e-106,3.50042329488399,0.494,0.056,3.64834330077683e-102,"8","LINC02434"
1.48613933536363e-105,3.37809617133935,0.562,0.075,4.01391373088363e-101,"8","GLDC"
4.87266757764312e-103,3.12637927399588,0.275,0.015,1.31605878604563e-98,"8","ROS1"
3.07697823367042e-92,2.86945370382714,0.288,0.019,8.31061051132043e-88,"8","PDE3B"
2.46829692767521e-91,3.41476535465895,0.394,0.04,6.66662317195797e-87,"8","LCAL1"
6.31316815164095e-91,2.850126537227,0.956,0.392,1.70512358607671e-86,"8","C1S"
1.01166733259925e-84,2.71117708638722,0.588,0.101,2.73241229861732e-80,"8","MYADM"
1.27485322996474e-84,2.48097429744328,0.45,0.058,3.44325108881177e-80,"8","RBMS3"
3.97224416208941e-82,3.33027840191256,0.644,0.134,1.07286342573873e-77,"8","MIR99AHG"
4.39740101022494e-76,3.18886003916333,0.306,0.028,1.18769403885165e-71,"8","SLC16A7"
4.40676090430727e-75,2.97556272379126,0.475,0.075,1.19022205264435e-70,"8","SLC39A8"
1.96223433591333e-74,2.44752944388354,0.756,0.205,5.29979871786832e-70,"8","NELL2"
5.70118995712244e-72,2.79462829943019,0.4,0.053,1.5398343955192e-67,"8","GPC6"
1.21316354836695e-68,2.50320431095895,0.919,0.402,3.27663342778431e-64,"8","COL12A1"
1.0594308120537e-66,2.02636956163131,0.969,0.46,2.86141668027583e-62,"8","SNHG25"
3.85655772424898e-66,1.26151496532547,0.55,0.102,1.04161767574241e-61,"8","CDC42EP5"
2.01111854953056e-61,2.02827625762524,0.931,0.476,5.4318300904271e-57,"8","GCLM"
3.22990068847963e-60,2.28698357317781,0.481,0.092,8.72363876951464e-56,"8","AC105460.1"
3.68662778589477e-56,1.34478367228479,0.456,0.082,9.95721298692319e-52,"8","TNIP3"
1.50255518493162e-55,1.23768076494666,0.562,0.128,4.05825129898181e-51,"8","MAGEA6"
5.5413595136651e-55,2.94934017740847,0.231,0.022,1.49666579104581e-50,"8","LIMCH1"
1.18069959250439e-54,3.56066144228202,0.162,0.01,3.18895152939511e-50,"8","VCAN"
1.52053335181002e-54,2.20458952517723,0.488,0.102,4.10680852990368e-50,"8","LRG1"
1.7063109723171e-54,1.56392487773757,0.994,0.792,4.60857530513126e-50,"8","CTSB"
1.0710830702507e-52,2.64100501221926,0.569,0.147,2.89288826444013e-48,"8","SLC47A2"
5.04897405330624e-52,1.35201665304943,0.294,0.036,1.36367740205748e-47,"8","TMEM132D-AS1"
2.8534772965394e-51,3.21659667455518,0.212,0.02,7.70695683022327e-47,"8","ELOVL4"
2.93065306026555e-50,1.39734944575011,0.787,0.281,7.91540085047123e-46,"8","GSTM3"
4.74426031237649e-50,2.53836434565776,0.662,0.214,1.28137726776977e-45,"8","ACKR3"
1.33324916564259e-49,2.19962561843849,0.925,0.532,3.60097267148408e-45,"8","GJA1"
2.77885557214094e-49,2.11302672892846,0.894,0.458,7.50541101479547e-45,"8","NABP1"
1.57328297179586e-47,1.58723344742108,0.5,0.12,4.24927997852344e-43,"8","APOE"
2.94898483059178e-47,2.78069307333445,0.412,0.083,7.96491312894534e-43,"8","CA9"
6.12917996830227e-47,1.70259465858443,0.944,0.611,1.65543021763876e-42,"8","MT-ND6"
6.60049213729588e-47,2.23269742038293,0.756,0.302,1.78272692136224e-42,"8","COL5A2"
7.39987994449147e-47,1.73479470924049,0.556,0.146,1.9986335742077e-42,"8","PCSK1N"
8.47452472363e-46,3.29815973370877,0.156,0.012,2.28888438260523e-41,"8","AC136616.1"
2.31427060616332e-44,1.5670106898023,0.731,0.276,6.25061348018652e-40,"8","AKR1C3"
4.94442441465941e-44,3.14254085602276,0.144,0.01,1.33543959015536e-39,"8","MME"
5.0589913137926e-44,1.83835106384441,0.794,0.321,1.36638296394224e-39,"8","ITGAV"
6.39394142097184e-44,2.15787061804197,0.625,0.205,1.72693963839029e-39,"8","AKR1C2"
1.19350543534852e-43,1.37231965843301,0.781,0.288,3.22353883033282e-39,"8","SAA1"
5.63549301954777e-42,1.94235921472377,0.825,0.454,1.52209030964966e-37,"8","SNHG3"
1.32845380610331e-41,2.47632457761302,0.25,0.034,3.58802088490443e-37,"8","SFRP1"
1.55232227182484e-41,1.95640499845346,0.812,0.43,4.19266722397171e-37,"8","GLIPR1"
6.06207589560177e-38,1.29893322896371,0.931,0.481,1.63730607864308e-33,"8","NEFL"
4.85949766123824e-37,1.18849420902985,0.769,0.322,1.31250172332384e-32,"8","SERPINB13"
9.87031404372881e-37,1.42586744181389,0.988,0.784,2.66587312007072e-32,"8","CXCL14"
3.61392755723543e-35,2.00049981140204,0.625,0.253,9.76085693933718e-31,"8","LINC01322"
2.11276978007229e-34,4.12724501347873,0.1,0.006,5.70637989899724e-30,"8","ITIH5"
2.05528467170319e-33,1.50629792079532,0.662,0.272,5.55111836980315e-29,"8","AKR1C1"
2.23534829305764e-32,1.24377387563624,0.325,0.07,6.03745220471938e-28,"8","TNFRSF18"
3.10039727068074e-32,2.34305313350927,0.162,0.019,8.37386298838162e-28,"8","CYP1B1"
1.04688732512333e-31,1.33223609095378,0.9,0.514,2.82753797642561e-27,"8","PRSS23"
1.49571234183787e-31,2.03295495445043,0.312,0.068,4.03976946406991e-27,"8","ANKRD36C"
3.27661235323732e-31,1.37566748045028,0.637,0.277,8.84980230485868e-27,"8","SNHG9"
6.18511720464406e-31,2.49099579099405,0.569,0.245,1.67053830580231e-26,"8","SLC7A11"
2.52703769127254e-30,1.10235894409581,0.925,0.556,6.82527610035801e-26,"8","ERO1A"
3.2912664968731e-30,0.80095988416155,0.531,0.182,8.88938168140455e-26,"8","MAGEA3"
1.250219311411e-27,0.662982936742413,0.875,0.45,3.37671733818998e-23,"8","SLPI"
7.66605071607356e-27,0.9603980273955,0.944,0.654,2.07052363790431e-22,"8","SLC2A1"
1.12497798614097e-26,2.25906577375767,0.288,0.067,3.03845304276813e-22,"8","CTHRC1"
3.3236434655985e-26,2.23817673025669,0.225,0.043,8.976828636235e-22,"8","MSX1"
4.84945835192268e-26,1.0304085389901,0.969,0.728,1.3097902062708e-21,"8","CTSC"
1.05254243119256e-24,0.827146114577005,0.756,0.404,2.842811852408e-20,"8","CHCHD10"
1.10546274691631e-24,1.53623127495748,0.531,0.209,2.98574433314627e-20,"8","SLCO1B3"
1.70997883511624e-24,0.885157825927301,0.919,0.517,4.61848183576546e-20,"8","LAMB3"
2.06782765347791e-22,1.43013380366016,0.537,0.227,5.58499570927848e-18,"8","FSTL1"
3.22494107851749e-22,1.05149721507566,0.762,0.427,8.71024335896788e-18,"8","NRIP1"
4.8633941186334e-22,1.25539340552333,0.606,0.299,1.3135541175017e-17,"8","SPHK1"
1.17622255773867e-21,1.08804312932215,0.462,0.171,3.17685950619638e-17,"8","DPYSL3"
1.28034063858315e-21,1.42174450380912,0.369,0.12,3.45807203074923e-17,"8","LURAP1L"
2.88172631351921e-21,1.6888032897848,0.806,0.469,7.78325460018403e-17,"8","TNC"
3.79809773969948e-21,2.17124793722253,0.438,0.171,1.02582821851543e-16,"8","IL24"
6.1988957710789e-21,2.85158319174864,0.106,0.013,1.6742597588107e-16,"8","FDCSP"
1.00595170323779e-20,0.682988824590294,0.787,0.43,2.71697495527496e-16,"8","GPNMB"
1.00817609301719e-20,0.88774054350328,0.831,0.517,2.72298280963012e-16,"8","MPZL2"
3.45495337909464e-20,1.42317017364342,0.238,0.058,9.33148358159672e-16,"8","MSC"
3.48138150097806e-20,1.46425005255977,0.362,0.122,9.40286329599164e-16,"8","EPGN"
4.17698387968908e-20,2.12994641915868,0.25,0.065,1.12816157606522e-15,"8","PLXNA3"
8.05523384130708e-20,1.4182102808352,0.575,0.289,2.17563810819863e-15,"8","GABRE"
9.09677696919168e-20,0.790860759506588,0.762,0.442,2.45694849160898e-15,"8","GPX2"
2.26127442573676e-19,0.963143280995795,0.956,0.811,6.10747609647243e-15,"8","NDRG1"
3.23177813222768e-19,1.70046123346878,0.481,0.216,8.72870955733375e-15,"8","NOTCH1"
3.79476238256479e-19,2.4447068557106,0.219,0.054,1.02492737190692e-14,"8","LOX"
4.64812988563297e-19,0.577758494381337,0.525,0.23,1.25541340081061e-14,"8","HIST3H2A"
1.351904392817e-18,0.790846088798637,0.975,0.679,3.65135857455944e-14,"8","DST"
1.38562383391925e-18,2.14752315501593,0.275,0.081,3.74243141303251e-14,"8","ABCA13"
2.11101210917698e-18,1.68980638970059,0.512,0.248,5.70163260567609e-14,"8","FAM53C"
3.30676325965774e-18,1.6918659619983,0.125,0.02,8.93123688800958e-14,"8","SLC40A1"
6.15547762490931e-18,1.60699042552236,0.525,0.265,1.66253295171176e-13,"8","HCAR2"
6.60820411988828e-18,0.935871319434369,0.713,0.431,1.78480985074063e-13,"8","SOX4"
1.05105963737579e-17,2.13261899206518,0.444,0.201,2.83880697458827e-13,"8","FAP"
1.30876301902126e-17,1.53930505259093,0.375,0.142,3.53483803807452e-13,"8","ZDHHC21"
1.52491199757011e-17,2.03958270596129,0.138,0.025,4.1186348142371e-13,"8","IQGAP2"
1.56033576546103e-17,0.840253830295802,0.7,0.385,4.2143108689337e-13,"8","EPPK1"
2.55356805983215e-17,0.74419581104914,0.656,0.334,6.89693197280065e-13,"8","SERPINB6"
5.5062329217173e-17,2.3470814416241,0.275,0.088,1.48717844982663e-12,"8","LINC02605"
1.06745015301936e-16,0.985277466278298,0.388,0.146,2.88307611828998e-12,"8","SGPP2"
2.4247769938923e-16,1.14304838023216,0.537,0.262,6.54908018280371e-12,"8","CFB"
4.04554401486115e-16,0.898117637394917,0.412,0.174,1.09266098297385e-11,"8","CXCL16"
4.47167667631216e-16,1.2516491819741,0.55,0.29,1.20775515350515e-11,"8","LRRC75A"
6.0533277794468e-16,0.597076114234427,0.512,0.241,1.63494329995079e-11,"8","IFITM2"
1.47626936284276e-15,2.17813183982295,0.344,0.135,3.98725592210201e-11,"8","CCDC80"
2.26069621199215e-15,2.31170195041981,0.25,0.081,6.1059143989696e-11,"8","LINC02657"
2.34533099436072e-15,0.684152008257294,0.8,0.489,6.33450448266887e-11,"8","PMEPA1"
5.64515068269424e-15,3.14021112762937,0.106,0.018,1.52469874788889e-10,"8","AC010624.5"
1.6677448130636e-14,0.576230234006996,0.988,0.967,4.50441196560347e-10,"8","FTL"
2.37531589733401e-14,1.22970245033849,0.556,0.32,6.41549070710943e-10,"8","ABHD5"
3.20284768658658e-14,1.97450266838838,0.3,0.111,8.6505713167017e-10,"8","LUCAT1"
3.2829302588142e-14,1.43668018300595,0.606,0.346,8.86686633603127e-10,"8","PLOD2"
4.75107052274333e-14,1.31673753586214,0.581,0.336,1.28321663748775e-09,"8","CLDN1"
5.39020091910142e-14,1.3850427957419,0.619,0.372,1.4558393662401e-09,"8","ITGB6"
5.76152696421569e-14,1.28769909434452,0.362,0.154,1.55613081776501e-09,"8","DHRS3"
1.06305244796496e-13,2.15480295150271,0.219,0.067,2.87119835670856e-09,"8","PCSK5"
1.88231669692329e-13,0.720810226037936,0.681,0.391,5.08394916672012e-09,"8","BCAM"
2.65996140837538e-13,0.73549861847446,0.319,0.122,7.18428976788107e-09,"8","RORA"
3.40449292647677e-13,0.925219809793434,0.662,0.423,9.19519494512111e-09,"8","BHLHE40"
4.81524587922642e-13,1.78123229996185,0.275,0.103,1.30054975952026e-08,"8","HCAR3"
1.02580606827393e-12,1.69433779344315,0.162,0.043,2.77059960980105e-08,"8","LDLRAD4"
2.10719167891808e-12,0.872627821879217,0.594,0.372,5.69131400558985e-08,"8","SLC5A3"
2.28167109202258e-12,0.508323426320425,0.475,0.221,6.1625654524438e-08,"8","NECTIN4"
2.57933945328127e-12,0.439880002106972,0.938,0.651,6.96653792936737e-08,"8","TACSTD2"
2.62825401113771e-12,0.627531957238515,0.55,0.311,7.09865125868184e-08,"8","SELENOM"
2.91510114930754e-12,0.715258515231566,0.388,0.179,7.87339669416473e-08,"8","EPHX1"
3.06233190849825e-12,1.18766539210047,0.644,0.395,8.27105225166292e-08,"8","PLCG2"
7.04349305530239e-12,0.82020042137748,0.85,0.643,1.90237703930662e-07,"8","KLF6"
9.42786430989375e-12,0.597933393744647,0.931,0.649,2.5463718714592e-07,"8","DSG3"
1.135441124049e-11,0.422223355946065,0.731,0.502,3.06671293194395e-07,"8","HES4"
1.67078147147069e-11,0.902027427108496,0.537,0.322,4.51261367629517e-07,"8","HK2"
2.74495559037889e-11,0.634052206148271,0.625,0.336,7.41385055405434e-07,"8","SERPING1"
3.59196773986006e-11,0.2289339174108,0.494,0.264,9.70154566858804e-07,"8","RAB11FIP1"
3.59431583987191e-11,1.35647160562193,0.475,0.266,9.70788765191004e-07,"8","HILPDA"
3.84248127224694e-11,1.05317336105289,0.488,0.282,1.03781576682118e-06,"8","DRAM1"
4.02709990994646e-11,1.27881954303461,0.306,0.134,1.08767941467744e-06,"8","TREM2"
4.93751973161746e-11,0.893815972420759,0.319,0.138,1.33357470431256e-06,"8","ANK3"
5.0338535492867e-11,0.784617293609838,0.644,0.41,1.35959350512684e-06,"8","MAF"
5.66047313272783e-11,0.258700601645885,0.912,0.553,1.52883718841846e-06,"8","TGFBI"
6.07107116717289e-11,0.643394014046808,0.856,0.586,1.63973561154172e-06,"8","LY6D"
6.16019915932247e-11,1.0043935562591,0.312,0.135,1.66380819094141e-06,"8","CCNG2"
8.6169104010726e-11,2.31261569951766,0.1,0.021,2.3273413302257e-06,"8","CD36"
1.06275088467066e-10,0.636815620786037,0.562,0.361,2.87038386440699e-06,"8","PLSCR3"
1.34926638957347e-10,1.04105163878533,0.144,0.039,3.64423359159899e-06,"8","NRN1"
1.95970166780899e-10,0.372981903311188,0.55,0.338,5.2929582345853e-06,"8","CREG1"
2.05797304499349e-10,0.339434605050093,0.713,0.422,5.55837939722292e-06,"8","LINC02802"
2.21514137726548e-10,0.495514153353118,0.85,0.649,5.98287534585635e-06,"8","SQSTM1"
2.40265950602371e-10,0.579369536074395,0.637,0.437,6.48934305981945e-06,"8","TXNRD1"
3.45119479099124e-10,0.378042137228233,0.762,0.474,9.32133201098823e-06,"8","PDPN"
3.64238483746394e-10,1.77073696704256,0.256,0.107,9.83771720750635e-06,"8","TLR2"
4.41533754310377e-10,1.58190112685619,0.238,0.094,1.1925385170169e-05,"8","IL20"
4.57669472648029e-10,1.04792761972591,0.281,0.125,1.23611947867506e-05,"8","TSLP"
6.9022865290192e-10,0.506676461137138,0.494,0.287,1.8642385686228e-05,"8","ARL5B"
7.93387481171308e-10,1.39327748277056,0.494,0.304,2.14286024789559e-05,"8","AMIGO2"
8.54395315570444e-10,0.657936455720228,0.438,0.242,2.30763630782421e-05,"8","SCAPER"
9.71469658043155e-10,1.36918281837189,0.338,0.165,2.62384239940876e-05,"8","KRT75"
1.04402807267969e-09,2.06476554873676,0.262,0.116,2.81981542150057e-05,"8","MUC1"
1.055460744631e-09,0.927786924291829,0.412,0.222,2.85069392517386e-05,"8","ARG2"
1.25411127667377e-09,1.88264002279926,0.462,0.274,3.38722914716817e-05,"8","MMP13"
1.36869182162848e-09,1.3916401320826,0.425,0.235,3.69669974103636e-05,"8","ASPM"
1.67434798818233e-09,1.16443652170392,0.331,0.164,4.52224648128165e-05,"8","CDCA2"
2.49575963185458e-09,1.25884194188093,0.406,0.23,6.74079718967604e-05,"8","KIF11"
3.0964303635178e-09,1.12186078688712,0.2,0.073,8.36314876882522e-05,"8","FLG"
3.4629501846941e-09,0.321020866628505,0.65,0.451,9.3530821538403e-05,"8","CFLAR"
4.15593636619936e-09,1.150515194416,0.456,0.284,0.000112247685314678,"8","SUSD6"
4.2995165147515e-09,2.18312931619062,0.1,0.025,0.000116125641546923,"8","IL13RA2"
4.69383761175124e-09,1.38463921114461,0.425,0.253,0.000126775860055789,"8","AC036176.3"
5.62812321517443e-09,1.18860785636321,0.269,0.118,0.000152009979918646,"8","FERMT2"
5.90280700723921e-09,1.2455989683171,0.175,0.062,0.000159428914458524,"8","TGM2"
6.60018163772055e-09,2.16459657190419,0.156,0.052,0.000178264305853194,"8","STC2"
7.51531190378671e-09,0.70233238207134,0.519,0.311,0.000202981059209375,"8","KDM6B"
9.0960300490188e-09,0.290123156850632,0.744,0.491,0.000245674675593949,"8","RAB32"
9.61054981508109e-09,0.936291495680063,0.181,0.066,0.000259571339955525,"8","MYL9"
1.05375340443016e-08,0.665272055750465,0.613,0.428,0.000284608257002541,"8","CKAP2"
1.52130409890174e-08,2.10096318985693,0.269,0.132,0.00041088902407237,"8","LOXL2"
1.62646709375453e-08,0.750991231294683,0.688,0.475,0.00043929249735216,"8","AC020916.1"
1.95257235614188e-08,0.635736912489693,0.562,0.372,0.000527370267670361,"8","CKAP5"
2.29026190427771e-08,1.51233055929996,0.206,0.084,0.000618576837726366,"8","SEMA3B"
2.33376818953769e-08,0.506966854579351,0.738,0.522,0.000630327450312235,"8","CYBA"
2.39201972534745e-08,1.89704068051371,0.162,0.058,0.000646060607619092,"8","CWH43"
2.96459596156911e-08,1.84567079521719,0.406,0.24,0.000800707723260201,"8","ANGPTL4"
3.11284746949745e-08,1.0530768139691,0.169,0.061,0.000840748973036566,"8","AC025164.1"
3.17457132394942e-08,0.808570578175652,0.406,0.237,0.0008574199688855,"8","RACGAP1"
3.35001184296123e-08,2.02130961203462,0.106,0.03,0.000904804698665399,"8","LTC4S"
4.21050227054155e-08,0.466642323130887,0.8,0.553,0.00113721455825057,"8","JAG1"
5.21547645764531e-08,0.406495632651683,0.569,0.379,0.00140864803644542,"8","SESN3"
8.08151720196595e-08,0.889974927524728,0.425,0.258,0.00218273698107898,"8","CHST2"
9.02060477506577e-08,0.871628430304018,0.425,0.261,0.00243637514369751,"8","KCTD11"
9.9090568251696e-08,1.47632882416056,0.269,0.131,0.00267633715791006,"8","ADAMTS1"
9.93702990577075e-08,1.37211162923586,0.488,0.325,0.00268389240724962,"8","ADRB2"
1.01019089243456e-07,0.73258678650537,0.531,0.364,0.00272842458137651,"8","TENT5A"
1.09803765466924e-07,0.512277730090991,0.75,0.578,0.00296568990149614,"8","RAP2B"
1.10371771063194e-07,2.33265926734989,0.15,0.054,0.0029810311646458,"8","STC1"
1.25496304183319e-07,0.376076315291456,0.594,0.423,0.00338952967968726,"8","PGD"
1.31624476872358e-07,0.649364075781812,0.525,0.343,0.00355504549584552,"8","KIF20B"
1.34783021149759e-07,0.690776649467238,0.55,0.366,0.00364035461823385,"8","TINAGL1"
1.67273604774212e-07,0.329102856096327,0.9,0.767,0.00451789279134669,"8","SOD2"
1.70794033151149e-07,0.881179168966071,0.644,0.456,0.00461297604137938,"8","ITGA2"
1.72113296670015e-07,0.769405577343244,0.531,0.366,0.00464860802976044,"8","DUOX1"
1.94784077096366e-07,0.961521567955318,0.469,0.306,0.00526092313829574,"8","MMP2"
2.28799772038207e-07,0.677777998485578,0.706,0.547,0.00617965304297994,"8","ARL6IP1"
2.42783139088851e-07,0.299671667131574,0.45,0.265,0.00655732980365078,"8","HERC5"
2.46719371080292e-07,1.09816681589304,0.35,0.207,0.0066636434935076,"8","PBK"
2.54935038246062e-07,0.400937626646398,0.85,0.658,0.00688554044798789,"8","CALML3"
2.70620705786329e-07,0.764719340819971,0.644,0.468,0.00730919464258297,"8","INHBA"
2.99521064711762e-07,0.892458685868728,0.225,0.102,0.00808976443679999,"8","BCAT1"
3.00134114732655e-07,0.560806268996859,0.65,0.47,0.00810632230481427,"8","AL161431.1"
3.93094910937129e-07,0.679686630334497,0.362,0.203,0.0106171004495009,"8","CCNA1"
4.16899249538946e-07,0.518934718941129,0.388,0.217,0.0112600318307974,"8","GRHL1"
4.17788307589246e-07,0.738955940574356,0.25,0.119,0.011284044399678,"8","SASH1"
5.30942052717562e-07,0.842849888849165,0.325,0.18,0.0143402139018486,"8","AURKB"
5.33037705935821e-07,1.13250570731289,0.394,0.23,0.0143968153996206,"8","KNL1"
5.97932732869773e-07,0.774830788104649,0.55,0.378,0.0161495651820797,"8","SLC6A8"
6.12476152852396e-07,0.796846399942152,0.606,0.419,0.0165423684123904,"8","NRG1"
7.50353470473284e-07,1.08710949185306,0.35,0.205,0.0202662968840129,"8","CCNA2"
7.67020399575084e-07,1.3718397950222,0.106,0.033,0.0207164539721234,"8","LCE3D"
7.82267379311247e-07,0.940362384018098,0.375,0.232,0.0211282596478175,"8","FILIP1L"
8.49715822684782e-07,1.19631755268592,0.194,0.086,0.0229499746548933,"8","KIF20A"
1.07787681107873e-06,1.14956968313454,0.388,0.242,0.0291123747904254,"8","DLGAP5"
1.08969840099432e-06,1.02005146631317,0.119,0.04,0.0294316641124555,"8","LMO2"
1.14804115410723e-06,0.604064309834252,0.537,0.394,0.0310074435312821,"8","NBR1"
1.34671232858341e-06,1.07437750617139,0.119,0.04,0.0363733532827093,"8","EPHB6"
1.3669637914126e-06,1.3505543759837,0.169,0.072,0.036920325042263,"8","NPHP1"
1.4875289420214e-06,1.16310536077114,0.325,0.195,0.040176669195056,"8","SLC11A2"
1.50814592021661e-06,0.466545429546261,0.775,0.551,0.0407335131591305,"8","PTHLH"
2.14139792872798e-06,0.420994737486258,0.162,0.067,0.0578370166570141,"8","AMTN"
2.2747067508045e-06,1.58698696292249,0.156,0.064,0.0614375546324787,"8","SPOCD1"
2.28817171012247e-06,1.24395034831233,0.388,0.24,0.0618012297186978,"8","DLL1"
2.424124421001e-06,2.67944883674797,0.1,0.033,0.065473176486816,"8","SLCO2A1"
2.47971257069016e-06,0.327270332155929,0.931,0.743,0.0669745568217704,"8","GJB2"
2.58287811990295e-06,0.982843694730631,0.475,0.316,0.0697609551404588,"8","TOP2A"
2.93073599267428e-06,0.755184846806812,0.331,0.196,0.0791562484261396,"8","FAM214A"
3.29671111264738e-06,0.990260343657274,0.269,0.145,0.0890408704414931,"8","C1orf74"
4.11045366682144e-06,1.16517465993242,0.362,0.221,0.11101924308718,"8","CENPE"
5.51502277894797e-06,0.716746923382692,0.369,0.229,0.148955250236606,"8","TACC3"
6.0298290332948e-06,0.885838986454507,0.138,0.054,0.162859652360259,"8","CTC1"
6.18865956411227e-06,0.285978849589246,0.531,0.361,0.167149506167108,"8","IL1A"
6.64261868037637e-06,0.93788841487934,0.312,0.184,0.179410487938285,"8","DEPDC1"
6.67567632545113e-06,0.423204047705311,0.269,0.145,0.18030334187411,"8","TAGLN"
7.17812838882863e-06,0.944374254772376,0.475,0.342,0.193874069653872,"8","PGF"
7.23596547611949e-06,0.852900553197905,0.325,0.192,0.195436191544511,"8","NOTCH3"
1.09908185469436e-05,0.955454230112843,0.119,0.045,0.296851018134399,"8","SATB1"
1.14973371373785e-05,0.494867246153929,0.35,0.209,0.310531578743456,"8","GOLM1"
1.51453635555679e-05,0.670258202619535,0.6,0.457,0.409061124272332,"8","NFKBIZ"
1.56958295006892e-05,0.559420977772561,0.225,0.113,0.423928658984114,"8","FUT2"
1.62472494758593e-05,0.388942636356094,0.562,0.397,0.438821961093484,"8","THBS1"
1.80594181541154e-05,1.18018570001036,0.306,0.189,0.487766824924503,"8","TNFSF9"
2.17640482274108e-05,0.320643149522136,0.706,0.577,0.587825178574139,"8","PNRC1"
2.30046656994197e-05,0.392486228991129,0.375,0.244,0.621333015875626,"8","ALDH3A1"
2.39975761306077e-05,1.09075793476796,0.294,0.177,0.648150533711584,"8","KIF14"
2.89046108134446e-05,0.305184335156665,0.319,0.189,0.780684633460325,"8","CLDN7"
3.16792857663697e-05,0.953973285519939,0.238,0.133,0.85562582926388,"8","CD14"
3.27788690321032e-05,0.399920134310876,0.231,0.123,0.885324473688076,"8","TUBA1A"
3.31267322522684e-05,1.63660197427761,0.362,0.257,0.894719911401517,"8","MIR222HG"
3.5625955031654e-05,0.222611504352536,0.725,0.545,0.962221419449942,"8","CLEC2B"
3.56845823030992e-05,1.18153601892997,0.312,0.194,0.963804883424406,"8","GTSE1"
3.7202394415008e-05,0.592265964236562,0.381,0.253,1,"8","PRSS8"
4.34825401521761e-05,0.977370350179797,0.325,0.201,1,"8","HAPLN3"
4.47043665198176e-05,0.681933542331143,0.406,0.278,1,"8","NCAPD2"
4.81132584130403e-05,1.21710894352568,0.431,0.318,1,"8","CENPF"
5.35210922462538e-05,0.838816715810594,0.369,0.248,1,"8","RIMKLB"
5.73262722863656e-05,0.538692395134224,0.606,0.49,1,"8","KPNA2"
6.30999497164995e-05,0.593472048212064,0.294,0.173,1,"8","ESCO2"
6.72351478398323e-05,0.298875445419204,0.438,0.314,1,"8","CUL2"
7.2557542341586e-05,0.933829999338656,0.281,0.169,1,"8","AC124319.1"
8.1751278692435e-05,0.419671418224758,0.45,0.308,1,"8","FEN1"
8.70665277755005e-05,0.641650526742396,0.288,0.173,1,"8","JADE2"
9.32052133379692e-05,0.981599101446683,0.325,0.207,1,"8","HMMR"
0.000113967540675773,0.747750754900934,0.456,0.329,1,"8","TPX2"
0.000120286046810204,0.930590826864685,0.312,0.205,1,"8","NCAPG"
0.000129923560609792,0.779696876145064,0.425,0.318,1,"8","RCAN1"
0.000134349250050696,0.953583626679646,0.231,0.135,1,"8","TNFAIP8L1"
0.000138934063412222,0.57964049588771,0.506,0.352,1,"8","EFEMP1"
0.000145774005547757,0.560532891640898,0.362,0.236,1,"8","KIF23"
0.000146836111212963,0.513719591762219,0.131,0.059,1,"8","CES1"
0.000164487580974174,1.1099815506667,0.225,0.128,1,"8","SLC28A3"
0.000165295542217749,0.245882499656118,0.625,0.475,1,"8","SMC4"
0.000173423022899302,1.03283746312635,0.256,0.156,1,"8","BUB1B"
0.000192522845867194,0.48113496909964,0.344,0.235,1,"8","RDH10"
0.000211508966176996,0.848101269512376,0.225,0.128,1,"8","NEK2"
0.000221580754644194,0.752277044203196,0.262,0.161,1,"8","BUB1"
0.00023634782282496,0.467341961671468,0.412,0.289,1,"8","ICAM1"
0.000252253536290353,0.880983630151231,0.112,0.048,1,"8","CYBRD1"
0.000261424431262259,0.427236213769671,0.562,0.448,1,"8","GPSM2"
0.000285055254866347,0.626715762894317,0.425,0.312,1,"8","CCNB1"
0.000317997028150828,0.649434976578592,0.3,0.206,1,"8","MYLK"
0.000340843078655438,0.345912370319192,0.244,0.146,1,"8","HSPB8"
0.000342671463327418,0.378633664173007,0.45,0.35,1,"8","RBM47"
0.000349155725611434,0.504497752619719,0.375,0.263,1,"8","GPCPD1"
0.000388207250441094,0.552504827461884,0.488,0.351,1,"8","ITGA5"
0.000444421571279043,0.585561164896302,0.537,0.43,1,"8","RESF1"
0.000445075331527644,0.217267622485874,0.588,0.455,1,"8","HERPUD1"
0.000450387745830428,0.455832286900165,0.444,0.317,1,"8","PRC1"
0.00052356455495605,1.72450576088063,0.106,0.047,1,"8","FGF18"
0.000562384584731375,1.88451273792729,0.169,0.092,1,"8","PIF1"
0.000605756688048407,0.362732271990055,0.306,0.2,1,"8","AURKA"
0.000612473185678965,0.837591829913998,0.325,0.227,1,"8","SGO2"
0.000690034395615289,0.750759420924701,0.362,0.258,1,"8","CDCA7"
0.000823370084748387,1.80036580867222,0.162,0.089,1,"8","AC239799.2"
0.000852894710690716,0.445029439796853,0.331,0.227,1,"8","POLG2"
0.000929919063809626,0.457516612358066,0.381,0.28,1,"8","KNSTRN"
0.00096910156240167,0.94311610320831,0.125,0.061,1,"8","OLR1"
0.000977574658658186,0.287701649534085,0.719,0.578,1,"8","DSC2"
0.000984615566374721,0.273471646883545,0.388,0.273,1,"8","CPEB4"
0.000985209432809946,0.74875161527807,0.275,0.187,1,"8","RIPK4"
0.000998485279855506,0.84409651407992,0.444,0.346,1,"8","SLC16A3"
0.00107106623952274,0.432341122513087,0.588,0.472,1,"8","HMGB2"
0.00112431686636002,0.570643736002671,0.106,0.049,1,"8","NOXO1"
0.00122562316323476,1.14657838688214,0.131,0.067,1,"8","GGT6"
0.00122939301750297,0.553209500332789,0.45,0.333,1,"8","MKI67"
0.00123004294164293,0.94417965709037,0.381,0.297,1,"8","TRIB1"
0.00126055998611205,0.81514226783695,0.444,0.341,1,"8","FLRT2"
0.0012863597097676,0.714363380050289,0.281,0.19,1,"8","ERN1"
0.00129745626331831,0.466358334436409,0.256,0.161,1,"8","CNKSR3"
0.00136020779270456,0.574902799124465,0.425,0.314,1,"8","EPCAM"
0.00137879034033967,1.2876680819216,0.206,0.128,1,"8","SYNM"
0.0014062237651649,0.722465673354003,0.288,0.198,1,"8","CIP2A"
0.00146723608322119,0.43019735888158,0.356,0.257,1,"8","NCAPD3"
0.00148807719551013,1.55048372471251,0.162,0.095,1,"8","SRPX2"
0.00157519101905739,0.284477753613243,0.519,0.411,1,"8","ZBTB43"
0.00174882938302642,0.330867272704186,0.606,0.471,1,"8","EFNA1"
0.00181692575945307,0.586289261357002,0.156,0.085,1,"8","BAMBI"
0.00183128730884294,0.645406580147769,0.375,0.278,1,"8","ERBB3"
0.00238072148012833,0.271342898034096,0.713,0.547,1,"8","PLAU"
0.00263535612503296,0.49436843634759,0.3,0.208,1,"8","PRR11"
0.00275029148114948,0.905625146572552,0.45,0.378,1,"8","ABL2"
0.00298223888466954,0.619445245915674,0.425,0.341,1,"8","CDKN3"
0.00305285649571287,0.29397173302835,0.431,0.317,1,"8","ANLN"
0.0041229102727175,0.944484267075394,0.194,0.123,1,"8","HJURP"
0.00435355303035212,0.271956828008658,0.425,0.331,1,"8","MAD2L1"
0.00444349194609177,0.392557540780386,0.281,0.192,1,"8","KIF2C"
0.00456720378014621,1.08348710522077,0.106,0.054,1,"8","MECOM"
0.00463385238311442,0.229540996345549,0.55,0.445,1,"8","SCD"
0.00483265561741796,0.434325005485626,0.288,0.202,1,"8","DIAPH3"
0.00491024975987967,0.858601748864707,0.1,0.05,1,"8","AL137800.1"
0.00494030620591334,0.594290380439213,0.25,0.17,1,"8","KIFC1"
0.00506291864001218,0.295548264315044,0.431,0.319,1,"8","ATAD2"
0.0052123073802228,0.887799127396546,0.162,0.1,1,"8","LINC00472"
0.00556936062956327,0.492092005413319,0.231,0.155,1,"8","PLK1"
0.00571194972287935,0.43522268510863,0.412,0.325,1,"8","CEMIP2"
0.00576529552459606,1.19394096714359,0.131,0.075,1,"8","LRAT"
0.00583748421622726,0.643904594062939,0.381,0.294,1,"8","CPA4"
0.00592887198063174,0.505863951108353,0.481,0.411,1,"8","DENND2C"
0.00637892847593915,0.561151584737099,0.188,0.116,1,"8","TMEM184A"
0.00642328947975135,0.206566457041349,0.688,0.58,1,"8","PMAIP1"
0.00691595283618871,0.63692828907886,0.244,0.174,1,"8","MYLIP"
0.00752637497076733,0.359814759610179,0.331,0.247,1,"8","CITED2"
0.00778910810256223,0.202622234776866,0.394,0.297,1,"8","FANCI"
0.00795204472275931,0.548649589304334,0.356,0.279,1,"8","MELK"
0.00813076899856499,0.274738249365394,0.238,0.162,1,"8","LRATD1"
0.00898790549352097,0.28721970898956,0.356,0.276,1,"8","KCNQ1OT1"
0.00954253040371923,0.877512959149168,0.256,0.182,1,"8","AATK"
0.00958168253592027,0.629361186608927,0.288,0.21,1,"8","NUF2"
2.85611753897959e-314,5.725510121778,0.674,0.016,7.71408786102998e-310,"9","CADM1"
3.18908460058564e-262,6.22194108137995,0.798,0.034,8.61339859772174e-258,"9","AEBP1"
1.72823160630021e-150,6.06228452687303,0.596,0.034,4.66778074545623e-146,"9","KRT19"
2.70859308308266e-141,4.60259260367263,0.326,0.008,7.31563905809796e-137,"9","GPX3"
1.46947664274334e-139,4.73202989320739,0.787,0.074,3.96890946438549e-135,"9","ARHGAP45"
1.79905319347539e-139,4.73674958521769,0.899,0.101,4.85906277025768e-135,"9","SPARC"
4.41817891934586e-139,4.60345457958473,0.697,0.054,1.19330594432612e-134,"9","COL6A2"
8.66387634313971e-105,4.49630756626316,0.618,0.056,2.3400263615186e-100,"9","COL22A1"
1.55740056406429e-101,4.86327592295899,0.562,0.048,4.20638318348124e-97,"9","KANK4"
5.40751700128789e-99,5.33281832564467,0.326,0.014,1.46051626687785e-94,"9","PSG4"
1.54808110606675e-92,4.11302534161404,0.82,0.128,4.1812122593757e-88,"9","DNAH5"
1.03826096676265e-91,2.10974112939096,0.652,0.066,2.80423904512923e-87,"9","NDN"
4.74498909816105e-87,3.05151629759543,0.562,0.055,1.28157410552232e-82,"9","POU2F2"
9.79972771268777e-78,3.33170190560972,0.697,0.099,2.64680845791984e-73,"9","COL6A1"
9.22932153841715e-70,3.9344338687754,0.438,0.041,2.49274745431109e-65,"9","CD86"
1.60660463972797e-68,4.43606566021409,0.348,0.026,4.33927847144128e-64,"9","DIRC3"
9.92724209549963e-68,4.06090618762404,0.753,0.148,2.68124881757349e-63,"9","BGN"
2.59781756067451e-67,3.47948065370418,0.303,0.019,7.0164454496258e-63,"9","HTRA3"
8.37308737129055e-60,4.20974481566546,0.921,0.296,2.26148716811187e-55,"9","MMP10"
3.1682755196053e-56,3.69528447451884,0.584,0.089,8.55719535090195e-52,"9","COL1A2"
1.10570012916638e-55,5.68102758358406,0.483,0.063,2.98638547886548e-51,"9","AMTN"
1.16685243076669e-55,3.7757947742796,0.91,0.364,3.15155173025776e-51,"9","COL4A2"
7.50360077948767e-55,2.21561191511941,0.64,0.109,2.02664753453182e-50,"9","CTSH"
1.52567987107526e-54,5.23345372254232,0.865,0.287,4.12070876378717e-50,"9","COL1A1"
7.50208615851187e-53,3.71849118433985,0.854,0.308,2.02623845055247e-48,"9","CUL2"
1.95567359334377e-51,3.32694643838658,0.629,0.118,5.2820788082622e-47,"9","SEMA5A"
5.79528012831485e-51,2.22937451493366,0.449,0.057,1.56524720985656e-46,"9","MSC"
5.82259638711773e-50,3.44063135954514,0.888,0.355,1.57262505819663e-45,"9","COL4A1"
1.63495209015649e-49,5.11421684364105,0.101,0.002,4.41584210030367e-45,"9","CDH2"
8.4797380859307e-48,4.16378171795895,0.146,0.006,2.29029245962902e-43,"9","CXCL12"
8.59447093807912e-47,3.68979248004856,0.494,0.077,2.32128065566579e-42,"9","FOLR3"
9.57903860805229e-47,3.28898863525143,0.798,0.255,2.58720253764884e-42,"9","LINC01322"
3.38006167690759e-46,2.88869690075393,0.775,0.218,9.12920858315971e-42,"9","ACKR3"
3.67959537569584e-46,2.58136257791638,0.978,0.524,9.93821915021689e-42,"9","LAMC2"
9.18927945970706e-46,3.70112091762248,0.472,0.073,2.48193248927228e-41,"9","CDH11"
3.2152452364365e-45,2.95256607623915,0.933,0.519,8.68405585909133e-41,"9","PRSS23"
1.06200605393624e-44,2.20545031656351,0.135,0.005,2.86837215107638e-40,"9","ZNF681"
4.25951152735617e-43,2.43637812572342,0.955,0.504,1.15045146842363e-38,"9","LAMA3"
5.79071230789405e-43,2.96354431652198,0.506,0.087,1.5640134872391e-38,"9","SCG5"
2.18349458721681e-42,4.08735666359984,0.798,0.277,5.89740053061389e-38,"9","IGFBP3"
5.25619360993556e-42,2.83377420393394,0.831,0.327,1.4196453321075e-37,"9","ITGAV"
5.7648640529095e-41,2.288365779384,0.966,0.521,1.55703213205033e-36,"9","LAMB3"
2.22264489980624e-40,2.29229256747418,0.989,0.556,6.00314160988666e-36,"9","TGFBI"
2.55939798806976e-40,2.4886327765346,0.944,0.509,6.9126780259776e-36,"9","SERPINE2"
2.3685179177196e-39,2.06740134872815,0.787,0.267,6.39713004396885e-35,"9","CREM"
6.78101867670229e-39,2.36982473430732,0.27,0.027,1.83148533439052e-34,"9","DEC1"
2.06720444791546e-38,3.02590924464866,0.876,0.419,5.58331249337486e-34,"9","TIMP3"
1.77914205912372e-37,2.44216740823454,0.888,0.446,4.80528478748726e-33,"9","SERPINH1"
9.11442382566495e-37,1.8930362744535,0.978,0.745,2.46171473107385e-32,"9","GJB2"
2.92458789962025e-36,0.867753295534243,0.831,0.273,7.89901945808433e-32,"9","IGHG4"
3.47111565269551e-34,2.70366594484361,0.494,0.1,9.37513626636529e-30,"9","SPOCK1"
1.1944866105186e-33,2.45252804324401,0.899,0.453,3.22618888634969e-29,"9","CTSV"
2.57577345548199e-33,2.43940786331444,0.315,0.042,6.9569065259113e-29,"9","LDLRAD4"
6.93003910958136e-33,1.9498485982189,0.112,0.005,1.87173426310683e-28,"9","SFRP2"
3.60678625761778e-32,2.15133135004321,0.562,0.134,9.74156900319987e-28,"9","CCDC80"
3.63719273759664e-32,2.44676532735736,0.91,0.598,9.82369386497478e-28,"9","TPM1"
4.03239981062139e-32,3.08789920863716,0.753,0.303,1.08911086485073e-27,"9","MMP2"
6.58330299258098e-32,2.69066771920671,0.865,0.414,1.7780843052662e-27,"9","SERPINE1"
1.06348551834343e-31,3.55425671358898,0.663,0.204,2.87236803649376e-27,"9","MMP3"
1.99664416835889e-31,2.236695573552,0.775,0.308,5.39273623432052e-27,"9","KLK5"
1.27805311274804e-30,3.12431205335311,0.596,0.167,3.45189365222117e-26,"9","FN1"
1.42899320721384e-30,2.6465357491564,0.404,0.076,3.85956775336386e-26,"9","MT1M"
2.22481672137095e-30,2.12342625992532,0.404,0.074,6.0090074827508e-26,"9","CSF2"
1.23853681188657e-29,1.75627932383292,0.798,0.31,3.34516407522442e-25,"9","SELENOM"
1.77908842151033e-29,1.84900642594792,0.921,0.472,4.80513991765724e-25,"9","TNC"
2.9386329300181e-29,1.81073625721051,0.921,0.631,7.9369536806859e-25,"9","GJB6"
3.35753152118951e-29,2.16703430847986,0.888,0.492,9.06835688558074e-25,"9","PMEPA1"
4.96178142896665e-29,1.91497890826255,0.899,0.475,1.3401275461496e-24,"9","PDPN"
6.68693454029643e-29,2.10359710147614,0.831,0.393,1.80607414998866e-24,"9","BCAM"
1.38685093001531e-28,1.96356826770835,0.831,0.341,3.74574567687836e-24,"9","TPM2"
1.6267670835122e-28,2.49397155725877,0.764,0.308,4.39373521585811e-24,"9","COL5A1"
4.9750912330492e-28,2.37602638009118,0.64,0.201,1.34372239113426e-23,"9","FAP"
2.70023055291815e-27,1.49791756959559,0.933,0.588,7.29305270037663e-23,"9","RBP1"
1.3640151325831e-26,0.940021627011822,1,0.957,3.68406847159371e-22,"9","KRT5"
1.91308786316656e-26,1.63285070022699,0.955,0.617,5.16705900962657e-22,"9","AREG"
1.00854633923005e-25,2.46494582816597,0.292,0.046,2.72398280762645e-21,"9","APCDD1L-DT"
1.23872325580233e-25,2.18523290877675,0.876,0.435,3.34566764159651e-21,"9","MMP1"
6.08564114214505e-25,1.89593285997136,0.843,0.518,1.64367081608196e-20,"9","ATP1B1"
7.22134011105865e-25,1.35872610423797,0.831,0.284,1.95041175059583e-20,"9","RPS4Y1"
8.99499840658723e-25,3.68608415617202,0.472,0.124,2.42945911963515e-20,"9","MMP9"
1.67247662528532e-24,1.98479569808524,0.787,0.375,4.51719211723312e-20,"9","FSTL3"
1.05725917654327e-23,1.85663468753392,0.82,0.411,2.85555130992571e-19,"9","MMP14"
1.41716647045419e-23,1.97935235625872,0.787,0.394,3.82762492004972e-19,"9","SLC7A8"
2.38920265809224e-23,1.55340627529907,0.955,0.594,6.45299745924132e-19,"9","F3"
1.42298541346616e-22,2.06871810886844,0.697,0.274,3.84334130323074e-18,"9","SPON2"
1.45355193329024e-22,1.06062775141221,0.281,0.046,3.9258984166236e-18,"9","MAP9"
2.02816433673357e-22,2.57670607612503,0.101,0.007,5.4778690570837e-18,"9","AL035258.1"
1.2522356297434e-21,1.67356322885345,0.82,0.456,3.38216321237395e-17,"9","ITGA2"
4.08238059397219e-21,2.12683260220364,0.539,0.173,1.10261017462595e-16,"9","IL24"
4.17315571663233e-21,1.19327897343971,0.921,0.667,1.12712762750523e-16,"9","CD24"
1.98185571846539e-20,2.01653210779951,0.708,0.301,5.35279411000317e-16,"9","MFAP5"
7.01329586772763e-20,1.55232977977318,0.483,0.134,1.89422108091455e-15,"9","SRPX"
8.65739117002406e-20,0.967765313843673,0.989,0.683,2.3382747811118e-15,"9","DST"
1.80816563903217e-19,1.6354797431287,0.618,0.238,4.88367457446199e-15,"9","DLL1"
3.15518846438057e-19,1.93398047458704,0.404,0.108,8.52184852344549e-15,"9","SERPINB7"
4.08569822087364e-19,1.89327498514851,0.73,0.348,1.10350623247576e-14,"9","PLOD2"
8.37340026958709e-19,1.71808338201148,0.393,0.101,2.26157167881278e-14,"9","BCAT1"
8.56848372049558e-19,1.28476328871675,0.888,0.546,2.31426176806865e-14,"9","PLAU"
1.43549781196034e-18,4.32725557611389,0.101,0.008,3.87713604032369e-14,"9","POSTN"
1.45289696683661e-18,1.31208981534386,0.64,0.229,3.924129417729e-14,"9","FSTL1"
1.69882336420837e-18,1.71868754261763,0.697,0.31,4.5883520243904e-14,"9","COL5A2"
5.27892536358547e-18,1.53481228745445,0.629,0.246,1.4257849514508e-13,"9","APCDD1"
1.67063058273227e-17,1.77518369228614,0.719,0.337,4.51220614090159e-13,"9","FLRT2"
7.06725141551355e-17,1.7452464658427,0.629,0.257,1.90879393481605e-12,"9","FADS3"
1.14653539593061e-16,2.85685049614146,0.18,0.028,3.09667745086899e-12,"9","COL6A3"
1.31978833319164e-16,1.46384292658845,0.652,0.262,3.56461630911729e-12,"9","NCF2"
1.38474577161895e-16,2.52721709181331,0.618,0.276,3.74005985456562e-12,"9","HEPHL1"
1.5752737364272e-16,1.29513237459721,0.775,0.385,4.25465683471623e-12,"9","ALCAM"
2.01499696655315e-16,0.853389783489303,0.966,0.697,5.4423053069634e-12,"9","CAV1"
2.22492389249665e-16,0.983147552501642,0.652,0.278,6.00929694124419e-12,"9","AKR1C1"
2.88351752040633e-16,2.49405787202757,0.629,0.291,7.78809247086546e-12,"9","CPA4"
3.49367481464106e-16,2.4138485950183,0.303,0.072,9.43606630686404e-12,"9","ANKRD36C"
9.64528047772561e-16,1.35767286758742,0.629,0.264,2.60509380422891e-11,"9","LY96"
1.09956500974067e-15,1.66254296763628,0.539,0.203,2.96981513480858e-11,"9","KCNMA1"
1.12363939900313e-15,2.39591297244351,0.247,0.053,3.03483765276757e-11,"9","MECOM"
3.85110476267254e-15,1.48659373978889,0.854,0.556,1.04014488535023e-10,"9","JAG1"
7.27142734455408e-15,1.42409900713596,0.764,0.412,1.96393981149061e-10,"9","COL12A1"
8.57553792465314e-15,1.91627395310828,0.27,0.064,2.31616703806957e-10,"9","SLAMF7"
1.16515928250577e-14,1.33507476758703,0.764,0.406,3.14697870611982e-10,"9","ECM1"
1.27999896697378e-14,0.943566889578429,0.798,0.424,3.45714920989948e-10,"9","LINC02802"
3.83783540529373e-14,6.11249178252162,0.112,0.014,1.03656096461578e-09,"9","MMP11"
4.9330982269883e-14,2.28443449803803,0.213,0.045,1.33238050012727e-09,"9","DAB2"
5.1217389717327e-14,1.89683576807661,0.315,0.087,1.38333047887528e-09,"9","IL11"
6.33234682408946e-14,1.12825747157532,0.596,0.212,1.71030355371832e-09,"9","EIF1AY"
7.66080644474514e-14,1.12384565819114,0.876,0.585,2.06910721266121e-09,"9","CDK6"
8.45956230717078e-14,1.10628983288263,0.787,0.525,2.28484318354376e-09,"9","CYBA"
1.63211511085107e-13,2.00816491016349,0.427,0.144,4.40817970289766e-09,"9","TAGLN"
1.80395305948978e-13,1.07237193735134,0.854,0.567,4.87229681837594e-09,"9","LY6K"
1.96906977128141e-13,1.72503964623612,0.494,0.175,5.31826054525396e-09,"9","DDX3Y"
2.77538934339652e-13,1.50420614831675,0.438,0.155,7.49604907757966e-09,"9","AXL"
4.18367712957472e-13,1.52876977597422,0.36,0.115,1.12996935592683e-08,"9","LSP1"
4.94945383947673e-13,1.76928248896685,0.685,0.375,1.33679798750427e-08,"9","ITGB6"
8.63643192954692e-13,1.30454461349488,0.764,0.453,2.33261389985133e-08,"9","AL627171.2"
1.32177694797322e-12,0.93434785556875,0.865,0.654,3.56998735878086e-08,"9","DSG3"
1.75826277872441e-12,1.48617352541331,0.787,0.54,4.74889193905677e-08,"9","GJA1"
1.9461904114004e-12,1.24876516486546,0.697,0.379,5.25646568215135e-08,"9","SESN3"
2.31799510303582e-12,1.60997496611158,0.213,0.048,6.26067297378945e-08,"9","CYBRD1"
2.40786019665798e-12,0.88612174052801,0.843,0.47,6.50338960515353e-08,"9","FST"
2.63476982613757e-12,0.910035404267806,0.539,0.219,7.11624982341497e-08,"9","OLFML2A"
2.90034617523318e-12,1.43716693531879,0.82,0.599,7.83354498468729e-08,"9","ODC1"
3.45476035022194e-12,1.73235364215855,0.371,0.124,9.33096222991443e-08,"9","LGALS9C"
4.87928392060142e-12,1.62181173220293,0.303,0.087,1.31784579411524e-07,"9","TSPAN2"
5.22858077963228e-12,0.426132047992625,1,0.967,1.41218738277088e-07,"9","FTL"
6.29108907836317e-12,1.46499438586596,0.494,0.193,1.69916024917511e-07,"9","HEG1"
7.1121306721221e-12,0.902347306408834,0.753,0.435,1.92091537323346e-07,"9","SOX4"
1.62848733132205e-11,1.19796353864394,0.854,0.66,4.39838143316772e-07,"9","SLC2A1"
1.70260438812084e-11,2.59872932023713,0.371,0.131,4.59856419187559e-07,"9","ADAMTS1"
1.84481154235249e-11,1.63955047792177,0.303,0.09,4.98265149473983e-07,"9","MAPK10"
2.02411436568365e-11,1.41710157837696,0.528,0.234,5.46693049027496e-07,"9","FHL1"
3.17415857528885e-11,0.846444254505726,0.506,0.211,8.57308489599765e-07,"9","CLU"
4.29454436621086e-11,1.40355737131131,0.303,0.095,1.15991348786989e-06,"9","SULT1E1"
5.06070781730604e-11,1.01879861212365,0.146,0.027,1.36684657437619e-06,"9","LIMCH1"
3.0545632473002e-10,0.855848489459341,0.348,0.122,8.25006987463312e-06,"9","TUBA1A"
3.15344839060809e-10,1.16741731026415,0.551,0.294,8.51714875819339e-06,"9","FOXD1"
6.58254270063888e-10,1.66284598272529,0.236,0.067,1.77787895801556e-05,"9","MYL9"
7.97114319770053e-10,0.551564971955187,0.416,0.156,2.15292606626694e-05,"9","SLC47A2"
8.43821274099084e-10,0.544137402584967,0.191,0.047,2.27907687921422e-05,"9","MSX1"
8.91241605684753e-10,1.99408962905035,0.236,0.07,2.40715445279395e-05,"9","LINC01127"
1.29216028159795e-09,0.873761761303999,0.236,0.068,3.4899957045679e-05,"9","RNASE7"
1.32815649076725e-09,0.444686936123379,0.798,0.467,3.58721786591327e-05,"9","INHBA"
1.52651336175778e-09,0.430304596636351,0.989,0.892,4.12295993877159e-05,"9","PERP"
3.91771851131095e-09,1.19454318791142,0.236,0.072,0.000105813659271997,"9","NPHP1"
5.09526859030831e-09,1.22472208453073,0.944,0.788,0.000137618109355637,"9","CXCL14"
6.46291556100136e-09,0.871763722646162,0.191,0.051,0.000174556886387086,"9","SPARCL1"
6.61478915425799e-09,1.91982935485593,0.146,0.033,0.000178658840267354,"9","SLCO2A1"
6.82965855188327e-09,1.10356020571789,0.618,0.32,0.000184462247827815,"9","ETS1"
8.60701350436789e-09,2.17847881034967,0.404,0.187,0.000232466827739472,"9","EDN1"
1.07902232111935e-08,0.440424802248965,0.584,0.304,0.000291433138711125,"9","SPHK1"
1.21535467790974e-08,0.836368377881193,0.607,0.316,0.000328255144956641,"9","RCAN1"
1.39544346367238e-08,1.27704280878933,0.708,0.437,0.000376895325103274,"9","MSMO1"
1.4928768880367e-08,0.670532840732687,0.82,0.578,0.000403211118689831,"9","DSC2"
1.59393366021673e-08,1.51890182263084,0.124,0.025,0.000430505542287937,"9","DSC1"
1.65933750642893e-08,2.03583128832013,0.292,0.108,0.000448170467111391,"9","MIR503HG"
1.73538014750978e-08,2.16749846943351,0.213,0.061,0.000468708824040917,"9","GPC6"
1.81213701434988e-08,1.02472014140057,0.685,0.412,0.000489440086205759,"9","MAF"
1.93984295693057e-08,0.636220797021959,0.663,0.336,0.000523932184237378,"9","ERAP2"
1.9416905009949e-08,1.18048678685392,0.719,0.439,0.000524431187413713,"9","ARL4C"
1.99353376496578e-08,0.672656689067325,0.764,0.446,0.000538433534579607,"9","GPSM2"
2.50654070192831e-08,1.11277977797223,0.618,0.331,0.000676991578183818,"9","SOCS1"
2.96967674257639e-08,0.47608717859038,0.258,0.083,0.000802079991402458,"9","FBN2"
3.13761583421521e-08,0.663734415245714,0.539,0.266,0.000847438660663186,"9","ZBED2"
3.14512256284507e-08,0.888063648275594,0.596,0.305,0.000849466152998824,"9","AMIGO2"
3.29259048077528e-08,0.307922707983896,0.865,0.548,0.000889295762952596,"9","VIM"
3.44762916232378e-08,1.37272097974895,0.337,0.135,0.00093117016045203,"9","DLK2"
5.12208643559301e-08,0.758338975795677,0.775,0.46,0.00138342432538932,"9","EMP3"
9.679979823514e-08,0.590986585614293,0.787,0.494,0.0026144657505329,"9","RAB32"
9.90416161538472e-08,0.772491675664344,0.663,0.38,0.00267501501069926,"9","ANO1"
1.27974109801653e-07,1.27493928907289,0.393,0.179,0.00345645273163286,"9","SLITRK6"
1.56998595277511e-07,0.468533966515606,0.787,0.448,0.00424037505985028,"9","CTNNAL1"
1.6772678256141e-07,0.505706700966555,0.663,0.35,0.00453013267020114,"9","ITGA5"
1.83099314887208e-07,0.673848346360937,0.697,0.412,0.0049453293957886,"9","TXNIP"
1.87729312342132e-07,0.593082856096331,0.989,0.857,0.00507038099704865,"9","MT2A"
2.19992887012938e-07,1.30335404944363,0.573,0.325,0.00594178788533244,"9","ADRB2"
2.23937900326371e-07,0.85355931589915,0.337,0.141,0.00604833874991496,"9","AC092069.1"
2.32159844507856e-07,0.70279275074292,0.663,0.383,0.00627040524031269,"9","GOLIM4"
2.69782185509361e-07,0.904642315212783,0.584,0.346,0.00728654704842234,"9","WNT4"
2.79301887921265e-07,1.01868243678132,0.719,0.475,0.00754366469086544,"9","ADM"
3.76046757098967e-07,2.33939243005004,0.157,0.044,0.010156646862486,"9","DHRS2"
3.85483535554279e-07,0.550428776791925,0.663,0.374,0.0104115248117855,"9","NT5E"
4.13606723986086e-07,1.84515446917923,0.27,0.107,0.0111711040081402,"9","ADAMTS6"
4.14920401196841e-07,1.04266002110758,0.202,0.065,0.0112065851159255,"9","SPOCD1"
4.99483154074011e-07,0.562424165241164,1,0.762,0.013490540508385,"9","LGALS1"
8.78322610093983e-07,0.520224600138448,0.831,0.47,0.0237226153760284,"9","FEZ1"
1.09828501772987e-06,0.67348707413192,0.719,0.458,0.029663580043866,"9","RBPJ"
1.19173114299577e-06,0.45147574333008,0.685,0.456,0.0321874664411728,"9","HERPUD1"
1.64262016227668e-06,0.603757628147292,0.775,0.49,0.0443655279629309,"9","TMEM40"
1.6757772761441e-06,2.36570183802337,0.112,0.027,0.0452610684513759,"9","AP005482.1"
1.73489934794989e-06,0.82153694836514,0.404,0.198,0.0468578964887786,"9","FBXO32"
2.43575455310453e-06,0.539461196454341,0.618,0.362,0.0657872947248001,"9","IL1A"
2.69214008163512e-06,1.29376084003679,0.157,0.047,0.0727120114648829,"9","HSD17B2"
2.91150517825261e-06,0.973844015144128,0.348,0.158,0.0786368433594247,"9","PRKY"
3.10346771661532e-06,0.210505905324512,0.652,0.398,0.0838215595580631,"9","THBS1"
3.75960540356914e-06,0.65924414445043,0.674,0.434,0.101543182344999,"9","NRIP1"
3.8495531527854e-06,0.709110428312947,0.708,0.436,0.103972581103581,"9","GPNMB"
3.85069006792456e-06,2.53050430570793,0.225,0.087,0.104003288044574,"9","GADD45G"
3.85993704859147e-06,1.44303317562017,0.146,0.043,0.104253039745407,"9","HAS2"
5.46069029678164e-06,1.06989332982311,0.247,0.096,0.147487784225775,"9","IL20"
5.89406769033533e-06,0.631749211374415,0.708,0.462,0.159192874248267,"9","SNHG3"
6.14387779548811e-06,0.372180947790559,0.393,0.19,0.165939995378338,"9","ERN1"
7.19574452965318e-06,1.0156718289208,0.36,0.178,0.194349864001403,"9","RGCC"
7.45831568936321e-06,0.384393748444405,0.91,0.732,0.201441648454011,"9","CTSC"
8.41530325477298e-06,0.665071500113362,0.315,0.141,0.227288925608163,"9","IL1R2"
1.30136128833005e-05,0.83482398381515,0.64,0.395,0.351484670365064,"9","DCBLD2"
1.82892350715084e-05,0.794860493535837,0.618,0.381,0.49397395004637,"9","EREG"
1.91080094294958e-05,0.632877733909969,0.798,0.605,0.516088226681251,"9","PHLDA1"
1.91734103709322e-05,0.232877365075595,0.719,0.472,0.517854640708507,"9","AL161431.1"
2.29296363986229e-05,0.564557894633634,0.281,0.126,0.619306549490407,"9","LURAP1L"
3.47189148980751e-05,0.209513745326044,0.191,0.072,0.937723172482111,"9","CTHRC1"
4.49262253761525e-05,0.954443515748454,0.371,0.186,1,"9","RIPK4"
4.63157865137832e-05,0.522889059197487,0.652,0.443,1,"9","BPGM"
4.99106448824781e-05,0.668946013530249,0.326,0.162,1,"9","LINC00707"
5.16371998584556e-05,0.222604603688956,1,0.987,1,"9","KRT14"
5.30867807684404e-05,0.579294172169855,0.292,0.138,1,"9","CCNG2"
7.72615079555136e-05,0.726602262002199,0.775,0.604,1,"9","GADD45A"
9.02155049618678e-05,1.04509436254899,0.169,0.063,1,"9","TGM2"
0.000101652660923651,0.671866853532281,0.573,0.371,1,"9","DAPP1"
0.0001114063862633,1.28548726833344,0.393,0.214,1,"9","ANTXR2"
0.00011375375271299,0.260394805656475,0.697,0.406,1,"9","VEGFC"
0.000126407135601434,0.740529797549758,0.427,0.256,1,"9","AC036176.3"
0.000149127083683152,0.331340713127607,0.843,0.654,1,"9","MT1E"
0.000199505121502094,0.332924075178069,0.82,0.58,1,"9","SDC4"
0.000258893727745029,1.25583250369533,0.449,0.279,1,"9","CCN1"
0.000274443279969795,1.67788710522605,0.124,0.044,1,"9","QPCT"
0.000317352118739921,0.967345075204765,0.169,0.069,1,"9","PLXNA3"
0.000451423267119169,0.72257414016203,0.629,0.403,1,"9","GADD45B"
0.000476305738702938,0.426704513696748,0.292,0.146,1,"9","ZDHHC21"
0.000482272675441007,0.558244817900175,0.146,0.058,1,"9","LOX"
0.000593879411369561,1.35257717469923,0.427,0.259,1,"9","BCAR3"
0.00060417867053763,0.284976361284149,0.101,0.033,1,"9","ALOX5AP"
0.00066455684846361,0.445881569530638,0.202,0.092,1,"9","LINC00519"
0.000738577232018696,0.621563506008342,0.416,0.25,1,"9","NEXN"
0.000828251813579205,0.219656559830834,0.719,0.439,1,"9","TRIM22"
0.000902931250042914,0.786359890912326,0.539,0.354,1,"9","EFEMP1"
0.00104036304502212,0.561923838030868,0.618,0.44,1,"9","TXNRD1"
0.00116636212625336,0.36269035332743,0.36,0.217,1,"9","ARRDC4"
0.00256669648153738,1.05597104416402,0.112,0.044,1,"9","S1PR3"
0.0029382712785722,0.215912714967155,0.73,0.534,1,"9","SQLE"
0.00349929073761208,1.85607305778621,0.157,0.076,1,"9","COL3A1"
0.00382683983357987,0.766625532926895,0.573,0.443,1,"9","FOSL1"
0.00417815664951356,0.74183434387882,0.393,0.267,1,"9","SLC43A3"
0.00443292786989973,0.234267524175872,0.955,0.802,1,"9","TUBA1B"
0.0044380405121601,1.39465416657413,0.112,0.046,1,"9","KCTD14"
0.00465137330845292,0.829580358220221,0.371,0.236,1,"9","UNG"
0.00556899614921811,0.515646449120978,0.461,0.295,1,"9","GABRE"
0.00633245478245743,2.54110593115575,0.101,0.042,1,"9","CTSK"
0.00753005250262015,0.834128638128939,0.315,0.202,1,"9","XDH"
0.00842009513356015,1.88262707346896,0.18,0.095,1,"9","SRPX2"
0.00864785353296794,0.643090341264247,0.236,0.135,1,"9","LOXL2"
0.00912717702942368,0.499159745198114,0.191,0.102,1,"9","IGFL2"
0.00982559687259184,0.461725586075224,0.539,0.363,1,"9","HMGA2"
1.59853409502705e-132,6.38839166021576,0.5,0.02,4.31748073725856e-128,"10","CD3G"
8.19171374728228e-127,6.41962503515055,0.621,0.036,2.21249996600347e-122,"10","CD3D"
9.88186289825745e-110,5.90052636288534,0.758,0.068,2.66899235019035e-105,"10","PTPRC"
1.45662052988632e-96,6.2175531817229,0.53,0.034,3.93418638916997e-92,"10","CD2"
2.17731009456745e-75,6.02251339158356,0.364,0.02,5.88069683441722e-71,"10","ICOS"
3.91407264851444e-75,5.85995424523122,0.439,0.03,1.05715188163727e-70,"10","CD3E"
2.63604304182137e-69,6.14426287090256,0.561,0.057,7.11968865165534e-65,"10","FYN"
9.54248342171002e-69,5.7068210731335,0.47,0.038,2.57732934736966e-64,"10","CD52"
7.73417478043685e-68,6.02140225592999,0.364,0.022,2.08892326644819e-63,"10","IKZF1"
2.01119020438147e-67,6.29995099957329,0.394,0.027,5.43202362301392e-63,"10","SPOCK2"
3.56155849987557e-66,5.8362825672623,0.364,0.023,9.61941335231392e-62,"10","SLA"
1.23855565013546e-64,5.72110510466094,0.455,0.038,3.34521495545087e-60,"10","ZNF331"
1.77525905506601e-64,6.12530155701091,0.424,0.033,4.7947971818278e-60,"10","TRBC2"
8.9637280040933e-64,5.38107220113631,0.621,0.077,2.42101329662556e-59,"10","CXCR4"
4.89952232068392e-62,4.88610242988114,0.803,0.148,1.32331198359352e-57,"10","SRGN"
1.19976657695055e-61,5.17241624236102,0.394,0.029,3.24044954768575e-57,"10","CYTIP"
6.31243611052333e-58,5.77711250613405,0.348,0.024,1.70492586909125e-53,"10","CST7"
6.75260907929928e-54,5.994839120787,0.258,0.014,1.82381218622794e-49,"10","CD27"
3.11065923402249e-50,5.08688914351831,0.409,0.04,8.40157952517133e-46,"10","HCST"
1.33898276208385e-49,5.60365027601015,0.424,0.044,3.61645854211227e-45,"10","TRAC"
5.15066314592575e-47,4.97111298298464,0.394,0.04,1.39114260908309e-42,"10","TNFRSF1B"
1.87987729061335e-43,5.70272531304519,0.212,0.012,5.07736057421759e-39,"10","FOXP3"
5.4978609545054e-43,4.08156150722692,0.424,0.05,1.48491726520236e-38,"10","SAMSN1"
9.59129636630121e-43,6.31260680235684,0.227,0.014,2.59051323557429e-38,"10","SELL"
4.23402419661707e-42,4.81500594160573,0.364,0.037,1.14356759526431e-37,"10","GMFG"
5.36042462961606e-41,6.13340109959444,0.288,0.024,1.447797088213e-36,"10","TRBC1"
1.78531635953423e-40,4.44807281463596,0.515,0.081,4.82196095546601e-36,"10","RGS1"
3.87619681931411e-40,6.92415943828349,0.212,0.013,1.04692199892855e-35,"10","GZMK"
5.27356869995127e-39,5.17583370194823,0.333,0.034,1.42433817016984e-34,"10","LTB"
2.35065157891641e-38,6.36919619024332,0.167,0.008,6.34887484949534e-34,"10","LAIR2"
2.17266052142404e-37,6.09165874633679,0.182,0.01,5.8681388023142e-33,"10","CCR6"
5.21494277741671e-37,6.2619796655888,0.212,0.014,1.40850389475248e-32,"10","SLA2"
6.37732517642073e-37,4.588515346213,0.348,0.039,1.72245175689948e-32,"10","ITM2A"
2.2677847405178e-36,4.90619501631843,0.47,0.076,6.12505980566452e-32,"10","CLEC2D"
6.02928801576099e-36,4.94554794142411,0.348,0.04,1.62845040017689e-31,"10","WIPF1"
7.62932386138053e-36,5.87471450646004,0.273,0.024,2.06060408172027e-31,"10","BATF"
4.57055951355773e-35,5.11574252186445,0.258,0.022,1.23446241901681e-30,"10","TIGIT"
1.31141386064105e-33,5.79408519955986,0.258,0.023,3.54199769620541e-29,"10","GZMA"
1.45732665106406e-33,5.11276635037967,0.227,0.018,3.93609355185892e-29,"10","DOK2"
4.51549258939622e-31,4.37559566365256,0.5,0.098,1.21958939347002e-26,"10","DUSP2"
4.70250107220389e-31,5.43158970809112,0.242,0.022,1.27009851459155e-26,"10","CCR7"
3.36198981591611e-30,5.88969918364905,0.197,0.015,9.08039829380783e-26,"10","IL2RA"
5.58892539111648e-30,4.09389088621928,0.742,0.27,1.50951285888665e-25,"10","CREM"
1.73608412573484e-28,4.73289018512141,0.515,0.118,4.68898961519722e-24,"10","RUNX3"
1.90970018580103e-28,5.64429201361405,0.318,0.043,5.15790923183e-24,"10","CD7"
1.07948201616958e-27,4.57206316495817,0.258,0.028,2.91557297747242e-23,"10","RHOH"
3.60695782986212e-27,5.17615897818388,0.242,0.025,9.74203240267459e-23,"10","IQGAP2"
3.96942986422405e-27,4.8203065392194,0.242,0.025,1.07210331202827e-22,"10","ENTPD1"
2.45508264627277e-26,5.17208354047414,0.197,0.017,6.63093271931812e-22,"10","PTPN7"
8.45457649072032e-26,5.38860839952646,0.197,0.018,2.28349656437865e-21,"10","CTLA4"
1.71683412242683e-25,4.81980725916027,0.333,0.052,4.63699728126261e-21,"10","FMNL1"
3.90645963299026e-24,4.78321172537542,0.242,0.029,1.05509568227434e-19,"10","PTPN22"
1.89468088048004e-23,4.55308533575221,0.273,0.037,5.11734359008853e-19,"10","SLC2A3"
3.98692027795795e-23,5.3665297490742,0.167,0.014,1.07682729787366e-18,"10","CD8A"
1.7950363995461e-21,4.67147753171134,0.197,0.021,4.84821381153407e-17,"10","GPR65"
9.02644523149622e-21,4.36239603642174,0.348,0.068,2.43795259257481e-16,"10","LAPTM5"
1.35006713862261e-20,2.71489644602089,0.455,0.109,3.64639633470581e-16,"10","LCP1"
8.3802170824911e-20,6.00327975866778,0.136,0.011,2.26341283181002e-15,"10","CD84"
3.06644757886726e-19,3.96976505602178,0.348,0.073,8.28216826576258e-15,"10","GPR183"
1.00960518687535e-17,4.76185577252887,0.227,0.034,2.72684264923163e-13,"10","CD69"
2.04183148954602e-17,4.28411855546556,0.485,0.157,5.51478267011484e-13,"10","BIRC3"
2.27461264021988e-16,4.79759540121393,0.212,0.032,6.14350127996989e-12,"10","ALOX5AP"
2.42007093899339e-16,4.48051642754937,0.348,0.085,6.53636959912724e-12,"10","CORO1A"
2.2516061319058e-15,2.17552897271608,0.773,0.526,6.08136300166438e-11,"10","CYBA"
2.49886348641454e-15,5.31479182087463,0.197,0.03,6.74918039045702e-11,"10","PLIN2"
3.15718890232141e-15,3.37401480079236,0.576,0.262,8.52725150627988e-11,"10","DUSP4"
4.25101190214796e-15,4.57836638847299,0.106,0.009,1.14815580465114e-10,"10","RCSD1"
1.08616708331219e-14,4.02180755480938,0.227,0.04,2.9336286753179e-10,"10","PDE4B"
5.83352734907497e-14,5.24103077566056,0.121,0.013,1.57557740171166e-09,"10","PRF1"
1.10544776986947e-13,3.77559436366725,0.606,0.332,2.98570388164046e-09,"10","S100A4"
1.34578361096005e-13,3.77808136369629,0.288,0.068,3.634826954842e-09,"10","RASGRP1"
2.56985571667745e-13,3.81321894652954,0.303,0.075,6.94092330517413e-09,"10","TNFRSF18"
6.67775742851013e-13,1.86272530123422,0.455,0.143,1.8035955038663e-08,"10","XIST"
1.71053719366595e-12,4.10234223303138,0.167,0.026,4.61998990637236e-08,"10","PDE3B"
2.16586123306915e-12,3.938200373174,0.439,0.175,5.84977460439647e-08,"10","FAM107B"
3.91222593026951e-12,4.64287720860381,0.182,0.031,1.05665310150649e-07,"10","TNFRSF4"
4.91997880377438e-12,4.03930197735982,0.227,0.048,1.32883707511142e-07,"10","LCK"
1.22934977765225e-11,3.81164728741793,0.424,0.163,3.32035081446097e-07,"10","NR4A2"
2.3295098478283e-11,1.59848339467268,0.742,0.466,6.29177314799944e-07,"10","TNFAIP3"
3.15623490963745e-11,0.398678736746712,0.864,0.654,8.5246748674398e-07,"10","IGKC"
2.48290780084856e-10,3.69297746908381,0.273,0.078,6.70608567931189e-06,"10","TENT5C"
3.2466405612931e-10,4.21393328231676,0.333,0.116,8.76885149199652e-06,"10","TSPYL2"
5.61567929363063e-10,1.76648144071499,0.742,0.561,1.5167388204167e-05,"10","IL32"
1.42644681229366e-09,3.95346969188468,0.197,0.045,3.85269019532394e-05,"10","SATB1"
1.96986556967667e-09,4.5106345106808,0.136,0.023,5.32040991713972e-05,"10","TNFRSF9"
7.23119322898307e-09,2.77911187407117,0.333,0.124,0.000195307297921604,"10","TUBA1A"
1.52302392621931e-08,3.32383773769232,0.242,0.071,0.000411353532232572,"10","SERPINB9"
3.79375949496745e-08,1.05959336880199,0.47,0.182,0.00102465650199576,"10","CTAG2"
5.89006176291078e-08,4.20593546257681,0.212,0.059,0.00159084678154457,"10","GNLY"
5.98387991852179e-08,3.99325731481496,0.182,0.045,0.00161618612719355,"10","LDLRAD4"
8.13569038908355e-08,3.49600688942073,0.379,0.178,0.00219736861718758,"10","RGCC"
8.56728854774061e-08,2.88643725533045,0.318,0.125,0.00231393896385926,"10","RORA"
8.5983450904346e-08,4.38901809922287,0.212,0.062,0.00232232702547548,"10","ZEB2"
9.10708675329265e-08,2.38913811771148,0.515,0.323,0.00245973306119681,"10","ETS1"
1.60668658297121e-07,2.42475524905538,0.47,0.274,0.00433949979194694,"10","FYB1"
1.784437437426e-07,3.52601265759577,0.136,0.029,0.00481958707474389,"10","ITGB2"
6.07671804336328e-07,3.05060627255357,0.288,0.114,0.0164126077633199,"10","MYADM"
1.09208491270643e-06,4.67460424355844,0.136,0.032,0.029496121407288,"10","NKG7"
1.10886770105657e-06,4.35416753144545,0.136,0.032,0.029949407737837,"10","LCP2"
1.30686619565676e-06,3.19916229518694,0.455,0.288,0.0352971490784935,"10","IL7R"
1.43105470322205e-06,3.81334822802304,0.197,0.062,0.0386513564793243,"10","POU2F2"
3.95622349158085e-06,3.50023980814207,0.303,0.137,0.106853640284107,"10","KLF2"
6.32021064657107e-06,2.95722571141969,0.227,0.084,0.170702569353238,"10","NR4A3"
4.13935594155554e-05,3.62490534150964,0.197,0.075,1,"10","GATA3"
5.64160143965316e-05,0.481555232158585,0.409,0.186,1,"10","MAGEA4"
7.06409822656164e-05,2.56618233265268,0.106,0.026,1,"10","CADM1"
8.83473531050292e-05,0.608461488980558,0.727,0.552,1,"10","VIM"
0.000147209982267582,2.4341205963095,0.152,0.051,1,"10","YPEL2"
0.000246713983822442,0.709748828189365,0.773,0.645,1,"10","CRIP1"
0.000310515378857524,0.36692650236078,0.167,0.445,1,"10","DDX60L"
0.000335335831227175,2.93287193856703,0.348,0.22,1,"10","CD83"
0.000358562179542288,1.90681299833878,0.379,0.248,1,"10","IFITM2"
0.000370536594160641,3.69347681428445,0.106,0.031,1,"10","MYH11"
0.000415864665750268,1.32829258186826,0.182,0.07,1,"10","MAGEA1"
0.000646269341808017,0.95503264292603,0.636,0.581,1,"10","PNRC1"
0.000756064097451559,0.446288796790893,0.03,0.204,1,"10","AC007952.4"
0.000957619704818277,1.49812452717347,0.561,0.492,1,"10","ISG20"
0.00118034815044572,0.790526835609972,0.606,0.523,1,"10","IRF1"
0.00215126588897916,0.424256314551194,0.045,0.206,1,"10","CXCL3"
0.00218371071554903,1.10119103105158,0.303,0.183,1,"10","CCL5"
0.00244331854822091,0.876676513749631,0.121,0.043,1,"10","TMEM132D-AS1"
0.00283752575128857,1.56028292026235,0.545,0.521,1,"10","ZC3HAV1"
0.00299305513951493,2.31258761807134,0.273,0.168,1,"10","SH3KBP1"
0.00308048415010404,0.256194007611041,0.121,0.321,1,"10","CUL2"
0.0031373924549462,0.213310919536331,0.045,0.197,1,"10","ERMP1"
0.00412304256638106,2.79831044969975,0.258,0.162,1,"10","RGS2"
0.00515990272845297,0.449734410036011,0.03,0.162,1,"10","DHRS3"
0.00608928351239778,2.2721428850941,0.212,0.118,1,"10","LSP1"
0.00613217582836388,0.594142436254365,0.061,0.204,1,"10","JAK2"
0.00630112620249196,0.422936615455887,0.152,0.344,1,"10","ERAP2"
0.00677055767239039,2.34362571762706,0.288,0.19,1,"10","ID2"
0,6.82917045002427,0.774,0.007,0,"11","CCL13"
2.13161355802605e-119,5.09780415326267,0.71,0.024,5.75727505887256e-115,"11","C1QC"
1.88470630883186e-104,6.70235545771022,0.387,0.007,5.09040326952398e-100,"11","MSR1"
4.81298760576052e-60,4.19305848072759,0.387,0.014,1.29993982243986e-55,"11","MS4A6A"
6.8888010699159e-57,3.80452154869433,0.677,0.05,1.86059628097359e-52,"11","C1QA"
1.07398919269505e-56,4.9017808385227,0.419,0.018,2.90073741055006e-52,"11","FCGR3A"
1.04200053229403e-52,3.7451273648744,0.355,0.014,2.81433923767294e-48,"11","CCL8"
1.12284861069822e-49,4.02223780273721,0.613,0.047,3.03270181263482e-45,"11","C1QB"
1.30163412329559e-43,3.06202772614195,0.581,0.047,3.51558360360905e-39,"11","FCER1G"
1.34348675817887e-38,3.00456900558212,0.71,0.083,3.62862338516532e-34,"11","CCL4L2"
1.03548502595445e-36,5.28717434930384,0.194,0.006,2.79674150660038e-32,"11","MS4A4A"
1.83473163280527e-35,3.71477637907283,0.355,0.021,4.95542666704377e-31,"11","SLC40A1"
3.88605638977799e-35,2.87440745810469,0.871,0.136,1.04958497031514e-30,"11","DNAH5"
4.43070111804237e-30,2.87370785155497,0.613,0.078,1.19668806497206e-25,"11","CCL3L1"
2.04696826023444e-29,3.58819168137469,0.774,0.136,5.52865657406721e-25,"11","SRPX"
4.6634200736429e-29,4.0146941605339,0.194,0.007,1.25954312769021e-24,"11","MPEG1"
2.17283170213065e-25,4.30166580408428,0.258,0.016,5.86860114428468e-21,"11","CCL7"
2.24259402986632e-24,2.96761639136452,0.677,0.119,6.05702221526595e-20,"11","GEM"
5.30480647129517e-24,3.48819328703328,0.677,0.124,1.43277517983211e-19,"11","SEMA5A"
1.04978992975367e-23,2.24563891815324,1,0.294,2.83537762127168e-19,"11","UBE2C"
1.70642255216709e-23,2.51109163101037,0.742,0.155,4.60887667114808e-19,"11","CCL3"
2.07901583375116e-23,2.73319667173003,1,0.374,5.6152138653785e-19,"11","CKAP5"
2.60096443407926e-23,2.17630921903975,0.935,0.239,7.02494484000467e-19,"11","RRAD"
5.72065380985571e-23,2.03722043083946,0.806,0.184,1.54509138750393e-18,"11","CCL4"
8.32497890681608e-23,2.22272119739644,1,0.29,2.24849355294196e-18,"11","RPS4Y1"
9.04966780436555e-23,3.17650144097577,0.419,0.047,2.44422477728109e-18,"11","FCGR2A"
1.66281090432732e-22,2.97909760386641,0.71,0.141,4.49108597149767e-18,"11","AC092069.1"
1.97754137718551e-22,0.767789363649582,0.935,0.199,5.34114150564035e-18,"11","CXCL9"
2.1596562158396e-22,4.36042441840026,0.161,0.007,5.83301547336119e-18,"11","CD163"
2.9880085537805e-22,3.91628170301251,0.194,0.01,8.07031230290576e-18,"11","MRC1"
9.9955079130907e-22,2.32349690274114,1,0.316,2.69968673224667e-17,"11","ANLN"
1.69639856477172e-21,2.15283583477443,0.903,0.239,4.58180288359195e-17,"11","CXCL2"
2.87556176231566e-21,1.83596829639683,0.935,0.231,7.76660476383837e-17,"11","CDK1"
1.994020584249e-20,2.15858935008617,0.968,0.304,5.38565019599812e-16,"11","MFAP5"
3.17650999491904e-20,2.67810129648585,0.839,0.234,8.57943584527684e-16,"11","CDCA5"
5.0561303026587e-20,1.88023914444872,1,0.317,1.36561023344509e-15,"11","CENPF"
5.82800934331016e-20,2.38448205331893,0.839,0.221,1.57408704353464e-15,"11","CENPE"
7.92036940168894e-20,1.89384008629057,1,0.317,2.13921257170216e-15,"11","TOP2A"
1.93337071567771e-19,2.32620162954613,1,0.551,5.22184096597393e-15,"11","VIM"
3.76786513652654e-19,2.02518816257559,0.839,0.229,1.01766269472445e-14,"11","TACC3"
4.08434994270684e-19,2.21656041799688,0.871,0.236,1.10314207602569e-14,"11","KIF23"
9.41955413632676e-19,2.47141806664182,0.968,0.442,2.5441273766805e-14,"11","FOSL1"
1.07403286731867e-18,2.24702337661892,1,0.497,2.900855371341e-14,"11","MTRNR2L8"
2.73440621227778e-18,6.06691170084361,0.129,0.006,7.38535773874105e-14,"11","SIGLEC1"
8.16574988016694e-18,1.76329502951237,0.871,0.237,2.20548738513429e-13,"11","ASPM"
1.15934752366724e-17,2.175618647483,0.774,0.204,3.13128172667284e-13,"11","NCAPG"
3.53537175428146e-17,2.10783879667956,1,0.626,9.54868557113879e-13,"11","NFKBIA"
3.95103816084531e-17,2.53379084798305,0.742,0.201,1.06713589686271e-12,"11","DIAPH3"
4.36434729546759e-17,2.09915209827096,0.935,0.353,1.17876656103284e-12,"11","DHCR7"
6.87547719201344e-17,2.90131001241678,0.419,0.064,1.85699763479091e-12,"11","MMP12"
1.12386593762326e-16,1.31833682697577,0.935,0.276,3.03544951092667e-12,"11","MMP13"
2.22342181328628e-16,2.01429225668779,0.968,0.445,6.00523997550491e-12,"11","SCD"
2.47439651407381e-16,2.15027502933707,0.935,0.376,6.68309754486197e-12,"11","NT5E"
3.05312834524075e-16,1.79157427654024,1,0.651,8.24619434766073e-12,"11","UBE2S"
3.49170926887854e-16,1.68372249316035,1,0.674,9.43075756431405e-12,"11","FGFBP1"
3.77616259253104e-16,1.76808335931147,0.968,0.332,1.01990375461671e-11,"11","MKI67"
8.75043231162316e-16,5.13532888557395,0.129,0.007,2.3634042630463e-11,"11","LILRB4"
8.96331165377089e-16,1.80767091920199,0.968,0.447,2.42090084456698e-11,"11","HMGCS1"
1.2079480580125e-15,1.41388537742825,0.968,0.382,3.26254690988596e-11,"11","EREG"
1.45809316060616e-15,1.80511201706341,1,0.534,3.93816381748118e-11,"11","SQLE"
1.54210753092507e-15,1.68736013621321,0.935,0.33,4.16507823027551e-11,"11","TPX2"
3.07657488630361e-15,2.14272365870312,0.71,0.192,8.30952111041742e-11,"11","CKAP2L"
5.28054757111827e-15,2.13760632231578,0.742,0.224,1.42622309348333e-10,"11","ARHGAP11A"
6.37602601853957e-15,2.42485508515229,0.645,0.167,1.72210086734735e-10,"11","TNF"
9.26441092553672e-15,1.24030134272645,0.968,0.369,2.50222474687821e-10,"11","CXCL1"
2.63105610593989e-14,1.63521811804574,0.968,0.491,7.10621943653304e-10,"11","KPNA2"
2.71822493026845e-14,1.68038608606384,0.839,0.273,7.34165371416207e-10,"11","CEP55"
3.15705515949396e-14,1.93891649411866,0.677,0.178,8.52689028027724e-10,"11","KIF14"
6.62098314029961e-14,1.87715542546551,0.484,0.096,1.78826133636352e-09,"11","CCL2"
7.61497576373002e-14,1.14053527083599,0.935,0.312,2.05672880402584e-09,"11","CCNB1"
1.08735155643409e-13,2.07596838144822,0.742,0.232,2.93682781877283e-09,"11","KNL1"
1.61132108929729e-13,2.20372038336938,0.323,0.046,4.35201713008306e-09,"11","TYROBP"
1.9672990744079e-13,2.2568170337639,0.613,0.157,5.31347807006831e-09,"11","AXL"
2.09401107507044e-13,1.68156040192772,0.935,0.439,5.65571451265776e-09,"11","MSMO1"
3.02817951775148e-13,2.12586891952501,0.839,0.354,8.17881005949498e-09,"11","EFEMP1"
3.11749540495796e-13,1.45876450087817,1,0.462,8.42004333925095e-09,"11","EMP3"
4.02071440278571e-13,1.54852717760576,1,0.538,1.08595475304839e-08,"11","FOSB"
4.88101336776566e-13,1.14323986879841,0.806,0.243,1.31831290049983e-08,"11","DLGAP5"
5.09672350965127e-13,1.40002721879006,1,0.472,1.37657405272171e-08,"11","HMGB2"
5.69866243972036e-13,1.80253445069302,0.871,0.346,1.53915173834407e-08,"11","TPM2"
5.74997267354429e-13,1.09312086300876,1,0.47,1.55301011939758e-08,"11","INHBA"
9.2656423754558e-13,1.34078653190869,0.871,0.309,2.50255734918686e-08,"11","NUSAP1"
9.80652243575978e-13,1.53731421965782,0.613,0.154,2.64864364467436e-08,"11","HLA-DQA1"
1.1044967156136e-12,1.33733868734462,0.968,0.377,2.98313517920077e-08,"11","BIRC5"
1.1845245174387e-12,1.13748211208377,0.742,0.208,3.19928226915019e-08,"11","HMMR"
1.25492294096716e-12,2.06047814308987,0.677,0.206,3.38942137125821e-08,"11","CCNA2"
1.27777699834123e-12,2.16665627826845,0.71,0.237,3.45114789481983e-08,"11","BRCA2"
1.86378831702848e-12,1.79291965230791,0.839,0.333,5.03390586546223e-08,"11","UBE2T"
2.28619327942414e-12,1.99577200291806,0.645,0.19,6.17477942839666e-08,"11","KIF4A"
2.75828908247253e-12,1.23138837388576,1,0.476,7.44986298285006e-08,"11","TNC"
3.58710047702358e-12,1.24514993679255,1,0.514,9.68839967839298e-08,"11","SERPINE2"
4.01847190363219e-12,2.09319878272473,0.806,0.377,1.08534907645202e-07,"11","ITGB6"
4.49787219147604e-12,1.71418508269722,0.677,0.205,1.21483030019576e-07,"11","CDCA8"
5.64358627889011e-12,1.26849868995955,0.903,0.337,1.52427621806543e-07,"11","CDC20"
5.84158148058494e-12,1.51169805163729,0.903,0.41,1.57775274209119e-07,"11","ECM1"
8.44511941427112e-12,2.04967258265904,0.742,0.279,2.28094230260049e-07,"11","MELK"
8.92791453131709e-12,1.40681240855858,0.935,0.415,2.41134043576343e-07,"11","COL12A1"
1.01246913190444e-11,1.16863942886357,1,0.757,2.73457787836071e-07,"11","HSPA1A"
1.1196720046814e-11,1.3055769871162,0.968,0.458,3.02412211744399e-07,"11","CTSV"
1.15975618403444e-11,1.79172239351038,0.806,0.332,3.13238547745861e-07,"11","ARHGAP29"
1.31122441359765e-11,1.63441907750815,0.839,0.346,3.5414860186859e-07,"11","KIF20B"
1.70891169396077e-11,1.44277669560181,0.871,0.377,4.61559959421863e-07,"11","ABL2"
1.95129970722203e-11,1.26259151535954,0.968,0.538,5.27026537923597e-07,"11","PPP1R15A"
2.53327827760641e-11,3.06053020243339,0.129,0.009,6.84213129998716e-07,"11","FPR3"
2.63607673017713e-11,2.99007872053687,0.387,0.078,7.11977964053541e-07,"11","CDH11"
2.96505841229575e-11,1.48671389966417,0.935,0.57,8.00832626576959e-07,"11","LY6K"
3.98801345017079e-11,0.693041320294418,1,0.473,1.07712255275663e-06,"11","FST"
5.78134262241653e-11,3.9431985470725,0.161,0.015,1.56148282888848e-06,"11","CYBB"
6.15338552332211e-11,1.35787514460558,0.839,0.318,1.66196789599407e-06,"11","PRC1"
6.6315261777798e-11,1.74366338642525,0.806,0.341,1.79110890535655e-06,"11","FLRT2"
8.01124740109041e-11,2.87321861631679,0.194,0.021,2.16375781056051e-06,"11","FGL2"
8.24759589302812e-11,1.23755003639102,0.742,0.252,2.22759317474796e-06,"11","DKK1"
1.04530022185125e-10,1.38352045513716,0.774,0.294,2.82325136919805e-06,"11","CPA4"
1.22096749556872e-10,1.23522403748391,0.968,0.481,3.29771110878156e-06,"11","ATF3"
1.59946006042233e-10,1.41133873389748,0.871,0.431,4.31998167719466e-06,"11","CKAP2"
1.69692929124309e-10,1.47532078028938,0.903,0.473,4.58323632271845e-06,"11","EFNA1"
1.92074467170014e-10,2.2602417684733,0.516,0.148,5.1877392837949e-06,"11","CCNF"
1.930210771042e-10,1.64640715910894,0.871,0.442,5.21330627150733e-06,"11","ARL4C"
1.94294668882653e-10,1.46835873816049,0.871,0.417,5.24770471185157e-06,"11","TK1"
2.07036932816938e-10,1.47276374609322,0.903,0.525,5.59186051845267e-06,"11","TIMP1"
2.08071759983323e-10,1.33739886561943,0.613,0.182,5.61981016538956e-06,"11","AURKB"
2.67898140366792e-10,1.68723158312081,0.839,0.409,7.23566087316668e-06,"11","VEGFC"
2.97390959537897e-10,1.99986031001953,0.548,0.162,8.03223242615906e-06,"11","BUB1"
3.02055080327279e-10,1.2220837724385,1,0.552,8.15820566455947e-06,"11","STMN1"
3.12817986391449e-10,0.867899097631518,1,0.53,8.44890099444664e-06,"11","LAMC2"
3.16799229210475e-10,1.19200410209832,1,0.44,8.55643038174572e-06,"11","IFI44L"
4.63750240465746e-10,1.05205534305213,1,0.69,1.25254302447393e-05,"11","DNAJB1"
4.82722860615951e-10,1.37286162823396,0.839,0.37,1.30378617423762e-05,"11","ECT2"
5.03440788832485e-10,1.18245267465563,0.839,0.333,1.35974322655766e-05,"11","RRM2"
7.03677520250969e-10,1.86964153958126,0.484,0.129,1.90056261444584e-05,"11","NEK2"
1.02316313514365e-09,1.50903795905906,0.742,0.294,2.76346131170949e-05,"11","MCM5"
1.0776158427291e-09,3.5463298213981,0.258,0.042,2.91053262962702e-05,"11","CCN3"
1.23320937963272e-09,1.11672403500152,0.968,0.451,3.33077521345e-05,"11","CTNNAL1"
1.42617602075023e-09,1.21707405425051,0.871,0.397,3.85195881444428e-05,"11","DCBLD2"
1.62729877306809e-09,0.947638178158881,0.968,0.581,4.39517125617961e-05,"11","CKS2"
2.31915022682831e-09,1.17256327961996,0.968,0.559,6.26379284764059e-05,"11","JAG1"
2.76575872830106e-09,1.56929606630447,0.645,0.226,7.47003774926834e-05,"11","NDC80"
3.05471363787283e-09,0.826919866824342,1,0.526,8.25047606453072e-05,"11","LAMB3"
3.85970187773104e-09,0.587557491686291,1,0.561,0.000104246688015638,"11","TGFBI"
4.46876811771543e-09,1.02563187843771,0.968,0.459,0.000120696958091376,"11","PCLAF"
4.59838122602245e-09,1.06040127541623,1,0.553,0.00012419767853364,"11","CKS1B"
5.02793726197467e-09,0.857749522426513,1,0.682,0.000135799557508674,"11","IER3"
5.61227588296688e-09,1.36169641028592,0.742,0.309,0.000151581959323052,"11","ZWINT"
5.64185783983146e-09,2.93928712300385,0.161,0.019,0.000152380938396008,"11","CCL18"
6.63902608428845e-09,0.629118129738185,0.935,0.467,0.000179313455510547,"11","TNFAIP3"
7.04751442985073e-09,1.74743799565523,0.516,0.155,0.000190346317235838,"11","PLK1"
7.44792694902676e-09,0.995670533575641,0.839,0.34,0.000201161058966264,"11","MDK"
8.9816571100584e-09,0.860648051651178,0.968,0.559,0.000242585576885567,"11","KLK8"
1.09081065787807e-08,1.74067089720172,0.613,0.228,0.000294617050586289,"11","SGO2"
1.22657797396243e-08,0.985887252922653,0.968,0.609,0.000331286444987514,"11","ZFP36"
1.8584858414841e-08,0.601105481881851,1,0.509,0.000501958440926442,"11","LAMA3"
2.03173273266277e-08,2.04265894999966,0.452,0.136,0.000548750693764887,"11","TNFAIP8L1"
2.64619617799043e-08,0.593675739384735,0.839,0.4,0.000714711125713434,"11","THBS1"
2.82085945555746e-08,2.19147821966971,0.355,0.085,0.000761885930351515,"11","SLC39A8"
2.9841291393276e-08,0.920583644437613,0.871,0.404,0.000805983439240991,"11","GADD45B"
2.99964140304358e-08,1.64384970600266,0.548,0.186,0.00081017314654804,"11","DEPDC1"
3.01451750384051e-08,0.824097712354773,1,0.647,0.000814191032612285,"11","KLF6"
3.07530329826187e-08,0.952459414367869,0.581,0.202,0.00083060866782755,"11","CXCL3"
3.28078693601403e-08,1.45335566410422,0.677,0.28,0.000886107743548029,"11","NCAPD2"
3.36515657574058e-08,1.60119325787666,0.484,0.148,0.000908895139541774,"11","HIST1H1D"
4.3441513911758e-08,0.817498675519097,1,0.765,0.00117331184924267,"11","FOS"
4.58875217318692e-08,2.01390036261654,0.516,0.179,0.00123937607445605,"11","DDX3Y"
4.93136018203321e-08,1.24965384152806,0.742,0.315,0.00133191107156535,"11","HELLS"
5.0416503505053e-08,0.848058461450112,1,0.656,0.00136169934316798,"11","DUSP1"
7.214102560429e-08,0.742030290471061,0.968,0.6,0.00194845696054627,"11","ODC1"
7.65697881347855e-08,1.33529152120511,0.806,0.449,0.00206807340773242,"11","GPSM2"
8.15578455578263e-08,0.973868783142642,0.774,0.341,0.00220279585067133,"11","CLDN1"
8.28570585982119e-08,1.3783161030605,0.742,0.383,0.0022378862956791,"11","ANO1"
8.51260783166415e-08,1.46443568564229,0.677,0.312,0.00229917024925417,"11","DBF4"
1.07623740872918e-07,0.43397743275002,1,0.604,0.00290680961723664,"11","WARS"
1.19892258238891e-07,0.710184740533501,0.903,0.483,0.00323817000277421,"11","HIST1H1C"
1.44310324312282e-07,0.474084292255724,1,0.663,0.00389767754935042,"11","NEAT1"
1.46365605736427e-07,0.881881382259718,0.903,0.501,0.00395318864533517,"11","TM4SF1"
1.56114804778315e-07,0.491597418407327,1,0.526,0.0042165047622575,"11","CD74"
1.76780248392331e-07,1.45851800010623,0.581,0.225,0.00477465772882847,"11","RAD51AP1"
1.89765123280333e-07,0.834418471523408,1,0.803,0.00512536621467851,"11","TUBA1B"
1.9715815662485e-07,1.6605467067492,0.516,0.181,0.00532504465228058,"11","CDCA3"
2.11418856026559e-07,2.25657640850232,0.323,0.08,0.00571021188242134,"11","CD70"
2.12203790739813e-07,0.515268260849447,0.71,0.333,0.00573141218409162,"11","S100A4"
2.94693798479136e-07,1.26628618636219,0.645,0.28,0.00795938480312299,"11","DHFR"
3.14910254470717e-07,1.1367503952473,0.871,0.522,0.00850541106299959,"11","ATP1B1"
4.54547434406853e-07,1.435532835205,0.613,0.258,0.0122768716558947,"11","BRCA1"
4.79038427222906e-07,1.04075074370842,0.806,0.426,0.0129383488808635,"11","HLA-DQB1"
6.5534897198241e-07,0.78066256860382,0.968,0.536,0.0177003203842729,"11","KLF4"
6.98804775205703e-07,0.848177834569467,0.903,0.524,0.0188740181735308,"11","PRSS23"
6.99326098548972e-07,0.704382885454267,0.968,0.605,0.0188880985957092,"11","LAP3"
7.261422627663e-07,1.02996573193551,0.548,0.21,0.019612376375055,"11","PBK"
8.59722346246873e-07,1.06509784999613,0.71,0.32,0.0232202408497818,"11","ATAD2"
8.75363250472953e-07,1.657355957247,0.484,0.178,0.023642686032024,"11","DPYSL3"
9.04930912266223e-07,0.302695078506398,0.968,0.418,0.0244412790093984,"11","HLA-DRB1"
9.83217935527001e-07,1.47908567908461,0.548,0.21,0.0265557332206488,"11","NUF2"
1.01599483378459e-06,0.716439029089871,0.871,0.472,0.027441004465688,"11","SLFN5"
1.07574597898641e-06,1.43524328811282,0.613,0.267,0.0290548231464439,"11","SLC43A3"
1.25739643684037e-06,0.661091806038713,1,0.765,0.0339610203626215,"11","LGALS1"
1.25790234385061e-06,0.631632771229538,1,0.621,0.0339746844050611,"11","AREG"
1.27534069608696e-06,0.672657595654856,0.968,0.551,0.0344456768606126,"11","EGR1"
1.30581616600415e-06,0.90075303342622,0.903,0.522,0.035268788827606,"11","EPSTI1"
1.36310262001406e-06,1.00531204748882,0.742,0.343,0.0368160386639598,"11","SERPING1"
1.39977973425627e-06,1.52187497046405,0.548,0.22,0.0378066508425275,"11","PKMYT1"
1.47487122379729e-06,1.65630738518588,0.548,0.234,0.039834796883541,"11","KIF11"
1.4748815001647e-06,2.2413866667881,0.194,0.035,0.0398350744379485,"11","AIF1"
1.59336832285149e-06,0.884981533417277,0.774,0.444,0.0430352850318959,"11","EMP1"
1.73586453298213e-06,1.10300371023984,0.419,0.134,0.0468839651713144,"11","ADAMTS1"
2.03666364744451e-06,1.4810001856052,0.548,0.241,0.0550082484538289,"11","RACGAP1"
2.33511941753579e-06,1.23472747595602,0.613,0.281,0.0630692403482241,"11","KNSTRN"
2.44438730515172e-06,0.398654533178719,1,0.612,0.0660204567248429,"11","HSPA1B"
2.64107399783704e-06,0.967522971681005,0.839,0.551,0.0713327676075805,"11","BAG3"
2.64647760103011e-06,1.11203335267025,0.613,0.268,0.0714787135262222,"11","CCNB2"
3.15009193501106e-06,0.238080822086497,0.968,0.537,0.0850808330727138,"11","HLA-DRA"
3.29400712618859e-06,0.825987521148967,0.871,0.451,0.0889678384712276,"11","SERPINH1"
3.39557273627009e-06,1.2764803613297,0.742,0.38,0.091711024033919,"11","FSTL3"
3.53075761405926e-06,0.928939428322556,0.774,0.385,0.0953622323981265,"11","GOLIM4"
4.15753745509744e-06,0.488448470138408,0.935,0.522,0.112290929124727,"11","IRF1"
4.70368279613785e-06,0.844373193027061,0.774,0.407,0.127041768640887,"11","C1S"
4.94639238529674e-06,1.6638347966009,0.516,0.217,0.13359711193448,"11","SLCO1B3"
5.04853344353718e-06,2.04175309733562,0.323,0.093,0.136355839776496,"11","SCG5"
5.27290998234678e-06,1.31579468864617,0.516,0.22,0.142416025713204,"11","CD83"
5.31413363902391e-06,1.34993898770192,0.581,0.273,0.143529435456397,"11","MYBL2"
5.46557521804981e-06,0.689126377183733,0.903,0.48,0.147619721064307,"11","PDPN"
5.63306351176854e-06,1.99988966481964,0.484,0.208,0.152143412389357,"11","KCNMA1"
5.75052609966392e-06,0.277040957943368,1,0.919,0.155315959425823,"11","ISG15"
6.61776748068338e-06,0.687457198731057,0.903,0.523,0.178739281885778,"11","ANXA3"
6.88373631092193e-06,1.37011597059073,0.484,0.193,0.18592283402169,"11","KIF2C"
8.74144161661117e-06,1.09431335529991,0.742,0.445,0.236097596623051,"11","BPGM"
9.22547465378945e-06,0.386670567989122,0.806,0.42,0.249170844924199,"11","SERPINE1"
1.2008177385627e-05,0.716911035826787,0.774,0.389,0.3243288630084,"11","ALCAM"
1.22549357949079e-05,0.58341458384459,0.935,0.582,0.330993560884669,"11","TSC22D1"
1.36892355808099e-05,0.880571208735733,0.677,0.332,0.369732563802094,"11","MAD2L1"
1.66614432616954e-05,0.676780611918152,0.903,0.558,0.450008921055132,"11","PCNA"
1.89446326852787e-05,1.23001415791499,0.613,0.309,0.511675584196692,"11","MMP2"
1.93007300582251e-05,0.392134454205495,0.839,0.454,0.521293418142601,"11","IFIT1"
1.93883739981182e-05,0.71603839004519,0.806,0.428,0.523660593315174,"11","SMC2"
2.04908473901736e-05,0.296771257123432,0.871,0.513,0.553437297161198,"11","HOPX"
2.13893406307929e-05,0.858007882548565,0.71,0.371,0.577704701097085,"11","COL4A2"
2.1608977736184e-05,0.715336669809248,0.839,0.478,0.583636879676594,"11","SMC4"
2.24578965544538e-05,0.481116484767209,1,0.579,0.606565328039242,"11","MX1"
2.45638059210126e-05,2.69111749468942,0.258,0.072,0.663443834120629,"11","ICAM4"
2.7786068638668e-05,1.87217771287855,0.226,0.055,0.750473927861783,"11","EGR2"
3.26616116361741e-05,1.45924267921014,0.613,0.324,0.882157468681428,"11","SOX9"
3.85283984824883e-05,1.40412007990447,0.419,0.168,1,"11","SH3KBP1"
4.72358938043789e-05,0.602056799769659,0.935,0.601,1,"11","TPM1"
4.82364606880952e-05,0.238739002890021,0.355,0.112,1,"11","LCP1"
4.90121667148417e-05,1.4662522147402,0.516,0.24,1,"11","ATAD5"
5.10715696229275e-05,2.34114355612267,0.29,0.091,1,"11","MANCR"
5.16563872722802e-05,1.81361144961528,0.387,0.152,1,"11","DTL"
5.35042484825141e-05,0.95088136506119,0.742,0.431,1,"11","PLK3"
6.10607570023668e-05,0.415944181406886,0.806,0.422,1,"11","NRG1"
6.37775463822596e-05,3.04276224377542,0.194,0.046,1,"11","MYEOV"
6.81320943548015e-05,0.64173964272472,0.774,0.496,1,"11","NCOA7"
6.91249515188529e-05,0.550245061013119,0.742,0.367,1,"11","TYMS"
6.93920503286737e-05,1.66972524166966,0.419,0.179,1,"11","KBTBD7"
7.04941063595838e-05,0.299904381416531,0.677,0.316,1,"11","GBP5"
7.33383597625337e-05,0.599095684400836,0.839,0.441,1,"11","TRIM22"
8.64672807816073e-05,1.16027075276245,0.581,0.298,1,"11","FANCI"
8.96693990669341e-05,1.03148156931384,0.645,0.373,1,"11","DAPP1"
9.84939511118649e-05,1.12798372092772,0.581,0.315,1,"11","COL5A2"
0.000101427156987556,0.764840268719551,0.484,0.209,1,"11","CENPA"
0.000104583574477805,1.28406222341708,0.452,0.199,1,"11","CIP2A"
0.000106312422190409,1.43833016533682,0.484,0.217,1,"11","EIF1AY"
0.000117592495634283,1.51022027504297,0.387,0.158,1,"11","BUB1B"
0.00012621941659872,0.388493999569748,0.935,0.582,1,"11","SDC4"
0.00017436875473252,2.75497124248462,0.258,0.086,1,"11","AC092718.4"
0.000184749513636289,0.743657074891393,0.548,0.269,1,"11","HERC5"
0.000214399177769521,0.80194551790563,0.419,0.177,1,"11","FAM107B"
0.000219887483365791,0.536296182221249,0.613,0.315,1,"11","KLK5"
0.000226898715184305,1.62823403403761,0.387,0.166,1,"11","TTK"
0.000232075798430197,2.37166096171775,0.161,0.037,1,"11","PLEK"
0.00023314854619167,1.45885322861233,0.484,0.251,1,"11","CENPK"
0.00023556099569564,0.822671234509465,0.645,0.353,1,"11","ITGA5"
0.000291032639376717,0.56752817804931,0.871,0.575,1,"11","CCND1"
0.000291081639611163,0.800258704912997,0.452,0.202,1,"11","AURKA"
0.000291576181835774,1.29799140336459,0.355,0.143,1,"11","IL1R2"
0.000366033628222755,2.06309591996765,0.323,0.125,1,"11","SHISA2"
0.000370654898422775,1.28104961186621,0.419,0.196,1,"11","HIST2H2AC"
0.00037292632095106,0.446635500822786,0.71,0.441,1,"11","TXNRD1"
0.000395436258768385,0.761506791015992,0.581,0.323,1,"11","ETS1"
0.000425021772939764,1.51593544350979,0.387,0.171,1,"11","KIFC1"
0.000512988072584261,1.33924673718135,0.484,0.253,1,"11","MSLN"
0.000516820600503342,2.0496496255759,0.226,0.072,1,"11","LINC01127"
0.000666501553299509,0.453530098982305,0.613,0.356,1,"11","ZFAND2A"
0.000680349316686877,0.229293720474753,1,0.645,1,"11","IGFBP6"
0.000850149731849431,0.741035553288614,0.645,0.424,1,"11","ERRFI1"
0.000948445788435771,0.356993058013396,0.774,0.46,1,"11","ITGA2"
0.000971131731962781,0.794705326759861,0.548,0.292,1,"11","CLSPN"
0.00098626043640407,1.32098491906156,0.419,0.21,1,"11","PRR11"
0.00107927906095315,1.071799009038,0.484,0.252,1,"11","APCDD1"
0.00109130586328522,1.67254743889918,0.258,0.093,1,"11","PIF1"
0.00113258023882449,0.44151550853572,0.71,0.429,1,"11","BHLHE40"
0.00126120087077495,0.860000206947929,0.548,0.316,1,"11","KDM6B"
0.00134673840596385,1.78330983198065,0.258,0.098,1,"11","IL20"
0.00139092098123329,0.6918586589422,0.613,0.4,1,"11","SLC7A8"
0.00140371929549671,0.354654606247266,1,0.677,1,"11","C12orf75"
0.00141718220963331,1.03021908960483,0.645,0.453,1,"11","EPHA2"
0.00154189411272098,0.856701528479533,0.548,0.311,1,"11","FEN1"
0.00157021731457682,0.710347671709671,0.516,0.281,1,"11","CCN1"
0.00164251449478031,0.566272462490821,0.581,0.351,1,"11","DNAJA4"
0.00183053570292051,0.742565497102554,0.419,0.196,1,"11","GTSE1"
0.00183968334025648,0.898128904703015,0.581,0.371,1,"11","TINAGL1"
0.00191256321406944,0.829910565487134,0.516,0.298,1,"11","TRIB1"
0.00223515558726805,0.462421471095222,0.645,0.462,1,"11","RBPJ"
0.00236544047545864,0.922300862476954,0.419,0.221,1,"11","CTSS"
0.00253537430999026,1.99320033957008,0.194,0.065,1,"11","TRIML2"
0.00256472663270012,2.14497486140362,0.161,0.047,1,"11","CD86"
0.00263313233619418,0.359281381200681,0.645,0.427,1,"11","PGD"
0.00264965242863273,0.351036069662573,0.677,0.431,1,"11","H2AFX"
0.00267388185615356,1.30543670182237,0.387,0.205,1,"11","ASF1B"
0.00270653663638587,0.314751458388392,0.774,0.497,1,"11","PMEPA1"
0.00289053014107797,0.770042787416004,0.581,0.372,1,"11","HERC6"
0.00290297090753436,0.315432795639206,0.839,0.605,1,"11","GBP1"
0.00293745595149644,0.231617622521692,0.516,0.28,1,"11","HEPHL1"
0.00298506239221068,1.05296312027305,0.419,0.224,1,"11","CDC6"
0.00334627028616548,0.292882388268413,0.742,0.455,1,"11","OAS1"
0.00349650333868074,0.632427534889963,0.645,0.436,1,"11","UACA"
0.00363930042680789,0.78649852544836,0.516,0.281,1,"11","ORC6"
0.00486040254114407,0.252438285365795,0.516,0.307,1,"11","SPHK1"
0.00557751403111343,0.737584051005233,0.484,0.291,1,"11","ICAM1"
0.00561100051489323,2.01897948818699,0.161,0.053,1,"11","ZNF114"
0.00568125522315162,0.87333796847564,0.548,0.363,1,"11","MCM3"
0.00592436322997812,0.556246905342803,0.484,0.288,1,"11","BMP2"
0.00622192027512315,0.959639313672422,0.516,0.327,1,"11","CEMIP2"
0.00681884801214058,1.90890802267938,0.226,0.095,1,"11","HAP1"
0.007324640055295,0.33665073003075,0.677,0.448,1,"11","DDX58"
0.00866788426761285,0.41902823712214,0.581,0.365,1,"11","HMGA2"
0.00918763155838341,2.60954383466073,0.161,0.058,1,"11","AC116366.1"
