"gene","distance","Z","FC","p.value","p.adj","target_gene","perturbation","significant","direction","minus_log10_fdr"
"LUM",0.00010454655225464,3.15955146490206,11.133679938311,0.000847742391659557,0.61334162036569,"MYH11","KO",FALSE,"Activated",0.212297563794729
"DCN",4.54213113207723e-05,2.71561674736933,2.10154473176131,0.14715040924891,0.999999999999937,"MYH11","KO",FALSE,"Activated",2.74351164234419e-14
"WNT5A",2.32322699848705e-05,2.38201071909587,0.549797289081367,0.458400533526892,0.999999999999937,"MYH11","KO",FALSE,"Activated",2.74351164234419e-14
"GAS1",1.82228160933931e-05,2.2660474919743,0.338259721167066,0.560835470371642,0.999999999999937,"MYH11","KO",FALSE,"Activated",2.74351164234419e-14
"PDGFRA",1.69682703684212e-05,2.23246880416773,0.293288107412416,0.588121097818722,0.999999999999937,"MYH11","KO",FALSE,"Activated",2.74351164234419e-14
"CTSK",1.55685870601459e-05,2.19222779239878,0.246898073514684,0.619267758156162,0.999999999999937,"MYH11","KO",FALSE,"Activated",2.74351164234419e-14
"STEAP1",1.38083045061833e-05,2.13666125324276,0.194222711743059,0.659425085648689,0.999999999999937,"MYH11","KO",FALSE,"Activated",2.74351164234419e-14
"FAP",1.33911875890644e-05,2.1225521959266,0.182665903682411,0.669092144741555,0.999999999999937,"MYH11","KO",FALSE,"Activated",2.74351164234419e-14
"MMP2",1.29350340528525e-05,2.10665740189484,0.17043330068033,0.679727006459895,0.999999999999937,"MYH11","KO",FALSE,"Activated",2.74351164234419e-14
"CTHRC1",1.0226655933467e-05,2.00020559194093,0.106533597185798,0.744125634544565,0.999999999999937,"MYH11","KO",FALSE,"Activated",2.74351164234419e-14
"MCAM",1.00430143873746e-05,1.99208850481378,0.102741871351153,0.748563766043878,0.999999999999937,"MYH11","KO",FALSE,"Activated",2.74351164234419e-14
"IGFBP7",8.83234482714369e-06,1.9349240582037,0.0794641668605139,0.778024872474542,0.999999999999937,"MYH11","KO",FALSE,"Activated",2.74351164234419e-14
"SPARCL1",8.64951214358111e-06,1.92567800161607,0.0762083445226795,0.782503066419305,0.999999999999937,"MYH11","KO",FALSE,"Activated",2.74351164234419e-14
"MYLK",8.55101560175922e-06,1.92062295579718,0.0744825779327538,0.78491858291388,0.999999999999937,"MYH11","KO",FALSE,"Activated",2.74351164234419e-14
"MYL9",8.1830897801521e-06,1.90125941656521,0.0682109242331711,0.793959706361643,0.999999999999937,"MYH11","KO",FALSE,"Activated",2.74351164234419e-14
"NR2F2",7.93788275852184e-06,1.88790956472188,0.0641842783080281,0.800000726427142,0.999999999999937,"MYH11","KO",FALSE,"Activated",2.74351164234419e-14
"NOTCH3",7.79449267037849e-06,1.87992803238338,0.0618863697880329,0.803538920734259,0.999999999999937,"MYH11","KO",FALSE,"Activated",2.74351164234419e-14
"CDH6",7.7483805760519e-06,1.87733288813144,0.0611562981875486,0.804677610593228,0.999999999999937,"MYH11","KO",FALSE,"Activated",2.74351164234419e-14
"HTRA3",7.67646560696384e-06,1.87325739838899,0.0600263476266139,0.806454301863515,0.999999999999937,"MYH11","KO",FALSE,"Activated",2.74351164234419e-14
"MRVI1",7.66694682974385e-06,1.87271535910967,0.0598775752078705,0.806689542570274,0.999999999999937,"MYH11","KO",FALSE,"Activated",2.74351164234419e-14
"MEF2C",7.48426505739264e-06,1.86219224126416,0.0570581414833653,0.811207582460838,0.999999999999937,"MYH11","KO",FALSE,"Activated",2.74351164234419e-14
"ITGA7",7.43335852016969e-06,1.85921820832072,0.0562845841588981,0.812467718223515,0.999999999999937,"MYH11","KO",FALSE,"Activated",2.74351164234419e-14
"SYNPO2",7.40510391702267e-06,1.85755952686543,0.0558575157810313,0.813167339938475,0.999999999999937,"MYH11","KO",FALSE,"Activated",2.74351164234419e-14
"TWIST2",7.24539134035026e-06,1.84807391848424,0.0534740401032676,0.817124824889073,0.999999999999937,"MYH11","KO",FALSE,"Activated",2.74351164234419e-14
"CRIP1",7.17779233497186e-06,1.84400167677113,0.052480876621851,0.818801258202922,0.999999999999937,"MYH11","KO",FALSE,"Activated",2.74351164234419e-14
"SOD2",7.15845318615812e-06,1.8428302444098,0.0521984588076798,0.819281015586669,0.999999999999937,"MYH11","KO",FALSE,"Activated",2.74351164234419e-14
"MRC2",7.11328775267863e-06,1.84008317828921,0.0515418564488569,0.820401723686597,0.999999999999937,"MYH11","KO",FALSE,"Activated",2.74351164234419e-14
"TINAGL1",7.04755305392383e-06,1.83605654802276,0.050593649749058,0.822033480110857,0.999999999999937,"MYH11","KO",FALSE,"Activated",2.74351164234419e-14
"LBH",7.0273865407298e-06,1.83481438133888,0.0503045174187071,0.82253423553636,0.999999999999937,"MYH11","KO",FALSE,"Activated",2.74351164234419e-14
"FRZB",7.00010184760332e-06,1.83312859376999,0.049914648787311,0.823211857784372,0.999999999999937,"MYH11","KO",FALSE,"Activated",2.74351164234419e-14
"NDUFA4L2",6.99564162113393e-06,1.83285244982708,0.0498510612235164,0.823322641186896,0.999999999999937,"MYH11","KO",FALSE,"Activated",2.74351164234419e-14
"C1QTNF1",6.97649366320209e-06,1.8316651280393,0.0495785373527822,0.823798279422619,0.999999999999937,"MYH11","KO",FALSE,"Activated",2.74351164234419e-14
"STEAP2",6.8973180154931e-06,1.82672393137211,0.0484595975518795,0.825765700043051,0.999999999999937,"MYH11","KO",FALSE,"Activated",2.74351164234419e-14
"BICC1",6.85955993969421e-06,1.82434932314938,0.0479304838106267,0.826704329544662,0.999999999999937,"MYH11","KO",FALSE,"Activated",2.74351164234419e-14
"SCARA5",6.79514940387734e-06,1.82027095298365,0.0470345855898057,0.828306084512569,0.999999999999937,"MYH11","KO",FALSE,"Activated",2.74351164234419e-14
"TAGLN",6.78359218015121e-06,1.81953544871771,0.0468747283367502,0.828593564199888,0.999999999999937,"MYH11","KO",FALSE,"Activated",2.74351164234419e-14
"ACTA2",6.7295918018109e-06,1.81608367057008,0.0461314118006757,0.829937098046509,0.999999999999937,"MYH11","KO",FALSE,"Activated",2.74351164234419e-14
"SMOC2",6.65269027897763e-06,1.81112426288657,0.0450831146098818,0.831851271919178,0.999999999999937,"MYH11","KO",FALSE,"Activated",2.74351164234419e-14
"RGS5",6.54389070121801e-06,1.80401788176525,0.0436205739823158,0.83456112963201,0.999999999999937,"MYH11","KO",FALSE,"Activated",2.74351164234419e-14
"TBX2",6.53533000728216e-06,1.80345417686762,0.0435065200821797,0.834774433623107,0.999999999999937,"MYH11","KO",FALSE,"Activated",2.74351164234419e-14
"EPS8",6.48053216454995e-06,1.79982984957865,0.0427799864807566,0.836140100728655,0.999999999999937,"MYH11","KO",FALSE,"Activated",2.74351164234419e-14
"SOD3",6.44644511247195e-06,1.79756123933821,0.0423311318277893,0.836989864825969,0.999999999999937,"MYH11","KO",FALSE,"Activated",2.74351164234419e-14
"A2M",6.44487746699228e-06,1.79745664483263,0.0423105461755207,0.837028949609742,0.999999999999937,"MYH11","KO",FALSE,"Activated",2.74351164234419e-14
"NEURL1B",6.43980989936346e-06,1.79711837440303,0.0422440352883829,0.837155297754608,0.999999999999937,"MYH11","KO",FALSE,"Activated",2.74351164234419e-14
"LMOD1",6.33577292355116e-06,1.79011961651784,0.0408901316874943,0.839750144193949,0.999999999999937,"MYH11","KO",FALSE,"Activated",2.74351164234419e-14
"EFHD1",6.334520670017e-06,1.79003474002393,0.0408739695704902,0.839781388044668,0.999999999999937,"MYH11","KO",FALSE,"Activated",2.74351164234419e-14
"PPP1R14A",6.30706023768492e-06,1.78816965062753,0.0405203567021993,0.840466591957919,0.999999999999937,"MYH11","KO",FALSE,"Activated",2.74351164234419e-14
"WFDC1",6.26362151581539e-06,1.78520418608264,0.0399641257246004,0.841550739351402,0.999999999999937,"MYH11","KO",FALSE,"Activated",2.74351164234419e-14
"GJA4",6.20319873630379e-06,1.78104798666451,0.0391968071713788,0.84305927563399,0.999999999999937,"MYH11","KO",FALSE,"Activated",2.74351164234419e-14
"MASP1",6.12700595297053e-06,1.77575420947379,0.0382398259254006,0.844962351903138,0.999999999999937,"MYH11","KO",FALSE,"Activated",2.74351164234419e-14
"PPP1R12B",6.12347574547813e-06,1.77550748593536,0.0381957732082939,0.84505054834317,0.999999999999937,"MYH11","KO",FALSE,"Activated",2.74351164234419e-14
"PDGFA",6.09316696920274e-06,1.77338388657033,0.0378186010935585,0.845807843175302,0.999999999999937,"MYH11","KO",FALSE,"Activated",2.74351164234419e-14
"TNS1",6.05081458471255e-06,1.77040028945863,0.0372946891880516,0.846866297994591,0.999999999999937,"MYH11","KO",FALSE,"Activated",2.74351164234419e-14
"PARM1",5.93824714129061e-06,1.76237689317685,0.0359199595337703,0.849680879382239,0.999999999999937,"MYH11","KO",FALSE,"Activated",2.74351164234419e-14
"AOC3",5.85857534949825e-06,1.75661410869347,0.0349625694366252,0.851674114647345,0.999999999999937,"MYH11","KO",FALSE,"Activated",2.74351164234419e-14
"COX4I2",5.84553261595322e-06,1.75566392221585,0.0348070709225343,0.852000509422781,0.999999999999937,"MYH11","KO",FALSE,"Activated",2.74351164234419e-14
"PTP4A3",5.83276538064194e-06,1.75473193603778,0.0346551926258341,0.852320034399637,0.999999999999937,"MYH11","KO",FALSE,"Activated",2.74351164234419e-14
"MUSTN1",5.71538456675122e-06,1.74607525872168,0.0332743988113278,0.85525884761331,0.999999999999937,"MYH11","KO",FALSE,"Activated",2.74351164234419e-14
"ESAM",5.59318517330725e-06,1.73688962037578,0.0318667444412427,0.8583204353697,0.999999999999937,"MYH11","KO",FALSE,"Activated",2.74351164234419e-14
"KLHL23",5.52234254237568e-06,1.73148046655069,0.0310646157156525,0.860096308336847,0.999999999999937,"MYH11","KO",FALSE,"Activated",2.74351164234419e-14
"SEPTIN4",5.47967137769272e-06,1.72819178203421,0.0305863976384207,0.861166325154829,0.999999999999937,"MYH11","KO",FALSE,"Activated",2.74351164234419e-14
"MME",5.45079552159217e-06,1.72595306203042,0.0302648888237134,0.861890557251598,0.999999999999937,"MYH11","KO",FALSE,"Activated",2.74351164234419e-14
"CCN4",5.30965755414143e-06,1.71485302718179,0.0287178766943455,0.865432082514361,0.999999999999937,"MYH11","KO",FALSE,"Activated",2.74351164234419e-14
"SLIT3",5.2504823780309e-06,1.71011902972506,0.0280813325399724,0.866917753037654,0.999999999999937,"MYH11","KO",FALSE,"Activated",2.74351164234419e-14
"CSRP1",5.10891687765764e-06,1.69859379912812,0.0265874677139184,0.870473839404681,0.999999999999937,"MYH11","KO",FALSE,"Activated",2.74351164234419e-14
"MAP1B",5.04079200973508e-06,1.69294363661053,0.025883133863148,0.872186055739431,0.999999999999937,"MYH11","KO",FALSE,"Activated",2.74351164234419e-14
"ID4",4.988291449934e-06,1.68854172271774,0.0253467885601513,0.873505987659171,0.999999999999937,"MYH11","KO",FALSE,"Activated",2.74351164234419e-14
"SERPINI1",4.96991505140997e-06,1.68699098760657,0.025160382155212,0.873968077456272,0.999999999999937,"MYH11","KO",FALSE,"Activated",2.74351164234419e-14
"FRY",4.96349507969152e-06,1.68644799342822,0.025095421442072,0.874129523116138,0.999999999999937,"MYH11","KO",FALSE,"Activated",2.74351164234419e-14
"AVPR1A",4.95245178443683e-06,1.68551246674924,0.0249838759107267,0.874407245644318,0.999999999999937,"MYH11","KO",FALSE,"Activated",2.74351164234419e-14
"BCAM",4.83619840904543e-06,1.67554725562346,0.0238247044440993,0.877331778224704,0.999999999999937,"MYH11","KO",FALSE,"Activated",2.74351164234419e-14
"COL14A1",4.8075519307739e-06,1.67305823274803,0.0235432964054655,0.878052683272117,0.999999999999937,"MYH11","KO",FALSE,"Activated",2.74351164234419e-14
"TMEM45A",4.75229319152755e-06,1.66821857204016,0.0230051863216629,0.879443586327555,0.999999999999937,"MYH11","KO",FALSE,"Activated",2.74351164234419e-14
"IL1R1",4.72359692137598e-06,1.66568506528578,0.0227281958881189,0.880166039589906,0.999999999999937,"MYH11","KO",FALSE,"Activated",2.74351164234419e-14
"ADRA2A",4.72003566988367e-06,1.66536967694177,0.0226939379651422,0.8802557041272,0.999999999999937,"MYH11","KO",FALSE,"Activated",2.74351164234419e-14
"LINC01197",4.68120906892376e-06,1.66191702971227,0.0223221168637606,0.881233372542301,0.999999999999937,"MYH11","KO",FALSE,"Activated",2.74351164234419e-14
"GPR4",4.68019887637884e-06,1.66182685123567,0.0223124837956217,0.881258811993113,0.999999999999937,"MYH11","KO",FALSE,"Activated",2.74351164234419e-14
"EBF2",4.67294830586169e-06,1.66117908269572,0.0222434042851524,0.881441405067525,0.999999999999937,"MYH11","KO",FALSE,"Activated",2.74351164234419e-14
"GPRC5C",4.66435184338079e-06,1.66040988570506,0.0221616406119784,0.881657900266993,0.999999999999937,"MYH11","KO",FALSE,"Activated",2.74351164234419e-14
"LINGO1",4.65888109721965e-06,1.65991970061168,0.0221096850075583,0.88179568134545,0.999999999999937,"MYH11","KO",FALSE,"Activated",2.74351164234419e-14
"RAMP1",4.53478967126127e-06,1.64865788938029,0.0209475675520997,0.884921884375249,0.999999999999937,"MYH11","KO",FALSE,"Activated",2.74351164234419e-14
"PDE5A",4.52556598875879e-06,1.64780964650161,0.0208624402453691,0.885154326371737,0.999999999999937,"MYH11","KO",FALSE,"Activated",2.74351164234419e-14
"JAG1",4.52555892916793e-06,1.64780899667411,0.0208623751572992,0.885154504281192,0.999999999999937,"MYH11","KO",FALSE,"Activated",2.74351164234419e-14
"COL18A1",4.48966134570659e-06,1.64449267643218,0.0205327192530277,0.886059237547236,0.999999999999937,"MYH11","KO",FALSE,"Activated",2.74351164234419e-14
"EBF1",4.47940363436004e-06,1.643540607842,0.0204390025619424,0.886317791833633,0.999999999999937,"MYH11","KO",FALSE,"Activated",2.74351164234419e-14
"CARMN",4.43872741532057e-06,1.63974561210602,0.0200694861524891,0.88734318920118,0.999999999999937,"MYH11","KO",FALSE,"Activated",2.74351164234419e-14
"GUCY1B1",4.36832962653319e-06,1.63310225144994,0.0194379341314034,0.889118275416395,0.999999999999937,"MYH11","KO",FALSE,"Activated",2.74351164234419e-14
"WNT2",4.35216843985989e-06,1.63156339705434,0.0192943740027448,0.889525859918379,0.999999999999937,"MYH11","KO",FALSE,"Activated",2.74351164234419e-14
"COL12A1",4.29862889463705e-06,1.62642799416087,0.0188225824967885,0.8908763332148,0.999999999999937,"MYH11","KO",FALSE,"Activated",2.74351164234419e-14
"SORT1",4.27263770608732e-06,1.62391395468651,0.0185956532636957,0.891532045384595,0.999999999999937,"MYH11","KO",FALSE,"Activated",2.74351164234419e-14
"PDE1A",4.26873317020106e-06,1.62353508054962,0.0185616816403219,0.89163055640677,0.999999999999937,"MYH11","KO",FALSE,"Activated",2.74351164234419e-14
"GJC1",4.25888330842319e-06,1.62257790260545,0.0184761203947393,0.891879074792514,0.999999999999937,"MYH11","KO",FALSE,"Activated",2.74351164234419e-14
"EGFLAM",4.2169619322876e-06,1.61848145530286,0.0181141793371677,0.892936896724774,0.999999999999937,"MYH11","KO",FALSE,"Activated",2.74351164234419e-14
"TPM1",4.15823023817989e-06,1.61267958110753,0.017613122940312,0.894419221360303,0.999999999999937,"MYH11","KO",FALSE,"Activated",2.74351164234419e-14
"MMP14",4.15360951190719e-06,1.61221995952812,0.0175740004307205,0.894535859225445,0.999999999999937,"MYH11","KO",FALSE,"Activated",2.74351164234419e-14
"PLAC9",4.15020185250645e-06,1.61188070300402,0.0175451765164805,0.894621877925846,0.999999999999937,"MYH11","KO",FALSE,"Activated",2.74351164234419e-14
"FILIP1",4.12996715298604e-06,1.60986095942934,0.017374507273212,0.89513268291546,0.999999999999937,"MYH11","KO",FALSE,"Activated",2.74351164234419e-14
"TBX3",4.11857752002574e-06,1.60872012965993,0.0172788085019349,0.895420222082426,0.999999999999937,"MYH11","KO",FALSE,"Activated",2.74351164234419e-14
"FOXS1",4.00803233277031e-06,1.59749583087274,0.016363708508765,0.898211720054041,0.999999999999937,"MYH11","KO",FALSE,"Activated",2.74351164234419e-14
"MRGPRF",3.99364825755219e-06,1.59601467587419,0.0162464667138179,0.898575041522506,0.999999999999937,"MYH11","KO",FALSE,"Activated",2.74351164234419e-14
"COX7A1",3.97437736385626e-06,1.59402268965974,0.0160900540618025,0.899061830447403,0.999999999999937,"MYH11","KO",FALSE,"Activated",2.74351164234419e-14
"LGI4",3.89180221839572e-06,1.58538633456638,0.0154283976789115,0.901148132766631,0.999999999999937,"MYH11","KO",FALSE,"Activated",2.74351164234419e-14
"SRPX2",3.88748275624411e-06,1.58492999664694,0.0153941691167553,0.901257285060876,0.999999999999937,"MYH11","KO",FALSE,"Activated",2.74351164234419e-14
"ADAP2",3.855836963323e-06,1.58157257324406,0.0151445588321509,0.902057027294563,0.999999999999937,"MYH11","KO",FALSE,"Activated",2.74351164234419e-14
"EDNRA",3.85196505571455e-06,1.58116006767999,0.0151141587443042,0.90215488373186,0.999999999999937,"MYH11","KO",FALSE,"Activated",2.74351164234419e-14
"GPX3",3.84715086274001e-06,1.58064664634274,0.015076402946184,0.902276557038159,0.999999999999937,"MYH11","KO",FALSE,"Activated",2.74351164234419e-14
"CXCL1",3.83677355052301e-06,1.57953794140998,0.01499517840451,0.902538839722232,0.999999999999937,"MYH11","KO",FALSE,"Activated",2.74351164234419e-14
"FILIP1L",3.80355150160407e-06,1.57597007756986,0.0147366206596815,0.903378585981318,0.999999999999937,"MYH11","KO",FALSE,"Activated",2.74351164234419e-14
"CCDC102B",3.75634519262072e-06,1.57085129888494,0.0143730948858057,0.904571994937389,0.999999999999937,"MYH11","KO",FALSE,"Activated",2.74351164234419e-14
"THBS2",3.63046607065822e-06,1.55690996602085,0.0134259203589346,0.907755355018125,0.999999999999937,"MYH11","KO",FALSE,"Activated",2.74351164234419e-14
"NRGN",3.61234032243051e-06,1.55486639077225,0.0132921924291241,0.908213860767344,0.999999999999937,"MYH11","KO",FALSE,"Activated",2.74351164234419e-14
"RCAN2",3.61177776542474e-06,1.55480281650016,0.0132880527119028,0.908228091600815,0.999999999999937,"MYH11","KO",FALSE,"Activated",2.74351164234419e-14
"GLIS3",3.56890455955717e-06,1.54993102753634,0.0129744563792159,0.909312728373549,0.999999999999937,"MYH11","KO",FALSE,"Activated",2.74351164234419e-14
"ATP1B2",3.56002138739575e-06,1.54891495460774,0.0129099486900587,0.909537482374187,0.999999999999937,"MYH11","KO",FALSE,"Activated",2.74351164234419e-14
"ENPEP",3.50268890646005e-06,1.54230112148547,0.0124974795800601,0.910988230416843,0.999999999999937,"MYH11","KO",FALSE,"Activated",2.74351164234419e-14
"PDE3A",3.49489306104943e-06,1.54139420246032,0.0124419108444667,0.911185520462559,0.999999999999937,"MYH11","KO",FALSE,"Activated",2.74351164234419e-14
"GUCY1A1",3.4736373105904e-06,1.53891205960096,0.0122910290147287,0.911723469119136,0.999999999999937,"MYH11","KO",FALSE,"Activated",2.74351164234419e-14
"COL6A3",3.47278910911724e-06,1.53881272429365,0.0122850272389814,0.911744936567331,0.999999999999937,"MYH11","KO",FALSE,"Activated",2.74351164234419e-14
"KCNJ8",3.46911697764612e-06,1.53838241561131,0.0122590605690428,0.911837876658492,0.999999999999937,"MYH11","KO",FALSE,"Activated",2.74351164234419e-14
"MAP3K7CL",3.43647165241037e-06,1.53453863611768,0.0120294240233566,0.912664168877316,0.999999999999937,"MYH11","KO",FALSE,"Activated",2.74351164234419e-14
"SLC16A3",3.4131851892567e-06,1.53177644744198,0.0118669471146421,0.913253634860766,0.999999999999937,"MYH11","KO",FALSE,"Activated",2.74351164234419e-14
"FBLN2",3.40956735734785e-06,1.53134577013517,0.0118418035234378,0.913345219777091,0.999999999999937,"MYH11","KO",FALSE,"Activated",2.74351164234419e-14
"ITGA1",3.39961682795494e-06,1.53015908179304,0.0117727858094015,0.913597121989375,0.999999999999937,"MYH11","KO",FALSE,"Activated",2.74351164234419e-14
"SYTL2",3.38898594577285e-06,1.52888775828251,0.0116992719870733,0.913866257234563,0.999999999999937,"MYH11","KO",FALSE,"Activated",2.74351164234419e-14
"SLC7A2",3.388530710565e-06,1.52883323673604,0.0116961291219861,0.91387778235393,0.999999999999937,"MYH11","KO",FALSE,"Activated",2.74351164234419e-14
"NMNAT2",3.34284532278866e-06,1.52332750686642,0.0113828723490148,0.915034483949595,0.999999999999937,"MYH11","KO",FALSE,"Activated",2.74351164234419e-14
"COL1A2",3.32965275346595e-06,1.52172487663069,0.0112932044189917,0.915368538260136,0.999999999999937,"MYH11","KO",FALSE,"Activated",2.74351164234419e-14
"TMEM158",3.32625007423405e-06,1.52131058271818,0.0112701344354165,0.91545470128558,0.999999999999937,"MYH11","KO",FALSE,"Activated",2.74351164234419e-14
"HIGD1B",3.31216414508212e-06,1.51959143474056,0.0111748835219139,0.915811397321319,0.999999999999937,"MYH11","KO",FALSE,"Activated",2.74351164234419e-14
"SLC39A14",3.31196655435161e-06,1.51956727206952,0.0111735502621842,0.915816401004792,0.999999999999937,"MYH11","KO",FALSE,"Activated",2.74351164234419e-14
"CSRNP3",3.30403049247884e-06,1.51859571320334,0.0111200667831503,0.916017372406334,0.999999999999937,"MYH11","KO",FALSE,"Activated",2.74351164234419e-14
"COL4A1",3.30069962244139e-06,1.5181873043455,0.0110976572883486,0.916101724359297,0.999999999999937,"MYH11","KO",FALSE,"Activated",2.74351164234419e-14
"STEAP4",3.29598009911447e-06,1.51760798558519,0.0110659438859628,0.916221244602422,0.999999999999937,"MYH11","KO",FALSE,"Activated",2.74351164234419e-14
"ANGPT2",3.29559611333222e-06,1.51756081835479,0.0110633656436949,0.916230968988601,0.999999999999937,"MYH11","KO",FALSE,"Activated",2.74351164234419e-14
"RGS16",3.28771378189508e-06,1.51659147868743,0.0110105067227479,0.916430590696404,0.999999999999937,"MYH11","KO",FALSE,"Activated",2.74351164234419e-14
"SNCG",3.27264078052084e-06,1.51473195447681,0.0109097796175833,0.916812332301135,0.999999999999937,"MYH11","KO",FALSE,"Activated",2.74351164234419e-14
"DMD",3.25812256014403e-06,1.51293348974196,0.0108131975201184,0.917180041557443,0.999999999999937,"MYH11","KO",FALSE,"Activated",2.74351164234419e-14
"NTN4",3.23125319915891e-06,1.50958568825394,0.0106355825519846,0.917860620183307,0.999999999999937,"MYH11","KO",FALSE,"Activated",2.74351164234419e-14
"COL4A2",3.22470992853497e-06,1.50876659165053,0.0105925521675539,0.918026364933473,0.999999999999937,"MYH11","KO",FALSE,"Activated",2.74351164234419e-14
"TPM2",3.22438765082724e-06,1.5087262093699,0.0105904350327279,0.918034528502417,0.999999999999937,"MYH11","KO",FALSE,"Activated",2.74351164234419e-14
"TIMP2",3.20284847440404e-06,1.50601893095904,0.0104494176496732,0.918580153740076,0.999999999999937,"MYH11","KO",FALSE,"Activated",2.74351164234419e-14
"IER3",3.17554252496983e-06,1.50256290784063,0.0102720037173729,0.91927191656909,0.999999999999937,"MYH11","KO",FALSE,"Activated",2.74351164234419e-14
"ABCC9",3.13827234719721e-06,1.49780184340464,0.010032301191707,0.920216209451802,0.999999999999937,"MYH11","KO",FALSE,"Activated",2.74351164234419e-14
"LOXL1",3.10736731945511e-06,1.49381471170434,0.00983568224537053,0.920999317607161,0.999999999999937,"MYH11","KO",FALSE,"Activated",2.74351164234419e-14
"HSPB2",3.06471010096622e-06,1.48825171373936,0.00956749186237105,0.922080342365179,0.999999999999937,"MYH11","KO",FALSE,"Activated",2.74351164234419e-14
"FBLN5",3.06426973204584e-06,1.48819391797215,0.00956474254956584,0.922091503005625,0.999999999999937,"MYH11","KO",FALSE,"Activated",2.74351164234419e-14
"DLC1",3.06119975875524e-06,1.4877907923553,0.00954558705892978,0.922169308350526,0.999999999999937,"MYH11","KO",FALSE,"Activated",2.74351164234419e-14
"TXNIP",3.0119835297636e-06,1.48127735933487,0.00924111739713124,0.923416744703471,0.999999999999937,"MYH11","KO",FALSE,"Activated",2.74351164234419e-14
"ANGPT1",2.99961822488701e-06,1.47962567843302,0.0091653967471454,0.923730185906113,0.999999999999937,"MYH11","KO",FALSE,"Activated",2.74351164234419e-14
"CALCRL",2.97910649976581e-06,1.476872137501,0.00904047730164368,0.92425015225544,0.999999999999937,"MYH11","KO",FALSE,"Activated",2.74351164234419e-14
"FAM13C",2.93699347549246e-06,1.47116429817159,0.00878668921171651,0.925317806543832,0.999999999999937,"MYH11","KO",FALSE,"Activated",2.74351164234419e-14
"ADGRA2",2.90937877891176e-06,1.46738094242651,0.00862223460541684,0.926017970688112,0.999999999999937,"MYH11","KO",FALSE,"Activated",2.74351164234419e-14
"GUCY1A2",2.90771328186609e-06,1.46715171738608,0.00861236569729758,0.92606020081208,0.999999999999937,"MYH11","KO",FALSE,"Activated",2.74351164234419e-14
"GJA1",2.90133559258388e-06,1.46627283965547,0.0085746269318198,0.926221914587651,0.999999999999937,"MYH11","KO",FALSE,"Activated",2.74351164234419e-14
"MXRA5",2.88861355631192e-06,1.46451441560371,0.00849959421342449,0.926544505803924,0.999999999999937,"MYH11","KO",FALSE,"Activated",2.74351164234419e-14
"TRPC6",2.88342075902537e-06,1.46379464774805,0.00846906261260869,0.926676182443344,0.999999999999937,"MYH11","KO",FALSE,"Activated",2.74351164234419e-14
"COL3A1",2.85560079769176e-06,1.45991835040136,0.00830642773765097,0.927381662737751,0.999999999999937,"MYH11","KO",FALSE,"Activated",2.74351164234419e-14
"APOLD1",2.8083445547823e-06,1.4532544400323,0.00803378273190828,0.928580153993096,0.999999999999937,"MYH11","KO",FALSE,"Activated",2.74351164234419e-14
"ADAMTS1",2.80507699807548e-06,1.45278989780644,0.0080150987218198,0.928663030294469,0.999999999999937,"MYH11","KO",FALSE,"Activated",2.74351164234419e-14
"COL1A1",2.75790735548796e-06,1.44602844014763,0.00774780440433236,0.929859497901047,0.999999999999937,"MYH11","KO",FALSE,"Activated",2.74351164234419e-14
"ID3",2.7491853668684e-06,1.44476668554258,0.00769887643332074,0.930080750371653,0.999999999999937,"MYH11","KO",FALSE,"Activated",2.74351164234419e-14
"MXRA8",2.74070214521468e-06,1.44353597279832,0.00765143655543091,0.930295951176237,0.999999999999937,"MYH11","KO",FALSE,"Activated",2.74351164234419e-14
"CNN1",2.71669608114577e-06,1.44003438884123,0.00751798430299975,0.930904960155194,0.999999999999937,"MYH11","KO",FALSE,"Activated",2.74351164234419e-14
"PLOD2",2.70002882002935e-06,1.43758666310363,0.00742601978033395,0.931327815123306,0.999999999999937,"MYH11","KO",FALSE,"Activated",2.74351164234419e-14
"RERG",2.69685835579358e-06,1.4371194983021,0.00740859025742103,0.931408253245596,0.999999999999937,"MYH11","KO",FALSE,"Activated",2.74351164234419e-14
"MGLL",2.69201365892399e-06,1.43640467081955,0.00738199625034747,0.931531169821756,0.999999999999937,"MYH11","KO",FALSE,"Activated",2.74351164234419e-14
"ZEB2",2.67278333688178e-06,1.43355567315163,0.00727690679234473,0.93201908543225,0.999999999999937,"MYH11","KO",FALSE,"Activated",2.74351164234419e-14
"NRARP",2.64053208208023e-06,1.42873546718168,0.00710235210457687,0.932837428031542,0.999999999999937,"MYH11","KO",FALSE,"Activated",2.74351164234419e-14
"GFPT2",2.63727690765701e-06,1.42824598346261,0.00708485173440585,0.932920028711293,0.999999999999937,"MYH11","KO",FALSE,"Activated",2.74351164234419e-14
"NDRG2",2.63088950747789e-06,1.42728390413056,0.00705057472579932,0.933082112323083,0.999999999999937,"MYH11","KO",FALSE,"Activated",2.74351164234419e-14
"OLFML2A",2.62716718005914e-06,1.42672226122861,0.00703063775662651,0.933176569603237,0.999999999999937,"MYH11","KO",FALSE,"Activated",2.74351164234419e-14
"RCSD1",2.62564146979982e-06,1.42649184538926,0.00702247413346549,0.933215286093613,0.999999999999937,"MYH11","KO",FALSE,"Activated",2.74351164234419e-14
"ADGRF5",2.52718871814258e-06,1.41135944163704,0.00650570925289468,0.935713957379035,0.999999999999937,"MYH11","KO",FALSE,"Activated",2.74351164234419e-14
"EVA1A",2.48539504147096e-06,1.40477289170586,0.00629231067383613,0.936774848533395,0.999999999999937,"MYH11","KO",FALSE,"Activated",2.74351164234419e-14
"ITIH5",2.48538323313359e-06,1.40477101655166,0.00629225088330019,0.936775148292314,0.999999999999937,"MYH11","KO",FALSE,"Activated",2.74351164234419e-14
"RARRES2",2.43054456841944e-06,1.39597399770584,0.00601764384169284,0.938167343598938,0.999999999999937,"MYH11","KO",FALSE,"Activated",2.74351164234419e-14
"LURAP1L",2.39459905957598e-06,1.39010923341187,0.00584096921464119,0.93907999907417,0.999999999999937,"MYH11","KO",FALSE,"Activated",2.74351164234419e-14
"LRRC15",2.37113665374418e-06,1.38623781495058,0.00572706971946209,0.939675752147656,0.999999999999937,"MYH11","KO",FALSE,"Activated",2.74351164234419e-14
"COL10A1",2.33436800988663e-06,1.38010011109859,0.00555083027212731,0.940609442544582,0.999999999999937,"MYH11","KO",FALSE,"Activated",2.74351164234419e-14
"EGFL6",2.3332176010488e-06,1.37990666044521,0.00554536056838849,0.940638656957841,0.999999999999937,"MYH11","KO",FALSE,"Activated",2.74351164234419e-14
"KCNE4",2.31104007191858e-06,1.37616026203109,0.00544044286687913,0.94120186665093,0.999999999999937,"MYH11","KO",FALSE,"Activated",2.74351164234419e-14
"FAM162B",2.30775311480945e-06,1.37560222282852,0.00542497815419862,0.941285343116372,0.999999999999937,"MYH11","KO",FALSE,"Activated",2.74351164234419e-14
"PLXDC1",2.28722679970368e-06,1.37210094344605,0.00532890237597178,0.941806649606658,0.999999999999937,"MYH11","KO",FALSE,"Activated",2.74351164234419e-14
"PDGFRB",2.28658507045814e-06,1.3719910201456,0.00532591252576031,0.941822947996914,0.999999999999937,"MYH11","KO",FALSE,"Activated",2.74351164234419e-14
"PID1",2.22232481399917e-06,1.36083900097182,0.00503076896532591,0.943455127265134,0.999999999999937,"MYH11","KO",FALSE,"Activated",2.74351164234419e-14
"FGFR1",2.21045248765488e-06,1.35874656779492,0.00497716078802825,0.943756704771906,0.999999999999937,"MYH11","KO",FALSE,"Activated",2.74351164234419e-14
"SAT1",2.17732233280306e-06,1.35285300593009,0.00482908396114014,0.944598310183505,0.999999999999937,"MYH11","KO",FALSE,"Activated",2.74351164234419e-14
"PLAU",2.13257785132479e-06,1.34476248053519,0.00463264573948954,0.945735052354653,0.999999999999937,"MYH11","KO",FALSE,"Activated",2.74351164234419e-14
"DSEL",2.11573423907474e-06,1.34167681703357,0.00455975523590826,0.946162996319339,0.999999999999937,"MYH11","KO",FALSE,"Activated",2.74351164234419e-14
"FMO3",2.10469019584898e-06,1.33964144917749,0.00451227602105013,0.946443599656374,0.999999999999937,"MYH11","KO",FALSE,"Activated",2.74351164234419e-14
"ADAMTS9",2.09112250463125e-06,1.33712763933488,0.00445428759162938,0.946788332084314,0.999999999999937,"MYH11","KO",FALSE,"Activated",2.74351164234419e-14
"LRRC32",2.07448438324612e-06,1.33402460503633,0.0043836880513253,0.947211092620587,0.999999999999937,"MYH11","KO",FALSE,"Activated",2.74351164234419e-14
"GREM1",2.0519936464017e-06,1.32979385671407,0.00428915089746282,0.947782586750289,0.999999999999937,"MYH11","KO",FALSE,"Activated",2.74351164234419e-14
"BNC2",2.04521169579676e-06,1.32850981834084,0.00426084599551939,0.94795492275977,0.999999999999937,"MYH11","KO",FALSE,"Activated",2.74351164234419e-14
"UACA",2.04368840165164e-06,1.32822087767685,0.00425450131768603,0.947993631491608,0.999999999999937,"MYH11","KO",FALSE,"Activated",2.74351164234419e-14
"SPON1",2.01666652865018e-06,1.32306248620231,0.00414273813799713,0.948680310022504,0.999999999999937,"MYH11","KO",FALSE,"Activated",2.74351164234419e-14
"CD4",2.00360455391706e-06,1.32054640914197,0.00408924679774984,0.949012253990935,0.999999999999937,"MYH11","KO",FALSE,"Activated",2.74351164234419e-14
"KCNMB1",2.00085019838156e-06,1.3200139435521,0.00407801154901505,0.949082251560812,0.999999999999937,"MYH11","KO",FALSE,"Activated",2.74351164234419e-14
"TPPP3",1.99501568234736e-06,1.31888382221501,0.00405426311142565,0.949230527813215,0.999999999999937,"MYH11","KO",FALSE,"Activated",2.74351164234419e-14
"EPB41L1",1.9698427013652e-06,1.3139731820087,0.00395259573193877,0.949870284818344,0.999999999999937,"MYH11","KO",FALSE,"Activated",2.74351164234419e-14
"LINC02381",1.96836951913467e-06,1.31368403439261,0.00394668590328608,0.949907725912408,0.999999999999937,"MYH11","KO",FALSE,"Activated",2.74351164234419e-14
"LSAMP",1.94194746348738e-06,1.30846434689584,0.00384144177651866,0.950579264164527,0.999999999999937,"MYH11","KO",FALSE,"Activated",2.74351164234419e-14
"NTN1",1.93787313211809e-06,1.30765371697907,0.00382533949949989,0.950682819779143,0.999999999999937,"MYH11","KO",FALSE,"Activated",2.74351164234419e-14
"PDPN",1.87990709082949e-06,1.29594959582508,0.00359991357069054,0.952156208333527,0.999999999999937,"MYH11","KO",FALSE,"Activated",2.74351164234419e-14
"KLF2",1.87989380794229e-06,1.29594687640699,0.00359986269894567,0.952156545978657,0.999999999999937,"MYH11","KO",FALSE,"Activated",2.74351164234419e-14
"TIMP3",1.86605403836684e-06,1.29310390318701,0.0035470534625243,0.952508351468658,0.999999999999937,"MYH11","KO",FALSE,"Activated",2.74351164234419e-14
"AKR1B1",1.84991490743865e-06,1.28976426069956,0.0034859632659207,0.95291861816743,0.999999999999937,"MYH11","KO",FALSE,"Activated",2.74351164234419e-14
"LAMA4",1.8463003863003e-06,1.28901268172284,0.00347235423093247,0.953010503246245,0.999999999999937,"MYH11","KO",FALSE,"Activated",2.74351164234419e-14
"IL11",1.83552347560021e-06,1.28676383056359,0.00343193606576346,0.953284467800568,0.999999999999937,"MYH11","KO",FALSE,"Activated",2.74351164234419e-14
"TFPI",1.82860390424371e-06,1.28531356034819,0.00340610935746622,0.953460376158743,0.999999999999937,"MYH11","KO",FALSE,"Activated",2.74351164234419e-14
"SFRP2",1.82551748971508e-06,1.28466506893006,0.00339462103737036,0.953538839281309,0.999999999999937,"MYH11","KO",FALSE,"Activated",2.74351164234419e-14
"RIPOR3",1.80997351429601e-06,1.28138385765558,0.00333705789723523,0.953934006526573,0.999999999999937,"MYH11","KO",FALSE,"Activated",2.74351164234419e-14
"EPHA3",1.78710884323642e-06,1.27651040254468,0.00325327899966821,0.954515304960461,0.999999999999937,"MYH11","KO",FALSE,"Activated",2.74351164234419e-14
"F10",1.74971929325983e-06,1.26841745525826,0.00311857406770485,0.955465927674285,0.999999999999937,"MYH11","KO",FALSE,"Activated",2.74351164234419e-14
"MAP1A",1.73301701176063e-06,1.26475129483191,0.00305932033771147,0.955890600787005,0.999999999999937,"MYH11","KO",FALSE,"Activated",2.74351164234419e-14
"ANGPTL2",1.71985500526074e-06,1.26183950606168,0.00301302663864099,0.9562252675038,0.999999999999937,"MYH11","KO",FALSE,"Activated",2.74351164234419e-14
"ADAMTS4",1.69174933447786e-06,1.25555328254714,0.00291535422610457,0.956939928418229,0.999999999999937,"MYH11","KO",FALSE,"Activated",2.74351164234419e-14
"FNDC1",1.68690055264674e-06,1.25445918529999,0.0028986665778897,0.957063225020214,0.999999999999937,"MYH11","KO",FALSE,"Activated",2.74351164234419e-14
"RUNX2",1.67523071060596e-06,1.25181418161205,0.00285869981769654,0.95735997424769,0.999999999999937,"MYH11","KO",FALSE,"Activated",2.74351164234419e-14
"FXYD1",1.65600973974745e-06,1.24742092230359,0.0027934768427872,0.957848751931592,0.999999999999937,"MYH11","KO",FALSE,"Activated",2.74351164234419e-14
"WIPI1",1.62254581976073e-06,1.23966029282185,0.00268171883201937,0.95869975691874,0.999999999999937,"MYH11","KO",FALSE,"Activated",2.74351164234419e-14
"INMT",1.55805542543765e-06,1.22428440066525,0.00247277788486087,0.960339913292818,0.999999999999937,"MYH11","KO",FALSE,"Activated",2.74351164234419e-14
"AC104083.1",1.55749415651629e-06,1.22414805836842,0.00247099663450429,0.960354188550095,0.999999999999937,"MYH11","KO",FALSE,"Activated",2.74351164234419e-14
"PMAIP1",1.55560552863693e-06,1.22368894820113,0.00246500757365052,0.960402223814892,0.999999999999937,"MYH11","KO",FALSE,"Activated",2.74351164234419e-14
"MIR100HG",1.55468674024161e-06,1.22346541475827,0.00246209661521648,0.960425592283891,0.999999999999937,"MYH11","KO",FALSE,"Activated",2.74351164234419e-14
"HRH2",1.54806534751417e-06,1.22185092210358,0.00244116919349998,0.960594001826478,0.999999999999937,"MYH11","KO",FALSE,"Activated",2.74351164234419e-14
"PDLIM3",1.53591334837001e-06,1.21887148588643,0.00240299425012023,0.960903082250846,0.999999999999937,"MYH11","KO",FALSE,"Activated",2.74351164234419e-14
"CPM",1.53549994325944e-06,1.21876975012896,0.00240170084849441,0.96091359712043,0.999999999999937,"MYH11","KO",FALSE,"Activated",2.74351164234419e-14
"HEYL",1.53027335225352e-06,1.21748137310174,0.00238537868003754,0.961046534918108,0.999999999999937,"MYH11","KO",FALSE,"Activated",2.74351164234419e-14
"CAVIN2",1.5179426785886e-06,1.21442587135996,0.00234709163501749,0.961360168603164,0.999999999999937,"MYH11","KO",FALSE,"Activated",2.74351164234419e-14
"S100A4",1.51516532325746e-06,1.21373453612755,0.00233851062076723,0.961430812138677,0.999999999999937,"MYH11","KO",FALSE,"Activated",2.74351164234419e-14
"METRNL",1.49848983687175e-06,1.20955929003643,0.00228731988537866,0.961854968504877,0.999999999999937,"MYH11","KO",FALSE,"Activated",2.74351164234419e-14
"SLC8A1",1.49103461787573e-06,1.2076789438855,0.00226461696020726,0.962044602371165,0.999999999999937,"MYH11","KO",FALSE,"Activated",2.74351164234419e-14
"SORBS1",1.47681311620284e-06,1.20406816637824,0.00222162310649884,0.962406351995976,0.999999999999937,"MYH11","KO",FALSE,"Activated",2.74351164234419e-14
"ABL2",1.4723345580966e-06,1.20292452811691,0.0022081690255902,0.962520273829972,0.999999999999937,"MYH11","KO",FALSE,"Activated",2.74351164234419e-14
"SDC2",1.44847060834614e-06,1.19677676682314,0.00213716806637068,0.963127317969049,0.999999999999937,"MYH11","KO",FALSE,"Activated",2.74351164234419e-14
"PDLIM4",1.44753668892747e-06,1.19653430407106,0.0021344130235107,0.963151075173608,0.999999999999937,"MYH11","KO",FALSE,"Activated",2.74351164234419e-14
"ECEL1",1.4398437924084e-06,1.19453165291009,0.00211178674081623,0.963346769655587,0.999999999999937,"MYH11","KO",FALSE,"Activated",2.74351164234419e-14
"DEPP1",1.43652602946019e-06,1.19366495080731,0.00210206577584007,0.963431168704468,0.999999999999937,"MYH11","KO",FALSE,"Activated",2.74351164234419e-14
"PRKAR2B",1.42467341004468e-06,1.19055373225116,0.00206752104820469,0.963732685389775,0.999999999999937,"MYH11","KO",FALSE,"Activated",2.74351164234419e-14
"COL6A1",1.38209435509763e-06,1.17917931534627,0.0019457842710462,0.964815888898844,0.999999999999937,"MYH11","KO",FALSE,"Activated",2.74351164234419e-14
"EFEMP1",1.37436141277006e-06,1.17707941981979,0.00192407150758864,0.965012620588368,0.999999999999937,"MYH11","KO",FALSE,"Activated",2.74351164234419e-14
"PRKG1",1.3469309213707e-06,1.16954288345582,0.00184803396231106,0.965710489379335,0.999999999999937,"MYH11","KO",FALSE,"Activated",2.74351164234419e-14
"FBN1",1.34513616539826e-06,1.16904491967979,0.00184311231387782,0.965756151319302,0.999999999999937,"MYH11","KO",FALSE,"Activated",2.74351164234419e-14
"VCAN",1.32693982969234e-06,1.16396183310021,0.00179358417051207,0.966219106358819,0.999999999999937,"MYH11","KO",FALSE,"Activated",2.74351164234419e-14
"MEGF10",1.30281498628936e-06,1.15712394915952,0.00172895939252296,0.966832913280693,0.999999999999937,"MYH11","KO",FALSE,"Activated",2.74351164234419e-14
"ARHGAP15",1.27271594741221e-06,1.14842934621657,0.00164999365419891,0.967598748806543,0.999999999999937,"MYH11","KO",FALSE,"Activated",2.74351164234419e-14
"SLC6A6",1.27167011210353e-06,1.14812388856057,0.00164728305310324,0.967625359427894,0.999999999999937,"MYH11","KO",FALSE,"Activated",2.74351164234419e-14
"CRISPLD2",1.27107090022197e-06,1.14794877342215,0.00164573101690471,0.96764060601342,0.999999999999937,"MYH11","KO",FALSE,"Activated",2.74351164234419e-14
"DIO2",1.26474206234778e-06,1.14609461779181,0.00162938317270559,0.96780164020355,0.999999999999937,"MYH11","KO",FALSE,"Activated",2.74351164234419e-14
"CPXM2",1.22719386426564e-06,1.13491732764661,0.00153407167944866,0.968757062554933,0.999999999999937,"MYH11","KO",FALSE,"Activated",2.74351164234419e-14
"SUSD2",1.21841254901089e-06,1.13225846380574,0.00151219580432818,0.968980511619007,0.999999999999937,"MYH11","KO",FALSE,"Activated",2.74351164234419e-14
"HAS2",1.1610946358564e-06,1.11446232451395,0.00137326559418302,0.970439080417054,0.999999999999937,"MYH11","KO",FALSE,"Activated",2.74351164234419e-14
"HAS1",1.15949085401864e-06,1.11395297465748,0.00136947452102441,0.970479893294428,0.999999999999937,"MYH11","KO",FALSE,"Activated",2.74351164234419e-14
"PDGFRL",1.15532692823646e-06,1.11262754214159,0.00135965615785695,0.970585856815624,0.999999999999937,"MYH11","KO",FALSE,"Activated",2.74351164234419e-14
"CPE",1.13942673122848e-06,1.1075259831853,0.00132248912611822,0.970990489552941,0.999999999999937,"MYH11","KO",FALSE,"Activated",2.74351164234419e-14
"ADAMTS2",1.0938206942404e-06,1.09252549464127,0.00121874142572691,0.972151126024945,0.999999999999937,"MYH11","KO",FALSE,"Activated",2.74351164234419e-14
"PTGS2",1.07708706996355e-06,1.08687851972883,0.00118173725402933,0.972576998044932,0.999999999999937,"MYH11","KO",FALSE,"Activated",2.74351164234419e-14
"CXCL6",1.06711825863886e-06,1.08347635582253,0.00115996371373687,0.972830708781176,0.999999999999937,"MYH11","KO",FALSE,"Activated",2.74351164234419e-14
"GSN",1.02730952640955e-06,1.06959554268371,0.0010750333391139,0.973843886093544,0.999999999999937,"MYH11","KO",FALSE,"Activated",2.74351164234419e-14
"P4HA3",1.02181984847854e-06,1.06764309505099,0.00106357463389524,0.973983607961512,0.999999999999937,"MYH11","KO",FALSE,"Activated",2.74351164234419e-14
"FSTL1",1.01682062065275e-06,1.06585675859422,0.00105319306782697,0.974110847714475,0.999999999999937,"MYH11","KO",FALSE,"Activated",2.74351164234419e-14
"MT1M",1.0124242003661e-06,1.06427920244234,0.00104410538938721,0.974222745426122,0.999999999999937,"MYH11","KO",FALSE,"Activated",2.74351164234419e-14
"COL6A2",9.92940214951576e-07,1.05721191623154,0.00100430471764034,0.974718657998878,0.999999999999937,"MYH11","KO",FALSE,"Activated",2.74351164234419e-14
"THY1",9.89635083461896e-07,1.05600056930563,0.000997629925670224,0.974802782227994,0.999999999999937,"MYH11","KO",FALSE,"Activated",2.74351164234419e-14
"ISLR",9.79297786970043e-07,1.05218799329277,0.000976897162622995,0.975065895228752,0.999999999999937,"MYH11","KO",FALSE,"Activated",2.74351164234419e-14
"PI15",9.78022892103307e-07,1.05171525586579,0.000974355279023878,0.975098345044149,0.999999999999937,"MYH11","KO",FALSE,"Activated",2.74351164234419e-14
"NID2",9.77005593918311e-07,1.05133763419165,0.000972329366629524,0.975124238297674,0.999999999999937,"MYH11","KO",FALSE,"Activated",2.74351164234419e-14
"FAT4",9.74343366853869e-07,1.05034771811109,0.000967037616395343,0.975191999989852,0.999999999999937,"MYH11","KO",FALSE,"Activated",2.74351164234419e-14
"FAM20A",9.63408016638083e-07,1.0462555539671,0.000945452715747858,0.975470339441455,0.999999999999937,"MYH11","KO",FALSE,"Activated",2.74351164234419e-14
"HSPB8",9.60999137904277e-07,1.04534843927292,0.000940730658994429,0.975531653471245,0.999999999999937,"MYH11","KO",FALSE,"Activated",2.74351164234419e-14
"DLX5",9.5455131670057e-07,1.04291015485957,0.000928149348405741,0.975695772821551,0.999999999999937,"MYH11","KO",FALSE,"Activated",2.74351164234419e-14
"GALNT15",9.46455656081721e-07,1.03982741964175,0.000912472624651485,0.975901836840404,0.999999999999937,"MYH11","KO",FALSE,"Activated",2.74351164234419e-14
"SAMD5",9.37188918754976e-07,1.03626916265879,0.000894692077796995,0.976137710995768,0.999999999999937,"MYH11","KO",FALSE,"Activated",2.74351164234419e-14
"GLIPR1",9.30283536984712e-07,1.0335967457191,0.000881556136441708,0.976313480915542,0.999999999999937,"MYH11","KO",FALSE,"Activated",2.74351164234419e-14
"ECM2",9.23735900968632e-07,1.03104605415474,0.00086919045329728,0.976480145820165,0.999999999999937,"MYH11","KO",FALSE,"Activated",2.74351164234419e-14
"CA12",9.18571886632e-07,1.02902273480731,0.000859499445806644,0.976611592452114,0.999999999999937,"MYH11","KO",FALSE,"Activated",2.74351164234419e-14
"ADAMTS12",9.15292845621796e-07,1.0277325900947,0.000853374059986015,0.97669505864187,0.999999999999937,"MYH11","KO",FALSE,"Activated",2.74351164234419e-14
"HEY2",9.14270124995969e-07,1.027329338326,0.000851468056552918,0.976721091486498,0.999999999999937,"MYH11","KO",FALSE,"Activated",2.74351164234419e-14
"HSPB6",9.06588688470575e-07,1.02428741392734,0.000837220577707956,0.97691661942157,0.999999999999937,"MYH11","KO",FALSE,"Activated",2.74351164234419e-14
"NTRK2",9.04866922656002e-07,1.02360236131359,0.000834043549439706,0.976960446481547,0.999999999999937,"MYH11","KO",FALSE,"Activated",2.74351164234419e-14
"FBLN1",8.96871767958718e-07,1.0204056417972,0.000819369905451451,0.977163961783704,0.999999999999937,"MYH11","KO",FALSE,"Activated",2.74351164234419e-14
"ADM",8.96653171984768e-07,1.02031787647404,0.000818970541481246,0.977169526127956,0.999999999999937,"MYH11","KO",FALSE,"Activated",2.74351164234419e-14
"SPARC",8.9593403423452e-07,1.02002900838499,0.000817657399513061,0.97718783173372,0.999999999999937,"MYH11","KO",FALSE,"Activated",2.74351164234419e-14
"PLCG2",8.8428702902784e-07,1.01532094144195,0.000796536738465858,0.977484307177784,0.999999999999937,"MYH11","KO",FALSE,"Activated",2.74351164234419e-14
"UNC5B",8.7882823978676e-07,1.01309488604177,0.000786732895744355,0.977623262165191,0.999999999999937,"MYH11","KO",FALSE,"Activated",2.74351164234419e-14
"TNFAIP6",8.65895358569897e-07,1.00777031738951,0.000763748069447822,0.977952474930025,0.999999999999937,"MYH11","KO",FALSE,"Activated",2.74351164234419e-14
"LTBP2",8.64447720862261e-07,1.00716981768352,0.000761196476405117,0.97798932548483,0.999999999999937,"MYH11","KO",FALSE,"Activated",2.74351164234419e-14
"HOPX",8.64163209796721e-07,1.00705169106584,0.000760695501791403,0.977996567903674,0.999999999999937,"MYH11","KO",FALSE,"Activated",2.74351164234419e-14
"OLFML2B",8.58897209411714e-07,1.00485887815137,0.000751452762676452,0.978130617780925,0.999999999999937,"MYH11","KO",FALSE,"Activated",2.74351164234419e-14
"CDH11",8.57036532727861e-07,1.00408114893725,0.000748200461682612,0.978177982809688,0.999999999999937,"MYH11","KO",FALSE,"Activated",2.74351164234419e-14
"PLPPR4",8.5518576433369e-07,1.00330603558334,0.000744972476558208,0.978225095691256,0.999999999999937,"MYH11","KO",FALSE,"Activated",2.74351164234419e-14
"TMEM47",8.46079921215564e-07,0.999470079739433,0.000729192309080567,0.978456893765657,0.999999999999937,"MYH11","KO",FALSE,"Activated",2.74351164234419e-14
"TUBA1A",8.16247955552716e-07,0.986634314165239,0.000678677599504112,0.979216308043778,0.999999999999937,"MYH11","KO",FALSE,"Activated",2.74351164234419e-14
"BTG2",8.13300665786814e-07,0.98534311635793,0.000673785340274084,0.979291336447577,0.999999999999937,"MYH11","KO",FALSE,"Activated",2.74351164234419e-14
"COL5A1",8.08595803142774e-07,0.983273081908883,0.000666012327538236,0.979411107315195,0.999999999999937,"MYH11","KO",FALSE,"Activated",2.74351164234419e-14
"COLEC12",7.89929095980254e-07,0.974950649936298,0.000635617028402238,0.97988630697077,0.999999999999937,"MYH11","KO",FALSE,"Activated",2.74351164234419e-14
"PSD3",7.86249118957943e-07,0.973288866429122,0.000629708630576758,0.979979989247988,0.999999999999937,"MYH11","KO",FALSE,"Activated",2.74351164234419e-14
"SYNM",7.69086577280103e-07,0.965443993236405,0.000602517638929511,0.980416904837521,0.999999999999937,"MYH11","KO",FALSE,"Activated",2.74351164234419e-14
"GADD45B",7.65708257327923e-07,0.96388104699362,0.000597235979313423,0.9805029091502,0.999999999999937,"MYH11","KO",FALSE,"Activated",2.74351164234419e-14
"WNT6",7.57988764420657e-07,0.960286017755486,0.000585254603429512,0.98069943066359,0.999999999999937,"MYH11","KO",FALSE,"Activated",2.74351164234419e-14
"COL5A2",7.55120664882623e-07,0.958941828065642,0.000580833976558161,0.980772446543948,0.999999999999937,"MYH11","KO",FALSE,"Activated",2.74351164234419e-14
"RGS3",7.42490433379089e-07,0.952966598220329,0.000561566286003093,0.981093988015353,0.999999999999937,"MYH11","KO",FALSE,"Activated",2.74351164234419e-14
"ANXA6",7.36505425723647e-07,0.950102790590091,0.000552549516448882,0.981246355907821,0.999999999999937,"MYH11","KO",FALSE,"Activated",2.74351164234419e-14
"CERCAM",7.34522343101418e-07,0.949149220024503,0.000549577980545799,0.981296841895795,0.999999999999937,"MYH11","KO",FALSE,"Activated",2.74351164234419e-14
"C11orf96",7.17439801860467e-07,0.940836620558137,0.0005243125284604,0.981731738087806,0.999999999999937,"MYH11","KO",FALSE,"Activated",2.74351164234419e-14
"MYLIP",7.16942825725073e-07,0.940592099543223,0.000523586389309095,0.981744390445838,0.999999999999937,"MYH11","KO",FALSE,"Activated",2.74351164234419e-14
"KLF9",7.12270105498706e-07,0.938285466151104,0.000516783615704688,0.981863351974293,0.999999999999937,"MYH11","KO",FALSE,"Activated",2.74351164234419e-14
"IL24",7.02835231218561e-07,0.93358577622185,0.000503183450358703,0.98210355312955,0.999999999999937,"MYH11","KO",FALSE,"Activated",2.74351164234419e-14
"LINC01705",6.906011238502e-07,0.927405507460891,0.000485818292851765,0.982415021984399,0.999999999999937,"MYH11","KO",FALSE,"Activated",2.74351164234419e-14
"DPT",6.89535138197239e-07,0.926862298729994,0.000484319669041538,0.982442161103113,0.999999999999937,"MYH11","KO",FALSE,"Activated",2.74351164234419e-14
"CYGB",6.88339726696601e-07,0.926252227058364,0.00048264184462726,0.982472595321717,0.999999999999937,"MYH11","KO",FALSE,"Activated",2.74351164234419e-14
"SLC25A4",6.79053589398303e-07,0.921479992362187,0.000469707397934028,0.982709013799226,0.999999999999937,"MYH11","KO",FALSE,"Activated",2.74351164234419e-14
"LRP1",6.69948638925428e-07,0.916742863539617,0.00045719589284639,0.982940820863076,0.999999999999937,"MYH11","KO",FALSE,"Activated",2.74351164234419e-14
"CRYAB",6.57785794838942e-07,0.910322534747563,0.000440745902017494,0.983250482471181,0.999999999999937,"MYH11","KO",FALSE,"Activated",2.74351164234419e-14
"BMP2",6.25871963794613e-07,0.892948153128388,0.000399015987637732,0.984063008936519,0.999999999999937,"MYH11","KO",FALSE,"Activated",2.74351164234419e-14
"FGF1",6.22192020848571e-07,0.890893175937263,0.000394337588850151,0.984156701400652,0.999999999999937,"MYH11","KO",FALSE,"Activated",2.74351164234419e-14
"CKB",6.12103907847815e-07,0.885202462604464,0.000381653813633361,0.984413548935801,0.999999999999937,"MYH11","KO",FALSE,"Activated",2.74351164234419e-14
"DAB2",6.11362789052369e-07,0.884781039252081,0.000380730180972406,0.984432418191307,0.999999999999937,"MYH11","KO",FALSE,"Activated",2.74351164234419e-14
"CLEC11A",6.00551985080822e-07,0.878580240721139,0.000367384234630064,0.984707667656514,0.999999999999937,"MYH11","KO",FALSE,"Activated",2.74351164234419e-14
"BGN",5.8771156342284e-07,0.871081958373072,0.000351842075103231,0.985034594751217,0.999999999999937,"MYH11","KO",FALSE,"Activated",2.74351164234419e-14
"ENPP2",5.87334836632827e-07,0.870859722350534,0.000351391153727387,0.985044186545704,0.999999999999937,"MYH11","KO",FALSE,"Activated",2.74351164234419e-14
"C3",5.87332485617756e-07,0.870858335049034,0.00035138834059868,0.985044246404617,0.999999999999937,"MYH11","KO",FALSE,"Activated",2.74351164234419e-14
"ZNF469",5.85508053430038e-07,0.869780236410982,0.000349208694439052,0.985090698078885,0.999999999999937,"MYH11","KO",FALSE,"Activated",2.74351164234419e-14
"FKBP10",5.71399375528957e-07,0.861338327021224,0.000332582064505547,0.985449919324162,0.999999999999937,"MYH11","KO",FALSE,"Activated",2.74351164234419e-14
"SLC40A1",5.64644848930698e-07,0.857229419392274,0.00032476561626546,0.985621897468982,0.999999999999937,"MYH11","KO",FALSE,"Activated",2.74351164234419e-14
"LYPD1",5.54495395792015e-07,0.850970430557555,0.000313195267284888,0.985880315666721,0.999999999999937,"MYH11","KO",FALSE,"Activated",2.74351164234419e-14
"C1orf54",5.53837545806343e-07,0.850561157920504,0.0003124525621731,0.985897065429213,0.999999999999937,"MYH11","KO",FALSE,"Activated",2.74351164234419e-14
"CSPG4",5.41341040410482e-07,0.84270140471664,0.000298511597501507,0.986215244760478,0.999999999999937,"MYH11","KO",FALSE,"Activated",2.74351164234419e-14
"PALM2-AKAP2",5.37792049722527e-07,0.84043914411355,0.000294610388912958,0.986305607663637,0.999999999999937,"MYH11","KO",FALSE,"Activated",2.74351164234419e-14
"PDZRN3",5.29058641915294e-07,0.834813761355693,0.00028511950447978,0.986527974753263,0.999999999999937,"MYH11","KO",FALSE,"Activated",2.74351164234419e-14
"OMD",5.28469364448762e-07,0.834431158555223,0.000284484713109664,0.98654297877563,0.999999999999937,"MYH11","KO",FALSE,"Activated",2.74351164234419e-14
"KHDRBS3",5.20811954176737e-07,0.829423778868663,0.000276300194145356,0.986737950101369,0.999999999999937,"MYH11","KO",FALSE,"Activated",2.74351164234419e-14
"NR4A1",5.17063612747484e-07,0.82694817178144,0.000272337379737914,0.986833389850375,0.999999999999937,"MYH11","KO",FALSE,"Activated",2.74351164234419e-14
"NFIB",5.10176482478091e-07,0.822356665222607,0.000265130793928584,0.987008749495163,0.999999999999937,"MYH11","KO",FALSE,"Activated",2.74351164234419e-14
"PAPPA",5.03906561986695e-07,0.818127329347331,0.000258654077883045,0.987168394332363,0.999999999999937,"MYH11","KO",FALSE,"Activated",2.74351164234419e-14
"EMILIN1",5.00137939704855e-07,0.815562130493158,0.000254799694806431,0.987264351313652,0.999999999999937,"MYH11","KO",FALSE,"Activated",2.74351164234419e-14
"VAMP5",4.9640177708051e-07,0.8130016056239,0.000251007071708713,0.987359481986243,0.999999999999937,"MYH11","KO",FALSE,"Activated",2.74351164234419e-14
"RCN3",4.94626090293587e-07,0.811778511255092,0.000249214520661967,0.987404694823865,0.999999999999937,"MYH11","KO",FALSE,"Activated",2.74351164234419e-14
"CHN1",4.91010196551941e-07,0.809275479869156,0.000245584144343309,0.987496763447442,0.999999999999937,"MYH11","KO",FALSE,"Activated",2.74351164234419e-14
"FOXC2",4.82139601638097e-07,0.803063210176812,0.000236790847260895,0.987722629046255,0.999999999999937,"MYH11","KO",FALSE,"Activated",2.74351164234419e-14
"NNMT",4.79955974516734e-07,0.801518024303582,0.00023465083629146,0.987778229329792,0.999999999999937,"MYH11","KO",FALSE,"Activated",2.74351164234419e-14
"FOXQ1",4.70769958705815e-07,0.79494692112125,0.000225754691739489,0.98801212754954,0.999999999999937,"MYH11","KO",FALSE,"Activated",2.74351164234419e-14
"KCNQ1OT1",4.67971723492485e-07,0.792922049002968,0.000223078916556501,0.9880833776037,0.999999999999937,"MYH11","KO",FALSE,"Activated",2.74351164234419e-14
"TESC",4.50536998423812e-07,0.780051916785564,0.000206766523031483,0.988527311347238,0.999999999999937,"MYH11","KO",FALSE,"Activated",2.74351164234419e-14
"LAMC3",4.4805399389619e-07,0.778182248745895,0.000204493735310874,0.988590535435058,0.999999999999937,"MYH11","KO",FALSE,"Activated",2.74351164234419e-14
"FYN",4.47801275672958e-07,0.77799142715512,0.000204263117038597,0.988596970336386,0.999999999999937,"MYH11","KO",FALSE,"Activated",2.74351164234419e-14
"ITGA8",4.45823252007913e-07,0.776494473803421,0.000202462564220072,0.988647336287099,0.999999999999937,"MYH11","KO",FALSE,"Activated",2.74351164234419e-14
"FADS3",4.40119123500355e-07,0.772143539893098,0.000197314854155441,0.988792579420484,0.999999999999937,"MYH11","KO",FALSE,"Activated",2.74351164234419e-14
"SSTR2",4.39714742070847e-07,0.771833145906852,0.00019695243497031,0.988802876121649,0.999999999999937,"MYH11","KO",FALSE,"Activated",2.74351164234419e-14
"SULF1",4.37699102008331e-07,0.77028210182497,0.000195150924600611,0.988854200077451,0.999999999999937,"MYH11","KO",FALSE,"Activated",2.74351164234419e-14
"CCL8",4.34920440413503e-07,0.768133219649889,0.000192681021613295,0.98892495281742,0.999999999999937,"MYH11","KO",FALSE,"Activated",2.74351164234419e-14
"FERMT2",4.28479891125456e-07,0.76310397525836,0.000187016614998672,0.989088948115682,0.999999999999937,"MYH11","KO",FALSE,"Activated",2.74351164234419e-14
"CSGALNACT1",4.25554292837017e-07,0.760796701079655,0.000184471489221105,0.989163442592133,0.999999999999937,"MYH11","KO",FALSE,"Activated",2.74351164234419e-14
"INHBA",4.20893211086382e-07,0.757090750042827,0.000180452599856162,0.989282127859439,0.999999999999937,"MYH11","KO",FALSE,"Activated",2.74351164234419e-14
"FHL1",4.1598011915633e-07,0.753143782116861,0.00017626433709631,0.989407230326367,0.999999999999937,"MYH11","KO",FALSE,"Activated",2.74351164234419e-14
"IL7R",4.12732627386563e-07,0.750511534907808,0.000173522943588277,0.989489921621558,0.999999999999937,"MYH11","KO",FALSE,"Activated",2.74351164234419e-14
"ZNF141",4.03157392420064e-07,0.742639160851709,0.000165565009043141,0.989733737698896,0.999999999999937,"MYH11","KO",FALSE,"Activated",2.74351164234419e-14
"NTM",4.00864939671953e-07,0.74072917306308,0.000163687475059805,0.989792111013884,0.999999999999937,"MYH11","KO",FALSE,"Activated",2.74351164234419e-14
"PDGFB",3.96947697452061e-07,0.737442348805097,0.000160504005952106,0.989891856888116,0.999999999999937,"MYH11","KO",FALSE,"Activated",2.74351164234419e-14
"SORBS2",3.88367770272676e-07,0.730138854828033,0.000153640483552196,0.990110330610989,0.999999999999937,"MYH11","KO",FALSE,"Activated",2.74351164234419e-14
"COL11A1",3.77069641699058e-07,0.720294271488444,0.000144831303229673,0.990398019986681,0.999999999999937,"MYH11","KO",FALSE,"Activated",2.74351164234419e-14
"CFL2",3.67127465830497e-07,0.711406600574315,0.000137294473204575,0.990651183157157,0.999999999999937,"MYH11","KO",FALSE,"Activated",2.74351164234419e-14
"RAB40B",3.650545308872e-07,0.709525972809243,0.00013574842147652,0.990703967575459,0.999999999999937,"MYH11","KO",FALSE,"Activated",2.74351164234419e-14
"POU2F2",3.61498145233353e-07,0.70627676125276,0.000133116364668572,0.990794526106886,0.999999999999937,"MYH11","KO",FALSE,"Activated",2.74351164234419e-14
"MMP1",3.60233152753168e-07,0.705114013464489,0.000132186365019182,0.990826737451303,0.999999999999937,"MYH11","KO",FALSE,"Activated",2.74351164234419e-14
"RHOBTB3",3.55697070622767e-07,0.700913791501492,0.000128878323832248,0.990942242848483,0.999999999999937,"MYH11","KO",FALSE,"Activated",2.74351164234419e-14
"CDKN1A",3.47508951410275e-07,0.693206993452048,0.000123013080421223,0.991150743071208,0.999999999999937,"MYH11","KO",FALSE,"Activated",2.74351164234419e-14
"ALPL",3.46860817202376e-07,0.692589922871481,0.000122554648289361,0.99116724702481,0.999999999999937,"MYH11","KO",FALSE,"Activated",2.74351164234419e-14
"PTGFR",3.34624661108459e-07,0.680738875261814,0.000114060478916494,0.991478826639855,0.999999999999937,"MYH11","KO",FALSE,"Activated",2.74351164234419e-14
"GPM6B",3.33851446724339e-07,0.679976817542706,0.000113533970744499,0.991498515697314,0.999999999999937,"MYH11","KO",FALSE,"Activated",2.74351164234419e-14
"PCDH18",3.33711386284242e-07,0.679838606254052,0.000113438729088561,0.99150208218358,0.999999999999937,"MYH11","KO",FALSE,"Activated",2.74351164234419e-14
"MT1E",3.28288472106469e-07,0.674446281508664,0.000109781855650224,0.991640170905218,0.999999999999937,"MYH11","KO",FALSE,"Activated",2.74351164234419e-14
"TMEM176B",3.24223383665511e-07,0.670350710897216,0.000107079903164293,0.991743684208123,0.999999999999937,"MYH11","KO",FALSE,"Activated",2.74351164234419e-14
"PDE4B",3.00573035415519e-07,0.645553141667425,9.20278628126387e-05,0.992345918741667,0.999999999999937,"MYH11","KO",FALSE,"Activated",2.74351164234419e-14
"MMP13",2.9817562506833e-07,0.642941200019251,9.05656646553083e-05,0.992406966857317,0.999999999999937,"MYH11","KO",FALSE,"Activated",2.74351164234419e-14
"LPL",2.97964618428956e-07,0.642710397519708,9.04375308088769e-05,0.992412339972877,0.999999999999937,"MYH11","KO",FALSE,"Activated",2.74351164234419e-14
"IGFBP4",2.97898872493489e-07,0.642638453155644,9.03976251038716e-05,0.992414014140688,0.999999999999937,"MYH11","KO",FALSE,"Activated",2.74351164234419e-14
"GK",2.89812247077801e-07,0.633677320992731,8.55564528432748e-05,0.9926199338599,0.999999999999937,"MYH11","KO",FALSE,"Activated",2.74351164234419e-14
"MYADM",2.88419343450743e-07,0.632110860642215,8.47360216085062e-05,0.992655403133356,0.999999999999937,"MYH11","KO",FALSE,"Activated",2.74351164234419e-14
"GBP5",2.87096857736168e-07,0.630617208883649,8.39607250692588e-05,0.992689079279539,0.999999999999937,"MYH11","KO",FALSE,"Activated",2.74351164234419e-14
"RDH5",2.86397989200604e-07,0.629825357374248,8.35524580386444e-05,0.992706875468692,0.999999999999937,"MYH11","KO",FALSE,"Activated",2.74351164234419e-14
"COL8A1",2.85914098726278e-07,0.6292760555226,8.32703605020461e-05,0.992719197396862,0.999999999999937,"MYH11","KO",FALSE,"Activated",2.74351164234419e-14
"CAV1",2.85512444578745e-07,0.628819463687752,8.3036567252236e-05,0.992729425236542,0.999999999999937,"MYH11","KO",FALSE,"Activated",2.74351164234419e-14
"YPEL2",2.85267480722689e-07,0.628540707012349,8.28941410145682e-05,0.99273566306901,0.999999999999937,"MYH11","KO",FALSE,"Activated",2.74351164234419e-14
"DRAM1",2.78374091262974e-07,0.620605684830745,7.89363292484266e-05,0.992911198568543,0.999999999999937,"MYH11","KO",FALSE,"Activated",2.74351164234419e-14
"SPON2",2.78314580245284e-07,0.620536406265813,7.89025827231033e-05,0.992912713977859,0.999999999999937,"MYH11","KO",FALSE,"Activated",2.74351164234419e-14
"ANTXR1",2.77037996440269e-07,0.619047041502674,7.81804160810585e-05,0.992945221359359,0.999999999999937,"MYH11","KO",FALSE,"Activated",2.74351164234419e-14
"SPOCK1",2.76498118449345e-07,0.618415297003254,7.78760046993602e-05,0.992958969006985,0.999999999999937,"MYH11","KO",FALSE,"Activated",2.74351164234419e-14
"LOX",2.75176819345017e-07,0.616864415844665,7.71334923223503e-05,0.992992615052123,0.999999999999937,"MYH11","KO",FALSE,"Activated",2.74351164234419e-14
"SELENOP",2.74166584408796e-07,0.615674070163259,7.65681837131695e-05,0.993018340053574,0.999999999999937,"MYH11","KO",FALSE,"Activated",2.74351164234419e-14
"FMOD",2.66800075889124e-07,0.60687154004446,7.25088804495537e-05,0.993205923808115,0.999999999999937,"MYH11","KO",FALSE,"Activated",2.74351164234419e-14
"PLXNC1",2.54426202790194e-07,0.591575154210483,6.59390938462606e-05,0.993521017960969,0.999999999999937,"MYH11","KO",FALSE,"Activated",2.74351164234419e-14
"SLC2A3",2.49881482766183e-07,0.585786611088519,6.36044425545704e-05,0.993636747115955,0.999999999999937,"MYH11","KO",FALSE,"Activated",2.74351164234419e-14
"LINC00472",2.48715542119784e-07,0.584286133957275,6.30122738829974e-05,0.993666437267069,0.999999999999937,"MYH11","KO",FALSE,"Activated",2.74351164234419e-14
"NDRG1",2.46677458219049e-07,0.581647834921513,6.19838048342007e-05,0.993718336172655,0.999999999999937,"MYH11","KO",FALSE,"Activated",2.74351164234419e-14
"FN1",2.44854170761316e-07,0.579270726768166,6.10708991409914e-05,0.993764765404302,0.999999999999937,"MYH11","KO",FALSE,"Activated",2.74351164234419e-14
"RPL39L",2.43131805738981e-07,0.577010355890533,6.02147452377894e-05,0.993808624708895,0.999999999999937,"MYH11","KO",FALSE,"Activated",2.74351164234419e-14
"GGT5",2.38786464639976e-07,0.571242273641366,5.80816189552439e-05,0.993919277084572,0.999999999999937,"MYH11","KO",FALSE,"Activated",2.74351164234419e-14
"LINC00511",2.3865759486136e-07,0.571069755652253,5.8018944166527e-05,0.993922558703813,0.999999999999937,"MYH11","KO",FALSE,"Activated",2.74351164234419e-14
"SDC4",2.33607475568455e-07,0.564241508080063,5.55895008832703e-05,0.994051158125517,0.999999999999937,"MYH11","KO",FALSE,"Activated",2.74351164234419e-14
"MITF",2.33076129678799e-07,0.563515287007454,5.53369091275456e-05,0.994064688661301,0.999999999999937,"MYH11","KO",FALSE,"Activated",2.74351164234419e-14
"PKIG",2.28630635465276e-07,0.557379646747484,5.32461423552902e-05,0.994177891670943,0.999999999999937,"MYH11","KO",FALSE,"Activated",2.74351164234419e-14
"OLFM2",2.28351866723526e-07,0.556991284895595,5.31163757486236e-05,0.994184990426786,0.999999999999937,"MYH11","KO",FALSE,"Activated",2.74351164234419e-14
"ANKRD28",2.2702468419417e-07,0.555136406961762,5.25007445487523e-05,0.994218786706935,0.999999999999937,"MYH11","KO",FALSE,"Activated",2.74351164234419e-14
"CRABP2",2.25627561410228e-07,0.553173089205495,5.18565477588383e-05,0.994254364004583,0.999999999999937,"MYH11","KO",FALSE,"Activated",2.74351164234419e-14
"JAM2",2.25399172830944e-07,0.552851092910888,5.17516186534651e-05,0.994260179849889,0.999999999999937,"MYH11","KO",FALSE,"Activated",2.74351164234419e-14
"CXCL8",2.25206911246843e-07,0.552579800450472,5.16633698410739e-05,0.994265075732551,0.999999999999937,"MYH11","KO",FALSE,"Activated",2.74351164234419e-14
"TMEM119",2.24524713149299e-07,0.551615475063706,5.13508459423253e-05,0.994282447700996,0.999999999999937,"MYH11","KO",FALSE,"Activated",2.74351164234419e-14
"CD248",2.21607976875325e-07,0.547462203121676,5.00253435624904e-05,0.994356721539465,0.999999999999937,"MYH11","KO",FALSE,"Activated",2.74351164234419e-14
"XIST",2.20400677928754e-07,0.54572850489645,4.94817617756372e-05,0.994387465069344,0.999999999999937,"MYH11","KO",FALSE,"Activated",2.74351164234419e-14
"ATF3",2.14997588896186e-07,0.537862145915158,4.70854235148506e-05,0.994525053321252,0.999999999999937,"MYH11","KO",FALSE,"Activated",2.74351164234419e-14
"FZD4",2.14014699397431e-07,0.536411850481255,4.66558932902754e-05,0.994550082363407,0.999999999999937,"MYH11","KO",FALSE,"Activated",2.74351164234419e-14
"ANK2",2.13433411894599e-07,0.535551281357603,4.64027923896078e-05,0.994564884710887,0.999999999999937,"MYH11","KO",FALSE,"Activated",2.74351164234419e-14
"MGP",2.13079724237015e-07,0.535026619069854,4.62491285720839e-05,0.994573891283562,0.999999999999937,"MYH11","KO",FALSE,"Activated",2.74351164234419e-14
"CASC15",2.05085318166489e-07,0.522951168741457,4.28438454156787e-05,0.994777467128452,0.999999999999937,"MYH11","KO",FALSE,"Activated",2.74351164234419e-14
"GNG11",2.04643838157851e-07,0.522271909089484,4.26595870503853e-05,0.994788709332705,0.999999999999937,"MYH11","KO",FALSE,"Activated",2.74351164234419e-14
"CELF2",1.98282720079783e-07,0.512333763047326,4.00487566954077e-05,0.994950694105578,0.999999999999937,"MYH11","KO",FALSE,"Activated",2.74351164234419e-14
"CACNA2D3",1.96639255588434e-07,0.509718998664241,3.9387620509233e-05,0.994992544679014,0.999999999999937,"MYH11","KO",FALSE,"Activated",2.74351164234419e-14
"CLU",1.92295176342653e-07,0.50271056998178,3.76665707231922e-05,0.995103166062663,0.999999999999937,"MYH11","KO",FALSE,"Activated",2.74351164234419e-14
"PLAUR",1.86521945216372e-07,0.493170074293301,3.54388135729707e-05,0.99525018074873,0.999999999999937,"MYH11","KO",FALSE,"Activated",2.74351164234419e-14
"ENPP1",1.86058331188491e-07,0.492392324772345,3.52628609558871e-05,0.995261986635251,0.999999999999937,"MYH11","KO",FALSE,"Activated",2.74351164234419e-14
"COL8A2",1.84173790372676e-07,0.489212595133144,3.45521402868724e-05,0.995309976296077,0.999999999999937,"MYH11","KO",FALSE,"Activated",2.74351164234419e-14
"LINC00632",1.75899287914528e-07,0.474891225134776,3.15171881742903e-05,0.99552068594862,0.999999999999937,"MYH11","KO",FALSE,"Activated",2.74351164234419e-14
"ITGA11",1.70005853067055e-07,0.464312233432402,2.94406266376241e-05,0.995670762064809,0.999999999999937,"MYH11","KO",FALSE,"Activated",2.74351164234419e-14
"NID1",1.67813696363628e-07,0.460291891654642,2.86862718060995e-05,0.995726585299415,0.999999999999937,"MYH11","KO",FALSE,"Activated",2.74351164234419e-14
"RNF19B",1.65805478871718e-07,0.456566725655159,2.80038057558775e-05,0.995777724543374,0.999999999999937,"MYH11","KO",FALSE,"Activated",2.74351164234419e-14
"TGFB3",1.64548266955478e-07,0.454213695124366,2.75807408254886e-05,0.995809739444603,0.999999999999937,"MYH11","KO",FALSE,"Activated",2.74351164234419e-14
"CREB3L1",1.63711685838113e-07,0.452638846952571,2.73010068209339e-05,0.995831042986352,0.999999999999937,"MYH11","KO",FALSE,"Activated",2.74351164234419e-14
"COL13A1",1.61579052750538e-07,0.448590832486825,2.65943522970591e-05,0.995885350510505,0.999999999999937,"MYH11","KO",FALSE,"Activated",2.74351164234419e-14
"LAMA2",1.58134482202644e-07,0.441948750519779,2.54725523677257e-05,0.995973066576123,0.999999999999937,"MYH11","KO",FALSE,"Activated",2.74351164234419e-14
"MARCKSL1",1.57076910057043e-07,0.439883036455933,2.51329808849186e-05,0.995999997684148,0.999999999999937,"MYH11","KO",FALSE,"Activated",2.74351164234419e-14
"KRT6A",1.54062535667538e-07,0.433924962455749,2.41776109566972e-05,0.996076758847901,0.999999999999937,"MYH11","KO",FALSE,"Activated",2.74351164234419e-14
"AEBP1",1.51169129889034e-07,0.42810536445629,2.32779927566307e-05,0.996150439575327,0.999999999999937,"MYH11","KO",FALSE,"Activated",2.74351164234419e-14
"TSPAN15",1.49467418589909e-07,0.424635148008083,2.2756861693081e-05,0.996193773756725,0.999999999999937,"MYH11","KO",FALSE,"Activated",2.74351164234419e-14
"ADAMTS6",1.47578287431934e-07,0.420740374449206,2.21852452781111e-05,0.996241880609336,0.999999999999937,"MYH11","KO",FALSE,"Activated",2.74351164234419e-14
"RORA",1.46688882774742e-07,0.418890980941511,2.19186450515321e-05,0.99626452936378,0.999999999999937,"MYH11","KO",FALSE,"Activated",2.74351164234419e-14
"DPYSL3",1.45198506544835e-07,0.415768953219636,2.14755156671013e-05,0.996302481909882,0.999999999999937,"MYH11","KO",FALSE,"Activated",2.74351164234419e-14
"AC134312.5",1.4451214379392e-07,0.414321348560347,2.12729632317213e-05,0.996319960193301,0.999999999999937,"MYH11","KO",FALSE,"Activated",2.74351164234419e-14
"LOXL2",1.37669442072298e-07,0.399536982909924,1.93060935719278e-05,0.996494210245798,0.999999999999937,"MYH11","KO",FALSE,"Activated",2.74351164234419e-14
"PXDN",1.346157406018e-07,0.392722210671934,1.84591199427557e-05,0.996571973099684,0.999999999999937,"MYH11","KO",FALSE,"Activated",2.74351164234419e-14
"FARP1",1.34458776698465e-07,0.392368134971683,1.8416097837151e-05,0.99657597020415,0.999999999999937,"MYH11","KO",FALSE,"Activated",2.74351164234419e-14
"PHLDA2",1.3425879727211e-07,0.391916480576615,1.83613583542806e-05,0.996581062704151,0.999999999999937,"MYH11","KO",FALSE,"Activated",2.74351164234419e-14
"TGM2",1.33123414562709e-07,0.389340550675911,1.80521194756903e-05,0.996609975363219,0.999999999999937,"MYH11","KO",FALSE,"Activated",2.74351164234419e-14
"PERP",1.31103935350496e-07,0.384708998268563,1.75085732829276e-05,0.996661401658455,0.999999999999937,"MYH11","KO",FALSE,"Activated",2.74351164234419e-14
"PRDM1",1.3084330962536e-07,0.384106546764067,1.7439030763931e-05,0.996668038526741,0.999999999999937,"MYH11","KO",FALSE,"Activated",2.74351164234419e-14
"SLAMF8",1.3064639113245e-07,0.383650633624226,1.73865789643121e-05,0.996673053082152,0.999999999999937,"MYH11","KO",FALSE,"Activated",2.74351164234419e-14
"MAP1LC3A",1.25713689590381e-07,0.372021268993838,1.60984642521261e-05,0.996798665020294,0.999999999999937,"MYH11","KO",FALSE,"Activated",2.74351164234419e-14
"ADAMTS14",1.20251138236524e-07,0.358647926558607,1.47298286163922e-05,0.99693776975083,0.999999999999937,"MYH11","KO",FALSE,"Activated",2.74351164234419e-14
"MT1X",1.19501198411456e-07,0.356768959052322,1.4546677922784e-05,0.996956867093946,0.999999999999937,"MYH11","KO",FALSE,"Activated",2.74351164234419e-14
"ANPEP",1.15219335732869e-07,0.345830702664763,1.35229062186222e-05,0.997065905476512,0.999999999999937,"MYH11","KO",FALSE,"Activated",2.74351164234419e-14
"SGK1",1.13643557372854e-07,0.341711990033401,1.31555479515037e-05,0.99710603296216,0.999999999999937,"MYH11","KO",FALSE,"Activated",2.74351164234419e-14
"CD55",1.13258210711832e-07,0.340696879928901,1.30664826007999e-05,0.997115845886847,0.999999999999937,"MYH11","KO",FALSE,"Activated",2.74351164234419e-14
"TMEM204",1.13198627850029e-07,0.340539641679905,1.30527381908278e-05,0.997117363175589,0.999999999999937,"MYH11","KO",FALSE,"Activated",2.74351164234419e-14
"APCDD1",1.12787482888468e-07,0.339452579219101,1.29580935510834e-05,0.997127833059371,0.999999999999937,"MYH11","KO",FALSE,"Activated",2.74351164234419e-14
"APOE",1.12246331153086e-07,0.338016271027409,1.28340465873766e-05,0.997141613590855,0.999999999999937,"MYH11","KO",FALSE,"Activated",2.74351164234419e-14
"PCOLCE",1.07006256797091e-07,0.32377260009677,1.16637350677139e-05,0.99727505312076,0.999999999999937,"MYH11","KO",FALSE,"Activated",2.74351164234419e-14
"PHYH",1.05007503992209e-07,0.318171801131251,1.12320744398918e-05,0.99732595177655,0.999999999999937,"MYH11","KO",FALSE,"Activated",2.74351164234419e-14
"CCN1",1.04227733019566e-07,0.315960430143355,1.10658782008475e-05,0.997345808809474,0.999999999999937,"MYH11","KO",FALSE,"Activated",2.74351164234419e-14
"SGCD",1.02547424445331e-07,0.311143571883782,1.0711956896567e-05,0.99738859822867,0.999999999999937,"MYH11","KO",FALSE,"Activated",2.74351164234419e-14
"PTPRC",1.00039768977431e-07,0.303819721612306,1.0194470238084e-05,0.997452456228367,0.999999999999937,"MYH11","KO",FALSE,"Activated",2.74351164234419e-14
"TIMP1",9.99489234708448e-08,0.303551275422306,1.01759635717889e-05,0.997454769629542,0.999999999999937,"MYH11","KO",FALSE,"Activated",2.74351164234419e-14
"KRT17",9.86153803470928e-08,0.299584924774709,9.90623463292341e-06,0.997488728606361,0.999999999999937,"MYH11","KO",FALSE,"Activated",2.74351164234419e-14
"PTGER3",9.85326168712902e-08,0.299337156414675,9.88961389150355e-06,0.997490836197115,0.999999999999937,"MYH11","KO",FALSE,"Activated",2.74351164234419e-14
"OLFML3",9.81920985919233e-08,0.298315753107905,9.82137709056988e-06,0.997499507572807,0.999999999999937,"MYH11","KO",FALSE,"Activated",2.74351164234419e-14
"F2RL2",9.80736928076311e-08,0.297959833140321,9.79770498817676e-06,0.997502522803194,0.999999999999937,"MYH11","KO",FALSE,"Activated",2.74351164234419e-14
"SCN1B",9.73773222366985e-08,0.295858643212333,9.65906208576152e-06,0.997520256039825,0.999999999999937,"MYH11","KO",FALSE,"Activated",2.74351164234419e-14
"ID2",9.65754012632138e-08,0.293421966070182,9.50062868055087e-06,0.997540677143232,0.999999999999937,"MYH11","KO",FALSE,"Activated",2.74351164234419e-14
"SRGN",9.63544456688083e-08,0.292747346387766,9.45720529069006e-06,0.997546303828925,0.999999999999937,"MYH11","KO",FALSE,"Activated",2.74351164234419e-14
"CEMIP",9.60113639792711e-08,0.291697057517464,9.3899781365762e-06,0.997555040484329,0.999999999999937,"MYH11","KO",FALSE,"Activated",2.74351164234419e-14
"CCL11",9.40089257248326e-08,0.285497911826151,9.00238291761599e-06,0.99760603304827,0.999999999999937,"MYH11","KO",FALSE,"Activated",2.74351164234419e-14
"CXCL13",9.36223871381162e-08,0.284287448118894,8.92850451888193e-06,0.997615876345971,0.999999999999937,"MYH11","KO",FALSE,"Activated",2.74351164234419e-14
"TSPAN11",9.3141279943999e-08,0.282774469988899,8.83697660883581e-06,0.997628127856418,0.999999999999937,"MYH11","KO",FALSE,"Activated",2.74351164234419e-14
"DDAH1",9.28056618249414e-08,0.281714807275674,8.77340638492331e-06,0.997636674452898,0.999999999999937,"MYH11","KO",FALSE,"Activated",2.74351164234419e-14
"CCN2",9.27553073692454e-08,0.28155552007906,8.7638884256954e-06,0.9976379567413,0.999999999999937,"MYH11","KO",FALSE,"Activated",2.74351164234419e-14
"FIBIN",9.24264092895182e-08,0.28051317104684,8.70184743193412e-06,0.997646332210657,0.999999999999937,"MYH11","KO",FALSE,"Activated",2.74351164234419e-14
"DIRAS3",9.16465648136418e-08,0.278028122912126,8.55562387921885e-06,0.997666191140381,0.999999999999937,"MYH11","KO",FALSE,"Activated",2.74351164234419e-14
"AC016831.1",9.11381515774748e-08,0.276397634446047,8.46096180207565e-06,0.997679138008183,0.999999999999937,"MYH11","KO",FALSE,"Activated",2.74351164234419e-14
"DLL1",8.89179065855585e-08,0.269178857948566,8.05374288994269e-06,0.997735677098773,0.999999999999937,"MYH11","KO",FALSE,"Activated",2.74351164234419e-14
"GEM",8.82322153632378e-08,0.266916279092848,7.93000880592046e-06,0.997753138398498,0.999999999999937,"MYH11","KO",FALSE,"Activated",2.74351164234419e-14
"VMO1",8.80568070605853e-08,0.26633491385633,7.89850995451927e-06,0.99775760521529,0.999999999999937,"MYH11","KO",FALSE,"Activated",2.74351164234419e-14
"HIST3H2A",8.78266429576337e-08,0.265570467928348,7.8572734477013e-06,0.997763466402491,0.999999999999937,"MYH11","KO",FALSE,"Activated",2.74351164234419e-14
"SMOC1",8.56811607535019e-08,0.258355622829446,7.47807789857413e-06,0.997818101656214,0.999999999999937,"MYH11","KO",FALSE,"Activated",2.74351164234419e-14
"MTHFD2",8.52338946167164e-08,0.256830870305814,7.40020871158153e-06,0.997829491404216,0.999999999999937,"MYH11","KO",FALSE,"Activated",2.74351164234419e-14
"CST7",8.5186325739277e-08,0.256668277565749,7.39195093122167e-06,0.997830702758025,0.999999999999937,"MYH11","KO",FALSE,"Activated",2.74351164234419e-14
"ZNF331",8.30028553957033e-08,0.249114673589536,7.01787078799402e-06,0.997886305402313,0.999999999999937,"MYH11","KO",FALSE,"Activated",2.74351164234419e-14
"THBD",8.23082152976934e-08,0.246673669122996,6.90089901033334e-06,0.997903994596544,0.999999999999937,"MYH11","KO",FALSE,"Activated",2.74351164234419e-14
"CD3D",8.08687926848187e-08,0.241555210339811,6.66164094387277e-06,0.997940649878212,0.999999999999937,"MYH11","KO",FALSE,"Activated",2.74351164234419e-14
"RASD1",7.98641968565016e-08,0.237933606991386,6.49715996011637e-06,0.99796623218214,0.999999999999937,"MYH11","KO",FALSE,"Activated",2.74351164234419e-14
"NEGR1",7.96392459534258e-08,0.237116973656307,6.46061082498862e-06,0.997971960617893,0.999999999999937,"MYH11","KO",FALSE,"Activated",2.74351164234419e-14
"CCDC71L",7.93943889779895e-08,0.23622568669068,6.42094460938652e-06,0.997978195967296,0.999999999999937,"MYH11","KO",FALSE,"Activated",2.74351164234419e-14
"TNFRSF6B",7.93481726245345e-08,0.236057177191187,6.413471379152e-06,0.997979372879306,0.999999999999937,"MYH11","KO",FALSE,"Activated",2.74351164234419e-14
"TRAC",7.87630439841199e-08,0.233915980491006,6.31923179987222e-06,0.997994273339659,0.999999999999937,"MYH11","KO",FALSE,"Activated",2.74351164234419e-14
"EDNRB",7.83035618974222e-08,0.232224400202134,6.24571751350168e-06,0.998005974176756,0.999999999999937,"MYH11","KO",FALSE,"Activated",2.74351164234419e-14
"SLA",7.82225396781698e-08,0.231925181082974,6.23279906954297e-06,0.998008037429789,0.999999999999937,"MYH11","KO",FALSE,"Activated",2.74351164234419e-14
"FJX1",7.82086858814128e-08,0.231873990086531,6.23059151439429e-06,0.998008390220524,0.999999999999937,"MYH11","KO",FALSE,"Activated",2.74351164234419e-14
"MT1G",7.8071074854135e-08,0.231365056733885,6.20868489935222e-06,0.998011894523108,0.999999999999937,"MYH11","KO",FALSE,"Activated",2.74351164234419e-14
"CAPN3",7.80368774239655e-08,0.231238456143863,6.20324691691774e-06,0.99801276537006,0.999999999999937,"MYH11","KO",FALSE,"Activated",2.74351164234419e-14
"LCP1",7.78110710202169e-08,0.23040124020428,6.16739960078636e-06,0.998018515592214,0.999999999999937,"MYH11","KO",FALSE,"Activated",2.74351164234419e-14
"DUSP4",7.75612225879567e-08,0.229472304103359,6.12785661054446e-06,0.998024878051353,0.999999999999937,"MYH11","KO",FALSE,"Activated",2.74351164234419e-14
"CCDC80",7.71807573899315e-08,0.228052491704611,6.06788545892668e-06,0.998034566702648,0.999999999999937,"MYH11","KO",FALSE,"Activated",2.74351164234419e-14
"NOVA1",7.71704903002764e-08,0.228014089009213,6.06627118660324e-06,0.998034828156924,0.999999999999937,"MYH11","KO",FALSE,"Activated",2.74351164234419e-14
"SPRY1",7.62731187440344e-08,0.224639494908433,5.92600906413311e-06,0.998057679972485,0.999999999999937,"MYH11","KO",FALSE,"Activated",2.74351164234419e-14
"FAM20C",7.41475292299702e-08,0.216499721603342,5.60031776525783e-06,0.998111808705306,0.999999999999937,"MYH11","KO",FALSE,"Activated",2.74351164234419e-14
"MMP19",7.39966740129376e-08,0.215913995742094,5.57755294117493e-06,0.998115650276028,0.999999999999937,"MYH11","KO",FALSE,"Activated",2.74351164234419e-14
"LMCD1",7.31216214001531e-08,0.212494841918004,5.44641747869506e-06,0.998137933738899,0.999999999999937,"MYH11","KO",FALSE,"Activated",2.74351164234419e-14
"CXCR4",7.29917883911038e-08,0.211984367842884,5.4270935911958e-06,0.998141239973407,0.999999999999937,"MYH11","KO",FALSE,"Activated",2.74351164234419e-14
"ITGA5",7.28633601776692e-08,0.211478603622741,5.40801257469361e-06,0.998144510434427,0.999999999999937,"MYH11","KO",FALSE,"Activated",2.74351164234419e-14
"FMNL1",7.19486437881309e-08,0.207852707024646,5.27308201362902e-06,0.998167803948615,0.999999999999937,"MYH11","KO",FALSE,"Activated",2.74351164234419e-14
"ADAM12",7.18746735145284e-08,0.207557661919569,5.26224509459305e-06,0.998169687622833,0.999999999999937,"MYH11","KO",FALSE,"Activated",2.74351164234419e-14
"PTPN22",7.14427205942736e-08,0.205829194341769,5.19918499977643e-06,0.998180687427957,0.999999999999937,"MYH11","KO",FALSE,"Activated",2.74351164234419e-14
"AGPAT4",6.96513604092392e-08,0.198558008212045,4.94172425897756e-06,0.998226304933017,0.999999999999937,"MYH11","KO",FALSE,"Activated",2.74351164234419e-14
"GXYLT2",6.90888410454256e-08,0.196239600327887,4.86222572870261e-06,0.998240629652465,0.999999999999937,"MYH11","KO",FALSE,"Activated",2.74351164234419e-14
"EPDR1",6.88760452360057e-08,0.195358088453021,4.83232023747613e-06,0.998246048559882,0.999999999999937,"MYH11","KO",FALSE,"Activated",2.74351164234419e-14
"SMOX",6.7912840914744e-08,0.191336734714821,4.6981091060614e-06,0.99827057684016,0.999999999999937,"MYH11","KO",FALSE,"Activated",2.74351164234419e-14
"CD3E",6.76430595856693e-08,0.190201101401662,4.66085710400143e-06,0.99827744690105,0.999999999999937,"MYH11","KO",FALSE,"Activated",2.74351164234419e-14
"DUSP2",6.72719319846123e-08,0.188632102162822,4.60985327665013e-06,0.998286897774771,0.999999999999937,"MYH11","KO",FALSE,"Activated",2.74351164234419e-14
"CD2",6.69550686409621e-08,0.187286268075523,4.5665290131556e-06,0.998294966793377,0.999999999999937,"MYH11","KO",FALSE,"Activated",2.74351164234419e-14
"ICAM1",6.63508569623754e-08,0.18470382031801,4.48448292636116e-06,0.998310353222661,0.999999999999937,"MYH11","KO",FALSE,"Activated",2.74351164234419e-14
"CD52",6.61964644360838e-08,0.184040502749482,4.46363722406278e-06,0.998314284874155,0.999999999999937,"MYH11","KO",FALSE,"Activated",2.74351164234419e-14
"HCST",6.61948855323805e-08,0.184033712027081,4.4634242951895e-06,0.998314325081407,0.999999999999937,"MYH11","KO",FALSE,"Activated",2.74351164234419e-14
"ANGPTL1",6.5590711385867e-08,0.181424331912363,4.38231896675123e-06,0.998329710555715,0.999999999999937,"MYH11","KO",FALSE,"Activated",2.74351164234419e-14
"IKZF1",6.53967168882786e-08,0.18058184551025,4.35643455322269e-06,0.998334650683417,0.999999999999937,"MYH11","KO",FALSE,"Activated",2.74351164234419e-14
"TNFRSF1B",6.49884067214652e-08,0.178801165471521,4.30220481113437e-06,0.998345048423723,0.999999999999937,"MYH11","KO",FALSE,"Activated",2.74351164234419e-14
"MEG3",6.49875609842055e-08,0.178797466577067,4.30209283697111e-06,0.998345069960675,0.999999999999937,"MYH11","KO",FALSE,"Activated",2.74351164234419e-14
"CD3G",6.38533597415658e-08,0.17379709351287,4.15323790090587e-06,0.998373952735425,0.999999999999937,"MYH11","KO",FALSE,"Activated",2.74351164234419e-14
"MSX2",6.33482729340804e-08,0.171544251796513,4.08779266871014e-06,0.998386814923122,0.999999999999937,"MYH11","KO",FALSE,"Activated",2.74351164234419e-14
"CD69",6.32465392613002e-08,0.171088511788491,4.07467369280218e-06,0.998389405601795,0.999999999999937,"MYH11","KO",FALSE,"Activated",2.74351164234419e-14
"F2R",6.28686189451648e-08,0.169389666558732,4.02612396153994e-06,0.998399029456822,0.999999999999937,"MYH11","KO",FALSE,"Activated",2.74351164234419e-14
"TENT5C",6.21135103660393e-08,0.165967251203959,3.92999004722296e-06,0.998418258525618,0.999999999999937,"MYH11","KO",FALSE,"Activated",2.74351164234419e-14
"TRIB1",6.20539248870505e-08,0.165695580056269,3.92245358637172e-06,0.998419775887937,0.999999999999937,"MYH11","KO",FALSE,"Activated",2.74351164234419e-14
"NEXN",6.18279249659223e-08,0.164663004842252,3.89393452213461e-06,0.998425531044616,0.999999999999937,"MYH11","KO",FALSE,"Activated",2.74351164234419e-14
"SERPINB9",6.11296273419789e-08,0.161450697663143,3.8064733938753e-06,0.998443313406359,0.999999999999937,"MYH11","KO",FALSE,"Activated",2.74351164234419e-14
"ALOX5AP",6.08602918573854e-08,0.160202771823239,3.77300484978503e-06,0.998450172116739,0.999999999999937,"MYH11","KO",FALSE,"Activated",2.74351164234419e-14
"DDR2",6.07678357197263e-08,0.159773231319264,3.7615500086633e-06,0.99845252654055,0.999999999999937,"MYH11","KO",FALSE,"Activated",2.74351164234419e-14
"CLEC2D",6.07412972705582e-08,0.159649826917546,3.75826524774855e-06,0.998453202350274,0.999999999999937,"MYH11","KO",FALSE,"Activated",2.74351164234419e-14
"ZBTB20",5.95836109811803e-08,0.154218226232395,3.61637069248486e-06,0.998482683186746,0.999999999999937,"MYH11","KO",FALSE,"Activated",2.74351164234419e-14
"TCIM",5.76613889587409e-08,0.144983812071201,3.38679961036684e-06,0.998531633164733,0.999999999999937,"MYH11","KO",FALSE,"Activated",2.74351164234419e-14
"GPR65",5.75667987826349e-08,0.144522202484075,3.37569702636767e-06,0.998534041932951,0.999999999999937,"MYH11","KO",FALSE,"Activated",2.74351164234419e-14
"SPOCK2",5.73395343036063e-08,0.143410301581883,3.34909621832004e-06,0.998539829293561,0.999999999999937,"MYH11","KO",FALSE,"Activated",2.74351164234419e-14
"ABCA6",5.6283302913e-08,0.138189432345451,3.22684758799264e-06,0.998566726555286,0.999999999999937,"MYH11","KO",FALSE,"Activated",2.74351164234419e-14
"CPXM1",5.60200223260401e-08,0.13687418210576,3.19672926716314e-06,0.998573431077786,0.999999999999937,"MYH11","KO",FALSE,"Activated",2.74351164234419e-14
"TRBC2",5.60089882491557e-08,0.136818937319585,3.19547009298757e-06,0.998573712064007,0.999999999999937,"MYH11","KO",FALSE,"Activated",2.74351164234419e-14
"NEAT1",5.59747649868346e-08,0.136647527230755,3.19156621956937e-06,0.998574583570095,0.999999999999937,"MYH11","KO",FALSE,"Activated",2.74351164234419e-14
"GZMA",5.39538676089204e-08,0.126352648580101,2.9652715166016e-06,0.998626046357401,0.999999999999937,"MYH11","KO",FALSE,"Activated",2.74351164234419e-14
"CH25H",5.38598994804589e-08,0.125865466083619,2.95495164960464e-06,0.998628439285486,0.999999999999937,"MYH11","KO",FALSE,"Activated",2.74351164234419e-14
"MEDAG",5.34791092253958e-08,0.123883289310255,2.91331625281378e-06,0.998638136229787,0.999999999999937,"MYH11","KO",FALSE,"Activated",2.74351164234419e-14
"RUNX3",5.31859835207676e-08,0.122348677017438,2.88146727330672e-06,0.998645600768718,0.999999999999937,"MYH11","KO",FALSE,"Activated",2.74351164234419e-14
"GPR183",5.17145435203911e-08,0.114526941925522,2.72423578325257e-06,0.998683071456256,0.999999999999937,"MYH11","KO",FALSE,"Activated",2.74351164234419e-14
"HCLS1",5.06746610408096e-08,0.10887616103735,2.61577874708462e-06,0.998709552396045,0.999999999999937,"MYH11","KO",FALSE,"Activated",2.74351164234419e-14
"HMCN1",5.01577273281604e-08,0.106027740958324,2.56268367526737e-06,0.99872271627883,0.999999999999937,"MYH11","KO",FALSE,"Activated",2.74351164234419e-14
"S100A2",4.99739539765634e-08,0.105008669731511,2.54393919744891e-06,0.998727396126253,0.999999999999937,"MYH11","KO",FALSE,"Activated",2.74351164234419e-14
"LAPTM5",4.99491335209983e-08,0.104870772544011,2.54141283943421e-06,0.998728028187129,0.999999999999937,"MYH11","KO",FALSE,"Activated",2.74351164234419e-14
"MXD1",4.9736300526891e-08,0.103685751247979,2.51980108814809e-06,0.998733448047743,0.999999999999937,"MYH11","KO",FALSE,"Activated",2.74351164234419e-14
"ZEB1",4.88876563537876e-08,0.0989142833962177,2.43454461587729e-06,0.998755059045003,0.999999999999937,"MYH11","KO",FALSE,"Activated",2.74351164234419e-14
"LSP1",4.81418160737433e-08,0.0946581880514745,2.36082742007184e-06,0.998774052108762,0.999999999999937,"MYH11","KO",FALSE,"Activated",2.74351164234419e-14
"CYFIP2",4.74592976801402e-08,0.0907105318226205,2.29436186839694e-06,0.998791432660828,0.999999999999937,"MYH11","KO",FALSE,"Activated",2.74351164234419e-14
"PDE4C",4.72826358426231e-08,0.0896803136015891,2.27731265725948e-06,0.998795931411863,0.999999999999937,"MYH11","KO",FALSE,"Activated",2.74351164234419e-14
"SYTL3",4.72285487598185e-08,0.0893641999337315,2.27210555547503e-06,0.99879730875699,0.999999999999937,"MYH11","KO",FALSE,"Activated",2.74351164234419e-14
"FYB1",4.71239801616947e-08,0.0887521102765921,2.26205536870067e-06,0.998799971630307,0.999999999999937,"MYH11","KO",FALSE,"Activated",2.74351164234419e-14
"SHOX2",4.67954243542377e-08,0.0868208425478641,2.23062251722668e-06,0.998808338410754,0.999999999999937,"MYH11","KO",FALSE,"Activated",2.74351164234419e-14
"RGS1",4.67327672252641e-08,0.0864511405290199,2.22465309456126e-06,0.998809933994927,0.999999999999937,"MYH11","KO",FALSE,"Activated",2.74351164234419e-14
"IL2RB",4.67005171546943e-08,0.0862606764163301,2.22158370800335e-06,0.998810755253468,0.999999999999937,"MYH11","KO",FALSE,"Activated",2.74351164234419e-14
"GATA3",4.65179256617687e-08,0.0851800559270702,2.20424560073602e-06,0.998815405005272,0.999999999999937,"MYH11","KO",FALSE,"Activated",2.74351164234419e-14
"CD48",4.61867589465417e-08,0.0832102456747345,2.17297273623267e-06,0.998823838273577,0.999999999999937,"MYH11","KO",FALSE,"Activated",2.74351164234419e-14
"SGIP1",4.56328452092761e-08,0.0798866074344304,2.12116473300523e-06,0.998837943867668,0.999999999999937,"MYH11","KO",FALSE,"Activated",2.74351164234419e-14
"RAB11FIP1",4.47505226884462e-08,0.0745158387975799,2.03993122904364e-06,0.998860412499358,0.999999999999937,"MYH11","KO",FALSE,"Activated",2.74351164234419e-14
"FGF2",4.45003792660341e-08,0.0729756649350922,2.01718962973813e-06,0.998866782483622,0.999999999999937,"MYH11","KO",FALSE,"Activated",2.74351164234419e-14
"SMYD3",4.40030345045925e-08,0.0698898866234357,1.97235259608855e-06,0.998879447531246,0.999999999999937,"MYH11","KO",FALSE,"Activated",2.74351164234419e-14
"DSG2",4.39691444201967e-08,0.0696784622808868,1.96931564846997e-06,0.998880310553382,0.999999999999937,"MYH11","KO",FALSE,"Activated",2.74351164234419e-14
"CYTIP",4.37623704474947e-08,0.0683852749872402,1.95083697453078e-06,0.99888557612057,0.999999999999937,"MYH11","KO",FALSE,"Activated",2.74351164234419e-14
"AC058791.1",4.30509116100072e-08,0.0638928495704284,1.88792182170532e-06,0.998903693654116,0.999999999999937,"MYH11","KO",FALSE,"Activated",2.74351164234419e-14
"CCL26",4.23580294368898e-08,0.059452316999817,1.82764060256737e-06,0.998921338127331,0.999999999999937,"MYH11","KO",FALSE,"Activated",2.74351164234419e-14
"RHOH",4.22005797321873e-08,0.0584340452407556,1.8140787511016e-06,0.9989253476361,0.999999999999937,"MYH11","KO",FALSE,"Activated",2.74351164234419e-14
"SDC1",4.19146766960714e-08,0.0565761594637002,1.78958175446348e-06,0.998932628251476,0.999999999999937,"MYH11","KO",FALSE,"Activated",2.74351164234419e-14
"MAFB",4.16842634449935e-08,0.0550704530600054,1.76996046587741e-06,0.998938495801189,0.999999999999937,"MYH11","KO",FALSE,"Activated",2.74351164234419e-14
"MEST",4.16513780010453e-08,0.0548549357362965,1.76716886199418e-06,0.998939333239909,0.999999999999937,"MYH11","KO",FALSE,"Activated",2.74351164234419e-14
"KRT5",4.15186668998355e-08,0.0539836270324413,1.75592556996904e-06,0.998942712772064,0.999999999999937,"MYH11","KO",FALSE,"Activated",2.74351164234419e-14
"AC253572.2",4.08409197350821e-08,0.049493999095071,1.69906631435703e-06,0.99895997182842,0.999999999999937,"MYH11","KO",FALSE,"Activated",2.74351164234419e-14
"SAMSN1",4.05189465693246e-08,0.0473373381595297,1.67238242040173e-06,0.998968170982054,0.999999999999937,"MYH11","KO",FALSE,"Activated",2.74351164234419e-14
"RGS2",4.01824941446104e-08,0.0450669658102678,1.64472419876327e-06,0.998976738854944,0.999999999999937,"MYH11","KO",FALSE,"Activated",2.74351164234419e-14
"ACKR3",3.9836081614768e-08,0.0427112375839827,1.61648816377417e-06,0.998985560365347,0.999999999999937,"MYH11","KO",FALSE,"Activated",2.74351164234419e-14
"MYO1G",3.87121214314802e-08,0.034937411020721,1.52655777257683e-06,0.999014182386462,0.999999999999937,"MYH11","KO",FALSE,"Activated",2.74351164234419e-14
"RCAN1",3.86654556431162e-08,0.0346102282286555,1.52287959209327e-06,0.999015370746362,0.999999999999937,"MYH11","KO",FALSE,"Activated",2.74351164234419e-14
"MMP3",3.82078664038179e-08,0.0313828064160043,1.48704761643849e-06,0.999027023409417,0.999999999999937,"MYH11","KO",FALSE,"Activated",2.74351164234419e-14
"BMP8A",3.81650697449501e-08,0.0310791614915039,1.48371819589934e-06,0.999028113240663,0.999999999999937,"MYH11","KO",FALSE,"Activated",2.74351164234419e-14
"CD83",3.78798461610051e-08,0.0290475333421058,1.46162416695275e-06,0.99903537655476,0.999999999999937,"MYH11","KO",FALSE,"Activated",2.74351164234419e-14
"ITGA2",3.77814169450256e-08,0.0283431972179084,1.45403809574261e-06,0.999037883087732,0.999999999999937,"MYH11","KO",FALSE,"Activated",2.74351164234419e-14
"DDX60L",3.74354573812628e-08,0.0258542736874127,1.42753113560357e-06,0.999046693064039,0.999999999999937,"MYH11","KO",FALSE,"Activated",2.74351164234419e-14
"GASK1B",3.74121926373811e-08,0.0256861509627862,1.42575737196718e-06,0.999047285508548,0.999999999999937,"MYH11","KO",FALSE,"Activated",2.74351164234419e-14
"IL2RG",3.72096003954539e-08,0.0242180831521826,1.41035783039052e-06,0.999052444587985,0.999999999999937,"MYH11","KO",FALSE,"Activated",2.74351164234419e-14
"SRPX",3.7201411161682e-08,0.0241585877441271,1.4097371046157e-06,0.999052653129573,0.999999999999937,"MYH11","KO",FALSE,"Activated",2.74351164234419e-14
"CD7",3.71111531352426e-08,0.023502065631464,1.4029047974529e-06,0.999054951580523,0.999999999999937,"MYH11","KO",FALSE,"Activated",2.74351164234419e-14
"CORO1A",3.70792365503273e-08,0.0232695618632045,1.40049276376137e-06,0.999055764347077,0.999999999999937,"MYH11","KO",FALSE,"Activated",2.74351164234419e-14
"C3orf80",3.66655075771861e-08,0.0202390617601391,1.36941381571882e-06,0.999066300094415,0.999999999999937,"MYH11","KO",FALSE,"Activated",2.74351164234419e-14
"POSTN",3.61765736528626e-08,0.0166173231134786,1.33313510710261e-06,0.999078750961317,0.999999999999937,"MYH11","KO",FALSE,"Activated",2.74351164234419e-14
"NKG7",3.61516918102914e-08,0.0164318242926136,1.33130190692689e-06,0.999079384585816,0.999999999999937,"MYH11","KO",FALSE,"Activated",2.74351164234419e-14
"KRT6B",3.57572336324392e-08,0.0134754385377304,1.30240821317915e-06,0.999089429596217,0.999999999999937,"MYH11","KO",FALSE,"Activated",2.74351164234419e-14
"TNFAIP3",3.55566328753289e-08,0.0119605746542999,1.28783598867184e-06,0.99909453796214,0.999999999999937,"MYH11","KO",FALSE,"Activated",2.74351164234419e-14
"IL32",3.54208832325514e-08,0.0109310247111731,1.27802124878245e-06,0.999097994872589,0.999999999999937,"MYH11","KO",FALSE,"Activated",2.74351164234419e-14
"GZMB",3.53478250140516e-08,0.0103754509442952,1.27275465710695e-06,0.999099855324777,0.999999999999937,"MYH11","KO",FALSE,"Activated",2.74351164234419e-14
"PRSS23",3.50321457098616e-08,0.00796278144080499,1.25012309692428e-06,0.99910789420484,0.999999999999937,"MYH11","KO",FALSE,"Activated",2.74351164234419e-14
"MFAP4",3.4952539754394e-08,0.00735124742966857,1.24444807065181e-06,0.999109921397388,0.999999999999937,"MYH11","KO",FALSE,"Activated",2.74351164234419e-14
"GPR157",3.45644939202073e-08,0.00435200688233706,1.21696953660541e-06,0.999119803115723,0.999999999999937,"MYH11","KO",FALSE,"Activated",2.74351164234419e-14
"LAMC2",3.40339459667328e-08,0.000201386011980162,1.17989649791095e-06,0.999133313698913,0.999999999999937,"MYH11","KO",FALSE,"Activated",2.74351164234419e-14
"SLC2A1",3.37636723506985e-08,-0.00193572414405057,1.16123109401772e-06,0.99914019630811,0.999999999999937,"MYH11","KO",FALSE,"Activated",2.74351164234419e-14
"NREP",3.37256762196716e-08,-0.00223741459799109,1.15861896926335e-06,0.999141163892464,0.999999999999937,"MYH11","KO",FALSE,"Activated",2.74351164234419e-14
"LTB",3.33361678292233e-08,-0.00534808740042341,1.13201100732022e-06,0.999151082855712,0.999999999999937,"MYH11","KO",FALSE,"Activated",2.74351164234419e-14
"OASL",3.26329686244831e-08,-0.0110486518855387,1.08475701873064e-06,0.999168990062252,0.999999999999937,"MYH11","KO",FALSE,"Activated",2.74351164234419e-14
"DSE",3.20009787552228e-08,-0.0162681344377572,1.04314774849211e-06,0.999185083899241,0.999999999999937,"MYH11","KO",FALSE,"Activated",2.74351164234419e-14
"STX11",3.19735983204671e-08,-0.0164963775768638,1.04136345182078e-06,0.999185781151333,0.999999999999937,"MYH11","KO",FALSE,"Activated",2.74351164234419e-14
"FXYD3",3.17909116541548e-08,-0.0180238204091837,1.02949742899653e-06,0.999190433329496,0.999999999999937,"MYH11","KO",FALSE,"Activated",2.74351164234419e-14
"CTSC",3.14697073549711e-08,-0.0207288800814207,1.00879915704717e-06,0.999198612906414,0.999999999999937,"MYH11","KO",FALSE,"Activated",2.74351164234419e-14
"NFKBIZ",3.12419413745447e-08,-0.0226623035323067,9.94249378664066e-07,0.99920441304476,0.999999999999937,"MYH11","KO",FALSE,"Activated",2.74351164234419e-14
"ENTPD1",3.08566151476216e-08,-0.0259625942919179,9.6987523440945e-07,0.999214225508596,0.999999999999937,"MYH11","KO",FALSE,"Activated",2.74351164234419e-14
"ZC3HAV1",3.08378625001112e-08,-0.0261241644616134,9.68696738216481e-07,0.999214703051166,0.999999999999937,"MYH11","KO",FALSE,"Activated",2.74351164234419e-14
"NR4A2",3.07881497472173e-08,-0.0265529155703695,9.65576044250293e-07,0.99921596900339,0.999999999999937,"MYH11","KO",FALSE,"Activated",2.74351164234419e-14
"KLF5",2.92697721827567e-08,-0.0399614984174022,8.72685954799188e-07,0.999254635007342,0.999999999999937,"MYH11","KO",FALSE,"Activated",2.74351164234419e-14
"EDIL3",2.91778357840458e-08,-0.0407935507702743,8.67212348814486e-07,0.999256976199234,0.999999999999937,"MYH11","KO",FALSE,"Activated",2.74351164234419e-14
"CREM",2.89147345740836e-08,-0.0431879470936697,8.51643276349453e-07,0.999263676161723,0.999999999999937,"MYH11","KO",FALSE,"Activated",2.74351164234419e-14
"LCP2",2.88607165146938e-08,-0.0436819992289305,8.48464195118501e-07,0.999265051750126,0.999999999999937,"MYH11","KO",FALSE,"Activated",2.74351164234419e-14
"CCL4",2.86031598139343e-08,-0.0460492590619423,8.33388162304773e-07,0.999271610519849,0.999999999999937,"MYH11","KO",FALSE,"Activated",2.74351164234419e-14
"IRX1",2.81905926050684e-08,-0.0498819808711949,8.09520242338021e-07,0.999282116685428,0.999999999999937,"MYH11","KO",FALSE,"Activated",2.74351164234419e-14
"EFEMP2",2.81295925859469e-08,-0.050452992495789,8.06020683115895e-07,0.999283670071863,0.999999999999937,"MYH11","KO",FALSE,"Activated",2.74351164234419e-14
"FADS1",2.79578656696137e-08,-0.0520665731789846,7.9620945365795e-07,0.999288043156774,0.999999999999937,"MYH11","KO",FALSE,"Activated",2.74351164234419e-14
"RUNX1T1",2.79141744145292e-08,-0.0524785439475333,7.9372283978752e-07,0.999289155769596,0.999999999999937,"MYH11","KO",FALSE,"Activated",2.74351164234419e-14
"DUSP1",2.77947318095003e-08,-0.053607786257133,7.86944814254954e-07,0.999292197416576,0.999999999999937,"MYH11","KO",FALSE,"Activated",2.74351164234419e-14
"IL1B",2.7220840632866e-08,-0.0590958548224072,7.54783448290579e-07,0.999306811752737,0.999999999999937,"MYH11","KO",FALSE,"Activated",2.74351164234419e-14
"FCGR2A",2.69197076856749e-08,-0.0620178140322946,7.38176102573964e-07,0.999314480206883,0.999999999999937,"MYH11","KO",FALSE,"Activated",2.74351164234419e-14
"FCGRT",2.68328742302346e-08,-0.0628659028455234,7.33421593119153e-07,0.999316691450724,0.999999999999937,"MYH11","KO",FALSE,"Activated",2.74351164234419e-14
"ABI3BP",2.68275227077135e-08,-0.0629182519880859,7.33129076503305e-07,0.999316827729088,0.999999999999937,"MYH11","KO",FALSE,"Activated",2.74351164234419e-14
"PRRX2",2.66681233558875e-08,-0.0644818856656207,7.24442987203362e-07,0.999320886888481,0.999999999999937,"MYH11","KO",FALSE,"Activated",2.74351164234419e-14
"CD70",2.66103620078526e-08,-0.0650505974568114,7.21308196918114e-07,0.999322357801107,0.999999999999937,"MYH11","KO",FALSE,"Activated",2.74351164234419e-14
"IL1RN",2.58698366455623e-08,-0.0724429978700352,6.81721003808051e-07,0.99934121553476,0.999999999999937,"MYH11","KO",FALSE,"Activated",2.74351164234419e-14
"IKZF2",2.57742636891995e-08,-0.073411058028115,6.76693238019133e-07,0.999343649333071,0.999999999999937,"MYH11","KO",FALSE,"Activated",2.74351164234419e-14
"HES6",2.57296480234064e-08,-0.0738640896508822,6.74352531874537e-07,0.999344785486397,0.999999999999937,"MYH11","KO",FALSE,"Activated",2.74351164234419e-14
"PDE4DIP",2.56579037001668e-08,-0.0745940892594836,6.70597057765358e-07,0.999346612480349,0.999999999999937,"MYH11","KO",FALSE,"Activated",2.74351164234419e-14
"BATF",2.55786156903924e-08,-0.0754030096843752,6.66458905771562e-07,0.999348631576887,0.999999999999937,"MYH11","KO",FALSE,"Activated",2.74351164234419e-14
"IL6",2.5549843614045e-08,-0.0756971154483179,6.64960417969542e-07,0.999349364267743,0.999999999999937,"MYH11","KO",FALSE,"Activated",2.74351164234419e-14
"PRELP",2.53823518404646e-08,-0.0774152096195956,6.56270710022995e-07,0.999353629503589,0.999999999999937,"MYH11","KO",FALSE,"Activated",2.74351164234419e-14
"RAMP3",2.53672775446365e-08,-0.0775703440488677,6.55491437773449e-07,0.999354013375738,0.999999999999937,"MYH11","KO",FALSE,"Activated",2.74351164234419e-14
"RARRES1",2.52906477812401e-08,-0.078360264998067,6.51537187201316e-07,0.999355964779128,0.999999999999937,"MYH11","KO",FALSE,"Activated",2.74351164234419e-14
"TTN",2.50263375590144e-08,-0.0811016615449014,6.37990039212507e-07,0.999362695530251,0.999999999999937,"MYH11","KO",FALSE,"Activated",2.74351164234419e-14
"PMP22",2.49396864036913e-08,-0.0820061335514027,6.33579735970991e-07,0.999364902131868,0.999999999999937,"MYH11","KO",FALSE,"Activated",2.74351164234419e-14
"IER5",2.48600989153578e-08,-0.08283939722035,6.2954243085755e-07,0.999366928854768,0.999999999999937,"MYH11","KO",FALSE,"Activated",2.74351164234419e-14
"AIF1",2.46238512994024e-08,-0.0853272335667919,6.17634094365584e-07,0.999372944981991,0.999999999999937,"MYH11","KO",FALSE,"Activated",2.74351164234419e-14
"CX3CL1",2.43199860084296e-08,-0.0885592562167936,6.02484590381323e-07,0.999380683016739,0.999999999999937,"MYH11","KO",FALSE,"Activated",2.74351164234419e-14
"CITED2",2.41475463077347e-08,-0.0904097677206363,5.9397110350372e-07,0.999385074253394,0.999999999999937,"MYH11","KO",FALSE,"Activated",2.74351164234419e-14
"KRT14",2.39852717208579e-08,-0.0921622085423349,5.86014804365138e-07,0.999389206631925,0.999999999999937,"MYH11","KO",FALSE,"Activated",2.74351164234419e-14
"CDCP1",2.39196353490693e-08,-0.0928740967635034,5.82811900744392e-07,0.999390878084859,0.999999999999937,"MYH11","KO",FALSE,"Activated",2.74351164234419e-14
"FCER1G",2.35740435251505e-08,-0.0966519405911011,5.66092582178249e-07,0.99939967870036,0.999999999999937,"MYH11","KO",FALSE,"Activated",2.74351164234419e-14
"FLT1",2.32804902408648e-08,-0.0999007171701262,5.52081945653469e-07,0.999407154136482,0.999999999999937,"MYH11","KO",FALSE,"Activated",2.74351164234419e-14
"LDLRAD4",2.3061700778721e-08,-0.102346410736209,5.4175380209923e-07,0.999412725685995,0.999999999999937,"MYH11","KO",FALSE,"Activated",2.74351164234419e-14
"NPTX2",2.30312022854549e-08,-0.102689007093261,5.40321839258144e-07,0.999413502340703,0.999999999999937,"MYH11","KO",FALSE,"Activated",2.74351164234419e-14
"GRIA3",2.29743426424771e-08,-0.103328827785222,5.37657229526535e-07,0.999414950291232,0.999999999999937,"MYH11","KO",FALSE,"Activated",2.74351164234419e-14
"NFKBIA",2.24736002047325e-08,-0.109026565683834,5.1447538806373e-07,0.999427701871163,0.999999999999937,"MYH11","KO",FALSE,"Activated",2.74351164234419e-14
"AC023157.3",2.23327845805265e-08,-0.11064965703887,5.08048362151963e-07,0.999431287789922,0.999999999999937,"MYH11","KO",FALSE,"Activated",2.74351164234419e-14
"HSPA1B",2.23193423683264e-08,-0.110805083320248,5.07436952627579e-07,0.999431630100523,0.999999999999937,"MYH11","KO",FALSE,"Activated",2.74351164234419e-14
"UPP1",2.22792154399093e-08,-0.111269560183671,5.05613997265821e-07,0.999432651946689,0.999999999999937,"MYH11","KO",FALSE,"Activated",2.74351164234419e-14
"CREB5",2.22327920716971e-08,-0.111807870225228,5.03509089207197e-07,0.999433834133882,0.999999999999937,"MYH11","KO",FALSE,"Activated",2.74351164234419e-14
"TMEM176A",2.20463611601601e-08,-0.113980013713575,4.95100240626289e-07,0.999438581661798,0.999999999999937,"MYH11","KO",FALSE,"Activated",2.74351164234419e-14
"RBPJ",2.19565710309313e-08,-0.115032145959377,4.91075577675128e-07,0.999440868198633,0.999999999999937,"MYH11","KO",FALSE,"Activated",2.74351164234419e-14
"BIRC3",2.19298275126294e-08,-0.115346274732914,4.8988002755889e-07,0.999441549231618,0.999999999999937,"MYH11","KO",FALSE,"Activated",2.74351164234419e-14
"BCL2A1",2.15610492242867e-08,-0.119713856911176,4.73542632573139e-07,0.999450940298902,0.999999999999937,"MYH11","KO",FALSE,"Activated",2.74351164234419e-14
"DNAJA4",2.13396407935876e-08,-0.122368850651983,4.63867036418409e-07,0.999456578541579,0.999999999999937,"MYH11","KO",FALSE,"Activated",2.74351164234419e-14
"PTGER4",2.12880223221698e-08,-0.122991429377946,4.61625653971192e-07,0.999457893023906,0.999999999999937,"MYH11","KO",FALSE,"Activated",2.74351164234419e-14
"EPHA2",2.12067598858119e-08,-0.123974337703551,4.58108067771951e-07,0.999459962400114,0.999999999999937,"MYH11","KO",FALSE,"Activated",2.74351164234419e-14
"TNFSF9",2.09647959226545e-08,-0.126921437158431,4.47713902578109e-07,0.999466124096621,0.999999999999937,"MYH11","KO",FALSE,"Activated",2.74351164234419e-14
"TYROBP",2.08552858939154e-08,-0.128265445635811,4.43048833562795e-07,0.999468912807615,0.999999999999937,"MYH11","KO",FALSE,"Activated",2.74351164234419e-14
"FAM83A",2.05776386790418e-08,-0.131701987283231,4.31330706233125e-07,0.999475983190597,0.999999999999937,"MYH11","KO",FALSE,"Activated",2.74351164234419e-14
"COL23A1",2.04727588100338e-08,-0.133011111686274,4.26945108385714e-07,0.999478653992983,0.999999999999937,"MYH11","KO",FALSE,"Activated",2.74351164234419e-14
"IRF6",2.04242906334562e-08,-0.133618160727999,4.2492596128356e-07,0.99947988825198,0.999999999999937,"MYH11","KO",FALSE,"Activated",2.74351164234419e-14
"FMO1",2.04032618004167e-08,-0.133881948229245,4.24051404887844e-07,0.999480423758537,0.999999999999937,"MYH11","KO",FALSE,"Activated",2.74351164234419e-14
"NR4A3",2.02981900186831e-08,-0.135203695298919,4.1969512976958e-07,0.999483099448057,0.999999999999937,"MYH11","KO",FALSE,"Activated",2.74351164234419e-14
"CALML3",2.02016228361378e-08,-0.136423960614915,4.15711289850823e-07,0.999485558565002,0.999999999999937,"MYH11","KO",FALSE,"Activated",2.74351164234419e-14
"TRAF1",2.00848372976024e-08,-0.137906824765047,4.10918730735437e-07,0.999488532549432,0.999999999999937,"MYH11","KO",FALSE,"Activated",2.74351164234419e-14
"TSPYL2",2.00785553317039e-08,-0.13798681110638,4.10661723548912e-07,0.999488692521883,0.999999999999937,"MYH11","KO",FALSE,"Activated",2.74351164234419e-14
"ITGB2",1.98285559966767e-08,-0.141188607297131,4.00499038932802e-07,0.999495058842081,0.999999999999937,"MYH11","KO",FALSE,"Activated",2.74351164234419e-14
"ITM2A",1.98160255578572e-08,-0.141350052223629,3.99993016907301e-07,0.999495377934073,0.999999999999937,"MYH11","KO",FALSE,"Activated",2.74351164234419e-14
"CD24",1.97873372408169e-08,-0.141720028877308,3.98835688966946e-07,0.999496108492067,0.999999999999937,"MYH11","KO",FALSE,"Activated",2.74351164234419e-14
"FGF18",1.97059039855805e-08,-0.142772891854616,3.95559689097986e-07,0.999498182218302,0.999999999999937,"MYH11","KO",FALSE,"Activated",2.74351164234419e-14
"ANLN",1.95976705095313e-08,-0.144178403534515,3.91226446956931e-07,0.999500938421509,0.999999999999937,"MYH11","KO",FALSE,"Activated",2.74351164234419e-14
"CYBRD1",1.95861265169918e-08,-0.14432872952045,3.90765679436959e-07,0.999501232393305,0.999999999999937,"MYH11","KO",FALSE,"Activated",2.74351164234419e-14
"NMU",1.9515122370908e-08,-0.145255123049663,3.8793758674336e-07,0.999503040538646,0.999999999999937,"MYH11","KO",FALSE,"Activated",2.74351164234419e-14
"ARRDC3",1.9490490251506e-08,-0.145577215787511,3.86958889902483e-07,0.999503667804157,0.999999999999937,"MYH11","KO",FALSE,"Activated",2.74351164234419e-14
"MT2A",1.93057679072154e-08,-0.148004541651794,3.79658793855875e-07,0.999508371823088,0.999999999999937,"MYH11","KO",FALSE,"Activated",2.74351164234419e-14
"TOP2A",1.9278815538965e-08,-0.148360471788748,3.7859946683592e-07,0.999509058174548,0.999999999999937,"MYH11","KO",FALSE,"Activated",2.74351164234419e-14
"SAMD9",1.91073346931208e-08,-0.150635691902404,3.71894301706875e-07,0.999513424994119,0.999999999999937,"MYH11","KO",FALSE,"Activated",2.74351164234419e-14
"MKI67",1.90119232235929e-08,-0.151909675396576,3.68189505490886e-07,0.999515854680487,0.999999999999937,"MYH11","KO",FALSE,"Activated",2.74351164234419e-14
"ITGA6",1.87216545064632e-08,-0.155821583820286,3.57032503242757e-07,0.999523246474694,0.999999999999937,"MYH11","KO",FALSE,"Activated",2.74351164234419e-14
"TPX2",1.87080458866611e-08,-0.156006336340138,3.56513643789399e-07,0.999523593022949,0.999999999999937,"MYH11","KO",FALSE,"Activated",2.74351164234419e-14
"CADM1",1.86318239149204e-08,-0.157043402621421,3.53614483145944e-07,0.999525534042073,0.999999999999937,"MYH11","KO",FALSE,"Activated",2.74351164234419e-14
"CCL5",1.85880223689052e-08,-0.157641108713772,3.51953813235392e-07,0.999526649463738,0.999999999999937,"MYH11","KO",FALSE,"Activated",2.74351164234419e-14
"TRIM72",1.84629342510908e-08,-0.159355116413638,3.47232804702828e-07,0.999529834876344,0.999999999999937,"MYH11","KO",FALSE,"Activated",2.74351164234419e-14
"NUSAP1",1.83773992802103e-08,-0.160533244440154,3.44022941181003e-07,0.999532013054254,0.999999999999937,"MYH11","KO",FALSE,"Activated",2.74351164234419e-14
"DSC2",1.82763572347065e-08,-0.161931406752699,3.4025034846275e-07,0.99953458612524,0.999999999999937,"MYH11","KO",FALSE,"Activated",2.74351164234419e-14
"CENPF",1.80081143529696e-08,-0.165677607850657,3.30335905676015e-07,0.999541417023953,0.999999999999937,"MYH11","KO",FALSE,"Activated",2.74351164234419e-14
"PRXL2A",1.79025279061349e-08,-0.167166138245197,3.26473564359255e-07,0.999544105819725,0.999999999999937,"MYH11","KO",FALSE,"Activated",2.74351164234419e-14
"S1PR3",1.77972695826657e-08,-0.168658015208454,3.22645832534848e-07,0.999546786259726,0.999999999999937,"MYH11","KO",FALSE,"Activated",2.74351164234419e-14
"KIF20B",1.73969032246851e-08,-0.174406934425384,3.08292668718808e-07,0.99955698172903,0.999999999999937,"MYH11","KO",FALSE,"Activated",2.74351164234419e-14
"GAS7",1.73471736892546e-08,-0.175129393733874,3.06532661367076e-07,0.999558248109044,0.999999999999937,"MYH11","KO",FALSE,"Activated",2.74351164234419e-14
"PTN",1.72999886434184e-08,-0.175816631731583,3.04867365691891e-07,0.999559449692741,0.999999999999937,"MYH11","KO",FALSE,"Activated",2.74351164234419e-14
"CENPE",1.71262027138564e-08,-0.178362575022445,2.98773078846374e-07,0.999563875212236,0.999999999999937,"MYH11","KO",FALSE,"Activated",2.74351164234419e-14
"ECT2",1.71227469382175e-08,-0.178413439690381,2.98652516387205e-07,0.999563963214772,0.999999999999937,"MYH11","KO",FALSE,"Activated",2.74351164234419e-14
"RBM38",1.70773988199871e-08,-0.179081773870094,2.97072700309607e-07,0.99956511802047,0.999999999999937,"MYH11","KO",FALSE,"Activated",2.74351164234419e-14
"FABP5",1.6917523061479e-08,-0.181450953571601,2.91536446814013e-07,0.999569189312608,0.999999999999937,"MYH11","KO",FALSE,"Activated",2.74351164234419e-14
"PLEK",1.68164064807111e-08,-0.182959927308044,2.88061816444844e-07,0.999571764281728,0.999999999999937,"MYH11","KO",FALSE,"Activated",2.74351164234419e-14
"ITGAV",1.68084016877513e-08,-0.183079736085509,2.87787640580693e-07,0.999571968126582,0.999999999999937,"MYH11","KO",FALSE,"Activated",2.74351164234419e-14
"CDH3",1.68013715668825e-08,-0.183184999646469,2.87546956328009e-07,0.999572147151071,0.999999999999937,"MYH11","KO",FALSE,"Activated",2.74351164234419e-14
"VEGFC",1.66720217332015e-08,-0.185128970595935,2.83136485874399e-07,0.999575441089866,0.999999999999937,"MYH11","KO",FALSE,"Activated",2.74351164234419e-14
"ASPM",1.6652535008118e-08,-0.18542302109515,2.82474997003734e-07,0.999575937326142,0.999999999999937,"MYH11","KO",FALSE,"Activated",2.74351164234419e-14
"TNFRSF18",1.65912879374613e-08,-0.186349269102762,2.80400964374102e-07,0.999577497004239,0.999999999999937,"MYH11","KO",FALSE,"Activated",2.74351164234419e-14
"CENPW",1.63406891020858e-08,-0.190171811175463,2.71994446236637e-07,0.999583878591335,0.999999999999937,"MYH11","KO",FALSE,"Activated",2.74351164234419e-14
"ARHGAP45",1.62493048921845e-08,-0.191579035035167,2.68960731481915e-07,0.999586205722247,0.999999999999937,"MYH11","KO",FALSE,"Activated",2.74351164234419e-14
"KIF23",1.62231640731065e-08,-0.191982901631115,2.68096054687624e-07,0.999586871407362,0.999999999999937,"MYH11","KO",FALSE,"Activated",2.74351164234419e-14
"HLA-DQA1",1.60972142865023e-08,-0.193937120485827,2.63949444844529e-07,0.999590078762798,0.999999999999937,"MYH11","KO",FALSE,"Activated",2.74351164234419e-14
"RGCC",1.60025302185628e-08,-0.195415407325933,2.6085346741352e-07,0.999592489925761,0.999999999999937,"MYH11","KO",FALSE,"Activated",2.74351164234419e-14
"SFRP4",1.59476559599524e-08,-0.196275797036522,2.59067550045051e-07,0.999593887317983,0.999999999999937,"MYH11","KO",FALSE,"Activated",2.74351164234419e-14
"KIF11",1.56979776152057e-08,-0.200224911646209,2.51019068109953e-07,0.99960024546453,0.999999999999937,"MYH11","KO",FALSE,"Activated",2.74351164234419e-14
"CDC42EP4",1.55846842150686e-08,-0.202035734749955,2.47408898442972e-07,0.999603130520676,0.999999999999937,"MYH11","KO",FALSE,"Activated",2.74351164234419e-14
"CKS2",1.55421976814467e-08,-0.202717907016327,2.46061778643298e-07,0.999604212455148,0.999999999999937,"MYH11","KO",FALSE,"Activated",2.74351164234419e-14
"STMN1",1.54876017810283e-08,-0.203597005186669,2.44336106439197e-07,0.999605602758892,0.999999999999937,"MYH11","KO",FALSE,"Activated",2.74351164234419e-14
"EPPK1",1.5464743865965e-08,-0.203965898901083,2.43615414801026e-07,0.999606184843712,0.999999999999937,"MYH11","KO",FALSE,"Activated",2.74351164234419e-14
"FRMD4B",1.54380770545084e-08,-0.204396890242286,2.42775977008953e-07,0.999606863923415,0.999999999999937,"MYH11","KO",FALSE,"Activated",2.74351164234419e-14
"AHNAK2",1.53911899222582e-08,-0.205156329446541,2.41303541875175e-07,0.999608057920677,0.999999999999937,"MYH11","KO",FALSE,"Activated",2.74351164234419e-14
"HPGD",1.53718044545593e-08,-0.205470934561583,2.40696072775392e-07,0.999608551578409,0.999999999999937,"MYH11","KO",FALSE,"Activated",2.74351164234419e-14
"TPRG1",1.53185282788018e-08,-0.206337412189538,2.39030537091078e-07,0.999609908274905,0.999999999999937,"MYH11","KO",FALSE,"Activated",2.74351164234419e-14
"AC092807.3",1.52726447802252e-08,-0.207085856665575,2.37600748069731e-07,0.999611076714286,0.999999999999937,"MYH11","KO",FALSE,"Activated",2.74351164234419e-14
"TNFSF10",1.52064338978184e-08,-0.208169492640426,2.35545091725535e-07,0.999612762797625,0.999999999999937,"MYH11","KO",FALSE,"Activated",2.74351164234419e-14
"RRM2",1.51913360110506e-08,-0.208417192201482,2.35077596489833e-07,0.999613147270606,0.999999999999937,"MYH11","KO",FALSE,"Activated",2.74351164234419e-14
"HLA-DRA",1.51396108037348e-08,-0.209267510058626,2.33479483396985e-07,0.999614464471151,0.999999999999937,"MYH11","KO",FALSE,"Activated",2.74351164234419e-14
"KNL1",1.51157153304906e-08,-0.209661224067454,2.32743044401737e-07,0.999615072977758,0.999999999999937,"MYH11","KO",FALSE,"Activated",2.74351164234419e-14
"COL15A1",1.4900094243654e-08,-0.213239745987174,2.26150385682868e-07,0.999620563844367,0.999999999999937,"MYH11","KO",FALSE,"Activated",2.74351164234419e-14
"TNF",1.48947165226778e-08,-0.21332959731943,2.25987171385948e-07,0.999620700789919,0.999999999999937,"MYH11","KO",FALSE,"Activated",2.74351164234419e-14
"CKS1B",1.47895195556366e-08,-0.215093198299696,2.22806283240054e-07,0.999623379667591,0.999999999999937,"MYH11","KO",FALSE,"Activated",2.74351164234419e-14
"VGLL3",1.47717216348089e-08,-0.215392704356634,2.22270349329412e-07,0.99962383289789,0.999999999999937,"MYH11","KO",FALSE,"Activated",2.74351164234419e-14
"CXCL14",1.47465123958849e-08,-0.215817491583678,2.21512348976093e-07,0.999624474860004,0.999999999999937,"MYH11","KO",FALSE,"Activated",2.74351164234419e-14
"CDK1",1.46375502767843e-08,-0.217661187008387,2.18250929318449e-07,0.9996272496186,0.999999999999937,"MYH11","KO",FALSE,"Activated",2.74351164234419e-14
"TNFRSF11B",1.46287824443293e-08,-0.217810085610867,2.1798954480674e-07,0.999627472894531,0.999999999999937,"MYH11","KO",FALSE,"Activated",2.74351164234419e-14
"FBXO32",1.45727297302342e-08,-0.218763917171195,2.16322215861166e-07,0.999628900296565,0.999999999999937,"MYH11","KO",FALSE,"Activated",2.74351164234419e-14
"HIST1H2BG",1.45172956648103e-08,-0.219710510294845,2.14679584415513e-07,0.999630311944496,0.999999999999937,"MYH11","KO",FALSE,"Activated",2.74351164234419e-14
"CCNA2",1.44195798024022e-08,-0.221387145569079,2.11799295808108e-07,0.999632800313228,0.999999999999937,"MYH11","KO",FALSE,"Activated",2.74351164234419e-14
"PRC1",1.43822622279781e-08,-0.222030179779594,2.10704449965109e-07,0.999633750618359,0.999999999999937,"MYH11","KO",FALSE,"Activated",2.74351164234419e-14
"CEP55",1.43819737624436e-08,-0.222035156356198,2.10695997836888e-07,0.999633757964235,0.999999999999937,"MYH11","KO",FALSE,"Activated",2.74351164234419e-14
"CDCA5",1.42003289051134e-08,-0.225187055582162,2.05407411208375e-07,0.999638383614292,0.999999999999937,"MYH11","KO",FALSE,"Activated",2.74351164234419e-14
"SCG5",1.41941743279996e-08,-0.225294490974995,2.05229398177498e-07,0.999638540342759,0.999999999999937,"MYH11","KO",FALSE,"Activated",2.74351164234419e-14
"RTKN2",1.41662626860009e-08,-0.225782254193718,2.04423059286744e-07,0.999639251122522,0.999999999999937,"MYH11","KO",FALSE,"Activated",2.74351164234419e-14
"HMMR",1.41235139324364e-08,-0.226530997720061,2.03191168302877e-07,0.99964033973454,0.999999999999937,"MYH11","KO",FALSE,"Activated",2.74351164234419e-14
"PTGDS",1.3930127930499e-08,-0.229944126437081,1.97664879397905e-07,0.999645264376985,0.999999999999937,"MYH11","KO",FALSE,"Activated",2.74351164234419e-14
"GTSE1",1.38975655532596e-08,-0.230523066451464,1.96741856199239e-07,0.999646093589356,0.999999999999937,"MYH11","KO",FALSE,"Activated",2.74351164234419e-14
"NEK2",1.38432171494661e-08,-0.231492104169199,1.95206091057343e-07,0.999647477590546,0.999999999999937,"MYH11","KO",FALSE,"Activated",2.74351164234419e-14
"HLA-DRB5",1.37028575814946e-08,-0.23401083697279,1.91267679962694e-07,0.999651051896243,0.999999999999937,"MYH11","KO",FALSE,"Activated",2.74351164234419e-14
"IL1R2",1.3666590470438e-08,-0.234665461075645,1.90256570200485e-07,0.999651975450965,0.999999999999937,"MYH11","KO",FALSE,"Activated",2.74351164234419e-14
"EGR1",1.35874301735266e-08,-0.236099818502362,1.88058926426385e-07,0.999653991295733,0.999999999999937,"MYH11","KO",FALSE,"Activated",2.74351164234419e-14
"UBE2T",1.35631578596508e-08,-0.236541147802873,1.87387637131293e-07,0.999654609398733,0.999999999999937,"MYH11","KO",FALSE,"Activated",2.74351164234419e-14
"UBE2C",1.34997754712049e-08,-0.237696990211232,1.85640356066791e-07,0.999656223453522,0.999999999999937,"MYH11","KO",FALSE,"Activated",2.74351164234419e-14
"EGR3",1.34619583428366e-08,-0.238388978268439,1.84601738493593e-07,0.999657186479982,0.999999999999937,"MYH11","KO",FALSE,"Activated",2.74351164234419e-14
"KRT7",1.3455016283621e-08,-0.238516198063413,1.84411396829873e-07,0.999657363261959,0.999999999999937,"MYH11","KO",FALSE,"Activated",2.74351164234419e-14
"SMC2",1.34485269089956e-08,-0.238635176007236,1.84233555937617e-07,0.999657528516164,0.999999999999937,"MYH11","KO",FALSE,"Activated",2.74351164234419e-14
"DLGAP5",1.34062758970383e-08,-0.239411097170932,1.83077767394967e-07,0.999658604453029,0.999999999999937,"MYH11","KO",FALSE,"Activated",2.74351164234419e-14
"GMFG",1.33950501048871e-08,-0.239617627999125,1.82771294140418e-07,0.99965889032177,0.999999999999937,"MYH11","KO",FALSE,"Activated",2.74351164234419e-14
"IGKC",1.33444863056464e-08,-0.240549851649236,1.8139404384596e-07,0.999660177946684,0.999999999999937,"MYH11","KO",FALSE,"Activated",2.74351164234419e-14
"MSX1",1.32832207554006e-08,-0.241683695117477,1.79732279598562e-07,0.99966173809545,0.999999999999937,"MYH11","KO",FALSE,"Activated",2.74351164234419e-14
"KIF2C",1.32648532851751e-08,-0.242024549646199,1.79235571013077e-07,0.999662205829533,0.999999999999937,"MYH11","KO",FALSE,"Activated",2.74351164234419e-14
"NUF2",1.32021400096834e-08,-0.24319159730176,1.77544805449549e-07,0.999663802845132,0.999999999999937,"MYH11","KO",FALSE,"Activated",2.74351164234419e-14
"NCAPG",1.31529719016047e-08,-0.244110112475741,1.76224824497158e-07,0.999665054928284,0.999999999999937,"MYH11","KO",FALSE,"Activated",2.74351164234419e-14
"CKAP5",1.31352212771507e-08,-0.244442481658605,1.75749496193462e-07,0.999665506954174,0.999999999999937,"MYH11","KO",FALSE,"Activated",2.74351164234419e-14
"BIRC5",1.30872193426142e-08,-0.245343338664809,1.74467309832029e-07,0.999666729340308,0.999999999999937,"MYH11","KO",FALSE,"Activated",2.74351164234419e-14
"CA2",1.30200182295102e-08,-0.246609572513768,1.72680177590714e-07,0.999668440640273,0.999999999999937,"MYH11","KO",FALSE,"Activated",2.74351164234419e-14
"ARHGAP11A",1.30099811323048e-08,-0.246799206252164,1.72414042838092e-07,0.999668696238481,0.999999999999937,"MYH11","KO",FALSE,"Activated",2.74351164234419e-14
"PHGDH",1.29958429105746e-08,-0.247066549651822,1.72039514476932e-07,0.999669056273267,0.999999999999937,"MYH11","KO",FALSE,"Activated",2.74351164234419e-14
"HMGB2",1.29885139309026e-08,-0.247205239446539,1.71845526510266e-07,0.999669242908311,0.999999999999937,"MYH11","KO",FALSE,"Activated",2.74351164234419e-14
"FERMT1",1.29664193966405e-08,-0.247623776242821,1.71261376927259e-07,0.999669805553392,0.999999999999937,"MYH11","KO",FALSE,"Activated",2.74351164234419e-14
"HLA-DPB1",1.29542840121244e-08,-0.247853933023117,1.70940956919529e-07,0.999670114585225,0.999999999999937,"MYH11","KO",FALSE,"Activated",2.74351164234419e-14
"PCLAF",1.2944705115328e-08,-0.248035742658149,1.70688249723172e-07,0.999670358515199,0.999999999999937,"MYH11","KO",FALSE,"Activated",2.74351164234419e-14
"HMGB3",1.29012156428291e-08,-0.248862725372297,1.69543276182893e-07,0.999671465989903,0.999999999999937,"MYH11","KO",FALSE,"Activated",2.74351164234419e-14
"SGO2",1.28261487948163e-08,-0.250296160402419,1.67576011564465e-07,0.999673377593577,0.999999999999937,"MYH11","KO",FALSE,"Activated",2.74351164234419e-14
"C1QB",1.28108403724163e-08,-0.250589418383072,1.6717623552702e-07,0.999673767427936,0.999999999999937,"MYH11","KO",FALSE,"Activated",2.74351164234419e-14
"DIAPH3",1.26947195234263e-08,-0.252824344808409,1.64159311554012e-07,0.999676724486181,0.999999999999937,"MYH11","KO",FALSE,"Activated",2.74351164234419e-14
"ZWINT",1.26351626075082e-08,-0.253977836807259,1.62622627193973e-07,0.999678241123986,0.999999999999937,"MYH11","KO",FALSE,"Activated",2.74351164234419e-14
"KRT16",1.25848827676781e-08,-0.254955509204806,1.61330934951947e-07,0.999679521517787,0.999999999999937,"MYH11","KO",FALSE,"Activated",2.74351164234419e-14
"MAD2L1",1.24657112871739e-08,-0.25728702421367,1.58289982244723e-07,0.999682556261445,0.999999999999937,"MYH11","KO",FALSE,"Activated",2.74351164234419e-14
"LYZ",1.23009870056723e-08,-0.2605433676158,1.54134274118165e-07,0.999686751023207,0.999999999999937,"MYH11","KO",FALSE,"Activated",2.74351164234419e-14
"HSPA6",1.22263212500092e-08,-0.262032481270203,1.52268793865599e-07,0.999688652412938,0.999999999999937,"MYH11","KO",FALSE,"Activated",2.74351164234419e-14
"STC1",1.21918608986235e-08,-0.262722541920061,1.51411652740769e-07,0.999689529957908,0.999999999999937,"MYH11","KO",FALSE,"Activated",2.74351164234419e-14
"CMYA5",1.21806289556455e-08,-0.262947842534516,1.51132800531078e-07,0.999689815983287,0.999999999999937,"MYH11","KO",FALSE,"Activated",2.74351164234419e-14
"PTTG1",1.21516210439058e-08,-0.263530585555087,1.50413818498719e-07,0.999690554679963,0.999999999999937,"MYH11","KO",FALSE,"Activated",2.74351164234419e-14
"P3H2",1.21347427223542e-08,-0.26387023872687,1.49996266031507e-07,0.999690984492359,0.999999999999937,"MYH11","KO",FALSE,"Activated",2.74351164234419e-14
"C1QA",1.20839511655133e-08,-0.264894948890902,1.48743235812601e-07,0.999692277917222,0.999999999999937,"MYH11","KO",FALSE,"Activated",2.74351164234419e-14
"KCNK1",1.20211169611421e-08,-0.266168054113289,1.47200385525919e-07,0.999693878012342,0.999999999999937,"MYH11","KO",FALSE,"Activated",2.74351164234419e-14
"GNLY",1.19797731176356e-08,-0.267009042697313,1.46189603529024e-07,0.999694930847862,0.999999999999937,"MYH11","KO",FALSE,"Activated",2.74351164234419e-14
"PKMYT1",1.19479286724802e-08,-0.267658603271142,1.45413438670503e-07,0.999695741777862,0.999999999999937,"MYH11","KO",FALSE,"Activated",2.74351164234419e-14
"IGFBP3",1.19475806859023e-08,-0.267665710172062,1.45404968384247e-07,0.999695750639463,0.999999999999937,"MYH11","KO",FALSE,"Activated",2.74351164234419e-14
"TACC3",1.19088499349748e-08,-0.268457884574505,1.4446377105791e-07,0.999696736931662,0.999999999999937,"MYH11","KO",FALSE,"Activated",2.74351164234419e-14
"APOBEC3G",1.18443367192461e-08,-0.269782616692662,1.42902817888695e-07,0.999698379783401,0.999999999999937,"MYH11","KO",FALSE,"Activated",2.74351164234419e-14
"CCNB1",1.18221548241271e-08,-0.270239622947046,1.42368066612188e-07,0.999698944653165,0.999999999999937,"MYH11","KO",FALSE,"Activated",2.74351164234419e-14
"SLC2A13",1.17408735404485e-08,-0.271920929050381,1.40417139869645e-07,0.999701014509656,0.999999999999937,"MYH11","KO",FALSE,"Activated",2.74351164234419e-14
"HSPA2",1.17373896591525e-08,-0.271993229704494,1.40333819993038e-07,0.999701103227919,0.999999999999937,"MYH11","KO",FALSE,"Activated",2.74351164234419e-14
"DEPDC1",1.17141906326408e-08,-0.272475175417248,1.39779626813837e-07,0.999701693999293,0.999999999999937,"MYH11","KO",FALSE,"Activated",2.74351164234419e-14
"MIR155HG",1.16884736062688e-08,-0.273010447083971,1.39166563463797e-07,0.99970234889242,0.999999999999937,"MYH11","KO",FALSE,"Activated",2.74351164234419e-14
"KIF4A",1.1663644221091e-08,-0.273528261208788,1.38575938851082e-07,0.999702981181452,0.999999999999937,"MYH11","KO",FALSE,"Activated",2.74351164234419e-14
"HJURP",1.16397772115344e-08,-0.274026951408636,1.38009390475947e-07,0.99970358896325,0.999999999999937,"MYH11","KO",FALSE,"Activated",2.74351164234419e-14
"EHF",1.16064943546823e-08,-0.274723937098479,1.37221268919868e-07,0.999704436522913,0.999999999999937,"MYH11","KO",FALSE,"Activated",2.74351164234419e-14
"TRIP13",1.15861471960162e-08,-0.27515092896011,1.36740569841316e-07,0.999704954670469,0.999999999999937,"MYH11","KO",FALSE,"Activated",2.74351164234419e-14
"KNSTRN",1.15709259710156e-08,-0.275470797765068,1.36381521788636e-07,0.999705342284321,0.999999999999937,"MYH11","KO",FALSE,"Activated",2.74351164234419e-14
"NCAPD2",1.15536493844422e-08,-0.275834323527567,1.35974562459043e-07,0.999705782238679,0.999999999999937,"MYH11","KO",FALSE,"Activated",2.74351164234419e-14
"TK1",1.15445410059203e-08,-0.276026176890084,1.35760254485681e-07,0.999706014186743,0.999999999999937,"MYH11","KO",FALSE,"Activated",2.74351164234419e-14
"KPNA2",1.15295604314518e-08,-0.276342018380292,1.35408149181526e-07,0.999706395672345,0.999999999999937,"MYH11","KO",FALSE,"Activated",2.74351164234419e-14
"RAD51AP1",1.15192708088895e-08,-0.276559175036311,1.35166565466956e-07,0.999706657701205,0.999999999999937,"MYH11","KO",FALSE,"Activated",2.74351164234419e-14
"CENPM",1.14782238441884e-08,-0.277427208092801,1.34204995530833e-07,0.999707702976609,0.999999999999937,"MYH11","KO",FALSE,"Activated",2.74351164234419e-14
"CCL3L1",1.13985597379191e-08,-0.279119980945931,1.32348572472793e-07,0.999709731651116,0.999999999999937,"MYH11","KO",FALSE,"Activated",2.74351164234419e-14
"SLC20A1",1.13476675408145e-08,-0.280207027052,1.31169393091027e-07,0.99971102763883,0.999999999999937,"MYH11","KO",FALSE,"Activated",2.74351164234419e-14
"INSIG1",1.13281556014869e-08,-0.280624974510015,1.30718698028801e-07,0.999711524517234,0.999999999999937,"MYH11","KO",FALSE,"Activated",2.74351164234419e-14
"CDC20",1.12877941177031e-08,-0.28149160401193,1.29788872950123e-07,0.999712552336627,0.999999999999937,"MYH11","KO",FALSE,"Activated",2.74351164234419e-14
"BUB1B",1.12516126396832e-08,-0.282270881764581,1.28958165535105e-07,0.999713473710702,0.999999999999937,"MYH11","KO",FALSE,"Activated",2.74351164234419e-14
"CD74",1.12405383338016e-08,-0.282509856269255,1.28704438463599e-07,0.9997137557218,0.999999999999937,"MYH11","KO",FALSE,"Activated",2.74351164234419e-14
"MMP12",1.12258100331893e-08,-0.282828013142313,1.28367380625679e-07,0.99971413078316,0.999999999999937,"MYH11","KO",FALSE,"Activated",2.74351164234419e-14
"GJB2",1.12023412599743e-08,-0.283335765064256,1.27831209814727e-07,0.999714728423733,0.999999999999937,"MYH11","KO",FALSE,"Activated",2.74351164234419e-14
"SERPINE1",1.12002674524661e-08,-0.283380678863452,1.27783885281618e-07,0.999714781233971,0.999999999999937,"MYH11","KO",FALSE,"Activated",2.74351164234419e-14
"METTL7A",1.11619939246812e-08,-0.284210955002539,1.26912051855904e-07,0.999715755882831,0.999999999999937,"MYH11","KO",FALSE,"Activated",2.74351164234419e-14
"PBK",1.1093817340214e-08,-0.285696362841926,1.25366448785615e-07,0.999717492023558,0.999999999999937,"MYH11","KO",FALSE,"Activated",2.74351164234419e-14
"MTSS1",1.10933550029303e-08,-0.285706464410768,1.25355999654564e-07,0.99971750379714,0.999999999999937,"MYH11","KO",FALSE,"Activated",2.74351164234419e-14
"HGF",1.10885478982908e-08,-0.285811517143926,1.25247381685593e-07,0.999717626211752,0.999999999999937,"MYH11","KO",FALSE,"Activated",2.74351164234419e-14
"LMNB1",1.10535277963916e-08,-0.286578086846702,1.24457512741644e-07,0.999718518010978,0.999999999999937,"MYH11","KO",FALSE,"Activated",2.74351164234419e-14
"PLPP3",1.09599143467912e-08,-0.28863813260549,1.22358352908748e-07,0.999720901910435,0.999999999999937,"MYH11","KO",FALSE,"Activated",2.74351164234419e-14
"TGFA",1.09554824351207e-08,-0.288736057116802,1.22259415681201e-07,0.999721014770626,0.999999999999937,"MYH11","KO",FALSE,"Activated",2.74351164234419e-14
"NFKBID",1.09075018002892e-08,-0.289798518415307,1.21190865964555e-07,0.999722236614388,0.999999999999937,"MYH11","KO",FALSE,"Activated",2.74351164234419e-14
"KIF14",1.08930257124863e-08,-0.290119905407676,1.20869398138637e-07,0.999722605253062,0.999999999999937,"MYH11","KO",FALSE,"Activated",2.74351164234419e-14
"GJB6",1.0830269876667e-08,-0.291517671931503,1.19480727887604e-07,0.999724203352521,0.999999999999937,"MYH11","KO",FALSE,"Activated",2.74351164234419e-14
"MND1",1.08277859859259e-08,-0.291573147341422,1.19425929060865e-07,0.999724266605673,0.999999999999937,"MYH11","KO",FALSE,"Activated",2.74351164234419e-14
"CDCA3",1.07825982465034e-08,-0.29258440066463,1.18431205495972e-07,0.999725417327372,0.999999999999937,"MYH11","KO",FALSE,"Activated",2.74351164234419e-14
"PAMR1",1.07284981172624e-08,-0.293800188131898,1.17245763931924e-07,0.999726795006216,0.999999999999937,"MYH11","KO",FALSE,"Activated",2.74351164234419e-14
"HSPA1A",1.06972993347843e-08,-0.29450385414077,1.16564847298571e-07,0.9997275894942,0.999999999999937,"MYH11","KO",FALSE,"Activated",2.74351164234419e-14
"BNIP3",1.06774534706759e-08,-0.294952435633459,1.16132741179706e-07,0.99972809487612,0.999999999999937,"MYH11","KO",FALSE,"Activated",2.74351164234419e-14
"CNKSR3",1.06638260778797e-08,-0.295260898849565,1.15836495155276e-07,0.999728441902477,0.999999999999937,"MYH11","KO",FALSE,"Activated",2.74351164234419e-14
"EZR",1.05783402550593e-08,-0.297204137810034,1.13986748701234e-07,0.999730618829066,0.999999999999937,"MYH11","KO",FALSE,"Activated",2.74351164234419e-14
"SPINT2",1.04937203680565e-08,-0.29914181651764,1.12170401997259e-07,0.999732773704296,0.999999999999937,"MYH11","KO",FALSE,"Activated",2.74351164234419e-14
"CDKN3",1.04685048701766e-08,-0.299721966362503,1.11631978216959e-07,0.999733415825832,0.999999999999937,"MYH11","KO",FALSE,"Activated",2.74351164234419e-14
"CKAP2L",1.04605345584833e-08,-0.299905609148076,1.11462058449993e-07,0.999733618792627,0.999999999999937,"MYH11","KO",FALSE,"Activated",2.74351164234419e-14
"CENPA",1.04383032878596e-08,-0.300418510252949,1.10988791994031e-07,0.999734184919765,0.999999999999937,"MYH11","KO",FALSE,"Activated",2.74351164234419e-14
"PRRX1",1.04204866775035e-08,-0.300830278030877,1.10610233064118e-07,0.999734638626024,0.999999999999937,"MYH11","KO",FALSE,"Activated",2.74351164234419e-14
"KDM6B",1.0324051643419e-08,-0.303070211832129,1.08572450161024e-07,0.99973709437814,0.999999999999937,"MYH11","KO",FALSE,"Activated",2.74351164234419e-14
"OLR1",1.02770006228621e-08,-0.304170002767472,1.07585085102927e-07,0.999738292548956,0.999999999999937,"MYH11","KO",FALSE,"Activated",2.74351164234419e-14
"KIFC1",1.0276576489854e-08,-0.304179937455245,1.07576205188276e-07,0.999738303349652,0.999999999999937,"MYH11","KO",FALSE,"Activated",2.74351164234419e-14
"SPC25",1.02377763337348e-08,-0.305090355654431,1.06765411058475e-07,0.999739291409298,0.999999999999937,"MYH11","KO",FALSE,"Activated",2.74351164234419e-14
"CENPK",1.01889423448406e-08,-0.306240683526866,1.0574930249878e-07,0.999740534984031,0.999999999999937,"MYH11","KO",FALSE,"Activated",2.74351164234419e-14
"BMP8B",1.0166655368639e-08,-0.306767341069636,1.05287182981824e-07,0.999741102529733,0.999999999999937,"MYH11","KO",FALSE,"Activated",2.74351164234419e-14
"CCNF",1.00906628892881e-08,-0.30857103124529,1.03719089796544e-07,0.999743037704996,0.999999999999937,"MYH11","KO",FALSE,"Activated",2.74351164234419e-14
"CDCA8",9.90499473340171e-09,-0.313030420802287,9.99373432599991e-08,0.999747765810014,0.999999999999937,"MYH11","KO",FALSE,"Activated",2.74351164234419e-14
"MYBL2",9.75546482912014e-09,-0.316677482055085,9.69427280741854e-08,0.999751573641727,0.999999999999937,"MYH11","KO",FALSE,"Activated",2.74351164234419e-14
"PLK1",9.6969350115036e-09,-0.318118901091553,9.57829639755897e-08,0.999753064124162,0.999999999999937,"MYH11","KO",FALSE,"Activated",2.74351164234419e-14
"AURKB",9.63360723646793e-09,-0.319687423780243,9.4535989486863e-08,0.999754676788275,0.999999999999937,"MYH11","KO",FALSE,"Activated",2.74351164234419e-14
"GBP4",9.61345147608156e-09,-0.320188616641483,9.41408204941612e-08,0.999755190061818,0.999999999999937,"MYH11","KO",FALSE,"Activated",2.74351164234419e-14
"TTK",9.59685216955772e-09,-0.320602093249094,9.38159999599278e-08,0.99975561276901,0.999999999999937,"MYH11","KO",FALSE,"Activated",2.74351164234419e-14
"HBEGF",9.51062090609176e-09,-0.322760579033926,9.21376315070682e-08,0.999757808678531,0.999999999999937,"MYH11","KO",FALSE,"Activated",2.74351164234419e-14
"BMP4",9.47451316444922e-09,-0.323669698457031,9.14393455683563e-08,0.9997587281749,0.999999999999937,"MYH11","KO",FALSE,"Activated",2.74351164234419e-14
"ZNF275",9.34342201057276e-09,-0.326997023640351,8.89265066116376e-08,0.999762066457349,0.999999999999937,"MYH11","KO",FALSE,"Activated",2.74351164234419e-14
"NEDD9",9.2581925751631e-09,-0.329183158568709,8.73115548469112e-08,0.999764236854971,0.999999999999937,"MYH11","KO",FALSE,"Activated",2.74351164234419e-14
"HIST2H2AC",9.08965749820312e-09,-0.333560532615483,8.4161669193195e-08,0.999768528660131,0.999999999999937,"MYH11","KO",FALSE,"Activated",2.74351164234419e-14
"BUB1",9.03454686947371e-09,-0.335007956255033,8.31442179228548e-08,0.999769932071725,0.999999999999937,"MYH11","KO",FALSE,"Activated",2.74351164234419e-14
"ZC3H12A",9.02235958805376e-09,-0.335329127076232,8.29200520531582e-08,0.999770242425144,0.999999999999937,"MYH11","KO",FALSE,"Activated",2.74351164234419e-14
"CLSPN",9.02036056711843e-09,-0.335381844856217,8.28833120949744e-08,0.999770293330917,0.999999999999937,"MYH11","KO",FALSE,"Activated",2.74351164234419e-14
"CENPU",9.00971632901968e-09,-0.335662731702199,8.26878189822845e-08,0.999770564390194,0.999999999999937,"MYH11","KO",FALSE,"Activated",2.74351164234419e-14
"ORC6",8.96487418328106e-09,-0.336849379744795,8.186677826907e-08,0.999771706311248,0.999999999999937,"MYH11","KO",FALSE,"Activated",2.74351164234419e-14
"KLF4",8.85851346547278e-09,-0.339685722632329,7.99357402939702e-08,0.999774414824436,0.999999999999937,"MYH11","KO",FALSE,"Activated",2.74351164234419e-14
"LAMB3",8.85069830202498e-09,-0.339895351293546,7.97947605885745e-08,0.99977461384033,0.999999999999937,"MYH11","KO",FALSE,"Activated",2.74351164234419e-14
"SMC4",8.80564918350614e-09,-0.341107012159827,7.89845340449061e-08,0.999775761032021,0.999999999999937,"MYH11","KO",FALSE,"Activated",2.74351164234419e-14
"SGO1",8.78843293516362e-09,-0.341571558064652,7.86759848373273e-08,0.999776199449857,0.999999999999937,"MYH11","KO",FALSE,"Activated",2.74351164234419e-14
"GBP1",8.77731075495136e-09,-0.341872108234981,7.84769744379909e-08,0.999776482680099,0.999999999999937,"MYH11","KO",FALSE,"Activated",2.74351164234419e-14
"IRF8",8.71017221321048e-09,-0.34369375970859,7.72810093265839e-08,0.999778192386744,0.999999999999937,"MYH11","KO",FALSE,"Activated",2.74351164234419e-14
"RACGAP1",8.61268432809475e-09,-0.346361747808894,7.5560767671197e-08,0.999780674950124,0.999999999999937,"MYH11","KO",FALSE,"Activated",2.74351164234419e-14
"FOXM1",8.60570808715516e-09,-0.346553721182319,7.5438409387971e-08,0.99978085260256,0.999999999999937,"MYH11","KO",FALSE,"Activated",2.74351164234419e-14
"HELLS",8.58450070460369e-09,-0.347138180277681,7.50670558856501e-08,0.999781392656037,0.999999999999937,"MYH11","KO",FALSE,"Activated",2.74351164234419e-14
"S100A8",8.56942004993078e-09,-0.347554591306908,7.48035423690126e-08,0.999781776690228,0.999999999999937,"MYH11","KO",FALSE,"Activated",2.74351164234419e-14
"AURKA",8.55902404933717e-09,-0.347842036867977,7.4622156473993e-08,0.99978204142805,0.999999999999937,"MYH11","KO",FALSE,"Activated",2.74351164234419e-14
"CKAP2",8.53926052802713e-09,-0.348389368035861,7.42779364191765e-08,0.999782544713092,0.999999999999937,"MYH11","KO",FALSE,"Activated",2.74351164234419e-14
"FANCI",8.52501329800022e-09,-0.34878464639247,7.40302868654206e-08,0.99978290752383,0.999999999999937,"MYH11","KO",FALSE,"Activated",2.74351164234419e-14
"DBF4",8.52363794748839e-09,-0.348822836233795,7.40064020042019e-08,0.999782942547616,0.999999999999937,"MYH11","KO",FALSE,"Activated",2.74351164234419e-14
"CCNB2",8.50473046127799e-09,-0.34934841622182,7.36784380364406e-08,0.999783424033422,0.999999999999937,"MYH11","KO",FALSE,"Activated",2.74351164234419e-14
"SLC5A3",8.49337181388484e-09,-0.349664669141296,7.34817643048387e-08,0.999783713285385,0.999999999999937,"MYH11","KO",FALSE,"Activated",2.74351164234419e-14
"COL5A3",8.4878757893519e-09,-0.349817830275543,7.33866956039894e-08,0.999783853243588,0.999999999999937,"MYH11","KO",FALSE,"Activated",2.74351164234419e-14
"UBE2S",8.44764442662391e-09,-0.350941738641378,7.26926586628901e-08,0.999784877749432,0.999999999999937,"MYH11","KO",FALSE,"Activated",2.74351164234419e-14
"KDM7A",8.44543634623301e-09,-0.351003564740687,7.26546622112156e-08,0.999784933978978,0.999999999999937,"MYH11","KO",FALSE,"Activated",2.74351164234419e-14
"PLK3",8.39722692205004e-09,-0.35235710471455,7.18275546095678e-08,0.999786161648972,0.999999999999937,"MYH11","KO",FALSE,"Activated",2.74351164234419e-14
"ANK3",8.36214861311009e-09,-0.353346423570525,7.12287077405946e-08,0.999787054930484,0.999999999999937,"MYH11","KO",FALSE,"Activated",2.74351164234419e-14
"LMO7",8.35432417299313e-09,-0.353567612448355,7.10954730803524e-08,0.999787254182612,0.999999999999937,"MYH11","KO",FALSE,"Activated",2.74351164234419e-14
"CENPN",8.32312711538016e-09,-0.354451399406116,7.05654892521666e-08,0.99978804862669,0.999999999999937,"MYH11","KO",FALSE,"Activated",2.74351164234419e-14
"HLA-DPA1",8.31795574509483e-09,-0.354598191222534,7.04778282319482e-08,0.999788180317459,0.999999999999937,"MYH11","KO",FALSE,"Activated",2.74351164234419e-14
"PRR11",8.31659821678066e-09,-0.354636739072814,7.04548255031704e-08,0.999788214887396,0.999999999999937,"MYH11","KO",FALSE,"Activated",2.74351164234419e-14
"ADAM8",8.29744277752068e-09,-0.355181280786262,7.01306451469354e-08,0.999788702687415,0.999999999999937,"MYH11","KO",FALSE,"Activated",2.74351164234419e-14
"SHCBP1",8.24961693152528e-09,-0.356545860681899,6.93245193911729e-08,0.999789920589456,0.999999999999937,"MYH11","KO",FALSE,"Activated",2.74351164234419e-14
"CCL3",8.19981278222219e-09,-0.357974558540456,6.84900014568373e-08,0.99979118886969,0.999999999999937,"MYH11","KO",FALSE,"Activated",2.74351164234419e-14
"ACKR4",8.19536047691157e-09,-0.358102662995219,6.8415644732331e-08,0.999791302249215,0.999999999999937,"MYH11","KO",FALSE,"Activated",2.74351164234419e-14
"ARC",8.18809222483509e-09,-0.358311925726699,6.8294346432188e-08,0.999791487337819,0.999999999999937,"MYH11","KO",FALSE,"Activated",2.74351164234419e-14
"MELK",8.12268134484685e-09,-0.360202835555446,6.72075608889681e-08,0.999793153048956,0.999999999999937,"MYH11","KO",FALSE,"Activated",2.74351164234419e-14
"AQP1",8.11569161357861e-09,-0.360405714648706,6.70919437301284e-08,0.99979333104493,0.999999999999937,"MYH11","KO",FALSE,"Activated",2.74351164234419e-14
"PSRC1",7.93522223473349e-09,-0.365699723535112,6.41412604940352e-08,0.999797926761341,0.999999999999937,"MYH11","KO",FALSE,"Activated",2.74351164234419e-14
"WARS",7.8720621738498e-09,-0.367578408073399,6.31242648112548e-08,0.99979953515458,0.999999999999937,"MYH11","KO",FALSE,"Activated",2.74351164234419e-14
"SOWAHC",7.85127898009923e-09,-0.368199600170215,6.27913934546978e-08,0.999800064405942,0.999999999999937,"MYH11","KO",FALSE,"Activated",2.74351164234419e-14
"FEN1",7.81456866386204e-09,-0.369300505167815,6.22055773235866e-08,0.9998009992471,0.999999999999937,"MYH11","KO",FALSE,"Activated",2.74351164234419e-14
"DHFR",7.72291773441085e-09,-0.372069699984809,6.07550131828834e-08,0.999803333170363,0.999999999999937,"MYH11","KO",FALSE,"Activated",2.74351164234419e-14
"DUSP5",7.71156290713288e-09,-0.372414860695275,6.05764911371749e-08,0.999803622325047,0.999999999999937,"MYH11","KO",FALSE,"Activated",2.74351164234419e-14
"CCL4L2",7.68358656184787e-09,-0.373267254784303,6.01377643101599e-08,0.999804334752553,0.999999999999937,"MYH11","KO",FALSE,"Activated",2.74351164234419e-14
"ARL6IP1",7.66430864447973e-09,-0.373856266799645,5.98363747243484e-08,0.999804825671523,0.999999999999937,"MYH11","KO",FALSE,"Activated",2.74351164234419e-14
"KIF18A",7.59461623619119e-09,-0.375996935012384,5.87531246954544e-08,0.999806600413297,0.999999999999937,"MYH11","KO",FALSE,"Activated",2.74351164234419e-14
"S100A9",7.50149257743187e-09,-0.378885387821416,5.73211203021075e-08,0.999808971840135,0.999999999999937,"MYH11","KO",FALSE,"Activated",2.74351164234419e-14
"PSAT1",7.45787257931236e-09,-0.38024960339285,5.66564318893569e-08,0.999810082638784,0.999999999999937,"MYH11","KO",FALSE,"Activated",2.74351164234419e-14
"CIT",7.38838138085127e-09,-0.382438010739365,5.56055207655032e-08,0.999811852256681,0.999999999999937,"MYH11","KO",FALSE,"Activated",2.74351164234419e-14
"OVOL1",7.32573721876669e-09,-0.384426903364141,5.466658872606e-08,0.999813447512381,0.999999999999937,"MYH11","KO",FALSE,"Activated",2.74351164234419e-14
"STC2",7.14647743424206e-09,-0.390204953400583,5.202395381831e-08,0.999818012426075,0.999999999999937,"MYH11","KO",FALSE,"Activated",2.74351164234419e-14
"BRCA2",7.01699101591456e-09,-0.394461285520374,5.01557978156377e-08,0.999821309843431,0.999999999999937,"MYH11","KO",FALSE,"Activated",2.74351164234419e-14
"FOSL1",6.99901147296127e-09,-0.395057929941343,4.98991000339737e-08,0.999821767698841,0.999999999999937,"MYH11","KO",FALSE,"Activated",2.74351164234419e-14
"CCL20",6.91655723678366e-09,-0.397812132990834,4.8730318786357e-08,0.999823867425076,0.999999999999937,"MYH11","KO",FALSE,"Activated",2.74351164234419e-14
"FAM49A",6.90281520885899e-09,-0.398274057223516,4.85368733670001e-08,0.999824217370669,0.999999999999937,"MYH11","KO",FALSE,"Activated",2.74351164234419e-14
"AC007952.4",6.86105439106172e-09,-0.399682957528128,4.79513707422906e-08,0.999825280824639,0.999999999999937,"MYH11","KO",FALSE,"Activated",2.74351164234419e-14
"PCNA",6.85142884305025e-09,-0.400008804530977,4.78169207207305e-08,0.999825525942618,0.999999999999937,"MYH11","KO",FALSE,"Activated",2.74351164234419e-14
"TYMS",6.79816780521061e-09,-0.401819378156384,4.70763803403678e-08,0.999826882253752,0.999999999999937,"MYH11","KO",FALSE,"Activated",2.74351164234419e-14
"TDO2",6.78909441063055e-09,-0.402129108160323,4.69508001732897e-08,0.999827113310949,0.999999999999937,"MYH11","KO",FALSE,"Activated",2.74351164234419e-14
"MAB21L2",6.77866507874159e-09,-0.402485590161372,4.68066603695058e-08,0.999827378897568,0.999999999999937,"MYH11","KO",FALSE,"Activated",2.74351164234419e-14
"G0S2",6.75850745855469e-09,-0.403176008708827,4.65286976678413e-08,0.999827892218484,0.999999999999937,"MYH11","KO",FALSE,"Activated",2.74351164234419e-14
"STARD4-AS1",6.75595050850637e-09,-0.403263720663233,4.64934978693088e-08,0.99982795733212,0.999999999999937,"MYH11","KO",FALSE,"Activated",2.74351164234419e-14
"CXCL3",6.74934748663934e-09,-0.403490366234823,4.64026601526771e-08,0.999828125480403,0.999999999999937,"MYH11","KO",FALSE,"Activated",2.74351164234419e-14
"ATAD2",6.7295827311307e-09,-0.404169989867052,4.61312874415721e-08,0.999828628796881,0.999999999999937,"MYH11","KO",FALSE,"Activated",2.74351164234419e-14
"TMCC3",6.66445999948811e-09,-0.406422199950278,4.52427748406462e-08,0.999830287170238,0.999999999999937,"MYH11","KO",FALSE,"Activated",2.74351164234419e-14
"LAMA3",6.58944654588117e-09,-0.40904142472835,4.42300245725544e-08,0.999832197414322,0.999999999999937,"MYH11","KO",FALSE,"Activated",2.74351164234419e-14
"ASPN",6.52562921309769e-09,-0.411291164661876,4.33774571088587e-08,0.999833822545238,0.999999999999937,"MYH11","KO",FALSE,"Activated",2.74351164234419e-14
"NPM3",6.39735041561469e-09,-0.415874575617346,4.16888180056571e-08,0.999837089210117,0.999999999999937,"MYH11","KO",FALSE,"Activated",2.74351164234419e-14
"TACSTD2",6.26558335365953e-09,-0.420670529371078,3.99891640869712e-08,0.999840444704886,0.999999999999937,"MYH11","KO",FALSE,"Activated",2.74351164234419e-14
"FGL2",6.22084463072457e-09,-0.422319779853772,3.94201263064437e-08,0.999841583992267,0.999999999999937,"MYH11","KO",FALSE,"Activated",2.74351164234419e-14
"ADAM19",6.21960133953636e-09,-0.422365766548687,3.94043709545672e-08,0.999841615653116,0.999999999999937,"MYH11","KO",FALSE,"Activated",2.74351164234419e-14
"TCOF1",6.20934856238053e-09,-0.422745314178959,3.92745648080027e-08,0.999841876743707,0.999999999999937,"MYH11","KO",FALSE,"Activated",2.74351164234419e-14
"SERPINB3",6.17845882660515e-09,-0.423892278531615,3.88847772793666e-08,0.999842663361739,0.999999999999937,"MYH11","KO",FALSE,"Activated",2.74351164234419e-14
"MCM4",6.17370167614221e-09,-0.424069379371109,3.88249210829343e-08,0.999842784504256,0.999999999999937,"MYH11","KO",FALSE,"Activated",2.74351164234419e-14
"RSPO3",6.17279729644557e-09,-0.424103061976891,3.88135470644291e-08,0.999842807534604,0.999999999999937,"MYH11","KO",FALSE,"Activated",2.74351164234419e-14
"FST",6.14022186514482e-09,-0.42531930107823,3.8404969954733e-08,0.999843637079468,0.999999999999937,"MYH11","KO",FALSE,"Activated",2.74351164234419e-14
"HEPHL1",6.13693224262592e-09,-0.42544244888999,3.83638300695509e-08,0.999843720850867,0.999999999999937,"MYH11","KO",FALSE,"Activated",2.74351164234419e-14
"KIF20A",6.10482776710223e-09,-0.426647451411728,3.79634902927426e-08,0.999844538402676,0.999999999999937,"MYH11","KO",FALSE,"Activated",2.74351164234419e-14
"HLA-DMB",6.08340904340446e-09,-0.427454587984142,3.76975685953565e-08,0.99984508383804,0.999999999999937,"MYH11","KO",FALSE,"Activated",2.74351164234419e-14
"RNF144B",6.03029045391446e-09,-0.429467505977976,3.70421139703208e-08,0.999846436521684,0.999999999999937,"MYH11","KO",FALSE,"Activated",2.74351164234419e-14
"RAB3IP",6.00720897028312e-09,-0.430347206674433,3.67590925524452e-08,0.999847024299817,0.999999999999937,"MYH11","KO",FALSE,"Activated",2.74351164234419e-14
"HIST1H3B",5.88431554182897e-09,-0.435083452412562,3.52704669030988e-08,0.999850153824383,0.999999999999937,"MYH11","KO",FALSE,"Activated",2.74351164234419e-14
"HIST1H1B",5.79966083849759e-09,-0.438398637543581,3.42629297623092e-08,0.999852309586307,0.999999999999937,"MYH11","KO",FALSE,"Activated",2.74351164234419e-14
"SOX4",5.77063226118085e-09,-0.439545576734963,3.39208011353966e-08,0.999853048809283,0.999999999999937,"MYH11","KO",FALSE,"Activated",2.74351164234419e-14
"IGHG3",5.71357683283463e-09,-0.441815258704891,3.32533532470675e-08,0.999854501745921,0.999999999999937,"MYH11","KO",FALSE,"Activated",2.74351164234419e-14
"ANKRD37",5.68358537225189e-09,-0.443016610195928,3.29051653687659e-08,0.99985526548906,0.999999999999937,"MYH11","KO",FALSE,"Activated",2.74351164234419e-14
"CTSH",5.64295452548907e-09,-0.44465337158235,3.24363817422026e-08,0.999856300167927,0.999999999999937,"MYH11","KO",FALSE,"Activated",2.74351164234419e-14
"SORL1",5.62868472730474e-09,-0.445230757229258,3.22725401296045e-08,0.999856663553379,0.999999999999937,"MYH11","KO",FALSE,"Activated",2.74351164234419e-14
"ATAD5",5.58895726564508e-09,-0.446845256926257,3.18185862889493e-08,0.999857675227225,0.999999999999937,"MYH11","KO",FALSE,"Activated",2.74351164234419e-14
"CADM3",5.5870404645684e-09,-0.446923418333879,3.17967648868725e-08,0.999857724039241,0.999999999999937,"MYH11","KO",FALSE,"Activated",2.74351164234419e-14
"FAM83D",5.56129064450835e-09,-0.447975791249123,3.15043473870943e-08,0.999858379767506,0.999999999999937,"MYH11","KO",FALSE,"Activated",2.74351164234419e-14
"CD302",5.47858556968463e-09,-0.451386127290944,3.05742773257975e-08,0.999860485881456,0.999999999999937,"MYH11","KO",FALSE,"Activated",2.74351164234419e-14
"LUCAT1",5.4137736983692e-09,-0.45409153603135,2.98551665104769e-08,0.999862136338658,0.999999999999937,"MYH11","KO",FALSE,"Activated",2.74351164234419e-14
"ADRB2",5.40546238570998e-09,-0.454440600289657,2.97635686099102e-08,0.999862347989171,0.999999999999937,"MYH11","KO",FALSE,"Activated",2.74351164234419e-14
"TNIP3",5.3810024674788e-09,-0.455470725723585,2.94948155388862e-08,0.999862970869631,0.999999999999937,"MYH11","KO",FALSE,"Activated",2.74351164234419e-14
"SGPP2",5.3355920471303e-09,-0.45739452746202,2.89991010387501e-08,0.999864127262029,0.999999999999937,"MYH11","KO",FALSE,"Activated",2.74351164234419e-14
"SLC43A3",5.29109396606338e-09,-0.459294185088349,2.85174212390591e-08,0.999865260421386,0.999999999999937,"MYH11","KO",FALSE,"Activated",2.74351164234419e-14
"NQO1",5.25084413112362e-09,-0.46102504489594,2.80852022258864e-08,0.999866285397654,0.999999999999937,"MYH11","KO",FALSE,"Activated",2.74351164234419e-14
"CHRDL2",5.24341123119236e-09,-0.461346001093548,2.80057457652e-08,0.999866474679077,0.999999999999937,"MYH11","KO",FALSE,"Activated",2.74351164234419e-14
"INCENP",5.22366630258968e-09,-0.462200611468723,2.77952223964517e-08,0.99986697749066,0.999999999999937,"MYH11","KO",FALSE,"Activated",2.74351164234419e-14
"PPP1R14B",5.15238222390536e-09,-0.465310625287056,2.70417907861337e-08,0.999868792764912,0.999999999999937,"MYH11","KO",FALSE,"Activated",2.74351164234419e-14
"HELLPAR",5.11865148120031e-09,-0.466795914193724,2.66888845276205e-08,0.999869651730193,0.999999999999937,"MYH11","KO",FALSE,"Activated",2.74351164234419e-14
"NDC80",5.07713490503864e-09,-0.468636317578681,2.62577015966096e-08,0.999870708964475,0.999999999999937,"MYH11","KO",FALSE,"Activated",2.74351164234419e-14
"HIST1H1D",5.05287486241865e-09,-0.469718098508117,2.60073670854491e-08,0.999871326755033,0.999999999999937,"MYH11","KO",FALSE,"Activated",2.74351164234419e-14
"PIF1",5.03625281800621e-09,-0.470462024693197,2.58365397532521e-08,0.999871750041268,0.999999999999937,"MYH11","KO",FALSE,"Activated",2.74351164234419e-14
"KRT6C",5.00829113666651e-09,-0.471718515855691,2.55504430801203e-08,0.999872462095364,0.999999999999937,"MYH11","KO",FALSE,"Activated",2.74351164234419e-14
"HIST1H3G",4.98118028929256e-09,-0.472942883390131,2.52745728081351e-08,0.999873152482672,0.999999999999937,"MYH11","KO",FALSE,"Activated",2.74351164234419e-14
"HLA-DMA",4.96431168423614e-09,-0.473707759193736,2.51036796233125e-08,0.999873582047661,0.999999999999937,"MYH11","KO",FALSE,"Activated",2.74351164234419e-14
"IGFBP5",4.90484805037441e-09,-0.476423023095577,2.45058864847448e-08,0.99987509631011,0.999999999999937,"MYH11","KO",FALSE,"Activated",2.74351164234419e-14
"CLCA2",4.9032852840742e-09,-0.476494786197909,2.44902730051283e-08,0.999875136106506,0.999999999999937,"MYH11","KO",FALSE,"Activated",2.74351164234419e-14
"TROAP",4.89492076531185e-09,-0.476879243742385,2.44067883168651e-08,0.999875349111932,0.999999999999937,"MYH11","KO",FALSE,"Activated",2.74351164234419e-14
"SNHG1",4.8639147763337e-09,-0.478309603341157,2.40985668453127e-08,0.999876138690398,0.999999999999937,"MYH11","KO",FALSE,"Activated",2.74351164234419e-14
"LY6D",4.80994189164462e-09,-0.48081937424258,2.35667102110907e-08,0.99987751312898,0.999999999999937,"MYH11","KO",FALSE,"Activated",2.74351164234419e-14
"ODC1",4.76229863588569e-09,-0.483056199046894,2.31021582083005e-08,0.999878726381325,0.999999999999937,"MYH11","KO",FALSE,"Activated",2.74351164234419e-14
"EVI2A",4.75636981483335e-09,-0.483335977091282,2.30446719761517e-08,0.999878877360848,0.999999999999937,"MYH11","KO",FALSE,"Activated",2.74351164234419e-14
"BCAT1",4.71432356382245e-09,-0.485329272768661,2.2639043573847e-08,0.99987994808349,0.999999999999937,"MYH11","KO",FALSE,"Activated",2.74351164234419e-14
"GMPR",4.66466581491378e-09,-0.4877043490189,2.21646242455877e-08,0.999881212635615,0.999999999999937,"MYH11","KO",FALSE,"Activated",2.74351164234419e-14
"MCM5",4.60826355827555e-09,-0.490430075449666,2.16318628665807e-08,0.999882648939013,0.999999999999937,"MYH11","KO",FALSE,"Activated",2.74351164234419e-14
"RPA3",4.60235862484929e-09,-0.490717193429909,2.15764611430491e-08,0.99988279931023,0.999999999999937,"MYH11","KO",FALSE,"Activated",2.74351164234419e-14
"GADD45A",4.60044005088162e-09,-0.490810553180982,2.15584758395538e-08,0.999882848167394,0.999999999999937,"MYH11","KO",FALSE,"Activated",2.74351164234419e-14
"MCM7",4.58616855737834e-09,-0.491506132522073,2.14249258248969e-08,0.99988321159602,0.999999999999937,"MYH11","KO",FALSE,"Activated",2.74351164234419e-14
"BRCA1",4.57002783553613e-09,-0.492295193680406,2.1274383938186e-08,0.999883622625206,0.999999999999937,"MYH11","KO",FALSE,"Activated",2.74351164234419e-14
"EFNA1",4.56788552804667e-09,-0.492400113852391,2.12544428825897e-08,0.999883677179823,0.999999999999937,"MYH11","KO",FALSE,"Activated",2.74351164234419e-14
"AKAP12",4.55354443259587e-09,-0.493103628730118,2.11211936992049e-08,0.999884042380887,0.999999999999937,"MYH11","KO",FALSE,"Activated",2.74351164234419e-14
"TWIST1",4.52902891664738e-09,-0.494310940928629,2.08943800146857e-08,0.999884666677165,0.999999999999937,"MYH11","KO",FALSE,"Activated",2.74351164234419e-14
"HIST1H1E",4.52146388130998e-09,-0.494684695858596,2.08246367151016e-08,0.999884859323464,0.999999999999937,"MYH11","KO",FALSE,"Activated",2.74351164234419e-14
"TNNT1",4.5179224410046e-09,-0.494859858329301,2.07920276629544e-08,0.999884949507493,0.999999999999937,"MYH11","KO",FALSE,"Activated",2.74351164234419e-14
"CTNNAL1",4.50517351706242e-09,-0.495491466436957,2.06748490350826e-08,0.999885274163347,0.999999999999937,"MYH11","KO",FALSE,"Activated",2.74351164234419e-14
"TMEM265",4.47880214939952e-09,-0.496803136663285,2.04335139173536e-08,0.999885945719545,0.999999999999937,"MYH11","KO",FALSE,"Activated",2.74351164234419e-14
"CFB",4.4441807983709e-09,-0.498535858306696,2.01188308488166e-08,0.999886827364485,0.999999999999937,"MYH11","KO",FALSE,"Activated",2.74351164234419e-14
"MCM10",4.42227073893237e-09,-0.499638764991661,1.99209459275702e-08,0.999887385311892,0.999999999999937,"MYH11","KO",FALSE,"Activated",2.74351164234419e-14
"SEMA7A",4.40134838661716e-09,-0.500696603291742,1.9732894529562e-08,0.999887918106989,0.999999999999937,"MYH11","KO",FALSE,"Activated",2.74351164234419e-14
"FZD10",4.38866986152011e-09,-0.50133986065273,1.96193731099668e-08,0.999888240970112,0.999999999999937,"MYH11","KO",FALSE,"Activated",2.74351164234419e-14
"RGS4",4.38600675046298e-09,-0.501475191053276,1.9595569671339e-08,0.999888308787176,0.999999999999937,"MYH11","KO",FALSE,"Activated",2.74351164234419e-14
"CHI3L1",4.38588259217542e-09,-0.50148150218634,1.95944602713418e-08,0.999888311948911,0.999999999999937,"MYH11","KO",FALSE,"Activated",2.74351164234419e-14
"RBP1",4.38354272066933e-09,-0.50160047141873,1.95735585311817e-08,0.999888371534566,0.999999999999937,"MYH11","KO",FALSE,"Activated",2.74351164234419e-14
"DCLK1",4.37058745704451e-09,-0.502260220820187,1.94580328448491e-08,0.999888701444933,0.999999999999937,"MYH11","KO",FALSE,"Activated",2.74351164234419e-14
"F11R",4.35862346853147e-09,-0.502871071664479,1.935165032405e-08,0.999889006112129,0.999999999999937,"MYH11","KO",FALSE,"Activated",2.74351164234419e-14
"FAM111B",4.33837671384345e-09,-0.503908303708866,1.91722826393897e-08,0.999889521702893,0.999999999999937,"MYH11","KO",FALSE,"Activated",2.74351164234419e-14
"OTUD1",4.32503986138185e-09,-0.504593953538616,1.90545866005426e-08,0.999889861330555,0.999999999999937,"MYH11","KO",FALSE,"Activated",2.74351164234419e-14
"IGLC2",4.29085127629912e-09,-0.506360420852406,1.87545317632131e-08,0.999890731954958,0.999999999999937,"MYH11","KO",FALSE,"Activated",2.74351164234419e-14
"CTSS",4.24900368235916e-09,-0.508540131766581,1.83904991530314e-08,0.999891797618729,0.999999999999937,"MYH11","KO",FALSE,"Activated",2.74351164234419e-14
"OCIAD2",4.23160668857296e-09,-0.509452039985658,1.82402124278612e-08,0.999892240639325,0.999999999999937,"MYH11","KO",FALSE,"Activated",2.74351164234419e-14
"BARX1",4.23150420236594e-09,-0.509457422163873,1.82393289111795e-08,0.999892243249172,0.999999999999937,"MYH11","KO",FALSE,"Activated",2.74351164234419e-14
"HIST1H1A",4.21113584619116e-09,-0.510529450762999,1.80641614012615e-08,0.999892761936562,0.999999999999937,"MYH11","KO",FALSE,"Activated",2.74351164234419e-14
"FBXO5",4.18885917274972e-09,-0.511707333336502,1.78735500899682e-08,0.999893329219925,0.999999999999937,"MYH11","KO",FALSE,"Activated",2.74351164234419e-14
"TMEM154",4.14570681102624e-09,-0.514005326883704,1.750719109342e-08,0.999894428110069,0.999999999999937,"MYH11","KO",FALSE,"Activated",2.74351164234419e-14
"DHCR7",4.1342103034802e-09,-0.514621221839101,1.7410226937758e-08,0.999894720872697,0.999999999999937,"MYH11","KO",FALSE,"Activated",2.74351164234419e-14
"KRTDAP",4.11368580778821e-09,-0.515724652258821,1.72377881429243e-08,0.999895243536235,0.999999999999937,"MYH11","KO",FALSE,"Activated",2.74351164234419e-14
"DSC3",4.0930181311562e-09,-0.516840853900387,1.70650136105192e-08,0.999895769845926,0.999999999999937,"MYH11","KO",FALSE,"Activated",2.74351164234419e-14
"C19orf48",4.04321373199939e-09,-0.519551860917433,1.66522415212377e-08,0.999897038132555,0.999999999999937,"MYH11","KO",FALSE,"Activated",2.74351164234419e-14
"SERPINF1",4.0334050955704e-09,-0.520089354213416,1.65715444958713e-08,0.999897287912949,0.999999999999937,"MYH11","KO",FALSE,"Activated",2.74351164234419e-14
"MMP16",4.03240736484554e-09,-0.520144094448752,1.65633470082716e-08,0.999897313320514,0.999999999999937,"MYH11","KO",FALSE,"Activated",2.74351164234419e-14
"RAP2B",4.00444573335673e-09,-0.52168323649801,1.6334435387701e-08,0.999898025373344,0.999999999999937,"MYH11","KO",FALSE,"Activated",2.74351164234419e-14
"PLEK2",3.95780395860243e-09,-0.524272518829036,1.59561407702096e-08,0.999899213122625,0.999999999999937,"MYH11","KO",FALSE,"Activated",2.74351164234419e-14
"HIST1H4C",3.92209066128264e-09,-0.526273952256849,1.56694790775099e-08,0.999900122574366,0.999999999999937,"MYH11","KO",FALSE,"Activated",2.74351164234419e-14
"CXCL12",3.92202975115081e-09,-0.526277379905362,1.56689923867587e-08,0.999900124125464,0.999999999999937,"MYH11","KO",FALSE,"Activated",2.74351164234419e-14
"TMEM106C",3.90359857550162e-09,-0.52731680492412,1.55220687879767e-08,0.999900593481867,0.999999999999937,"MYH11","KO",FALSE,"Activated",2.74351164234419e-14
"ELF3",3.90281172121673e-09,-0.527361278841756,1.55158118047637e-08,0.999900613519389,0.999999999999937,"MYH11","KO",FALSE,"Activated",2.74351164234419e-14
"HIST1H2AH",3.89695523907127e-09,-0.52769255059218,1.5469281301181e-08,0.999900762656777,0.999999999999937,"MYH11","KO",FALSE,"Activated",2.74351164234419e-14
"ABCA8",3.87460762945448e-09,-0.528960818932967,1.52923687102695e-08,0.999901331746556,0.999999999999937,"MYH11","KO",FALSE,"Activated",2.74351164234419e-14
"VCAM1",3.85518771142472e-09,-0.530068352115024,1.51394591322171e-08,0.999901826281634,0.999999999999937,"MYH11","KO",FALSE,"Activated",2.74351164234419e-14
"HYMAI",3.84776214854338e-09,-0.530493179850416,1.50811944002208e-08,0.999902015376217,0.999999999999937,"MYH11","KO",FALSE,"Activated",2.74351164234419e-14
"LYAR",3.83648699844649e-09,-0.531139676828942,1.4992938637688e-08,0.9999023025019,0.999999999999937,"MYH11","KO",FALSE,"Activated",2.74351164234419e-14
"TNFAIP8L1",3.81936267653847e-09,-0.532124869292607,1.48593941142529e-08,0.999902738578811,0.999999999999937,"MYH11","KO",FALSE,"Activated",2.74351164234419e-14
"COL17A1",3.8140024712624e-09,-0.532434077372955,1.48177151650037e-08,0.999902875078333,0.999999999999937,"MYH11","KO",FALSE,"Activated",2.74351164234419e-14
"SQLE",3.80490481496245e-09,-0.532959789782791,1.47471091799606e-08,0.999903106753367,0.999999999999937,"MYH11","KO",FALSE,"Activated",2.74351164234419e-14
"HK2",3.78350646552284e-09,-0.534200826715095,1.45817034926093e-08,0.9999036516699,0.999999999999937,"MYH11","KO",FALSE,"Activated",2.74351164234419e-14
"APOD",3.75470810849457e-09,-0.535881160930918,1.43605694990909e-08,0.999904385030242,0.999999999999937,"MYH11","KO",FALSE,"Activated",2.74351164234419e-14
"CDC45",3.73045402275846e-09,-0.53730546693256,1.41756403283427e-08,0.999905002669109,0.999999999999937,"MYH11","KO",FALSE,"Activated",2.74351164234419e-14
"FGF7",3.69083697627604e-09,-0.539650177347775,1.38761513403731e-08,0.999906011531203,0.999999999999937,"MYH11","KO",FALSE,"Activated",2.74351164234419e-14
"CDC6",3.68926873973237e-09,-0.539743462870573,1.38643618928226e-08,0.999906051466901,0.999999999999937,"MYH11","KO",FALSE,"Activated",2.74351164234419e-14
"DTL",3.68110197937788e-09,-0.540229841233446,1.38030480626432e-08,0.99990625943634,0.999999999999937,"MYH11","KO",FALSE,"Activated",2.74351164234419e-14
"LRRN3",3.67221036341456e-09,-0.540760506693089,1.37364467156754e-08,0.999906485864484,0.999999999999937,"MYH11","KO",FALSE,"Activated",2.74351164234419e-14
"AATK",3.67196337148376e-09,-0.540775264238282,1.37345989580244e-08,0.999906492154221,0.999999999999937,"MYH11","KO",FALSE,"Activated",2.74351164234419e-14
"MMP10",3.66678688574166e-09,-0.541084762611646,1.36959020350701e-08,0.99990662397526,0.999999999999937,"MYH11","KO",FALSE,"Activated",2.74351164234419e-14
"CHAF1A",3.66528711574272e-09,-0.54117450706414,1.36847006738266e-08,0.999906662167434,0.999999999999937,"MYH11","KO",FALSE,"Activated",2.74351164234419e-14
"AC103858.1",3.65974767552644e-09,-0.541506270457027,1.36433678693659e-08,0.999906803231237,0.999999999999937,"MYH11","KO",FALSE,"Activated",2.74351164234419e-14
"IQCG",3.64573127380451e-09,-0.542347773934849,1.3539063012375e-08,0.999907160163862,0.999999999999937,"MYH11","KO",FALSE,"Activated",2.74351164234419e-14
"PODN",3.60061559615056e-09,-0.545076518425297,1.3206046394212e-08,0.999908309050543,0.999999999999937,"MYH11","KO",FALSE,"Activated",2.74351164234419e-14
"HMGCS1",3.59437890967511e-09,-0.545456178486105,1.31603371878444e-08,0.999908467869969,0.999999999999937,"MYH11","KO",FALSE,"Activated",2.74351164234419e-14
"CDCA7",3.51293652235433e-09,-0.55046981768932,1.2570712868206e-08,0.999910541829154,0.999999999999937,"MYH11","KO",FALSE,"Activated",2.74351164234419e-14
"AQP3",3.47884345015679e-09,-0.552600073624421,1.23278991647139e-08,0.99991141002129,0.999999999999937,"MYH11","KO",FALSE,"Activated",2.74351164234419e-14
"C1QBP",3.47263123507987e-09,-0.552990279538174,1.22839103023039e-08,0.999911568217544,0.999999999999937,"MYH11","KO",FALSE,"Activated",2.74351164234419e-14
"EGR2",3.41027571922012e-09,-0.556942577414491,1.1846724472402e-08,0.9999131561228,0.999999999999937,"MYH11","KO",FALSE,"Activated",2.74351164234419e-14
"THBS1",3.40167028406288e-09,-0.557493173017241,1.17870122362503e-08,0.999913375263249,0.999999999999937,"MYH11","KO",FALSE,"Activated",2.74351164234419e-14
"EREG",3.25584820561514e-09,-0.567021243719065,1.07981063376186e-08,0.999917088674031,0.999999999999937,"MYH11","KO",FALSE,"Activated",2.74351164234419e-14
"TNFAIP2",3.25448722836535e-09,-0.567111985338786,1.07890807905996e-08,0.999917123331798,0.999999999999937,"MYH11","KO",FALSE,"Activated",2.74351164234419e-14
"NFATC1",3.2379782825675e-09,-0.568215459030236,1.06798994820767e-08,0.99991754373794,0.999999999999937,"MYH11","KO",FALSE,"Activated",2.74351164234419e-14
"SNHG9",3.16378368054284e-09,-0.57323877738517,1.01960713314016e-08,0.999919433129712,0.999999999999937,"MYH11","KO",FALSE,"Activated",2.74351164234419e-14
"TUBA4A",3.14513310110857e-09,-0.574518359173341,1.00762134960948e-08,0.999919908073312,0.999999999999937,"MYH11","KO",FALSE,"Activated",2.74351164234419e-14
"LINC01127",3.11529811164309e-09,-0.576579710737238,9.88595264334706e-09,0.999920667831867,0.999999999999937,"MYH11","KO",FALSE,"Activated",2.74351164234419e-14
"CYB5D2",3.11253057790907e-09,-0.576771833831382,9.86839570099501e-09,0.999920738308092,0.999999999999937,"MYH11","KO",FALSE,"Activated",2.74351164234419e-14
"HIST1H2BH",3.10947876566622e-09,-0.576983871923467,9.84905341627163e-09,0.99992081602357,0.999999999999937,"MYH11","KO",FALSE,"Activated",2.74351164234419e-14
"RETREG1",3.10419582423629e-09,-0.577351375559722,9.81561516142391e-09,0.999920950555541,0.999999999999937,"MYH11","KO",FALSE,"Activated",2.74351164234419e-14
"NCF2",3.06489180635811e-09,-0.580103535137866,9.56862640125886e-09,0.999921951446253,0.999999999999937,"MYH11","KO",FALSE,"Activated",2.74351164234419e-14
"PDE3B",3.04668047450716e-09,-0.581389638530824,9.45525227247527e-09,0.999922415204258,0.999999999999937,"MYH11","KO",FALSE,"Activated",2.74351164234419e-14
"ICAM4",3.02871765709127e-09,-0.582665062434073,9.34408716279011e-09,0.999922872633754,0.999999999999937,"MYH11","KO",FALSE,"Activated",2.74351164234419e-14
"FLNB",2.98617317795179e-09,-0.585713546110793,9.0834176364435e-09,0.999923956043958,0.999999999999937,"MYH11","KO",FALSE,"Activated",2.74351164234419e-14
"TLR2",2.96058003724653e-09,-0.587566490419408,8.92838511786134e-09,0.999924607782335,0.999999999999937,"MYH11","KO",FALSE,"Activated",2.74351164234419e-14
"DSG3",2.94519920578259e-09,-0.588687087048505,8.83585644683577e-09,0.999924999460647,0.999999999999937,"MYH11","KO",FALSE,"Activated",2.74351164234419e-14
"GINS2",2.8851660916687e-09,-0.593112476176441,8.4793183513557e-09,0.999926528225124,0.999999999999937,"MYH11","KO",FALSE,"Activated",2.74351164234419e-14
"HMGA1",2.82070628784683e-09,-0.59795845512594,8.10466438453175e-09,0.99992816971682,0.999999999999937,"MYH11","KO",FALSE,"Activated",2.74351164234419e-14
"NR2F1",2.81428213805417e-09,-0.598446918759282,8.06778972753284e-09,0.999928333310066,0.999999999999937,"MYH11","KO",FALSE,"Activated",2.74351164234419e-14
"AC116366.1",2.81338631251484e-09,-0.598515113914609,8.06265436338047e-09,0.99992835612258,0.999999999999937,"MYH11","KO",FALSE,"Activated",2.74351164234419e-14
"AKR1B10",2.8091312229295e-09,-0.598839304737991,8.03828417823409e-09,0.999928464479941,0.999999999999937,"MYH11","KO",FALSE,"Activated",2.74351164234419e-14
"HLA-DRB1",2.79717503540029e-09,-0.599752631650197,7.97000491303507e-09,0.999928768948484,0.999999999999937,"MYH11","KO",FALSE,"Activated",2.74351164234419e-14
"GALNT3",2.75963379927575e-09,-0.602643655450386,7.75750765667385e-09,0.999929724949337,0.999999999999937,"MYH11","KO",FALSE,"Activated",2.74351164234419e-14
"RSAD2",2.7563936871489e-09,-0.602894848878834,7.73930202453209e-09,0.999929807459937,0.999999999999937,"MYH11","KO",FALSE,"Activated",2.74351164234419e-14
"HES1",2.746662155949e-09,-0.603650915643453,7.68475081287564e-09,0.99993005527682,0.999999999999937,"MYH11","KO",FALSE,"Activated",2.74351164234419e-14
"SLAMF7",2.73647905400895e-09,-0.604444680274628,7.62787484188356e-09,0.999930314593112,0.999999999999937,"MYH11","KO",FALSE,"Activated",2.74351164234419e-14
"LEPR",2.73255076058804e-09,-0.604751606161287,7.60599049890237e-09,0.999930414628493,0.999999999999937,"MYH11","KO",FALSE,"Activated",2.74351164234419e-14
"HLA-DQB1",2.72558106542259e-09,-0.605297152633026,7.56724001712367e-09,0.999930592114245,0.999999999999937,"MYH11","KO",FALSE,"Activated",2.74351164234419e-14
"SLC3A2",2.71179862380774e-09,-0.606379707833672,7.49090301086318e-09,0.999930943088994,0.999999999999937,"MYH11","KO",FALSE,"Activated",2.74351164234419e-14
"ENC1",2.71071952856765e-09,-0.60646467759998,7.48494254653157e-09,0.999930970568536,0.999999999999937,"MYH11","KO",FALSE,"Activated",2.74351164234419e-14
"CDKN2A",2.70120509067586e-09,-0.607215195285517,7.43249149777014e-09,0.999931212857061,0.999999999999937,"MYH11","KO",FALSE,"Activated",2.74351164234419e-14
"CRADD",2.68441300210999e-09,-0.608545676918502,7.34037030097074e-09,0.999931640473534,0.999999999999937,"MYH11","KO",FALSE,"Activated",2.74351164234419e-14
"DCBLD2",2.68409745485755e-09,-0.608570750975913,7.33864471139546e-09,0.999931648509056,0.999999999999937,"MYH11","KO",FALSE,"Activated",2.74351164234419e-14
"RHOD",2.68376208619923e-09,-0.60859740302487,7.33681094960702e-09,0.999931657049338,0.999999999999937,"MYH11","KO",FALSE,"Activated",2.74351164234419e-14
"IGHG1",2.64415755340826e-09,-0.611766322808187,7.12186866424153e-09,0.999932665592769,0.999999999999937,"MYH11","KO",FALSE,"Activated",2.74351164234419e-14
"SATB1",2.60582469100976e-09,-0.61487489263334,6.91687124822132e-09,0.999933641752665,0.999999999999937,"MYH11","KO",FALSE,"Activated",2.74351164234419e-14
"MCM3",2.58983459566139e-09,-0.616183909172748,6.83224384413026e-09,0.999934048946097,0.999999999999937,"MYH11","KO",FALSE,"Activated",2.74351164234419e-14
"MANCR",2.58743103527884e-09,-0.616381310201105,6.81956806138584e-09,0.999934110153612,0.999999999999937,"MYH11","KO",FALSE,"Activated",2.74351164234419e-14
"IGHG4",2.58399599449669e-09,-0.616663715081853,6.80147293584007e-09,0.99993419762814,0.999999999999937,"MYH11","KO",FALSE,"Activated",2.74351164234419e-14
"PLIN2",2.56823004117987e-09,-0.617964278734966,6.71872932936032e-09,0.999934599113717,0.999999999999937,"MYH11","KO",FALSE,"Activated",2.74351164234419e-14
"SNHG3",2.56653648686061e-09,-0.618104415064418,6.70987125882115e-09,0.999934642240676,0.999999999999937,"MYH11","KO",FALSE,"Activated",2.74351164234419e-14
"CCNE2",2.54356987139309e-09,-0.620013184791786,6.59032217824731e-09,0.99993522709366,0.999999999999937,"MYH11","KO",FALSE,"Activated",2.74351164234419e-14
"IVNS1ABP",2.53463961296388e-09,-0.620759621101805,6.54412728782756e-09,0.999935454505849,0.999999999999937,"MYH11","KO",FALSE,"Activated",2.74351164234419e-14
"VEGFA",2.53224461217924e-09,-0.620960214347955,6.53176593669175e-09,0.99993551549539,0.999999999999937,"MYH11","KO",FALSE,"Activated",2.74351164234419e-14
"GPC6",2.5258773570823e-09,-0.621494344422318,6.49895936495542e-09,0.999935677639793,0.999999999999937,"MYH11","KO",FALSE,"Activated",2.74351164234419e-14
"ITGB6",2.51516059645484e-09,-0.62239611412444,6.44392894848641e-09,0.999935950545892,0.999999999999937,"MYH11","KO",FALSE,"Activated",2.74351164234419e-14
"TUBA1B",2.50158322485971e-09,-0.623543626020233,6.37454533233666e-09,0.999936296298461,0.999999999999937,"MYH11","KO",FALSE,"Activated",2.74351164234419e-14
"AL355075.4",2.49091119925087e-09,-0.624449572956059,6.32027234222086e-09,0.999936568065367,0.999999999999937,"MYH11","KO",FALSE,"Activated",2.74351164234419e-14
"DENND2C",2.4591940541603e-09,-0.627163037290676,6.16034312031557e-09,0.999937375753682,0.999999999999937,"MYH11","KO",FALSE,"Activated",2.74351164234419e-14
"ITGBL1",2.44625513366229e-09,-0.628279141825323,6.0956890117794e-09,0.999937705247868,0.999999999999937,"MYH11","KO",FALSE,"Activated",2.74351164234419e-14
"BIN1",2.41918119081098e-09,-0.630632011622496,5.96150752396017e-09,0.999938394695396,0.999999999999937,"MYH11","KO",FALSE,"Activated",2.74351164234419e-14
"ERAP2",2.37255869378292e-09,-0.634740492990218,5.7339411619554e-09,0.999939581953769,0.999999999999937,"MYH11","KO",FALSE,"Activated",2.74351164234419e-14
"WEE1",2.36867457202863e-09,-0.635086077388645,5.71518243076618e-09,0.999939680864303,0.999999999999937,"MYH11","KO",FALSE,"Activated",2.74351164234419e-14
"KLK10",2.35764030521507e-09,-0.636070656782783,5.6620590830972e-09,0.99993996185581,0.999999999999937,"MYH11","KO",FALSE,"Activated",2.74351164234419e-14
"H2AFZ",2.32301000359784e-09,-0.639188155836067,5.4969458914691e-09,0.999940843728686,0.999999999999937,"MYH11","KO",FALSE,"Activated",2.74351164234419e-14
"CXCL2",2.30824875035124e-09,-0.64052986927813,5.42730864675183e-09,0.99994121962922,0.999999999999937,"MYH11","KO",FALSE,"Activated",2.74351164234419e-14
"CAPNS2",2.2722903140519e-09,-0.643831248508227,5.25952999855325e-09,0.999942135323516,0.999999999999937,"MYH11","KO",FALSE,"Activated",2.74351164234419e-14
"RRAD",2.26808452702263e-09,-0.644220485895656,5.24007826608315e-09,0.99994224242537,0.999999999999937,"MYH11","KO",FALSE,"Activated",2.74351164234419e-14
"TAF4B",2.2575014629841e-09,-0.645202841020957,5.19129110499326e-09,0.999942511926838,0.999999999999937,"MYH11","KO",FALSE,"Activated",2.74351164234419e-14
"FAM43A",2.22614958482508e-09,-0.64813781933835,5.04810045192188e-09,0.999943310313503,0.999999999999937,"MYH11","KO",FALSE,"Activated",2.74351164234419e-14
"LY6K",2.20643085651064e-09,-0.650003097224751,4.95906666801117e-09,0.999943812457892,0.999999999999937,"MYH11","KO",FALSE,"Activated",2.74351164234419e-14
"CDC42EP3",2.16142440113396e-09,-0.654317922082796,4.75882135929503e-09,0.999944958563194,0.999999999999937,"MYH11","KO",FALSE,"Activated",2.74351164234419e-14
"PDZK1IP1",2.15393992674848e-09,-0.655043383666041,4.72592119431953e-09,0.999945149157981,0.999999999999937,"MYH11","KO",FALSE,"Activated",2.74351164234419e-14
"SVEP1",2.1188050955966e-09,-0.658479922603971,4.57300124348152e-09,0.999946043878881,0.999999999999937,"MYH11","KO",FALSE,"Activated",2.74351164234419e-14
"CXXC5",2.11271102943412e-09,-0.659081254067072,4.54673351810334e-09,0.999946199066431,0.999999999999937,"MYH11","KO",FALSE,"Activated",2.74351164234419e-14
"UBD",2.08866768427027e-09,-0.661469230449295,4.4438357336213e-09,0.999946811338718,0.999999999999937,"MYH11","KO",FALSE,"Activated",2.74351164234419e-14
"HMGA2",2.08011566047421e-09,-0.662324648128775,4.40751977373428e-09,0.999947029119028,0.999999999999937,"MYH11","KO",FALSE,"Activated",2.74351164234419e-14
"DUSP6",2.05263680591002e-09,-0.665095053218845,4.29184002908322e-09,0.999947728877777,0.999999999999937,"MYH11","KO",FALSE,"Activated",2.74351164234419e-14
"ADAMTS5",2.02473135639423e-09,-0.667943221142294,4.17593874375589e-09,0.999948439499917,0.999999999999937,"MYH11","KO",FALSE,"Activated",2.74351164234419e-14
"LXN",2.02394925817717e-09,-0.668023559348919,4.17271326551778e-09,0.999948459416325,0.999999999999937,"MYH11","KO",FALSE,"Activated",2.74351164234419e-14
"NGFR",2.00173686644481e-09,-0.670317122729254,4.08162665601051e-09,0.999949025062736,0.999999999999937,"MYH11","KO",FALSE,"Activated",2.74351164234419e-14
"LINC02605",1.99918565266029e-09,-0.670582031809766,4.07122921905187e-09,0.999949090030297,0.999999999999937,"MYH11","KO",FALSE,"Activated",2.74351164234419e-14
"NRG1",1.9977151074064e-09,-0.67073486785056,4.06524205633956e-09,0.999949127478252,0.999999999999937,"MYH11","KO",FALSE,"Activated",2.74351164234419e-14
"AC245041.2",1.96269785465753e-09,-0.674404844879372,3.92397469081573e-09,0.999950019204977,0.999999999999937,"MYH11","KO",FALSE,"Activated",2.74351164234419e-14
"PPP1R14C",1.95984908632222e-09,-0.674706024151449,3.91259200929084e-09,0.99995009174987,0.999999999999937,"MYH11","KO",FALSE,"Activated",2.74351164234419e-14
"RTTN",1.92822777869509e-09,-0.678076133477673,3.78735463048081e-09,0.999950896997651,0.999999999999937,"MYH11","KO",FALSE,"Activated",2.74351164234419e-14
"NEFM",1.92294480185747e-09,-0.678644074851698,3.76662979987657e-09,0.999951031530524,0.999999999999937,"MYH11","KO",FALSE,"Activated",2.74351164234419e-14
"DSG1",1.91760648090579e-09,-0.679219409919079,3.74574561391822e-09,0.999951167472755,0.999999999999937,"MYH11","KO",FALSE,"Activated",2.74351164234419e-14
"MET",1.91296066526913e-09,-0.679721297814253,3.72761784514636e-09,0.999951285780093,0.999999999999937,"MYH11","KO",FALSE,"Activated",2.74351164234419e-14
"PCSK5",1.91224287645116e-09,-0.679798939501655,3.72482098635799e-09,0.99995130405884,0.999999999999937,"MYH11","KO",FALSE,"Activated",2.74351164234419e-14
"CALHM6",1.89242433177435e-09,-0.681953212313466,3.64801275985629e-09,0.999951808745088,0.999999999999937,"MYH11","KO",FALSE,"Activated",2.74351164234419e-14
"DKK1",1.88327877990856e-09,-0.682954262902163,3.61283833078969e-09,0.999952041639801,0.999999999999937,"MYH11","KO",FALSE,"Activated",2.74351164234419e-14
"LINP1",1.85647808289293e-09,-0.685913488759853,3.51074232335713e-09,0.999952724129028,0.999999999999937,"MYH11","KO",FALSE,"Activated",2.74351164234419e-14
"RGS12",1.8484826259713e-09,-0.686803844277058,3.48056739856147e-09,0.999952927736167,0.999999999999937,"MYH11","KO",FALSE,"Activated",2.74351164234419e-14
"ACP5",1.84806845763652e-09,-0.686850060501024,3.47900787153262e-09,0.99995293828311,0.999999999999937,"MYH11","KO",FALSE,"Activated",2.74351164234419e-14
"TRIML2",1.82544030292943e-09,-0.689389526829394,3.39433397975689e-09,0.999953514517072,0.999999999999937,"MYH11","KO",FALSE,"Activated",2.74351164234419e-14
"NT5C3A",1.82349737325177e-09,-0.689608907176212,3.3871122234435e-09,0.999953563994463,0.999999999999937,"MYH11","KO",FALSE,"Activated",2.74351164234419e-14
"FSTL3",1.82087713973345e-09,-0.689905100421296,3.37738514763351e-09,0.999953630719636,0.999999999999937,"MYH11","KO",FALSE,"Activated",2.74351164234419e-14
"EFNB2",1.8197789236937e-09,-0.690029358973078,3.37331240715465e-09,0.999953658686096,0.999999999999937,"MYH11","KO",FALSE,"Activated",2.74351164234419e-14
"CDKN1C",1.81164732907639e-09,-0.69095154375368,3.34323279371994e-09,0.999953865760029,0.999999999999937,"MYH11","KO",FALSE,"Activated",2.74351164234419e-14
"SOX15",1.80998342193408e-09,-0.691140707580522,3.33709443086636e-09,0.999953908132012,0.999999999999937,"MYH11","KO",FALSE,"Activated",2.74351164234419e-14
"TM4SF1",1.78746698927878e-09,-0.693716202757049,3.25458307888405e-09,0.999954481520933,0.999999999999937,"MYH11","KO",FALSE,"Activated",2.74351164234419e-14
"KRT8",1.77827767671382e-09,-0.694775793862437,3.22120567398862e-09,0.999954715530027,0.999999999999937,"MYH11","KO",FALSE,"Activated",2.74351164234419e-14
"C6orf141",1.77785367735597e-09,-0.694824804061496,3.21966977627046e-09,0.999954726327321,0.999999999999937,"MYH11","KO",FALSE,"Activated",2.74351164234419e-14
"AIFM1",1.77643107692701e-09,-0.694989320566486,3.21451921620724e-09,0.999954762554344,0.999999999999937,"MYH11","KO",FALSE,"Activated",2.74351164234419e-14
"SPRR1B",1.7696374270067e-09,-0.695776628618105,3.18997949711982e-09,0.999954935557042,0.999999999999937,"MYH11","KO",FALSE,"Activated",2.74351164234419e-14
"SNCA",1.76300614802583e-09,-0.696547776560517,3.16611697066151e-09,0.999955104424906,0.999999999999937,"MYH11","KO",FALSE,"Activated",2.74351164234419e-14
"HIST1H2AL",1.76284600268688e-09,-0.696566432395813,3.16554179870632e-09,0.999955108503064,0.999999999999937,"MYH11","KO",FALSE,"Activated",2.74351164234419e-14
"IFIT1",1.75932689014574e-09,-0.696976774663818,3.15291587594592e-09,0.999955198118509,0.999999999999937,"MYH11","KO",FALSE,"Activated",2.74351164234419e-14
"TNS4",1.7332992651516e-09,-0.700035098484849,3.06031695096126e-09,0.999955860921184,0.999999999999937,"MYH11","KO",FALSE,"Activated",2.74351164234419e-14
"GADD45G",1.72613880858311e-09,-0.70088380233712,3.03508414327083e-09,0.999956043264743,0.999999999999937,"MYH11","KO",FALSE,"Activated",2.74351164234419e-14
"SDR16C5",1.71064033762459e-09,-0.702731807399671,2.9808266431122e-09,0.999956437938787,0.999999999999937,"MYH11","KO",FALSE,"Activated",2.74351164234419e-14
"C12orf75",1.67880017948411e-09,-0.706576653864897,2.87089504669697e-09,0.999957248759674,0.999999999999937,"MYH11","KO",FALSE,"Activated",2.74351164234419e-14
"DHCR24",1.66199981811595e-09,-0.708632196482228,2.81372238624092e-09,0.999957676586818,0.999999999999937,"MYH11","KO",FALSE,"Activated",2.74351164234419e-14
"AC108134.2",1.6446253162191e-09,-0.710777969264553,2.75520072748067e-09,0.999958119034654,0.999999999999937,"MYH11","KO",FALSE,"Activated",2.74351164234419e-14
"PCSK1",1.63611239456128e-09,-0.711836865279344,2.72675156737204e-09,0.999958335819214,0.999999999999937,"MYH11","KO",FALSE,"Activated",2.74351164234419e-14
"ANXA3",1.61919280065844e-09,-0.713956409473388,2.67064664724696e-09,0.999958766682657,0.999999999999937,"MYH11","KO",FALSE,"Activated",2.74351164234419e-14
"C10orf99",1.61343848591607e-09,-0.714681855692869,2.65169839809691e-09,0.999958913218317,0.999999999999937,"MYH11","KO",FALSE,"Activated",2.74351164234419e-14
"BAMBI",1.60724564511607e-09,-0.715465221770863,2.63138150239308e-09,0.999959070921198,0.999999999999937,"MYH11","KO",FALSE,"Activated",2.74351164234419e-14
"KLK8",1.60176214503901e-09,-0.716161155457804,2.6134569661814e-09,0.999959210560467,0.999999999999937,"MYH11","KO",FALSE,"Activated",2.74351164234419e-14
"MSMO1",1.57836712882083e-09,-0.719154881807117,2.537671238102e-09,0.999959806322828,0.999999999999937,"MYH11","KO",FALSE,"Activated",2.74351164234419e-14
"TP53AIP1",1.54642209636356e-09,-0.723308586501412,2.43598940565781e-09,0.999960619814378,0.999999999999937,"MYH11","KO",FALSE,"Activated",2.74351164234419e-14
"ITGB8",1.51428573138294e-09,-0.727566706560021,2.33579627949038e-09,0.999961438178277,0.999999999999937,"MYH11","KO",FALSE,"Activated",2.74351164234419e-14
"CD14",1.50539369962214e-09,-0.728759437243018,2.30844477953476e-09,0.999961664617011,0.999999999999937,"MYH11","KO",FALSE,"Activated",2.74351164234419e-14
"GALNT6",1.49290534040314e-09,-0.730445430163796,2.27030311604878e-09,0.999961982637495,0.999999999999937,"MYH11","KO",FALSE,"Activated",2.74351164234419e-14
"TRIM59",1.48256898417948e-09,-0.731850626216977,2.23897437253507e-09,0.999962245856462,0.999999999999937,"MYH11","KO",FALSE,"Activated",2.74351164234419e-14
"TUBA1C",1.4347454439525e-09,-0.738470414392151,2.09685795071494e-09,0.999963463699827,0.999999999999937,"MYH11","KO",FALSE,"Activated",2.74351164234419e-14
"BHLHE41",1.43171014149122e-09,-0.738897308923038,2.08799524164904e-09,0.999963540994877,0.999999999999937,"MYH11","KO",FALSE,"Activated",2.74351164234419e-14
"CPVL",1.40787319981564e-09,-0.742278735401035,2.01904679988453e-09,0.999964148011028,0.999999999999937,"MYH11","KO",FALSE,"Activated",2.74351164234419e-14
"C16orf74",1.40449871757795e-09,-0.742761630725663,2.00937963332684e-09,0.999964233943411,0.999999999999937,"MYH11","KO",FALSE,"Activated",2.74351164234419e-14
"KRT75",1.40178600195954e-09,-0.743150591944958,2.00162510652466e-09,0.999964303023674,0.999999999999937,"MYH11","KO",FALSE,"Activated",2.74351164234419e-14
"FGFR3",1.38240139049654e-09,-0.745950147443252,1.94664888786092e-09,0.99996479665966,0.999999999999937,"MYH11","KO",FALSE,"Activated",2.74351164234419e-14
"IGLC3",1.37249215043645e-09,-0.747395080278638,1.91884122608109e-09,0.999965049001963,0.999999999999937,"MYH11","KO",FALSE,"Activated",2.74351164234419e-14
"MIR205HG",1.36797814495483e-09,-0.748056447167019,1.9062401833822e-09,0.999965163952709,0.999999999999937,"MYH11","KO",FALSE,"Activated",2.74351164234419e-14
"FRMD6-AS1",1.3561158217806e-09,-0.749803961193762,1.87332387381595e-09,0.999965466030964,0.999999999999937,"MYH11","KO",FALSE,"Activated",2.74351164234419e-14
"SCD",1.35397598836222e-09,-0.750120673566009,1.86741665210002e-09,0.999965520522579,0.999999999999937,"MYH11","KO",FALSE,"Activated",2.74351164234419e-14
"KRT18",1.34626057178592e-09,-0.751266410841733,1.84619493626252e-09,0.999965716998391,0.999999999999937,"MYH11","KO",FALSE,"Activated",2.74351164234419e-14
"TGFBI",1.34172843843977e-09,-0.751942220089382,1.83378557379387e-09,0.999965832410769,0.999999999999937,"MYH11","KO",FALSE,"Activated",2.74351164234419e-14
"PLSCR3",1.32731083603638e-09,-0.75410600221533,1.79458726668373e-09,0.999966199560113,0.999999999999937,"MYH11","KO",FALSE,"Activated",2.74351164234419e-14
"KCTD14",1.30977825899208e-09,-0.756766280723053,1.74749063358165e-09,0.999966646033389,0.999999999999937,"MYH11","KO",FALSE,"Activated",2.74351164234419e-14
"MAL2",1.28553957237366e-09,-0.760497969276629,1.68341115984385e-09,0.999967263280116,0.999999999999937,"MYH11","KO",FALSE,"Activated",2.74351164234419e-14
"SEMA3C",1.27115929837376e-09,-0.762742269082959,1.6459599335434e-09,0.999967629478879,0.999999999999937,"MYH11","KO",FALSE,"Activated",2.74351164234419e-14
"MCM6",1.26737311190305e-09,-0.7633370128243,1.63616945288295e-09,0.999967725895457,0.999999999999937,"MYH11","KO",FALSE,"Activated",2.74351164234419e-14
"DSP",1.24145976190942e-09,-0.767451494332626,1.56994557708621e-09,0.999968385788079,0.999999999999937,"MYH11","KO",FALSE,"Activated",2.74351164234419e-14
"KC877982.1",1.23321536157341e-09,-0.768776921250081,1.54916313557182e-09,0.999968595734649,0.999999999999937,"MYH11","KO",FALSE,"Activated",2.74351164234419e-14
"GCLC",1.22191059313847e-09,-0.770607522535373,1.52089125156682e-09,0.999968883614576,0.999999999999937,"MYH11","KO",FALSE,"Activated",2.74351164234419e-14
"GPRC5A",1.20178999057679e-09,-0.773904149830838,1.47121609414246e-09,0.999969395992836,0.999999999999937,"MYH11","KO",FALSE,"Activated",2.74351164234419e-14
"TENM2",1.19666212511211e-09,-0.774752344597983,1.45868794321161e-09,0.999969526575744,0.999999999999937,"MYH11","KO",FALSE,"Activated",2.74351164234419e-14
"KCNMA1",1.16337753825736e-09,-0.780339704485426,1.37867103352961e-09,0.99997037417952,0.999999999999937,"MYH11","KO",FALSE,"Activated",2.74351164234419e-14
"RHOV",1.15758724787943e-09,-0.781326522590833,1.36498151426855e-09,0.999970521631312,0.999999999999937,"MYH11","KO",FALSE,"Activated",2.74351164234419e-14
"S100A7",1.15696548572345e-09,-0.781432754138085,1.36351559292929e-09,0.999970537464705,0.999999999999937,"MYH11","KO",FALSE,"Activated",2.74351164234419e-14
"ULBP2",1.1472726873462e-09,-0.783095575448931,1.34076483612455e-09,0.999970784295244,0.999999999999937,"MYH11","KO",FALSE,"Activated",2.74351164234419e-14
"AREG",1.13826022397015e-09,-0.784653192256169,1.31978267129601e-09,0.999971013800811,0.999999999999937,"MYH11","KO",FALSE,"Activated",2.74351164234419e-14
"LDLR",1.12150812881188e-09,-0.787578497526978,1.28122131012795e-09,0.999971440398839,0.999999999999937,"MYH11","KO",FALSE,"Activated",2.74351164234419e-14
"ATP1B1",1.11920071831479e-09,-0.787984536054656,1.27595471909956e-09,0.999971499157864,0.999999999999937,"MYH11","KO",FALSE,"Activated",2.74351164234419e-14
"ZFAND2A",1.11376396948044e-09,-0.788944268946793,1.26358840061406e-09,0.999971637606596,0.999999999999937,"MYH11","KO",FALSE,"Activated",2.74351164234419e-14
"HSBP1L1",1.09557287822869e-09,-0.792186779172727,1.22264914042299e-09,0.999972100849168,0.999999999999937,"MYH11","KO",FALSE,"Activated",2.74351164234419e-14
"SLC7A1",1.04650331063923e-09,-0.801184027523273,1.11557947474465e-09,0.999973350423061,0.999999999999937,"MYH11","KO",FALSE,"Activated",2.74351164234419e-14
"HIST1H2BN",1.04203989972619e-09,-0.802021364226265,1.10608371674827e-09,0.999973464085399,0.999999999999937,"MYH11","KO",FALSE,"Activated",2.74351164234419e-14
"CYP24A1",1.01141327224109e-09,-0.807856561755854,1.04202130541262e-09,0.9999742440033,0.999999999999937,"MYH11","KO",FALSE,"Activated",2.74351164234419e-14
"FBN2",1.00760955896949e-09,-0.80859246142927,1.03419839595223e-09,0.999974340866204,0.999999999999937,"MYH11","KO",FALSE,"Activated",2.74351164234419e-14
"LINC00707",1.00218131005273e-09,-0.809647047700329,1.02308543149863e-09,0.999974479098482,0.999999999999937,"MYH11","KO",FALSE,"Activated",2.74351164234419e-14
"PAG1",9.99183222324268e-10,-0.810231738614815,1.01697334012868e-09,0.999974555445846,0.999999999999937,"MYH11","KO",FALSE,"Activated",2.74351164234419e-14
"IFIH1",9.74788034416813e-10,-0.815049566253616,9.67920484587626e-10,0.999975176677934,0.999999999999937,"MYH11","KO",FALSE,"Activated",2.74351164234419e-14
"DDIT4",9.70599793805113e-10,-0.815887720650172,9.59620885390952e-10,0.999975283332963,0.999999999999937,"MYH11","KO",FALSE,"Activated",2.74351164234419e-14
"CCL2",9.63088377989438e-10,-0.817399189714764,9.44825456910807e-10,0.999975474613823,0.999999999999937,"MYH11","KO",FALSE,"Activated",2.74351164234419e-14
"SERPINE2",9.49010556963925e-10,-0.820261090760868,9.17405605231874e-10,0.999975833110515,0.999999999999937,"MYH11","KO",FALSE,"Activated",2.74351164234419e-14
"TRIB3",9.4570529825097e-10,-0.820938618600611,9.11026366573784e-10,0.999975917280097,0.999999999999937,"MYH11","KO",FALSE,"Activated",2.74351164234419e-14
"PLAT",9.31332943685474e-10,-0.82391001652713,8.8354613769561e-10,0.999976283277189,0.999999999999937,"MYH11","KO",FALSE,"Activated",2.74351164234419e-14
"SLPI",9.28486265717062e-10,-0.824503496364544,8.78153163139579e-10,0.99997635576885,0.999999999999937,"MYH11","KO",FALSE,"Activated",2.74351164234419e-14
"MIR3945HG",9.25814995390873e-10,-0.825061914629563,8.73107509493054e-10,0.999976423793694,0.999999999999937,"MYH11","KO",FALSE,"Activated",2.74351164234419e-14
"ZBP1",9.2424828780756e-10,-0.825390110971433,8.70154982806467e-10,0.999976463690457,0.999999999999937,"MYH11","KO",FALSE,"Activated",2.74351164234419e-14
"MMP28",9.23757215948072e-10,-0.825493085672101,8.69230566473291e-10,0.999976476195775,0.999999999999937,"MYH11","KO",FALSE,"Activated",2.74351164234419e-14
"KLHDC7B",9.23554059555871e-10,-0.825535700864452,8.68848279169517e-10,0.999976481369225,0.999999999999937,"MYH11","KO",FALSE,"Activated",2.74351164234419e-14
"GJB5",9.22031314383166e-10,-0.825855392038716,8.65985547297383e-10,0.999976520146469,0.999999999999937,"MYH11","KO",FALSE,"Activated",2.74351164234419e-14
"KDM7A-DT",9.20621073916978e-10,-0.826151892295459,8.63338535427283e-10,0.999976556058741,0.999999999999937,"MYH11","KO",FALSE,"Activated",2.74351164234419e-14
"DACT1",9.17640046054576e-10,-0.826780010027395,8.57756500635532e-10,0.99997663197167,0.999999999999937,"MYH11","KO",FALSE,"Activated",2.74351164234419e-14
"AMIGO2",9.1678993958623e-10,-0.826959472013343,8.56167976698462e-10,0.999976653619932,0.999999999999937,"MYH11","KO",FALSE,"Activated",2.74351164234419e-14
"SFRP1",9.04873690544954e-10,-0.829491122742877,8.3405602582732e-10,0.999976957071428,0.999999999999937,"MYH11","KO",FALSE,"Activated",2.74351164234419e-14
"HIST1H2AC",9.00134520934791e-10,-0.830506416207553,8.25342363302327e-10,0.999977077756059,0.999999999999937,"MYH11","KO",FALSE,"Activated",2.74351164234419e-14
"SOX9",8.8841381578646e-10,-0.833038439469056,8.03988634412885e-10,0.999977376227961,0.999999999999937,"MYH11","KO",FALSE,"Activated",2.74351164234419e-14
"CDK6",8.80237387853773e-10,-0.834822853527458,7.89257875926434e-10,0.99997758444359,0.999999999999937,"MYH11","KO",FALSE,"Activated",2.74351164234419e-14
"FGFBP1",8.79095632975432e-10,-0.835073227813617,7.87211712904168e-10,0.999977613518782,0.999999999999937,"MYH11","KO",FALSE,"Activated",2.74351164234419e-14
"GPX2",8.68277925002985e-10,-0.837460227109346,7.67956855138143e-10,0.999977888995541,0.999999999999937,"MYH11","KO",FALSE,"Activated",2.74351164234419e-14
"BCAR3",8.4257774404539e-10,-0.843241491493058,7.23168113954161e-10,0.999978543459739,0.999999999999937,"MYH11","KO",FALSE,"Activated",2.74351164234419e-14
"CFD",8.3854182733619e-10,-0.844163914093819,7.16256808284e-10,0.999978646235785,0.999999999999937,"MYH11","KO",FALSE,"Activated",2.74351164234419e-14
"MDK",8.27120560900562e-10,-0.846796347599844,6.96878291023402e-10,0.999978937082375,0.999999999999937,"MYH11","KO",FALSE,"Activated",2.74351164234419e-14
"EPCAM",8.22337681144364e-10,-0.847908568150895,6.88842102988623e-10,0.999979058880099,0.999999999999937,"MYH11","KO",FALSE,"Activated",2.74351164234419e-14
"TGM1",8.21406372313926e-10,-0.848125821014475,6.87282740016058e-10,0.999979082596208,0.999999999999937,"MYH11","KO",FALSE,"Activated",2.74351164234419e-14
"SPRR2D",8.17130982262941e-10,-0.84912605605449,6.80146796709859e-10,0.999979191470528,0.999999999999937,"MYH11","KO",FALSE,"Activated",2.74351164234419e-14
"SOX2",8.11873193636313e-10,-0.850362674574286,6.71422214841112e-10,0.999979325361975,0.999999999999937,"MYH11","KO",FALSE,"Activated",2.74351164234419e-14
"AKR1C3",8.11299872941597e-10,-0.850497958442782,6.70474272879237e-10,0.999979339961789,0.999999999999937,"MYH11","KO",FALSE,"Activated",2.74351164234419e-14
"CMPK2",8.08865970852252e-10,-0.851073245452988,6.66457457439295e-10,0.999979401941967,0.999999999999937,"MYH11","KO",FALSE,"Activated",2.74351164234419e-14
"AL161431.1",8.03737231399614e-10,-0.852290669806201,6.5803269901102e-10,0.999979532547131,0.999999999999937,"MYH11","KO",FALSE,"Activated",2.74351164234419e-14
"MEG8",8.02409429961295e-10,-0.852607005828615,6.55860309805768e-10,0.999979566360064,0.999999999999937,"MYH11","KO",FALSE,"Activated",2.74351164234419e-14
"CES1",7.89559078803455e-10,-0.855693336360565,6.35021698679318e-10,0.999979893598801,0.999999999999937,"MYH11","KO",FALSE,"Activated",2.74351164234419e-14
"NES",7.84993651001171e-10,-0.856800848918357,6.27699222113656e-10,0.999980009859035,0.999999999999937,"MYH11","KO",FALSE,"Activated",2.74351164234419e-14
"LINC01322",7.82536319176646e-10,-0.857399393765094,6.23775493512279e-10,0.999980072435859,0.999999999999937,"MYH11","KO",FALSE,"Activated",2.74351164234419e-14
"CDA",7.6715586154222e-10,-0.861185012367886,5.99496314257919e-10,0.999980464104652,0.999999999999937,"MYH11","KO",FALSE,"Activated",2.74351164234419e-14
"SEMA3B",7.62059759524662e-10,-0.862454565875641,5.91558039231908e-10,0.999980593878692,0.999999999999937,"MYH11","KO",FALSE,"Activated",2.74351164234419e-14
"C15orf48",7.59254536633315e-10,-0.863156710213,5.87210879254697e-10,0.999980665314686,0.999999999999937,"MYH11","KO",FALSE,"Activated",2.74351164234419e-14
"HIST1H1C",7.56837451843788e-10,-0.863763599756243,5.83478061902988e-10,0.999980726866605,0.999999999999937,"MYH11","KO",FALSE,"Activated",2.74351164234419e-14
"HEY1",7.46528246752214e-10,-0.866372032527809,5.67690716215448e-10,0.999980989394158,0.999999999999937,"MYH11","KO",FALSE,"Activated",2.74351164234419e-14
"PLTP",7.39061996124812e-10,-0.868281685811539,5.56392213231274e-10,0.999981179524871,0.999999999999937,"MYH11","KO",FALSE,"Activated",2.74351164234419e-14
"AGR2",7.38118673246634e-10,-0.868524208578006,5.54972785501796e-10,0.999981203546922,0.999999999999937,"MYH11","KO",FALSE,"Activated",2.74351164234419e-14
"AC015912.3",7.36828298033403e-10,-0.868856413608516,5.53034080545517e-10,0.999981236406783,0.999999999999937,"MYH11","KO",FALSE,"Activated",2.74351164234419e-14
"IL18BP",7.33883285511652e-10,-0.869616589560683,5.48622096221279e-10,0.999981311402569,0.999999999999937,"MYH11","KO",FALSE,"Activated",2.74351164234419e-14
"SLC7A5",7.29551117611905e-10,-0.870739882514925,5.42164099168488e-10,0.999981421722757,0.999999999999937,"MYH11","KO",FALSE,"Activated",2.74351164234419e-14
"IL20",7.27296556989328e-10,-0.871326873578675,5.38818334700746e-10,0.99998147913594,0.999999999999937,"MYH11","KO",FALSE,"Activated",2.74351164234419e-14
"FOXD1",7.24664686266021e-10,-0.872014198207142,5.34925742760158e-10,0.999981546157459,0.999999999999937,"MYH11","KO",FALSE,"Activated",2.74351164234419e-14
"KLK9",7.21617989857283e-10,-0.872812698720081,5.30437238240248e-10,0.99998162374266,0.999999999999937,"MYH11","KO",FALSE,"Activated",2.74351164234419e-14
"MIR99AHG",7.15089515492535e-10,-0.874534110183374,5.20882927418755e-10,0.999981789992569,0.999999999999937,"MYH11","KO",FALSE,"Activated",2.74351164234419e-14
"MBOAT2",6.88349262238589e-10,-0.881737547985875,4.82655216755219e-10,0.999982470942576,0.999999999999937,"MYH11","KO",FALSE,"Activated",2.74351164234419e-14
"DAPL1",6.71394071646946e-10,-0.886438110858608,4.59170846632054e-10,0.999982902712501,0.999999999999937,"MYH11","KO",FALSE,"Activated",2.74351164234419e-14
"SLCO1B3",6.71311125890592e-10,-0.886461370590967,4.59057399337418e-10,0.999982904824744,0.999999999999937,"MYH11","KO",FALSE,"Activated",2.74351164234419e-14
"SAA1",6.49826467100566e-10,-0.892576016631452,4.30144222433256e-10,0.999983451939179,0.999999999999937,"MYH11","KO",FALSE,"Activated",2.74351164234419e-14
"TSTD1",6.32300255335153e-10,-0.897701862462082,4.07254616872021e-10,0.99998389825036,0.999999999999937,"MYH11","KO",FALSE,"Activated",2.74351164234419e-14
"AIM2",6.27487687421919e-10,-0.899132002240578,4.01078811219239e-10,0.999984020804104,0.999999999999937,"MYH11","KO",FALSE,"Activated",2.74351164234419e-14
"LGALS7B",6.13593475097635e-10,-0.903317637703483,3.83513598356829e-10,0.999984374625136,0.999999999999937,"MYH11","KO",FALSE,"Activated",2.74351164234419e-14
"SNHG4",6.12563310792053e-10,-0.903631398818188,3.82226914637276e-10,0.999984400858634,0.999999999999937,"MYH11","KO",FALSE,"Activated",2.74351164234419e-14
"H19",6.08057726495703e-10,-0.905009348885168,3.76624809280307e-10,0.999984515594932,0.999999999999937,"MYH11","KO",FALSE,"Activated",2.74351164234419e-14
"CYB5R1",6.04362407314249e-10,-0.906146446438195,3.72061032460696e-10,0.999984609697542,0.999999999999937,"MYH11","KO",FALSE,"Activated",2.74351164234419e-14
"GBP6",6.03456264348071e-10,-0.906426244061021,3.70946179055325e-10,0.999984632772793,0.999999999999937,"MYH11","KO",FALSE,"Activated",2.74351164234419e-14
"TNFSF13B",5.81344606762404e-10,-0.913375141356638,3.44260026324612e-10,0.999985195853974,0.999999999999937,"MYH11","KO",FALSE,"Activated",2.74351164234419e-14
"ITGB4",5.78789020022928e-10,-0.914193712018389,3.41239949830493e-10,0.999985260932894,0.999999999999937,"MYH11","KO",FALSE,"Activated",2.74351164234419e-14
"NECTIN1",5.73072247962962e-10,-0.916036802973942,3.3453230044702e-10,0.999985406512516,0.999999999999937,"MYH11","KO",FALSE,"Activated",2.74351164234419e-14
"USP18",5.7082812932145e-10,-0.91676488400053,3.31917411082711e-10,0.999985463659791,0.999999999999937,"MYH11","KO",FALSE,"Activated",2.74351164234419e-14
"FAT2",5.7056907346833e-10,-0.916849099595184,3.31616214864132e-10,0.99998547025674,0.999999999999937,"MYH11","KO",FALSE,"Activated",2.74351164234419e-14
"ERRFI1",5.70287389268588e-10,-0.916940710854989,3.31288864524263e-10,0.999985477429928,0.999999999999937,"MYH11","KO",FALSE,"Activated",2.74351164234419e-14
"ISG15",5.55325131915497e-10,-0.921867017998041,3.14133287188104e-10,0.999985858449103,0.999999999999937,"MYH11","KO",FALSE,"Activated",2.74351164234419e-14
"SNAI1",5.50917651056106e-10,-0.923341209465783,3.09166675715467e-10,0.999985970687162,0.999999999999937,"MYH11","KO",FALSE,"Activated",2.74351164234419e-14
"WNT10A",5.43497512579028e-10,-0.925847474707041,3.00894620700668e-10,0.999986159643613,0.999999999999937,"MYH11","KO",FALSE,"Activated",2.74351164234419e-14
"IL1A",5.43203827052804e-10,-0.925947310654246,3.00569524384669e-10,0.999986167122419,0.999999999999937,"MYH11","KO",FALSE,"Activated",2.74351164234419e-14
"LINC02577",5.37640942882635e-10,-0.927847702620983,2.9444485507627e-10,0.999986308783232,0.999999999999937,"MYH11","KO",FALSE,"Activated",2.74351164234419e-14
"PTPRZ1",5.30507322938159e-10,-0.930311045562786,2.8668308435732e-10,0.999986490443387,0.999999999999937,"MYH11","KO",FALSE,"Activated",2.74351164234419e-14
"MISP",5.16794896513062e-10,-0.935132005954613,2.72054387636798e-10,0.999986839635176,0.999999999999937,"MYH11","KO",FALSE,"Activated",2.74351164234419e-14
"HAS3",5.09974254134881e-10,-0.93757348513791,2.64920645729109e-10,0.999987013325246,0.999999999999937,"MYH11","KO",FALSE,"Activated",2.74351164234419e-14
"PI3",5.00692392292939e-10,-0.940944140318666,2.55364949498516e-10,0.999987249691141,0.999999999999937,"MYH11","KO",FALSE,"Activated",2.74351164234419e-14
"KCTD11",4.92093177966216e-10,-0.944118023102619,2.46668669155325e-10,0.999987468673175,0.999999999999937,"MYH11","KO",FALSE,"Activated",2.74351164234419e-14
"CXCL9",4.90108727349416e-10,-0.94485762637662,2.44683212683584e-10,0.999987519207912,0.999999999999937,"MYH11","KO",FALSE,"Activated",2.74351164234419e-14
"SFTA1P",4.87907846487062e-10,-0.945681086678317,2.42490599350659e-10,0.999987575254122,0.999999999999937,"MYH11","KO",FALSE,"Activated",2.74351164234419e-14
"CTSV",4.66404657766467e-10,-0.953909344254125,2.21587399012517e-10,0.999988122840428,0.999999999999937,"MYH11","KO",FALSE,"Activated",2.74351164234419e-14
"TINCR",4.63357917645229e-10,-0.955102993583582,2.18701861166617e-10,0.999988200426742,0.999999999999937,"MYH11","KO",FALSE,"Activated",2.74351164234419e-14
"CD274",4.62893484246603e-10,-0.955285575860786,2.18263661922796e-10,0.999988212253703,0.999999999999937,"MYH11","KO",FALSE,"Activated",2.74351164234419e-14
"MTURN",4.59094556893186e-10,-0.956785334441044,2.14695820209998e-10,0.999988308994732,0.999999999999937,"MYH11","KO",FALSE,"Activated",2.74351164234419e-14
"CNFN",4.58775905362092e-10,-0.956911645979255,2.14397888516122e-10,0.999988317109306,0.999999999999937,"MYH11","KO",FALSE,"Activated",2.74351164234419e-14
"KHDC1L",4.54990113077311e-10,-0.958418450729384,2.10874089847486e-10,0.999988413515845,0.999999999999937,"MYH11","KO",FALSE,"Activated",2.74351164234419e-14
"CXCL10",4.53965372679162e-10,-0.958828275235232,2.09925287447097e-10,0.999988439611222,0.999999999999937,"MYH11","KO",FALSE,"Activated",2.74351164234419e-14
"KBTBD7",4.51937776706724e-10,-0.959641658428137,2.08054249949072e-10,0.999988491244671,0.999999999999937,"MYH11","KO",FALSE,"Activated",2.74351164234419e-14
"TREM2",4.4805014348518e-10,-0.96121053779333,2.04490220638279e-10,0.999988590244626,0.999999999999937,"MYH11","KO",FALSE,"Activated",2.74351164234419e-14
"AC103591.3",4.47860328631191e-10,-0.961287455534782,2.04316994226197e-10,0.999988595078328,0.999999999999937,"MYH11","KO",FALSE,"Activated",2.74351164234419e-14
"OBSCN",4.46440095791068e-10,-0.961863912631936,2.03023208696297e-10,0.999988631245059,0.999999999999937,"MYH11","KO",FALSE,"Activated",2.74351164234419e-14
"AKR1C2",4.44667965739694e-10,-0.962585545588412,2.01414619065181e-10,0.999988676372978,0.999999999999937,"MYH11","KO",FALSE,"Activated",2.74351164234419e-14
"POLM",4.4280039370405e-10,-0.963348881246381,1.99726319367694e-10,0.99998872393136,0.999999999999937,"MYH11","KO",FALSE,"Activated",2.74351164234419e-14
"ARL14",4.41910503898061e-10,-0.963713638329806,1.98924351605589e-10,0.999988746592719,0.999999999999937,"MYH11","KO",FALSE,"Activated",2.74351164234419e-14
"HCAR2",4.30461562908152e-10,-0.968467039507435,1.88750477246255e-10,0.999989038144051,0.999999999999937,"MYH11","KO",FALSE,"Activated",2.74351164234419e-14
"MMP9",4.26638625151843e-10,-0.97007989838901,1.8541277093848e-10,0.999989135496513,0.999999999999937,"MYH11","KO",FALSE,"Activated",2.74351164234419e-14
"TSLP",4.25141720968664e-10,-0.970715011977987,1.84113975008297e-10,0.999989173615707,0.999999999999937,"MYH11","KO",FALSE,"Activated",2.74351164234419e-14
"NAV3",4.22738887564567e-10,-0.971738764668527,1.82038690396767e-10,0.99998923480471,0.999999999999937,"MYH11","KO",FALSE,"Activated",2.74351164234419e-14
"LINC02802",4.20719206289065e-10,-0.972603375210013,1.80303426019882e-10,0.999989286236608,0.999999999999937,"MYH11","KO",FALSE,"Activated",2.74351164234419e-14
"TJP2",4.18265033447284e-10,-0.973659085643435,1.78206040571329e-10,0.999989348732987,0.999999999999937,"MYH11","KO",FALSE,"Activated",2.74351164234419e-14
"LYPD3",4.14422890736427e-10,-0.975323232177808,1.74947110358066e-10,0.99998944657451,0.999999999999937,"MYH11","KO",FALSE,"Activated",2.74351164234419e-14
"IMPA2",4.14179250530397e-10,-0.975429232729854,1.747414671779e-10,0.999989452778894,0.999999999999937,"MYH11","KO",FALSE,"Activated",2.74351164234419e-14
"PPP2R2C",4.11263570273554e-10,-0.976702179418616,1.72289886483211e-10,0.999989527027723,0.999999999999937,"MYH11","KO",FALSE,"Activated",2.74351164234419e-14
"TMPRSS11D",4.03692402640578e-10,-0.98004640111672,1.66004726870713e-10,0.999989719830185,0.999999999999937,"MYH11","KO",FALSE,"Activated",2.74351164234419e-14
"SUGCT",4.02110668457874e-10,-0.980752261231492,1.64706406950635e-10,0.999989760109605,0.999999999999937,"MYH11","KO",FALSE,"Activated",2.74351164234419e-14
"ST14",3.99684338777588e-10,-0.98183995363254,1.62724731814297e-10,0.999989821896949,0.999999999999937,"MYH11","KO",FALSE,"Activated",2.74351164234419e-14
"VSTM4",3.97226565960882e-10,-0.982947884294512,1.60729603609353e-10,0.999989884485003,0.999999999999937,"MYH11","KO",FALSE,"Activated",2.74351164234419e-14
"PRRG4",3.9132066885213e-10,-0.985635900235434,1.55985732380624e-10,0.999990034880762,0.999999999999937,"MYH11","KO",FALSE,"Activated",2.74351164234419e-14
"TCEAL7",3.89350175698152e-10,-0.986540969092601,1.54418756929788e-10,0.999990085060067,0.999999999999937,"MYH11","KO",FALSE,"Activated",2.74351164234419e-14
"TNFRSF19",3.86358770220261e-10,-0.987922952189517,1.52055051315987e-10,0.999990161237265,0.999999999999937,"MYH11","KO",FALSE,"Activated",2.74351164234419e-14
"TH",3.80618843747789e-10,-0.990602195587718,1.47570610265201e-10,0.999990307406523,0.999999999999937,"MYH11","KO",FALSE,"Activated",2.74351164234419e-14
"LINC00958",3.76937484682664e-10,-0.992339972888466,1.44729798804067e-10,0.999990401153634,0.999999999999937,"MYH11","KO",FALSE,"Activated",2.74351164234419e-14
"KLK5",3.75833306249263e-10,-0.992864208753701,1.43883114865062e-10,0.999990429271928,0.999999999999937,"MYH11","KO",FALSE,"Activated",2.74351164234419e-14
"CUL2",3.72808944169611e-10,-0.994307308292829,1.41576753154174e-10,0.999990506288378,0.999999999999937,"MYH11","KO",FALSE,"Activated",2.74351164234419e-14
"APOC1",3.65086516654025e-10,-0.998041029132635,1.35772210840633e-10,0.999990702942726,0.999999999999937,"MYH11","KO",FALSE,"Activated",2.74351164234419e-14
"ARTN",3.61594368486944e-10,-0.999753099837424,1.33187239690272e-10,0.999990791871514,0.999999999999937,"MYH11","KO",FALSE,"Activated",2.74351164234419e-14
"NRCAM",3.49905630118216e-10,-1.0055952206276,1.24715709879097e-10,0.999991089529371,0.999999999999937,"MYH11","KO",FALSE,"Activated",2.74351164234419e-14
"SPRR2A",3.47950068274683e-10,-1.00658992302782,1.23325576453658e-10,0.999991139328445,0.999999999999937,"MYH11","KO",FALSE,"Activated",2.74351164234419e-14
"AC110995.1",3.4525993161933e-10,-1.00796661359173,1.21425992627421e-10,0.999991207833726,0.999999999999937,"MYH11","KO",FALSE,"Activated",2.74351164234419e-14
"TSPAN1",3.40993165590315e-10,-1.01017029928567,1.18443341567574e-10,0.999991316488432,0.999999999999937,"MYH11","KO",FALSE,"Activated",2.74351164234419e-14
"CSF2",3.37787864818411e-10,-1.0118423283813,1.16227096475014e-10,0.99999139811255,0.999999999999937,"MYH11","KO",FALSE,"Activated",2.74351164234419e-14
"HMOX1",3.3510129823274e-10,-1.01325492095425,1.14385644296608e-10,0.999991466526919,0.999999999999937,"MYH11","KO",FALSE,"Activated",2.74351164234419e-14
"NPHP1",3.31116407166526e-10,-1.01536926554819,1.11681362616553e-10,0.999991568003579,0.999999999999937,"MYH11","KO",FALSE,"Activated",2.74351164234419e-14
"KANK4",3.26359792418857e-10,-1.01792360577525,1.08495718066145e-10,0.999991689132456,0.999999999999937,"MYH11","KO",FALSE,"Activated",2.74351164234419e-14
"AC124319.1",3.26229121308989e-10,-1.01799425415193,1.08408854316314e-10,0.999991692460042,0.999999999999937,"MYH11","KO",FALSE,"Activated",2.74351164234419e-14
"PPP1R14B-AS1",3.25273443845463e-10,-1.01851173298932,1.07774624322393e-10,0.999991716796707,0.999999999999937,"MYH11","KO",FALSE,"Activated",2.74351164234419e-14
"HEG1",3.23149853909183e-10,-1.01966658183177,1.06371976728115e-10,0.999991770874675,0.999999999999937,"MYH11","KO",FALSE,"Activated",2.74351164234419e-14
"ANGPTL4",3.20117903070105e-10,-1.02132744014937,1.04385272387046e-10,0.999991848084376,0.999999999999937,"MYH11","KO",FALSE,"Activated",2.74351164234419e-14
"GCNA",3.19570976218672e-10,-1.02162856158311,1.04028889084185e-10,0.999991862012062,0.999999999999937,"MYH11","KO",FALSE,"Activated",2.74351164234419e-14
"TRPV3",3.18062952161804e-10,-1.02246126969989,1.0304940137787e-10,0.999991900414428,0.999999999999937,"MYH11","KO",FALSE,"Activated",2.74351164234419e-14
"SERPINB5",3.17085047349008e-10,-1.02300317619109,1.02416711596589e-10,0.99999192531712,0.999999999999937,"MYH11","KO",FALSE,"Activated",2.74351164234419e-14
"DAPP1",3.13882822763128e-10,-1.02478839658038,1.00358555383208e-10,0.999992006862901,0.999999999999937,"MYH11","KO",FALSE,"Activated",2.74351164234419e-14
"GLDC",3.1296911004132e-10,-1.02530082471266,9.97751184159807e-11,0.999992030130919,0.999999999999937,"MYH11","KO",FALSE,"Activated",2.74351164234419e-14
"TPD52",3.0565796705369e-10,-1.02945079662326,9.51679561902433e-11,0.999992216311761,0.999999999999937,"MYH11","KO",FALSE,"Activated",2.74351164234419e-14
"FAM83G",3.05293612589052e-10,-1.02965996696301,9.49412046793091e-11,0.999992225590176,0.999999999999937,"MYH11","KO",FALSE,"Activated",2.74351164234419e-14
"GPC3",3.04661597100152e-10,-1.03002333674243,9.45485190855979e-11,0.999992241684674,0.999999999999937,"MYH11","KO",FALSE,"Activated",2.74351164234419e-14
"MMP11",3.02638917670431e-10,-1.03119088016118,9.32972520333745e-11,0.999992293192921,0.999999999999937,"MYH11","KO",FALSE,"Activated",2.74351164234419e-14
"CXADR",3.00644839867912e-10,-1.03234888516419,9.20718374797941e-11,0.999992343972818,0.999999999999937,"MYH11","KO",FALSE,"Activated",2.74351164234419e-14
"ANXA8",3.00558361432777e-10,-1.03239926305363,9.20188774270722e-11,0.999992346175022,0.999999999999937,"MYH11","KO",FALSE,"Activated",2.74351164234419e-14
"SLC47A2",2.98766750884246e-10,-1.03344594148002,9.09251089861803e-11,0.999992391799018,0.999999999999937,"MYH11","KO",FALSE,"Activated",2.74351164234419e-14
"SERPINB4",2.89370183510741e-10,-1.03903085695907,8.52956457463935e-11,0.99999263108593,0.999999999999937,"MYH11","KO",FALSE,"Activated",2.74351164234419e-14
"ALPK2",2.82249170019237e-10,-1.04337429438181,8.11492759235038e-11,0.999992812425057,0.999999999999937,"MYH11","KO",FALSE,"Activated",2.74351164234419e-14
"KRT15",2.78050837356624e-10,-1.04598200799922,7.87531106052731e-11,0.999992919337083,0.999999999999937,"MYH11","KO",FALSE,"Activated",2.74351164234419e-14
"ID1",2.69815229533885e-10,-1.05120318307546,7.41570117417387e-11,0.999993129059749,0.999999999999937,"MYH11","KO",FALSE,"Activated",2.74351164234419e-14
"MIR193BHG",2.57268553287447e-10,-1.05944315751295,6.74206151441381e-11,0.999993448565297,0.999999999999937,"MYH11","KO",FALSE,"Activated",2.74351164234419e-14
"MALL",2.39534625653949e-10,-1.07173654520013,5.84461494845014e-11,0.999993900166037,0.999999999999937,"MYH11","KO",FALSE,"Activated",2.74351164234419e-14
"CCL19",2.27883751138818e-10,-1.08027218542471,5.28988244954477e-11,0.999994196859677,0.999999999999937,"MYH11","KO",FALSE,"Activated",2.74351164234419e-14
"POU3F1",2.26690660500302e-10,-1.08116854929381,5.23463684563158e-11,0.999994227242152,0.999999999999937,"MYH11","KO",FALSE,"Activated",2.74351164234419e-14
"WNT4",2.24998199002147e-10,-1.08244748011631,5.15676553595151e-11,0.999994270341283,0.999999999999937,"MYH11","KO",FALSE,"Activated",2.74351164234419e-14
"HILPDA",2.18619586317819e-10,-1.08734756628033,4.86852538034981e-11,0.999994432774911,0.999999999999937,"MYH11","KO",FALSE,"Activated",2.74351164234419e-14
"SLC7A8",2.12085260204303e-10,-1.0925040617966,4.58184374969524e-11,0.999994599173836,0.999999999999937,"MYH11","KO",FALSE,"Activated",2.74351164234419e-14
"NEFL",2.11823391398542e-10,-1.09271371132149,4.57053602178287e-11,0.999994605842418,0.999999999999937,"MYH11","KO",FALSE,"Activated",2.74351164234419e-14
"EGLN3",2.04784834540689e-10,-1.0984389600593,4.27183908686604e-11,0.999994785081758,0.999999999999937,"MYH11","KO",FALSE,"Activated",2.74351164234419e-14
"PTHLH",2.00215110583936e-10,-1.10225267317864,4.08331613431024e-11,0.999994901451395,0.999999999999937,"MYH11","KO",FALSE,"Activated",2.74351164234419e-14
"ITPKC",1.92615318847684e-10,-1.10877416540238,3.7792093458309e-11,0.999995094982779,0.999999999999937,"MYH11","KO",FALSE,"Activated",2.74351164234419e-14
"ALDH1A3",1.86434615806373e-10,-1.11425290986011,3.5405636499103e-11,0.999995252376568,0.999999999999937,"MYH11","KO",FALSE,"Activated",2.74351164234419e-14
"MIR503HG",1.85730461277332e-10,-1.11488754156333,3.51386908192799e-11,0.999995270308113,0.999999999999937,"MYH11","KO",FALSE,"Activated",2.74351164234419e-14
"ALG9",1.81388919885307e-10,-1.11884949255381,3.35151225289968e-11,0.999995380867,0.999999999999937,"MYH11","KO",FALSE,"Activated",2.74351164234419e-14
"NEDD4L",1.7583606963353e-10,-1.12404455099291,3.14945376628987e-11,0.999995522272295,0.999999999999937,"MYH11","KO",FALSE,"Activated",2.74351164234419e-14
"F3",1.75084067179235e-10,-1.12475954226514,3.12257267783033e-11,0.999995541422304,0.999999999999937,"MYH11","KO",FALSE,"Activated",2.74351164234419e-14
"CXCL11",1.68198991577037e-10,-1.1314389084387,2.88181486644465e-11,0.999995716753189,0.999999999999937,"MYH11","KO",FALSE,"Activated",2.74351164234419e-14
"TMEM40",1.61789051762872e-10,-1.13788484606991,2.66635248389689e-11,0.999995879984574,0.999999999999937,"MYH11","KO",FALSE,"Activated",2.74351164234419e-14
"WFDC2",1.60964915943583e-10,-1.13873040452923,2.63925745103095e-11,0.999995900971484,0.999999999999937,"MYH11","KO",FALSE,"Activated",2.74351164234419e-14
"CDH1",1.59773100296651e-10,-1.13996019422664,2.60031898634341e-11,0.999995931321491,0.999999999999937,"MYH11","KO",FALSE,"Activated",2.74351164234419e-14
"MFAP5",1.49951885427771e-10,-1.15042470501002,2.29046238265925e-11,0.999996181422201,0.999999999999937,"MYH11","KO",FALSE,"Activated",2.74351164234419e-14
"CPA4",1.41709824004312e-10,-1.15969960584661,2.04559295527234e-11,0.99999639130921,0.999999999999937,"MYH11","KO",FALSE,"Activated",2.74351164234419e-14
"TP63",1.38762968951159e-10,-1.1631352151506,1.96140134500184e-11,0.999996466351917,0.999999999999937,"MYH11","KO",FALSE,"Activated",2.74351164234419e-14
"IGFBP6",1.30973946717914e-10,-1.17254635596173,1.74738712396015e-11,0.999996664702123,0.999999999999937,"MYH11","KO",FALSE,"Activated",2.74351164234419e-14
"NFATC2",1.17582681278434e-10,-1.18998678150955,1.40833515624582e-11,0.999997005715433,0.999999999999937,"MYH11","KO",FALSE,"Activated",2.74351164234419e-14
"CITED4",1.05296344516052e-10,-1.20765793410113,1.12939507840345e-11,0.999997318591345,0.999999999999937,"MYH11","KO",FALSE,"Activated",2.74351164234419e-14
"SLITRK6",1.02884344047294e-10,-1.2113461258568,1.07824608038266e-11,0.99999738001379,0.999999999999937,"MYH11","KO",FALSE,"Activated",2.74351164234419e-14
"SBSN",8.46854560877966e-11,-1.24202584972231,7.30528163656645e-12,0.999997843454908,0.999999999999937,"MYH11","KO",FALSE,"Activated",2.74351164234419e-14
"LAMP3",6.58631995522595e-11,-1.28085451387586,4.41880616026737e-12,0.999998322770328,0.999999999999937,"MYH11","KO",FALSE,"Activated",2.74351164234419e-14
"NSG1",6.44231088757791e-11,-1.2842276122025,4.22768537571594e-12,0.999998359442747,0.999999999999937,"MYH11","KO",FALSE,"Activated",2.74351164234419e-14
"SYT8",6.14549541318898e-11,-1.29140195762449,3.84709667315875e-12,0.999998435027857,0.999999999999937,"MYH11","KO",FALSE,"Activated",2.74351164234419e-14
"HBB",5.96412313874687e-11,-1.29594272463252,3.62336850616739e-12,0.999998481214948,0.999999999999937,"MYH11","KO",FALSE,"Activated",2.74351164234419e-14
"CLDN7",5.90598754788459e-11,-1.29742479664842,3.55307484534574e-12,0.999998496019382,0.999999999999937,"MYH11","KO",FALSE,"Activated",2.74351164234419e-14
"ASS1",5.22667640214339e-11,-1.31580321756651,2.78272652137968e-12,0.999998669008368,0.999999999999937,"MYH11","KO",FALSE,"Activated",2.74351164234419e-14
"PLPP1",5.18783790290056e-11,-1.31691850189681,2.74152428751134e-12,0.999998678898729,0.999999999999937,"MYH11","KO",FALSE,"Activated",2.74351164234419e-14
"SHISA2",4.71275291083796e-11,-1.33121338363999,2.26239609612517e-12,0.999998799880803,0.999999999999937,"MYH11","KO",FALSE,"Activated",2.74351164234419e-14
"RAET1G",4.66744457370564e-11,-1.33264437490303,2.2191039209349e-12,0.999998811418731,0.999999999999937,"MYH11","KO",FALSE,"Activated",2.74351164234419e-14
"AC036176.3",3.22805654433585e-11,-1.38634325109326,1.06145495551625e-12,0.999999177963984,0.999999999999937,"MYH11","KO",FALSE,"Activated",2.74351164234419e-14
"MGST1",2.57806854755171e-11,-1.41822217712352,6.77030483015997e-13,0.999999343485726,0.999999999999937,"MYH11","KO",FALSE,"Activated",2.74351164234419e-14
"CYP7B1",2.01425081572012e-11,-1.45247834149624,4.13281912364258e-13,0.999999487063906,0.999999999999937,"MYH11","KO",FALSE,"Activated",2.74351164234419e-14
"SNED1",1.37406042330971e-11,-1.50408590260672,1.9232288444809e-13,0.999999650090653,0.999999999999937,"MYH11","KO",FALSE,"Activated",2.74351164234419e-14
"NRN1",1.36161966099066e-11,-1.50529160682247,1.88856061969867e-13,0.999999653258737,0.999999999999937,"MYH11","KO",FALSE,"Activated",2.74351164234419e-14
"DNAH5",1.26123030946158e-11,-1.51540523936625,1.62034726375486e-13,0.999999678823241,0.999999999999937,"MYH11","KO",FALSE,"Activated",2.74351164234419e-14
"AC025263.1",1.20927843352597e-11,-1.52093031054618,1.48960773014266e-13,0.99999969205297,0.999999999999937,"MYH11","KO",FALSE,"Activated",2.74351164234419e-14
"IGHA1",5.71130825873222e-12,-1.61602748990915,3.32269520199753e-14,0.999999854559515,0.999999999999937,"MYH11","KO",FALSE,"Activated",2.74351164234419e-14
"IL4I1",5.56113826716386e-12,-1.61928852041903,3.1502620995386e-14,0.999999858383647,0.999999999999937,"MYH11","KO",FALSE,"Activated",2.74351164234419e-14
"CYP27B1",5.24852663662421e-12,-1.62634235919385,2.80604165203143e-14,0.999999866344413,0.999999999999937,"MYH11","KO",FALSE,"Activated",2.74351164234419e-14
"ISG20",2.84850325244844e-12,-1.69865240446974,8.26518809335978e-15,0.999999927461857,0.999999999999937,"MYH11","KO",FALSE,"Activated",2.74351164234419e-14
"SERPINB2",2.19478652704794e-12,-1.72830775527681,4.906862328377e-15,0.999999944108985,0.999999999999937,"MYH11","KO",FALSE,"Activated",2.74351164234419e-14
"SLC6A8",1.5097160536334e-12,-1.76966951251983,2.32172003115136e-15,0.999999961554547,0.999999999999937,"MYH11","KO",FALSE,"Activated",2.74351164234419e-14
"HERC5",1.50731497285037e-12,-1.76984250356044,2.31434088944724e-15,0.999999961615691,0.999999999999937,"MYH11","KO",FALSE,"Activated",2.74351164234419e-14
"SERPINB13",1.46478646042856e-12,-1.77294886379884,2.1855861805612e-15,0.999999962698695,0.999999999999937,"MYH11","KO",FALSE,"Activated",2.74351164234419e-14
"HYOU1",6.41552621466969e-13,-1.85919128041742,4.19260424615679e-16,0.999999983662636,0.999999999999937,"MYH11","KO",FALSE,"Activated",2.74351164234419e-14
"HIST1H2BF",5.41567019227121e-13,-1.87611049618307,2.98760872440206e-16,0.999999986208804,0.999999999999937,"MYH11","KO",FALSE,"Activated",2.74351164234419e-14
"NELL2",5.1006860254036e-13,-1.88203289053556,2.65018678727445e-16,0.999999987010923,0.999999999999937,"MYH11","KO",FALSE,"Activated",2.74351164234419e-14
"CYP1B1",4.62024676162647e-13,-1.89174071441527,2.17445109568405e-16,0.999999988234378,0.999999999999937,"MYH11","KO",FALSE,"Activated",2.74351164234419e-14
"ANXA8L1",3.52610370304915e-13,-1.91782431513481,1.26651245088241e-16,0.999999991020652,0.999999999999937,"MYH11","KO",FALSE,"Activated",2.74351164234419e-14
"WNT7B",3.18413504353342e-13,-1.92750614277421,1.03276677772895e-16,0.999999991891487,0.999999999999937,"MYH11","KO",FALSE,"Activated",2.74351164234419e-14
"BMP7",4.02395652900517e-14,-2.10579472192454,1.64939951596531e-18,0.999999998975285,0.999999999999937,"MYH11","KO",FALSE,"Activated",2.74351164234419e-14
"TFPI2",4.2105214356245e-17,-2.50712164495721,1.80588906133401e-24,0.999999999998928,0.999999999999937,"MYH11","KO",FALSE,"Activated",2.74351164234419e-14
"AKR1C1",3.93567053392993e-17,-2.50996541500945,1.57781751432917e-24,0.999999999998998,0.999999999999937,"MYH11","KO",FALSE,"Activated",2.74351164234419e-14
"LINC01133",3.92799967345268e-17,-2.51004734569245,1.57167298421472e-24,0.999999999999,0.999999999999937,"MYH11","KO",FALSE,"Activated",2.74351164234419e-14
"DMKN",3.79458296245672e-17,-2.51149613263874,1.46672065136381e-24,0.999999999999034,0.999999999999937,"MYH11","KO",FALSE,"Activated",2.74351164234419e-14
"CYP26B1",3.39930009475152e-17,-2.51607828466537,1.17705922336847e-24,0.999999999999134,0.999999999999937,"MYH11","KO",FALSE,"Activated",2.74351164234419e-14
"JPH1",3.26884342545057e-17,-2.5176974264537,1.08844763384306e-24,0.999999999999168,0.999999999999937,"MYH11","KO",FALSE,"Activated",2.74351164234419e-14
"CLDN1",3.21961976702178e-17,-2.51832367382376,1.05591381561858e-24,0.99999999999918,0.999999999999937,"MYH11","KO",FALSE,"Activated",2.74351164234419e-14
"CCL13",3.21060521105395e-17,-2.51843930429274,1.05000922476322e-24,0.999999999999182,0.999999999999937,"MYH11","KO",FALSE,"Activated",2.74351164234419e-14
"AUXG01000058.1",2.3747105749206e-17,-2.53070778130537,5.74434710505299e-25,0.999999999999395,0.999999999999937,"MYH11","KO",FALSE,"Activated",2.74351164234419e-14
"QPCT",2.29382436218838e-17,-2.53209632290327,5.35968941740545e-25,0.999999999999416,0.999999999999937,"MYH11","KO",FALSE,"Activated",2.74351164234419e-14
"MMP23B",2.23920171887337e-17,-2.533059436546,5.10746900430469e-25,0.99999999999943,0.999999999999937,"MYH11","KO",FALSE,"Activated",2.74351164234419e-14
"TSPAN7",2.12533566498377e-17,-2.53513786215729,4.60123444509472e-25,0.999999999999459,0.999999999999937,"MYH11","KO",FALSE,"Activated",2.74351164234419e-14
"LGALS7",2.10866663563456e-17,-2.53545058955693,4.52934242236321e-25,0.999999999999463,0.999999999999937,"MYH11","KO",FALSE,"Activated",2.74351164234419e-14
"GDNF",2.07842596444837e-17,-2.53602372106065,4.40036214879465e-25,0.999999999999471,0.999999999999937,"MYH11","KO",FALSE,"Activated",2.74351164234419e-14
"COL22A1",2.06847970957471e-17,-2.53621388478556,4.35834727697906e-25,0.999999999999473,0.999999999999937,"MYH11","KO",FALSE,"Activated",2.74351164234419e-14
"IDO1",1.91264064520003e-17,-2.53930744895696,3.72637075966197e-25,0.999999999999513,0.999999999999937,"MYH11","KO",FALSE,"Activated",2.74351164234419e-14
"SPOCD1",1.71611251946371e-17,-2.54355370327487,2.99992792905865e-25,0.999999999999563,0.999999999999937,"MYH11","KO",FALSE,"Activated",2.74351164234419e-14
"ALDH3A1",1.67367882144997e-17,-2.54452838238631,2.85340582404584e-25,0.999999999999574,0.999999999999937,"MYH11","KO",FALSE,"Activated",2.74351164234419e-14
"CYP2S1",1.66697575401517e-17,-2.5446844005841,2.83059586726577e-25,0.999999999999575,0.999999999999937,"MYH11","KO",FALSE,"Activated",2.74351164234419e-14
"H1F0",1.60050212009998e-17,-2.54626330195226,2.60934683567482e-25,0.999999999999592,0.999999999999937,"MYH11","KO",FALSE,"Activated",2.74351164234419e-14
"POPDC3",1.53067487458306e-17,-2.54798746728262,2.38663062428325e-25,0.99999999999961,0.999999999999937,"MYH11","KO",FALSE,"Activated",2.74351164234419e-14
"EDN1",1.50718458666057e-17,-2.54858360067399,2.31394051521288e-25,0.999999999999616,0.999999999999937,"MYH11","KO",FALSE,"Activated",2.74351164234419e-14
"CSAG1",1.38741131310817e-17,-2.55176129928815,1.9607840476477e-25,0.999999999999647,0.999999999999937,"MYH11","KO",FALSE,"Activated",2.74351164234419e-14
"NLRP1",1.34469002236014e-17,-2.55295540577758,1.84188990177831e-25,0.999999999999658,0.999999999999937,"MYH11","KO",FALSE,"Activated",2.74351164234419e-14
"IFIT3",1.34200794405677e-17,-2.55303151929572,1.83454967290736e-25,0.999999999999658,0.999999999999937,"MYH11","KO",FALSE,"Activated",2.74351164234419e-14
"OSR2",1.2822426101496e-17,-2.55476451798813,1.67478750324589e-25,0.999999999999673,0.999999999999937,"MYH11","KO",FALSE,"Activated",2.74351164234419e-14
"LRRC17",1.20601295530184e-17,-2.55708487062025,1.48157365985291e-25,0.999999999999693,0.999999999999937,"MYH11","KO",FALSE,"Activated",2.74351164234419e-14
"IGLC1",1.20587197062352e-17,-2.55708928431784,1.48122728384463e-25,0.999999999999693,0.999999999999937,"MYH11","KO",FALSE,"Activated",2.74351164234419e-14
"TMEM171",1.18862995561854e-17,-2.55763263920943,1.4391718118499e-25,0.999999999999697,0.999999999999937,"MYH11","KO",FALSE,"Activated",2.74351164234419e-14
"GPNMB",1.09748871380359e-17,-2.56062978712222,1.22692898861208e-25,0.99999999999972,0.999999999999937,"MYH11","KO",FALSE,"Activated",2.74351164234419e-14
"FAM110C",8.86445253108433e-18,-2.5685478681197,8.0042959806758e-26,0.999999999999774,0.999999999999937,"MYH11","KO",FALSE,"Activated",2.74351164234419e-14
"CCR1",8.71848717586398e-18,-2.56915710752441,7.74286287781391e-26,0.999999999999778,0.999999999999937,"MYH11","KO",FALSE,"Activated",2.74351164234419e-14
"NPR3",8.2703157596698e-18,-2.57108749738289,6.96728353189327e-26,0.999999999999789,0.999999999999937,"MYH11","KO",FALSE,"Activated",2.74351164234419e-14
"IGFBP2",8.18502429408621e-18,-2.57146561760112,6.8243178695548e-26,0.999999999999792,0.999999999999937,"MYH11","KO",FALSE,"Activated",2.74351164234419e-14
"ISM1",7.89191852344073e-18,-2.57279295187114,6.34431134791162e-26,0.999999999999799,0.999999999999937,"MYH11","KO",FALSE,"Activated",2.74351164234419e-14
"SERPINB7",7.13553085966987e-18,-2.57643759074025,5.18647011114194e-26,0.999999999999818,0.999999999999937,"MYH11","KO",FALSE,"Activated",2.74351164234419e-14
"IFIT2",6.70007585278295e-18,-2.57869865538262,4.57276350405316e-26,0.999999999999829,0.999999999999937,"MYH11","KO",FALSE,"Activated",2.74351164234419e-14
"PROSER2",6.51767856859757e-18,-2.57968570833214,4.32718217335653e-26,0.999999999999834,0.999999999999937,"MYH11","KO",FALSE,"Activated",2.74351164234419e-14
"LRRC75A",5.38822482599175e-18,-2.58642491231933,2.95740443041882e-26,0.999999999999863,0.999999999999937,"MYH11","KO",FALSE,"Activated",2.74351164234419e-14
"A2ML1",5.32130989570014e-18,-2.58686342289728,2.88440609867917e-26,0.999999999999864,0.999999999999937,"MYH11","KO",FALSE,"Activated",2.74351164234419e-14
"SLC7A11",4.95028236113511e-18,-2.58938993705182,2.4961992313014e-26,0.999999999999874,0.999999999999937,"MYH11","KO",FALSE,"Activated",2.74351164234419e-14
"UNG",3.90950590355683e-18,-2.59752731103787,1.55690835263137e-26,0.9999999999999,0.999999999999937,"MYH11","KO",FALSE,"Activated",2.74351164234419e-14
"PCSK9",3.69903786150266e-18,-2.59941021447192,1.3937884302864e-26,0.999999999999906,0.999999999999937,"MYH11","KO",FALSE,"Activated",2.74351164234419e-14
"CFI",3.54548577312254e-18,-2.60084646892934,1.28047409302626e-26,0.99999999999991,0.999999999999937,"MYH11","KO",FALSE,"Activated",2.74351164234419e-14
"AC239799.2",3.47215564908078e-18,-2.60155244345609,1.22805459049257e-26,0.999999999999912,0.999999999999937,"MYH11","KO",FALSE,"Activated",2.74351164234419e-14
"FOLR3",3.10638013240404e-18,-2.60529036970903,9.82943379463355e-27,0.999999999999921,0.999999999999937,"MYH11","KO",FALSE,"Activated",2.74351164234419e-14
"DLK2",2.63336280181502e-18,-2.61076885734867,7.06383742138409e-27,0.999999999999933,0.999999999999937,"MYH11","KO",FALSE,"Activated",2.74351164234419e-14
"LINC02657",2.48251016515197e-18,-2.61270554606119,6.27771178501516e-27,0.999999999999937,0.999999999999937,"MYH11","KO",FALSE,"Activated",2.74351164234419e-14
