"gene","distance","Z","FC","p.value","p.adj","target_gene","perturbation","significant","direction","minus_log10_fdr"
"LUM",3.43667399812509e-05,2.93654721245798,10.4900409574244,0.00120019710997086,0.868942707618902,"SASH1","KO",FALSE,"Activated",0.0610088571361644
"DCN",1.52271138946191e-05,2.55878279365932,2.05937626038869,0.151272079879523,0.999999999999914,"SASH1","KO",FALSE,"Activated",3.71748238356308e-14
"WNT5A",7.46591341384717e-06,2.24717140834454,0.495069769218645,0.481674470438615,0.999999999999914,"SASH1","KO",FALSE,"Activated",3.71748238356308e-14
"GAS1",6.04316871151494e-06,2.1580230338079,0.324361983598052,0.56899796931309,0.999999999999914,"SASH1","KO",FALSE,"Activated",3.71748238356308e-14
"PDGFRA",5.70894705136624e-06,2.13428302894851,0.28947598470681,0.590556527393151,0.999999999999914,"SASH1","KO",FALSE,"Activated",3.71748238356308e-14
"CTSK",5.06137344798535e-06,2.08439168559219,0.227529270634855,0.633361919630538,0.999999999999914,"SASH1","KO",FALSE,"Activated",3.71748238356308e-14
"STEAP1",4.50503628690625e-06,2.03658326832271,0.18025905778973,0.671150704853911,0.999999999999914,"SASH1","KO",FALSE,"Activated",3.71748238356308e-14
"FAP",4.47281455136924e-06,2.03365030950241,0.177689716334162,0.673366225565936,0.999999999999914,"SASH1","KO",FALSE,"Activated",3.71748238356308e-14
"MMP2",4.42088476817234e-06,2.02888219282013,0.173587680387348,0.676942808582978,0.999999999999914,"SASH1","KO",FALSE,"Activated",3.71748238356308e-14
"CTHRC1",3.39317199962735e-06,1.92201358746515,0.102261523568873,0.749132412956658,0.999999999999914,"SASH1","KO",FALSE,"Activated",3.71748238356308e-14
"MCAM",3.37881897817376e-06,1.92031927237386,0.1013982266029,0.75015811599866,0.999999999999914,"SASH1","KO",FALSE,"Activated",3.71748238356308e-14
"IGFBP7",3.00159220999336e-06,1.87322698949331,0.0800209842638453,0.77726897559022,0.999999999999914,"SASH1","KO",FALSE,"Activated",3.71748238356308e-14
"SPARCL1",2.92818583856136e-06,1.86343258057466,0.0761548876336546,0.782577444682925,0.999999999999914,"SASH1","KO",FALSE,"Activated",3.71748238356308e-14
"MYLK",2.87353890821869e-06,1.85599309331398,0.0733389476015713,0.78653590227662,0.999999999999914,"SASH1","KO",FALSE,"Activated",3.71748238356308e-14
"MYL9",2.74273679974947e-06,1.83764219615663,0.0668142006374162,0.796033063672936,0.999999999999914,"SASH1","KO",FALSE,"Activated",3.71748238356308e-14
"NR2F2",2.69389409180287e-06,1.83058228426561,0.0644557320704935,0.799587235259997,0.999999999999914,"SASH1","KO",FALSE,"Activated",3.71748238356308e-14
"CDH6",2.63341840827976e-06,1.82167553134406,0.0615942602810476,0.803993662574132,0.999999999999914,"SASH1","KO",FALSE,"Activated",3.71748238356308e-14
"NOTCH3",2.6248675751444e-06,1.82040099389604,0.0611949107822138,0.8046172065779,0.999999999999914,"SASH1","KO",FALSE,"Activated",3.71748238356308e-14
"MRVI1",2.56332683299712e-06,1.81111352162459,0.0583590854328524,0.80910852544247,0.999999999999914,"SASH1","KO",FALSE,"Activated",3.71748238356308e-14
"MEF2C",2.52902146130204e-06,1.80584667636851,0.0568074819748385,0.811614916218503,0.999999999999914,"SASH1","KO",FALSE,"Activated",3.71748238356308e-14
"SOD2",2.507827692787e-06,1.80255982068604,0.055859352515194,0.813164324972008,0.999999999999914,"SASH1","KO",FALSE,"Activated",3.71748238356308e-14
"HTRA3",2.49433439493383e-06,1.80045383179273,0.0552598701981528,0.814151158434085,0.999999999999914,"SASH1","KO",FALSE,"Activated",3.71748238356308e-14
"SYNPO2",2.4878447842503e-06,1.79943721194771,0.0549727005763862,0.814625881818222,0.999999999999914,"SASH1","KO",FALSE,"Activated",3.71748238356308e-14
"ITGA7",2.48134704688874e-06,1.79841686665279,0.0546859208635268,0.81510126788635,0.999999999999914,"SASH1","KO",FALSE,"Activated",3.71748238356308e-14
"NDUFA4L2",2.40065108030656e-06,1.78553557112311,0.0511868724926159,0.821010748338958,0.999999999999914,"SASH1","KO",FALSE,"Activated",3.71748238356308e-14
"TWIST2",2.37759357070381e-06,1.781781617748,0.050208326392936,0.822701166095251,0.999999999999914,"SASH1","KO",FALSE,"Activated",3.71748238356308e-14
"CRIP1",2.37118752019924e-06,1.78073270206757,0.0499381340619827,0.82317096005037,0.999999999999914,"SASH1","KO",FALSE,"Activated",3.71748238356308e-14
"TINAGL1",2.36903212904628e-06,1.78037919459067,0.0498473885674209,0.823329042019986,0.999999999999914,"SASH1","KO",FALSE,"Activated",3.71748238356308e-14
"C1QTNF1",2.35206110706295e-06,1.77758535847505,0.0491357637537281,0.824573990697087,0.999999999999914,"SASH1","KO",FALSE,"Activated",3.71748238356308e-14
"FRZB",2.34779871978455e-06,1.776880747981,0.0489578382016592,0.824886737480577,0.999999999999914,"SASH1","KO",FALSE,"Activated",3.71748238356308e-14
"LBH",2.31915929659442e-06,1.77211558251803,0.0477707071343787,0.826988834153706,0.999999999999914,"SASH1","KO",FALSE,"Activated",3.71748238356308e-14
"MRC2",2.30496433065053e-06,1.76973361272656,0.0471877128443045,0.828031187003608,0.999999999999914,"SASH1","KO",FALSE,"Activated",3.71748238356308e-14
"BICC1",2.29657630766626e-06,1.76831970557563,0.0468448950286157,0.828647271798803,0.999999999999914,"SASH1","KO",FALSE,"Activated",3.71748238356308e-14
"TAGLN",2.27242586451069e-06,1.7642220937992,0.0458648478592151,0.83042166465424,0.999999999999914,"SASH1","KO",FALSE,"Activated",3.71748238356308e-14
"STEAP2",2.27131811199851e-06,1.76403317968293,0.0458201427555952,0.83050307479188,0.999999999999914,"SASH1","KO",FALSE,"Activated",3.71748238356308e-14
"ACTA2",2.26329073932894e-06,1.76266166245768,0.0454968367539276,0.831093070901536,0.999999999999914,"SASH1","KO",FALSE,"Activated",3.71748238356308e-14
"SCARA5",2.24750445289014e-06,1.75995136368685,0.0448643759767771,0.832253609349597,0.999999999999914,"SASH1","KO",FALSE,"Activated",3.71748238356308e-14
"SMOC2",2.24271215435857e-06,1.75912511573264,0.0446732535436141,0.832605990576624,0.999999999999914,"SASH1","KO",FALSE,"Activated",3.71748238356308e-14
"RGS5",2.21577345333178e-06,1.75445005596107,0.0436064989315072,0.834587437086497,0.999999999999914,"SASH1","KO",FALSE,"Activated",3.71748238356308e-14
"EPS8",2.20841758024758e-06,1.75316437835227,0.0433174518368316,0.835128673382883,0.999999999999914,"SASH1","KO",FALSE,"Activated",3.71748238356308e-14
"TBX2",2.19788463139722e-06,1.75131651262023,0.0429052359121221,0.83590381100906,0.999999999999914,"SASH1","KO",FALSE,"Activated",3.71748238356308e-14
"NEURL1B",2.17869608586871e-06,1.74792905347556,0.0421593412327289,0.837316337901978,0.999999999999914,"SASH1","KO",FALSE,"Activated",3.71748238356308e-14
"SOD3",2.17335724795763e-06,1.74698166818316,0.0419529736607771,0.837709439385588,0.999999999999914,"SASH1","KO",FALSE,"Activated",3.71748238356308e-14
"A2M",2.16819030513917e-06,1.7460627407036,0.0417537326541225,0.838089922721175,0.999999999999914,"SASH1","KO",FALSE,"Activated",3.71748238356308e-14
"PPP1R14A",2.16326041556536e-06,1.7451840885201,0.0415640746923225,0.838452985226203,0.999999999999914,"SASH1","KO",FALSE,"Activated",3.71748238356308e-14
"WFDC1",2.13026535296036e-06,1.73925541867446,0.0403058345394184,0.840883793566387,0.999999999999914,"SASH1","KO",FALSE,"Activated",3.71748238356308e-14
"EFHD1",2.12789837313476e-06,1.73882686362716,0.0402163150859428,0.841058232046191,0.999999999999914,"SASH1","KO",FALSE,"Activated",3.71748238356308e-14
"LMOD1",2.10259855410599e-06,1.73421852955176,0.0392656899174712,0.842923229708653,0.999999999999914,"SASH1","KO",FALSE,"Activated",3.71748238356308e-14
"GJA4",2.08732021092877e-06,1.73141077666094,0.0386971219695438,0.844049913246716,0.999999999999914,"SASH1","KO",FALSE,"Activated",3.71748238356308e-14
"MASP1",2.07550051078412e-06,1.72922560132886,0.038260108647317,0.844921762291388,0.999999999999914,"SASH1","KO",FALSE,"Activated",3.71748238356308e-14
"PDGFA",2.06206782864176e-06,1.72672825318019,0.037766470824802,0.845912819289736,0.999999999999914,"SASH1","KO",FALSE,"Activated",3.71748238356308e-14
"PPP1R12B",2.04590824201594e-06,1.72370397931719,0.0371768692132528,0.847105389012359,0.999999999999914,"SASH1","KO",FALSE,"Activated",3.71748238356308e-14
"TNS1",2.04015967114279e-06,1.72262281916601,0.0369682443906203,0.847529715374306,0.999999999999914,"SASH1","KO",FALSE,"Activated",3.71748238356308e-14
"COX4I2",1.99983079998519e-06,1.71495804400922,0.0355211498122572,0.850507796187172,0.999999999999914,"SASH1","KO",FALSE,"Activated",3.71748238356308e-14
"PARM1",1.96957641322324e-06,1.70911386646448,0.0344545180332992,0.852743331109698,0.999999999999914,"SASH1","KO",FALSE,"Activated",3.71748238356308e-14
"AOC3",1.96486504337485e-06,1.70819634227035,0.0342898797626967,0.853091567132178,0.999999999999914,"SASH1","KO",FALSE,"Activated",3.71748238356308e-14
"PTP4A3",1.96233050626642e-06,1.70770190989023,0.0342014737729039,0.853278916666698,0.999999999999914,"SASH1","KO",FALSE,"Activated",3.71748238356308e-14
"MYH11",1.90917019082363e-06,1.69719345698954,0.0323735107729948,0.857210346256807,0.999999999999914,"SASH1","KO",FALSE,"Activated",3.71748238356308e-14
"ESAM",1.90001858502483e-06,1.69535724957693,0.0320638898431582,0.857887506491229,0.999999999999914,"SASH1","KO",FALSE,"Activated",3.71748238356308e-14
"MUSTN1",1.89794582092861e-06,1.69494023124469,0.0319939698660619,0.858040892307322,0.999999999999914,"SASH1","KO",FALSE,"Activated",3.71748238356308e-14
"SEPTIN4",1.87474757261547e-06,1.69024412110073,0.0312166366709832,0.859757941273857,0.999999999999914,"SASH1","KO",FALSE,"Activated",3.71748238356308e-14
"KLHL23",1.85154814645973e-06,1.68549388677559,0.0304488243622667,0.861475740854201,0.999999999999914,"SASH1","KO",FALSE,"Activated",3.71748238356308e-14
"MME",1.7825094035467e-06,1.67102591722703,0.0282204652279543,0.866591555592074,0.999999999999914,"SASH1","KO",FALSE,"Activated",3.71748238356308e-14
"SLIT3",1.77252690122827e-06,1.66889134361189,0.0279052668530486,0.86733173328879,0.999999999999914,"SASH1","KO",FALSE,"Activated",3.71748238356308e-14
"CCN4",1.72488393020106e-06,1.65854858038556,0.026425320418169,0.870865932484476,0.999999999999914,"SASH1","KO",FALSE,"Activated",3.71748238356308e-14
"CSRP1",1.71917915392445e-06,1.65729252944559,0.0262508144739722,0.871289292370624,0.999999999999914,"SASH1","KO",FALSE,"Activated",3.71748238356308e-14
"AVPR1A",1.69971843645737e-06,1.65297865388655,0.0256598716687195,0.872733777768952,0.999999999999914,"SASH1","KO",FALSE,"Activated",3.71748238356308e-14
"MAP1B",1.69871080993485e-06,1.65275405455748,0.0256294573331931,0.872808581151877,0.999999999999914,"SASH1","KO",FALSE,"Activated",3.71748238356308e-14
"ID4",1.68369417615869e-06,1.64939222004139,0.02517833045314,0.873923508564831,0.999999999999914,"SASH1","KO",FALSE,"Activated",3.71748238356308e-14
"SERPINI1",1.66639219971532e-06,1.64548431143337,0.024663514222075,0.875208424220437,0.999999999999914,"SASH1","KO",FALSE,"Activated",3.71748238356308e-14
"FRY",1.66165229942104e-06,1.64440720711475,0.0245234075425532,0.875560486200918,0.999999999999914,"SASH1","KO",FALSE,"Activated",3.71748238356308e-14
"COL14A1",1.63069986625503e-06,1.63730306492376,0.023618297074986,0.877860119048391,0.999999999999914,"SASH1","KO",FALSE,"Activated",3.71748238356308e-14
"BCAM",1.60211720434338e-06,1.63063154810923,0.0227975973029814,0.879984604261432,0.999999999999914,"SASH1","KO",FALSE,"Activated",3.71748238356308e-14
"LINC01197",1.58775095645336e-06,1.62723675952903,0.022390576506818,0.881052742581124,0.999999999999914,"SASH1","KO",FALSE,"Activated",3.71748238356308e-14
"LINGO1",1.57998071758491e-06,1.62538880990382,0.0221719598408681,0.881630554358812,0.999999999999914,"SASH1","KO",FALSE,"Activated",3.71748238356308e-14
"GPR4",1.57422722836583e-06,1.62401508519911,0.0220107757645249,0.882058436885023,0.999999999999914,"SASH1","KO",FALSE,"Activated",3.71748238356308e-14
"EBF2",1.57068947386021e-06,1.62316809774774,0.021911957471079,0.882321554039054,0.999999999999914,"SASH1","KO",FALSE,"Activated",3.71748238356308e-14
"GPRC5C",1.5681172632378e-06,1.62255116991635,0.02184024881005,0.882512867932638,0.999999999999914,"SASH1","KO",FALSE,"Activated",3.71748238356308e-14
"COL18A1",1.56317794602128e-06,1.62136388676551,0.0217028789543766,0.882880259858742,0.999999999999914,"SASH1","KO",FALSE,"Activated",3.71748238356308e-14
"ADRA2A",1.55926418552391e-06,1.62042066215656,0.0215943391202469,0.883171387626964,0.999999999999914,"SASH1","KO",FALSE,"Activated",3.71748238356308e-14
"EBF1",1.53352549797282e-06,1.61416264988142,0.0208873100092137,0.885086368951811,0.999999999999914,"SASH1","KO",FALSE,"Activated",3.71748238356308e-14
"TMEM45A",1.53290608296487e-06,1.61401085758082,0.0208704399925111,0.885132462299367,0.999999999999914,"SASH1","KO",FALSE,"Activated",3.71748238356308e-14
"JAG1",1.53212116257096e-06,1.61381842569202,0.0208490721604222,0.885190872176303,0.999999999999914,"SASH1","KO",FALSE,"Activated",3.71748238356308e-14
"IL1R1",1.53029192667774e-06,1.61336961539198,0.0207993174736368,0.885326997246122,0.999999999999914,"SASH1","KO",FALSE,"Activated",3.71748238356308e-14
"PDE5A",1.52406518650695e-06,1.61183814370217,0.0206303974759819,0.885790393905551,0.999999999999914,"SASH1","KO",FALSE,"Activated",3.71748238356308e-14
"CARMN",1.52071843310104e-06,1.61101262200238,0.0205398907909618,0.886039476870556,0.999999999999914,"SASH1","KO",FALSE,"Activated",3.71748238356308e-14
"RAMP1",1.5182055591238e-06,1.61039168620483,0.0204720655950993,0.886226505551418,0.999999999999914,"SASH1","KO",FALSE,"Activated",3.71748238356308e-14
"GUCY1B1",1.51236120213309e-06,1.60894386238725,0.0203147538671437,0.886661515000768,0.999999999999914,"SASH1","KO",FALSE,"Activated",3.71748238356308e-14
"EGFLAM",1.47354300803356e-06,1.59919441394513,0.0192852885773971,0.889551706456667,0.999999999999914,"SASH1","KO",FALSE,"Activated",3.71748238356308e-14
"GJC1",1.45904848420027e-06,1.59549320568907,0.0189077546092935,0.890631268434428,0.999999999999914,"SASH1","KO",FALSE,"Activated",3.71748238356308e-14
"PDE1A",1.44172220556798e-06,1.59102416271578,0.0184613597315762,0.891922007361258,0.999999999999914,"SASH1","KO",FALSE,"Activated",3.71748238356308e-14
"SORT1",1.43400724443302e-06,1.58901825611748,0.0182643070826412,0.892496833673821,0.999999999999914,"SASH1","KO",FALSE,"Activated",3.71748238356308e-14
"WNT2",1.41698219148591e-06,1.58455626684822,0.0178332005646783,0.893765535732285,0.999999999999914,"SASH1","KO",FALSE,"Activated",3.71748238356308e-14
"PLAC9",1.40283318595391e-06,1.58081027577548,0.0174788386001156,0.89482012255818,0.999999999999914,"SASH1","KO",FALSE,"Activated",3.71748238356308e-14
"TPM1",1.40230222852266e-06,1.5806690261993,0.017465609995249,0.89485970075234,0.999999999999914,"SASH1","KO",FALSE,"Activated",3.71748238356308e-14
"FILIP1",1.38552903101281e-06,1.57618130907986,0.0170502899867797,0.896110128931831,0.999999999999914,"SASH1","KO",FALSE,"Activated",3.71748238356308e-14
"COL12A1",1.37624783561744e-06,1.57367652764347,0.0168226266938601,0.896802145599724,0.999999999999914,"SASH1","KO",FALSE,"Activated",3.71748238356308e-14
"FOXS1",1.36865098013185e-06,1.57161469361255,0.0166374182790982,0.897368634391763,0.999999999999914,"SASH1","KO",FALSE,"Activated",3.71748238356308e-14
"TBX3",1.36089044084807e-06,1.56949751159696,0.0164492778628405,0.897947382914052,0.999999999999914,"SASH1","KO",FALSE,"Activated",3.71748238356308e-14
"COX7A1",1.35181896679047e-06,1.56700853266559,0.0162307123449998,0.898623964262243,0.999999999999914,"SASH1","KO",FALSE,"Activated",3.71748238356308e-14
"MRGPRF",1.34835179098681e-06,1.56605315970552,0.0161475613208663,0.898882577503275,0.999999999999914,"SASH1","KO",FALSE,"Activated",3.71748238356308e-14
"MMP14",1.34632178242557e-06,1.5654927433842,0.0160989760595953,0.89903399883586,0.999999999999914,"SASH1","KO",FALSE,"Activated",3.71748238356308e-14
"EDNRA",1.33792776800289e-06,1.5631671400286,0.0158988548543004,0.899660159714087,0.999999999999914,"SASH1","KO",FALSE,"Activated",3.71748238356308e-14
"CCDC102B",1.31634264521425e-06,1.55712453002529,0.0153899926447537,0.9012706119451,0.999999999999914,"SASH1","KO",FALSE,"Activated",3.71748238356308e-14
"GPX3",1.30670505266633e-06,1.55439699969055,0.0151654621883096,0.90198979822163,0.999999999999914,"SASH1","KO",FALSE,"Activated",3.71748238356308e-14
"LGI4",1.30013606664815e-06,1.5525272652983,0.0150133677231433,0.902480041946064,0.999999999999914,"SASH1","KO",FALSE,"Activated",3.71748238356308e-14
"ADAP2",1.29675747838222e-06,1.55156222149808,0.0149354403698814,0.902732200635681,0.999999999999914,"SASH1","KO",FALSE,"Activated",3.71748238356308e-14
"FILIP1L",1.29186640054647e-06,1.55016104252591,0.014822986595408,0.903097260357163,0.999999999999914,"SASH1","KO",FALSE,"Activated",3.71748238356308e-14
"CXCL1",1.27588818827961e-06,1.54554932506785,0.0144585833718434,0.904289982767347,0.999999999999914,"SASH1","KO",FALSE,"Activated",3.71748238356308e-14
"SRPX2",1.26078495397326e-06,1.54114093420095,0.0141183045030207,0.905417589483672,0.999999999999914,"SASH1","KO",FALSE,"Activated",3.71748238356308e-14
"ENPEP",1.24201681434154e-06,1.53559446943177,0.0137011007670575,0.906819083354172,0.999999999999914,"SASH1","KO",FALSE,"Activated",3.71748238356308e-14
"ITGA1",1.22570057443553e-06,1.53070945509584,0.013343485530994,0.908037719782512,0.999999999999914,"SASH1","KO",FALSE,"Activated",3.71748238356308e-14
"RCAN2",1.21513198478467e-06,1.52751316951332,0.0131143694704116,0.908827188204256,0.999999999999914,"SASH1","KO",FALSE,"Activated",3.71748238356308e-14
"COL4A1",1.20884651878793e-06,1.52560006476961,0.0129790479853815,0.909296752161121,0.999999999999914,"SASH1","KO",FALSE,"Activated",3.71748238356308e-14
"NRGN",1.20359487301938e-06,1.52399457828893,0.0128665220308391,0.909689107532728,0.999999999999914,"SASH1","KO",FALSE,"Activated",3.71748238356308e-14
"KCNJ8",1.20073046986565e-06,1.52311617447504,0.0128053535228861,0.90990311906367,0.999999999999914,"SASH1","KO",FALSE,"Activated",3.71748238356308e-14
"ATP1B2",1.19269678983285e-06,1.52064220227043,0.012634574205468,0.910503383706131,0.999999999999914,"SASH1","KO",FALSE,"Activated",3.71748238356308e-14
"THBS2",1.18602272150391e-06,1.51857521176351,0.0124935692443067,0.911002099044987,0.999999999999914,"SASH1","KO",FALSE,"Activated",3.71748238356308e-14
"GUCY1A1",1.18252827670376e-06,1.5174886847749,0.0124200567033369,0.911263233117783,0.999999999999914,"SASH1","KO",FALSE,"Activated",3.71748238356308e-14
"PDE3A",1.18217023973629e-06,1.5173771932923,0.0124125369402408,0.9112899891692,0.999999999999914,"SASH1","KO",FALSE,"Activated",3.71748238356308e-14
"COL4A2",1.17847177529564e-06,1.51622367892593,0.01233499224567,0.911566380768856,0.999999999999914,"SASH1","KO",FALSE,"Activated",3.71748238356308e-14
"MAP3K7CL",1.16531494625626e-06,1.51209296062219,0.0120611062473242,0.9125496961468,0.999999999999914,"SASH1","KO",FALSE,"Activated",3.71748238356308e-14
"ANGPT2",1.16279844674774e-06,1.51129798511261,0.0120090705368152,0.91273778964434,0.999999999999914,"SASH1","KO",FALSE,"Activated",3.71748238356308e-14
"GLIS3",1.1529210201667e-06,1.50816224488801,0.0118059142499396,0.913476116182862,0.999999999999914,"SASH1","KO",FALSE,"Activated",3.71748238356308e-14
"SYTL2",1.14830506347446e-06,1.50668833836359,0.0117115686776353,0.913821179402748,0.999999999999914,"SASH1","KO",FALSE,"Activated",3.71748238356308e-14
"SLC7A2",1.14010409407248e-06,1.50405618759225,0.011544882580352,0.914434278240075,0.999999999999914,"SASH1","KO",FALSE,"Activated",3.71748238356308e-14
"NMNAT2",1.13691853506455e-06,1.50302905380298,0.0114804577163246,0.914672442192655,0.999999999999914,"SASH1","KO",FALSE,"Activated",3.71748238356308e-14
"HIGD1B",1.13656298487975e-06,1.50291424764938,0.0114732782386913,0.914699024890503,0.999999999999914,"SASH1","KO",FALSE,"Activated",3.71748238356308e-14
"CSRNP3",1.1240388862991e-06,1.49884897789409,0.0112218169887787,0.915635449364755,0.999999999999914,"SASH1","KO",FALSE,"Activated",3.71748238356308e-14
"STEAP4",1.12186845694395e-06,1.49814022337565,0.0111785219633025,0.915797743896284,0.999999999999914,"SASH1","KO",FALSE,"Activated",3.71748238356308e-14
"DMD",1.11525167602283e-06,1.49597168285121,0.0110470489637073,0.916292537384472,0.999999999999914,"SASH1","KO",FALSE,"Activated",3.71748238356308e-14
"RGS16",1.11296064769613e-06,1.49521807102484,0.0110017083347205,0.91646386479999,0.999999999999914,"SASH1","KO",FALSE,"Activated",3.71748238356308e-14
"SLC16A3",1.1108427285585e-06,1.494520128554,0.0109598765619541,0.916622250235721,0.999999999999914,"SASH1","KO",FALSE,"Activated",3.71748238356308e-14
"FBLN2",1.10615895537699e-06,1.49297226364825,0.0108676486474447,0.916972530997554,0.999999999999914,"SASH1","KO",FALSE,"Activated",3.71748238356308e-14
"SNCG",1.10332200648358e-06,1.49203178512138,0.0108119759472333,0.917184702961231,0.999999999999914,"SASH1","KO",FALSE,"Activated",3.71748238356308e-14
"SLC39A14",1.1021000551364e-06,1.49162600822664,0.0107880402469025,0.917276093037427,0.999999999999914,"SASH1","KO",FALSE,"Activated",3.71748238356308e-14
"NTN4",1.09514257571744e-06,1.48930768343079,0.0106522619188087,0.917796465625683,0.999999999999914,"SASH1","KO",FALSE,"Activated",3.71748238356308e-14
"TMEM158",1.08999180241147e-06,1.4875826135093,0.0105522961993964,0.91818173146749,0.999999999999914,"SASH1","KO",FALSE,"Activated",3.71748238356308e-14
"TPM2",1.08805676716344e-06,1.48693259909251,0.0105148629997706,0.918326472564622,0.999999999999914,"SASH1","KO",FALSE,"Activated",3.71748238356308e-14
"ABCC9",1.07807585064778e-06,1.48356280279348,0.010322838795191,0.919073090376937,0.999999999999914,"SASH1","KO",FALSE,"Activated",3.71748238356308e-14
"TIMP2",1.05219670079552e-06,1.47468954188537,0.00983318887658298,0.921009298889607,0.999999999999914,"SASH1","KO",FALSE,"Activated",3.71748238356308e-14
"DLC1",1.04446907425813e-06,1.47200092485015,0.00968928389076059,0.921587550479242,0.999999999999914,"SASH1","KO",FALSE,"Activated",3.71748238356308e-14
"COL6A3",1.04265525508874e-06,1.4713671990556,0.00965566039858142,0.921723283012363,0.999999999999914,"SASH1","KO",FALSE,"Activated",3.71748238356308e-14
"IER3",1.04158535248023e-06,1.47099291169235,0.00963585458854871,0.921803347515614,0.999999999999914,"SASH1","KO",FALSE,"Activated",3.71748238356308e-14
"HSPB2",1.0382736228509e-06,1.46983210825063,0.00957467743418475,0.922051180688239,0.999999999999914,"SASH1","KO",FALSE,"Activated",3.71748238356308e-14
"GUCY1A2",1.03550146428966e-06,1.46885780379898,0.00952361750243556,0.922258640899182,0.999999999999914,"SASH1","KO",FALSE,"Activated",3.71748238356308e-14
"COL1A2",1.02697073465869e-06,1.46584443012475,0.00936734779797391,0.922897088790962,0.999999999999914,"SASH1","KO",FALSE,"Activated",3.71748238356308e-14
"TRPC6",1.02551594613345e-06,1.46532824232543,0.00934082735803475,0.923005971513008,0.999999999999914,"SASH1","KO",FALSE,"Activated",3.71748238356308e-14
"CALCRL",1.01455171284641e-06,1.46141605396936,0.00914216144921427,0.923826628852002,0.999999999999914,"SASH1","KO",FALSE,"Activated",3.71748238356308e-14
"FBLN5",1.01445962885347e-06,1.46138303239677,0.0091405019802777,0.923833521553077,0.999999999999914,"SASH1","KO",FALSE,"Activated",3.71748238356308e-14
"FAM13C",1.01123564136555e-06,1.46022515606053,0.0090824966409805,0.924074848117628,0.999999999999914,"SASH1","KO",FALSE,"Activated",3.71748238356308e-14
"ADGRA2",1.00808117798473e-06,1.45908895021169,0.00902592087239559,0.924310977327184,0.999999999999914,"SASH1","KO",FALSE,"Activated",3.71748238356308e-14
"LOXL1",1.00386796341345e-06,1.45756626939806,0.00895063194923284,0.924626370378056,0.999999999999914,"SASH1","KO",FALSE,"Activated",3.71748238356308e-14
"ANGPT1",1.00165881403715e-06,1.45676551359789,0.00891128110470922,0.924791747743078,0.999999999999914,"SASH1","KO",FALSE,"Activated",3.71748238356308e-14
"TXNIP",9.70631848502426e-07,1.4453436546654,0.00836776710919417,0.927114772732202,0.999999999999914,"SASH1","KO",FALSE,"Activated",3.71748238356308e-14
"GJA1",9.55825676071544e-07,1.4397739737839,0.00811442770168744,0.928223548327614,0.999999999999914,"SASH1","KO",FALSE,"Activated",3.71748238356308e-14
"APOLD1",9.53973310641419e-07,1.4390715745844,0.00808300707551614,0.928362274489438,0.999999999999914,"SASH1","KO",FALSE,"Activated",3.71748238356308e-14
"ADAMTS1",9.40598817419069e-07,1.43396245554554,0.00785795190830907,0.929363972800371,0.999999999999914,"SASH1","KO",FALSE,"Activated",3.71748238356308e-14
"ID3",9.34902131691024e-07,1.43176592862016,0.00776305762301632,0.929790666822407,0.999999999999914,"SASH1","KO",FALSE,"Activated",3.71748238356308e-14
"MXRA5",9.19947125171207e-07,1.42594032076328,0.0075166831338313,0.930910924730783,0.999999999999914,"SASH1","KO",FALSE,"Activated",3.71748238356308e-14
"RERG",9.19174498948885e-07,1.4256369838989,0.00750406252215211,0.930968804781567,0.999999999999914,"SASH1","KO",FALSE,"Activated",3.71748238356308e-14
"CNN1",9.08227858668609e-07,1.42131383016111,0.00732639193501598,0.931788893817657,0.999999999999914,"SASH1","KO",FALSE,"Activated",3.71748238356308e-14
"MGLL",9.05128123353458e-07,1.42008092497302,0.00727646807114452,0.932021129765604,0.999999999999914,"SASH1","KO",FALSE,"Activated",3.71748238356308e-14
"OLFML2A",9.03389282937719e-07,1.41938760403658,0.00724853729984859,0.932151408343985,0.999999999999914,"SASH1","KO",FALSE,"Activated",3.71748238356308e-14
"MXRA8",8.91380970991268e-07,1.41456571440399,0.00705711552701433,0.93305115265151,0.999999999999914,"SASH1","KO",FALSE,"Activated",3.71748238356308e-14
"RCSD1",8.89795733711077e-07,1.41392469969433,0.00703203701335167,0.933169935814064,0.999999999999914,"SASH1","KO",FALSE,"Activated",3.71748238356308e-14
"NRARP",8.88811664047222e-07,1.41352624636119,0.0070164914506057,0.933243673730353,0.999999999999914,"SASH1","KO",FALSE,"Activated",3.71748238356308e-14
"NDRG2",8.88612668065955e-07,1.41344562274024,0.0070133499587595,0.933258584887651,0.999999999999914,"SASH1","KO",FALSE,"Activated",3.71748238356308e-14
"ADGRF5",8.86997668781327e-07,1.41279068613503,0.00698788045351478,0.9333796008022,0.999999999999914,"SASH1","KO",FALSE,"Activated",3.71748238356308e-14
"PLOD2",8.75287486394358e-07,1.40800865722899,0.00680458978637155,0.934257119787859,0.999999999999914,"SASH1","KO",FALSE,"Activated",3.71748238356308e-14
"COL3A1",8.72733438554421e-07,1.40695784250101,0.00676493677590317,0.934448521603696,0.999999999999914,"SASH1","KO",FALSE,"Activated",3.71748238356308e-14
"ZEB2",8.66464000360381e-07,1.40436633013182,0.00666809159330937,0.934918372956756,0.999999999999914,"SASH1","KO",FALSE,"Activated",3.71748238356308e-14
"GFPT2",8.61124370560103e-07,1.40214549211257,0.00658615990013878,0.935318559436236,0.999999999999914,"SASH1","KO",FALSE,"Activated",3.71748238356308e-14
"EGFL6",8.37497858927711e-07,1.39216391804292,0.00622971129673311,0.937089478182437,0.999999999999914,"SASH1","KO",FALSE,"Activated",3.71748238356308e-14
"LURAP1L",8.33302532284743e-07,1.39036441144028,0.00616745391415158,0.937403970540631,0.999999999999914,"SASH1","KO",FALSE,"Activated",3.71748238356308e-14
"ITIH5",8.3218800021729e-07,1.38988494971191,0.00615096715678153,0.937487520343544,0.999999999999914,"SASH1","KO",FALSE,"Activated",3.71748238356308e-14
"PLXDC1",8.25015292413403e-07,1.38678507532024,0.0060453925587556,0.938025231774795,0.999999999999914,"SASH1","KO",FALSE,"Activated",3.71748238356308e-14
"PDGFRB",8.11304077302935e-07,1.38078963356305,0.00584612136363237,0.939053189410046,0.999999999999914,"SASH1","KO",FALSE,"Activated",3.71748238356308e-14
"COL1A1",8.04167762527641e-07,1.37763210980366,0.00574372750724635,0.939588253714476,0.999999999999914,"SASH1","KO",FALSE,"Activated",3.71748238356308e-14
"FAM162B",8.02991311351559e-07,1.37710910016262,0.00572693431411618,0.939676463915897,0.999999999999914,"SASH1","KO",FALSE,"Activated",3.71748238356308e-14
"EVA1A",8.01615940217574e-07,1.37649676112344,0.00570733282049722,0.939779590055887,0.999999999999914,"SASH1","KO",FALSE,"Activated",3.71748238356308e-14
"RARRES2",8.00526616084059e-07,1.37601108740449,0.00569183185350516,0.939861268939564,0.999999999999914,"SASH1","KO",FALSE,"Activated",3.71748238356308e-14
"LRRC15",7.93509552782166e-07,1.37286785655289,0.00559248500943838,0.940387432233272,0.999999999999914,"SASH1","KO",FALSE,"Activated",3.71748238356308e-14
"KCNE4",7.91857358867817e-07,1.37212404482927,0.00556922063829416,0.940511323150601,0.999999999999914,"SASH1","KO",FALSE,"Activated",3.71748238356308e-14
"COL10A1",7.57426935175973e-07,1.35628877100212,0.00509544361492853,0.943093435675426,0.999999999999914,"SASH1","KO",FALSE,"Activated",3.71748238356308e-14
"UACA",7.34017242147621e-07,1.34513861049606,0.00478534256864068,0.944849390825195,0.999999999999914,"SASH1","KO",FALSE,"Activated",3.71748238356308e-14
"SAT1",7.31028926970535e-07,1.34369173594895,0.00474645791620355,0.94507356305809,0.999999999999914,"SASH1","KO",FALSE,"Activated",3.71748238356308e-14
"FGFR1",7.2882659441738e-07,1.34262192210173,0.00471790218503269,0.945238776597893,0.999999999999914,"SASH1","KO",FALSE,"Activated",3.71748238356308e-14
"PID1",7.19508163800529e-07,1.33806212652971,0.00459803170652254,0.945937848192142,0.999999999999914,"SASH1","KO",FALSE,"Activated",3.71748238356308e-14
"ADAMTS9",7.17623552916895e-07,1.33713331355552,0.004573975963333,0.946079237371661,0.999999999999914,"SASH1","KO",FALSE,"Activated",3.71748238356308e-14
"FMO3",7.16055489143013e-07,1.33635879236,0.00455400880930712,0.946196879529111,0.999999999999914,"SASH1","KO",FALSE,"Activated",3.71748238356308e-14
"LRRC32",7.12896338960172e-07,1.33479361813164,0.0045139139798569,0.946433894650576,0.999999999999914,"SASH1","KO",FALSE,"Activated",3.71748238356308e-14
"TPPP3",7.00555456922256e-07,1.3286175151328,0.00435898676527752,0.947359814093105,0.999999999999914,"SASH1","KO",FALSE,"Activated",3.71748238356308e-14
"DSEL",6.98059205757981e-07,1.32735605845528,0.00432797782910082,0.947547113077993,0.999999999999914,"SASH1","KO",FALSE,"Activated",3.71748238356308e-14
"EPB41L1",6.87772691430783e-07,1.32211359830113,0.00420136453785386,0.948318962394987,0.999999999999914,"SASH1","KO",FALSE,"Activated",3.71748238356308e-14
"PLAU",6.84568464546034e-07,1.32046581328586,0.00416230870911939,0.948559401722932,0.999999999999914,"SASH1","KO",FALSE,"Activated",3.71748238356308e-14
"LAMA4",6.81910098258305e-07,1.31909333338491,0.00413004471324652,0.948758884225796,0.999999999999914,"SASH1","KO",FALSE,"Activated",3.71748238356308e-14
"KCNMB1",6.77751681620803e-07,1.31693647197952,0.00407982671476727,0.949070936208417,0.999999999999914,"SASH1","KO",FALSE,"Activated",3.71748238356308e-14
"CD4",6.70761602469963e-07,1.31328325843333,0.00399610505449128,0.949595496717793,0.999999999999914,"SASH1","KO",FALSE,"Activated",3.71748238356308e-14
"LINC02381",6.70565563309924e-07,1.31318029768666,0.00399376956421632,0.94961020851263,0.999999999999914,"SASH1","KO",FALSE,"Activated",3.71748238356308e-14
"SPON1",6.7039993518598e-07,1.31309328733892,0.00399179690440646,0.949622638119054,0.999999999999914,"SASH1","KO",FALSE,"Activated",3.71748238356308e-14
"BNC2",6.66328061290216e-07,1.31094793036475,0.00394345342846093,0.949928216821511,0.999999999999914,"SASH1","KO",FALSE,"Activated",3.71748238356308e-14
"TFPI",6.61885541140254e-07,1.30859345938302,0.00389104539789923,0.950261619518884,0.999999999999914,"SASH1","KO",FALSE,"Activated",3.71748238356308e-14
"GREM1",6.52310420572694e-07,1.30346884031584,0.00377928063803884,0.95098024365907,0.999999999999914,"SASH1","KO",FALSE,"Activated",3.71748238356308e-14
"NTN1",6.28774643634463e-07,1.29057152705529,0.00351148283055615,0.952746799823197,0.999999999999914,"SASH1","KO",FALSE,"Activated",3.71748238356308e-14
"AKR1B1",6.23451161799085e-07,1.28759267989557,0.00345227502899734,0.953146404002425,0.999999999999914,"SASH1","KO",FALSE,"Activated",3.71748238356308e-14
"LSAMP",6.22618902181727e-07,1.28712485633374,0.00344306413477904,0.953208878171286,0.999999999999914,"SASH1","KO",FALSE,"Activated",3.71748238356308e-14
"TIMP3",6.20044184255216e-07,1.28567391569848,0.00341464678556211,0.953402153049732,0.999999999999914,"SASH1","KO",FALSE,"Activated",3.71748238356308e-14
"EPHA3",6.17523440647124e-07,1.28424800025012,0.00338693923566779,0.953591378923892,0.999999999999914,"SASH1","KO",FALSE,"Activated",3.71748238356308e-14
"PDPN",6.10721157638272e-07,1.28037318624845,0.0033127330567088,0.954102022203134,0.999999999999914,"SASH1","KO",FALSE,"Activated",3.71748238356308e-14
"METRNL",5.99676817131476e-07,1.27399638246896,0.00319400086463076,0.95493115421642,0.999999999999914,"SASH1","KO",FALSE,"Activated",3.71748238356308e-14
"F10",5.94304229963419e-07,1.27085510464749,0.0031370262477856,0.95533450825865,0.999999999999914,"SASH1","KO",FALSE,"Activated",3.71748238356308e-14
"MAP1A",5.92532642169229e-07,1.26981354020396,0.00311835152259945,0.955467515053406,0.999999999999914,"SASH1","KO",FALSE,"Activated",3.71748238356308e-14
"KLF2",5.8823617783993e-07,1.26727555883789,0.00307329303642543,0.955790088996899,0.999999999999914,"SASH1","KO",FALSE,"Activated",3.71748238356308e-14
"IL11",5.88204576675186e-07,1.26725682835793,0.00307296283901669,0.955792461605417,0.999999999999914,"SASH1","KO",FALSE,"Activated",3.71748238356308e-14
"RIPOR3",5.80932969427178e-07,1.26292197424841,0.0029974542193118,0.956338422655109,0.999999999999914,"SASH1","KO",FALSE,"Activated",3.71748238356308e-14
"ADAMTS4",5.77679738568407e-07,1.2609663937961,0.0029639766682899,0.956582685802519,0.999999999999914,"SASH1","KO",FALSE,"Activated",3.71748238356308e-14
"SFRP2",5.77592304901109e-07,1.26091369573938,0.00296307952158074,0.956589250662824,0.999999999999914,"SASH1","KO",FALSE,"Activated",3.71748238356308e-14
"FNDC1",5.62742224146162e-07,1.25185476030145,0.0028126747550063,0.957704294927379,0.999999999999914,"SASH1","KO",FALSE,"Activated",3.71748238356308e-14
"FXYD1",5.54730715555169e-07,1.24687560083818,0.00273315924886285,0.958305887559223,0.999999999999914,"SASH1","KO",FALSE,"Activated",3.71748238356308e-14
"RUNX2",5.48683859217995e-07,1.24307337730808,0.00267389826238961,0.958759968125075,0.999999999999914,"SASH1","KO",FALSE,"Activated",3.71748238356308e-14
"ANGPTL2",5.47506918760477e-07,1.24232883628551,0.00266243940944684,0.958848350450353,0.999999999999914,"SASH1","KO",FALSE,"Activated",3.71748238356308e-14
"HEYL",5.36869090142656e-07,1.23553151006776,0.00255998435237202,0.959647220840748,0.999999999999914,"SASH1","KO",FALSE,"Activated",3.71748238356308e-14
"PMAIP1",5.34416868060585e-07,1.23394699666252,0.00253665161347479,0.959831381455911,0.999999999999914,"SASH1","KO",FALSE,"Activated",3.71748238356308e-14
"AC104083.1",5.30746557739552e-07,1.23156284119403,0.00250192842956811,0.960107023872515,0.999999999999914,"SASH1","KO",FALSE,"Activated",3.71748238356308e-14
"INMT",5.28885026874197e-07,1.23034781486097,0.00248440877067729,0.960246827736313,0.999999999999914,"SASH1","KO",FALSE,"Activated",3.71748238356308e-14
"CPM",5.23722926734785e-07,1.22695775551012,0.00243614807453082,0.960634515869154,0.999999999999914,"SASH1","KO",FALSE,"Activated",3.71748238356308e-14
"PDLIM3",5.23609943909354e-07,1.22688321338357,0.00243509708672989,0.960643001299227,0.999999999999914,"SASH1","KO",FALSE,"Activated",3.71748238356308e-14
"HRH2",5.22722630680218e-07,1.22629727900402,0.00242685101302325,0.960709641975225,0.999999999999914,"SASH1","KO",FALSE,"Activated",3.71748238356308e-14
"SDC2",5.22194518772696e-07,1.22594810660044,0.00242194974641949,0.960749305364687,0.999999999999914,"SASH1","KO",FALSE,"Activated",3.71748238356308e-14
"CAVIN2",5.18960277897108e-07,1.22380259059658,0.00239204169107369,0.960992212352682,0.999999999999914,"SASH1","KO",FALSE,"Activated",3.71748238356308e-14
"S100A4",5.15209535465913e-07,1.22129894831118,0.00235759007425482,0.961273915615838,0.999999999999914,"SASH1","KO",FALSE,"Activated",3.71748238356308e-14
"WIPI1",5.08361709070269e-07,1.21668432444789,0.00229533549130395,0.961788240915949,0.999999999999914,"SASH1","KO",FALSE,"Activated",3.71748238356308e-14
"ECEL1",5.02844390362622e-07,1.21292442713202,0.00224578268417258,0.962202646264674,0.999999999999914,"SASH1","KO",FALSE,"Activated",3.71748238356308e-14
"SORBS1",4.98432536895238e-07,1.20989040646585,0.00220654749073787,0.962534027564144,0.999999999999914,"SASH1","KO",FALSE,"Activated",3.71748238356308e-14
"MIR100HG",4.95755563617513e-07,1.20803736704966,0.00218290936129773,0.96273510242434,0.999999999999914,"SASH1","KO",FALSE,"Activated",3.71748238356308e-14
"PRKAR2B",4.93833315481706e-07,1.20670106034194,0.00216601410578058,0.96287948925633,0.999999999999914,"SASH1","KO",FALSE,"Activated",3.71748238356308e-14
"ABL2",4.86749486352158e-07,1.20173477682902,0.00210431869520978,0.963411591100317,0.999999999999914,"SASH1","KO",FALSE,"Activated",3.71748238356308e-14
"SLC8A1",4.85702687641953e-07,1.20099525030607,0.00209527737313498,0.963490222775895,0.999999999999914,"SASH1","KO",FALSE,"Activated",3.71748238356308e-14
"DEPP1",4.85053904965621e-07,1.20053617021771,0.00208968353232149,0.963538957126688,0.999999999999914,"SASH1","KO",FALSE,"Activated",3.71748238356308e-14
"PRKG1",4.69261856656093e-07,1.18918340147202,0.00195582961968772,0.964725243725975,0.999999999999914,"SASH1","KO",FALSE,"Activated",3.71748238356308e-14
"PDLIM4",4.67754552554351e-07,1.18808147150466,0.00194328525742974,0.964838475381502,0.999999999999914,"SASH1","KO",FALSE,"Activated",3.71748238356308e-14
"EFEMP1",4.39042847435766e-07,1.16644104902349,0.00171204163660785,0.966995488043477,0.999999999999914,"SASH1","KO",FALSE,"Activated",3.71748238356308e-14
"CRISPLD2",4.38879116654033e-07,1.16631394319259,0.00171076494277767,0.967007789287257,0.999999999999914,"SASH1","KO",FALSE,"Activated",3.71748238356308e-14
"ARHGAP15",4.33051360930742e-07,1.16176108576407,0.00166563303337778,0.967445639010061,0.999999999999914,"SASH1","KO",FALSE,"Activated",3.71748238356308e-14
"SUSD2",4.25358373409956e-07,1.15566375715246,0.00160698004132532,0.968023641945335,0.999999999999914,"SASH1","KO",FALSE,"Activated",3.71748238356308e-14
"MEGF10",4.18256356334747e-07,1.14994388887588,0.00155376598365622,0.9685572579798,0.999999999999914,"SASH1","KO",FALSE,"Activated",3.71748238356308e-14
"FBN1",4.18161402686612e-07,1.14986680966325,0.00155306058372966,0.96856439249803,0.999999999999914,"SASH1","KO",FALSE,"Activated",3.71748238356308e-14
"CPXM2",4.17567020985435e-07,1.14938394967095,0.0015486486283306,0.968609052525238,0.999999999999914,"SASH1","KO",FALSE,"Activated",3.71748238356308e-14
"VCAN",4.08600003345488e-07,1.14202143799217,0.00148285006814601,0.969282818733116,0.999999999999914,"SASH1","KO",FALSE,"Activated",3.71748238356308e-14
"SLC6A6",4.08496604652575e-07,1.14193567537579,0.00148209967481414,0.969290588060995,0.999999999999914,"SASH1","KO",FALSE,"Activated",3.71748238356308e-14
"DIO2",4.00844290360585e-07,1.13553234714048,0.00142709180920998,0.969865587303556,0.999999999999914,"SASH1","KO",FALSE,"Activated",3.71748238356308e-14
"CPE",3.96574969700463e-07,1.13191070511834,0.00139685430054998,0.970186393310164,0.999999999999914,"SASH1","KO",FALSE,"Activated",3.71748238356308e-14
"COL6A1",3.91487279303232e-07,1.12754760635665,0.00136124350231645,0.970568699688013,0.999999999999914,"SASH1","KO",FALSE,"Activated",3.71748238356308e-14
"NID2",3.75014843248668e-07,1.11305346011406,0.0012491006231838,0.971806540562784,0.999999999999914,"SASH1","KO",FALSE,"Activated",3.71748238356308e-14
"PDGFRL",3.73891858944423e-07,1.11204409633266,0.00124163094462597,0.971890931065749,0.999999999999914,"SASH1","KO",FALSE,"Activated",3.71748238356308e-14
"THY1",3.70820126827621e-07,1.10926880758414,0.00122131335463672,0.972121768504614,0.999999999999914,"SASH1","KO",FALSE,"Activated",3.71748238356308e-14
"HAS2",3.66110359166415e-07,1.10497212750127,0.00119048669152279,0.972475707121152,0.999999999999914,"SASH1","KO",FALSE,"Activated",3.71748238356308e-14
"HAS1",3.66097176309236e-07,1.10496002954102,0.00119040095926703,0.972476697819324,0.999999999999914,"SASH1","KO",FALSE,"Activated",3.71748238356308e-14
"PI15",3.57598901996746e-07,1.09707628516459,0.00113577645931143,0.973115356064706,0.999999999999914,"SASH1","KO",FALSE,"Activated",3.71748238356308e-14
"GSN",3.55691127966543e-07,1.09528274584615,0.00112369015301661,0.973258730569761,0.999999999999914,"SASH1","KO",FALSE,"Activated",3.71748238356308e-14
"ADAMTS12",3.51430013151786e-07,1.09124453732507,0.00109692821454814,0.973578968269778,0.999999999999914,"SASH1","KO",FALSE,"Activated",3.71748238356308e-14
"SPARC",3.504450493569e-07,1.09030467796449,0.00109078804180935,0.973652992356079,0.999999999999914,"SASH1","KO",FALSE,"Activated",3.71748238356308e-14
"PTGS2",3.46695384081162e-07,1.086704295902,0.00106757065789195,0.973934797217611,0.999999999999914,"SASH1","KO",FALSE,"Activated",3.71748238356308e-14
"CXCL6",3.40843765937273e-07,1.08101327430469,0.00103183729247967,0.974374580144084,0.999999999999914,"SASH1","KO",FALSE,"Activated",3.71748238356308e-14
"MT1M",3.39085898646998e-07,1.07928605308302,0.00102122154488009,0.974506695559405,0.999999999999914,"SASH1","KO",FALSE,"Activated",3.71748238356308e-14
"DLX5",3.32001037553825e-07,1.07223996654237,0.000978992560732493,0.975039177032636,0.999999999999914,"SASH1","KO",FALSE,"Activated",3.71748238356308e-14
"ADAMTS2",3.31305158069981e-07,1.0715404374222,0.000974892893598568,0.975091478299513,0.999999999999914,"SASH1","KO",FALSE,"Activated",3.71748238356308e-14
"FAT4",3.28906271408799e-07,1.06911854145128,0.00096082615950878,0.975271775872138,0.999999999999914,"SASH1","KO",FALSE,"Activated",3.71748238356308e-14
"HSPB8",3.28615079902231e-07,1.06882344939236,0.000959125610810938,0.97529366157828,0.999999999999914,"SASH1","KO",FALSE,"Activated",3.71748238356308e-14
"P4HA3",3.2226465192187e-07,1.06232725734832,0.000922413931344453,0.975770958945583,0.999999999999914,"SASH1","KO",FALSE,"Activated",3.71748238356308e-14
"ECM2",3.20828125886614e-07,1.06084140113403,0.000914208760209896,0.975878929270849,0.999999999999914,"SASH1","KO",FALSE,"Activated",3.71748238356308e-14
"FAM20A",3.17584389430619e-07,1.05746358446913,0.000895815976497302,0.976122732447867,0.999999999999914,"SASH1","KO",FALSE,"Activated",3.71748238356308e-14
"HEY2",3.1716999351068e-07,1.05702977048016,0.000893479713723866,0.976153879110362,0.999999999999914,"SASH1","KO",FALSE,"Activated",3.71748238356308e-14
"HOPX",3.15695105489367e-07,1.05548151987921,0.000885189404988507,0.976264734356077,0.999999999999914,"SASH1","KO",FALSE,"Activated",3.71748238356308e-14
"OLFML2B",3.13734507205707e-07,1.05341304250425,0.000874228755260112,0.976412097171169,0.999999999999914,"SASH1","KO",FALSE,"Activated",3.71748238356308e-14
"GLIPR1",3.13729689839302e-07,1.05340794540881,0.000874201908051369,0.97641245925586,0.999999999999914,"SASH1","KO",FALSE,"Activated",3.71748238356308e-14
"ISLR",3.12236753694371e-07,1.0518248324307,0.000865901627060094,0.976524672113008,0.999999999999914,"SASH1","KO",FALSE,"Activated",3.71748238356308e-14
"PLPPR4",3.10368249350771e-07,1.04983360402674,0.000855569083907371,0.976665114280335,0.999999999999914,"SASH1","KO",FALSE,"Activated",3.71748238356308e-14
"ADM",3.10190126413084e-07,1.04964320532312,0.000854587329181294,0.97667850255112,0.999999999999914,"SASH1","KO",FALSE,"Activated",3.71748238356308e-14
"HSPB6",3.0907575066318e-07,1.04844973674844,0.000848458051281088,0.976762262627315,0.999999999999914,"SASH1","KO",FALSE,"Activated",3.71748238356308e-14
"FSTL1",3.00668260117811e-07,1.03931546631339,0.000802926291017241,0.97739420493232,0.999999999999914,"SASH1","KO",FALSE,"Activated",3.71748238356308e-14
"GALNT15",3.00282884405739e-07,1.03889115626604,0.000800869339683803,0.977423171732716,0.999999999999914,"SASH1","KO",FALSE,"Activated",3.71748238356308e-14
"FBLN1",2.99574363935594e-07,1.0381097426406,0.000797094479913958,0.977476427815858,0.999999999999914,"SASH1","KO",FALSE,"Activated",3.71748238356308e-14
"SAMD5",2.95931070646481e-07,1.03406451824494,0.000777824539452644,0.977750278266424,0.999999999999914,"SASH1","KO",FALSE,"Activated",3.71748238356308e-14
"NTRK2",2.95127977250752e-07,1.03316665395141,0.000773608570207274,0.977810643644686,0.999999999999914,"SASH1","KO",FALSE,"Activated",3.71748238356308e-14
"PLCG2",2.94044664084909e-07,1.03195192672193,0.000767939692307961,0.977892072244409,0.999999999999914,"SASH1","KO",FALSE,"Activated",3.71748238356308e-14
"TMEM47",2.93689487361731e-07,1.0315527661754,0.000766085623135727,0.977918769600728,0.999999999999914,"SASH1","KO",FALSE,"Activated",3.71748238356308e-14
"CA12",2.91066573241268e-07,1.02859118489083,0.000752463044843316,0.978115925381465,0.999999999999914,"SASH1","KO",FALSE,"Activated",3.71748238356308e-14
"LTBP2",2.90862980182765e-07,1.02836027634576,0.000751410758607055,0.978131228854479,0.999999999999914,"SASH1","KO",FALSE,"Activated",3.71748238356308e-14
"UNC5B",2.78245661837759e-07,1.01375105919505,0.000687633954740434,0.979079649907918,0.999999999999914,"SASH1","KO",FALSE,"Activated",3.71748238356308e-14
"TUBA1A",2.77465536391044e-07,1.01282785076246,0.00068378348156269,0.979138291514647,0.999999999999914,"SASH1","KO",FALSE,"Activated",3.71748238356308e-14
"COL6A2",2.68916850455346e-07,1.00255137462136,0.000642297959195644,0.979780898917804,0.999999999999914,"SASH1","KO",FALSE,"Activated",3.71748238356308e-14
"CYGB",2.66247840214439e-07,0.999281186755255,0.000629611565006958,0.979981531962125,0.999999999999914,"SASH1","KO",FALSE,"Activated",3.71748238356308e-14
"CDH11",2.64240273167469e-07,0.996801451339748,0.00062015254323078,0.980132444278301,0.999999999999914,"SASH1","KO",FALSE,"Activated",3.71748238356308e-14
"TNFAIP6",2.63214481612179e-07,0.99552768710532,0.000615346973970556,0.98020955509334,0.999999999999914,"SASH1","KO",FALSE,"Activated",3.71748238356308e-14
"WNT6",2.63138498054513e-07,0.995433153484265,0.00061499175412624,0.980215266937609,0.999999999999914,"SASH1","KO",FALSE,"Activated",3.71748238356308e-14
"ANXA6",2.56725148881407e-07,0.987361954525741,0.00058537926975657,0.980697375546431,0.999999999999914,"SASH1","KO",FALSE,"Activated",3.71748238356308e-14
"C11orf96",2.53555757790491e-07,0.983304406421413,0.000571014930256801,0.980935629764685,0.999999999999914,"SASH1","KO",FALSE,"Activated",3.71748238356308e-14
"COLEC12",2.51275113453211e-07,0.980355626364684,0.000560788972891797,0.981107074833026,0.999999999999914,"SASH1","KO",FALSE,"Activated",3.71748238356308e-14
"BTG2",2.48901758330767e-07,0.977260659104244,0.000550245423377662,0.981285490264765,0.999999999999914,"SASH1","KO",FALSE,"Activated",3.71748238356308e-14
"KLF9",2.48111933298564e-07,0.976224654246676,0.000546758842399884,0.981344865057241,0.999999999999914,"SASH1","KO",FALSE,"Activated",3.71748238356308e-14
"SYNM",2.46326839988024e-07,0.973871920024657,0.000538919602546467,0.981479059139283,0.999999999999914,"SASH1","KO",FALSE,"Activated",3.71748238356308e-14
"PSD3",2.45298431621847e-07,0.972509342390561,0.000534429044546239,0.981556369799196,0.999999999999914,"SASH1","KO",FALSE,"Activated",3.71748238356308e-14
"GADD45B",2.40634860228e-07,0.966263540592167,0.000514301268407774,0.98190695621836,0.999999999999914,"SASH1","KO",FALSE,"Activated",3.71748238356308e-14
"BGN",2.36910770180204e-07,0.961195301452824,0.000498505689080853,0.982186919148526,0.999999999999914,"SASH1","KO",FALSE,"Activated",3.71748238356308e-14
"RGS3",2.32180811992318e-07,0.954651184794884,0.000478798918938666,0.982542502579218,0.999999999999914,"SASH1","KO",FALSE,"Activated",3.71748238356308e-14
"LRP1",2.24778505968234e-07,0.944158830421431,0.000448755795448156,0.983098991678494,0.999999999999914,"SASH1","KO",FALSE,"Activated",3.71748238356308e-14
"DPT",2.22994291784635e-07,0.941582197949219,0.000441659932744314,0.983233126220028,0.999999999999914,"SASH1","KO",FALSE,"Activated",3.71748238356308e-14
"CRYAB",2.21616075738718e-07,0.939578834372532,0.000436217445784832,0.983336738756269,0.999999999999914,"SASH1","KO",FALSE,"Activated",3.71748238356308e-14
"COL5A1",2.21551537913348e-07,0.939484741456627,0.000435963417045869,0.983341590635119,0.999999999999914,"SASH1","KO",FALSE,"Activated",3.71748238356308e-14
"CERCAM",2.19917266902743e-07,0.93709359491806,0.000429555385993442,0.983464453438875,0.999999999999914,"SASH1","KO",FALSE,"Activated",3.71748238356308e-14
"FGF1",2.19900193888764e-07,0.937068528571995,0.000429488692545149,0.983465736972478,0.999999999999914,"SASH1","KO",FALSE,"Activated",3.71748238356308e-14
"FYN",2.18796810170077e-07,0.935444739847718,0.000425189451952738,0.983548688443608,0.999999999999914,"SASH1","KO",FALSE,"Activated",3.71748238356308e-14
"SLC25A4",2.18471218259777e-07,0.934964141661416,0.000423924943199643,0.983573166206905,0.999999999999914,"SASH1","KO",FALSE,"Activated",3.71748238356308e-14
"IL24",2.1655676881533e-07,0.932124842147677,0.000416527841157669,0.983717093437468,0.999999999999914,"SASH1","KO",FALSE,"Activated",3.71748238356308e-14
"LINC01705",2.14778039485416e-07,0.92946601281506,0.000409713484149237,0.983850817781344,0.999999999999914,"SASH1","KO",FALSE,"Activated",3.71748238356308e-14
"MYLIP",2.08952515288979e-07,0.920613648864565,0.000387789206069195,0.984288782120562,0.999999999999914,"SASH1","KO",FALSE,"Activated",3.71748238356308e-14
"CKB",2.08892823435076e-07,0.920521770123913,0.000387567676787712,0.984293269793525,0.999999999999914,"SASH1","KO",FALSE,"Activated",3.71748238356308e-14
"IL7R",2.05562898078384e-07,0.915357559238607,0.000375309859383992,0.984543616562148,0.999999999999914,"SASH1","KO",FALSE,"Activated",3.71748238356308e-14
"BMP2",1.99964936345035e-07,0.906499581038955,0.000355147047250243,0.984964479752932,0.999999999999914,"SASH1","KO",FALSE,"Activated",3.71748238356308e-14
"COL5A2",1.98218297939224e-07,0.903688951201752,0.000348969920895702,0.985095795519786,0.999999999999914,"SASH1","KO",FALSE,"Activated",3.71748238356308e-14
"SLC40A1",1.97069061978976e-07,0.901827159878396,0.000344935115027627,0.985182197597055,0.999999999999914,"SASH1","KO",FALSE,"Activated",3.71748238356308e-14
"C3",1.96947875632608e-07,0.901630251908196,0.000344511014226151,0.985191308662221,0.999999999999914,"SASH1","KO",FALSE,"Activated",3.71748238356308e-14
"LYPD1",1.9690034935433e-07,0.901552998993185,0.000344344763630931,0.985194881796451,0.999999999999914,"SASH1","KO",FALSE,"Activated",3.71748238356308e-14
"PALM2-AKAP2",1.95457447697024e-07,0.899199372329831,0.000339316482750122,0.985303362582071,0.999999999999914,"SASH1","KO",FALSE,"Activated",3.71748238356308e-14
"C1orf54",1.9500401324024e-07,0.898456432523133,0.000337743973517341,0.98533745292146,0.999999999999914,"SASH1","KO",FALSE,"Activated",3.71748238356308e-14
"CHN1",1.93875167872879e-07,0.896599909822315,0.000333845005629277,0.985422322462768,0.999999999999914,"SASH1","KO",FALSE,"Activated",3.71748238356308e-14
"CSPG4",1.90543217520497e-07,0.891061409123868,0.000322468649427973,0.985672828146006,0.999999999999914,"SASH1","KO",FALSE,"Activated",3.71748238356308e-14
"DAB2",1.88565812813309e-07,0.887732119797184,0.000315810397817255,0.985821495831763,0.999999999999914,"SASH1","KO",FALSE,"Activated",3.71748238356308e-14
"ENPP2",1.85746625008639e-07,0.882929459397623,0.000306437826016758,0.986033452345311,0.999999999999914,"SASH1","KO",FALSE,"Activated",3.71748238356308e-14
"KCNQ1OT1",1.82750040778947e-07,0.877750347715225,0.000296630275313707,0.986258747230193,0.999999999999914,"SASH1","KO",FALSE,"Activated",3.71748238356308e-14
"KHDRBS3",1.8241414252575e-07,0.877164930486076,0.000295540852592382,0.986284001439036,0.999999999999914,"SASH1","KO",FALSE,"Activated",3.71748238356308e-14
"OMD",1.81993684277463e-07,0.876430736431676,0.000294180000007283,0.986315613234618,0.999999999999914,"SASH1","KO",FALSE,"Activated",3.71748238356308e-14
"ZNF469",1.81397821276318e-07,0.875387571923642,0.000292256812183543,0.98636041272406,0.999999999999914,"SASH1","KO",FALSE,"Activated",3.71748238356308e-14
"VAMP5",1.73118851302034e-07,0.8605572014395,0.000266188465878927,0.986982864934447,0.999999999999914,"SASH1","KO",FALSE,"Activated",3.71748238356308e-14
"CLEC11A",1.71638875279703e-07,0.857837389228172,0.000261656681925935,0.987094137393627,0.999999999999914,"SASH1","KO",FALSE,"Activated",3.71748238356308e-14
"NFIB",1.69372456280287e-07,0.853630099250708,0.000254792172234294,0.987264539299369,0.999999999999914,"SASH1","KO",FALSE,"Activated",3.71748238356308e-14
"FKBP10",1.67586827443987e-07,0.850278613157628,0.000249448139288664,0.987398793153127,0.999999999999914,"SASH1","KO",FALSE,"Activated",3.71748238356308e-14
"PDZRN3",1.62959091591061e-07,0.841437023653371,0.000235861849573563,0.987746734622542,0.999999999999914,"SASH1","KO",FALSE,"Activated",3.71748238356308e-14
"NR4A1",1.61826021545727e-07,0.839236963931709,0.000232593312744672,0.987831926112377,0.999999999999914,"SASH1","KO",FALSE,"Activated",3.71748238356308e-14
"FOXC2",1.58119651362914e-07,0.831939819021613,0.00022206095640526,0.988110595812787,0.999999999999914,"SASH1","KO",FALSE,"Activated",3.71748238356308e-14
"CCL8",1.57189134855894e-07,0.830083052469458,0.000219455038894073,0.988180558496678,0.999999999999914,"SASH1","KO",FALSE,"Activated",3.71748238356308e-14
"SSTR2",1.56013918780768e-07,0.827723473560224,0.000216185818340118,0.988268919520843,0.999999999999914,"SASH1","KO",FALSE,"Activated",3.71748238356308e-14
"FADS3",1.55423278226153e-07,0.826531401564463,0.000214552035783263,0.988313328093323,0.999999999999914,"SASH1","KO",FALSE,"Activated",3.71748238356308e-14
"PDE4B",1.54991232123787e-07,0.82565676820674,0.000213360868886718,0.988345812425882,0.999999999999914,"SASH1","KO",FALSE,"Activated",3.71748238356308e-14
"PAPPA",1.54557098154173e-07,0.824775641194418,0.000212167285556184,0.988378453758775,0.999999999999914,"SASH1","KO",FALSE,"Activated",3.71748238356308e-14
"FERMT2",1.54501638585313e-07,0.824662915023899,0.000212015049324967,0.988382623611826,0.999999999999914,"SASH1","KO",FALSE,"Activated",3.71748238356308e-14
"NNMT",1.50092479280712e-07,0.815579335460901,0.000200086769673062,0.98871413722708,0.999999999999914,"SASH1","KO",FALSE,"Activated",3.71748238356308e-14
"FOXQ1",1.47960123441877e-07,0.811097736102976,0.000194441910546876,0.988874464410144,0.999999999999914,"SASH1","KO",FALSE,"Activated",3.71748238356308e-14
"EMILIN1",1.45658556084737e-07,0.80619318387592,0.000188439746233587,0.989047514742053,0.999999999999914,"SASH1","KO",FALSE,"Activated",3.71748238356308e-14
"ITGA8",1.45392220037147e-07,0.805621027279206,0.000187751253720341,0.989067540060106,0.999999999999914,"SASH1","KO",FALSE,"Activated",3.71748238356308e-14
"TESC",1.433434570841e-07,0.801187182003026,0.000182497222221044,0.98922158301148,0.999999999999914,"SASH1","KO",FALSE,"Activated",3.71748238356308e-14
"FHL1",1.40392006989637e-07,0.79469596467356,0.000175059335228844,0.989443498156336,0.999999999999914,"SASH1","KO",FALSE,"Activated",3.71748238356308e-14
"PDGFB",1.39161048016925e-07,0.791951430034202,0.000172002948320422,0.989536052373829,0.999999999999914,"SASH1","KO",FALSE,"Activated",3.71748238356308e-14
"INHBA",1.37755326339942e-07,0.788789737995748,0.000168545557389192,0.989641746945804,0.999999999999914,"SASH1","KO",FALSE,"Activated",3.71748238356308e-14
"ZNF141",1.35718307020058e-07,0.78415496842643,0.000163597768984202,0.989794908372711,0.999999999999914,"SASH1","KO",FALSE,"Activated",3.71748238356308e-14
"LAMC3",1.33499066162929e-07,0.77903202549107,0.000158291270658529,0.989961771280966,0.999999999999914,"SASH1","KO",FALSE,"Activated",3.71748238356308e-14
"SORBS2",1.33194171938805e-07,0.77832207611308,0.000157569063628679,0.989984696063232,0.999999999999914,"SASH1","KO",FALSE,"Activated",3.71748238356308e-14
"RCN3",1.32691005541629e-07,0.777147164794541,0.000156380817886306,0.990022528808808,0.999999999999914,"SASH1","KO",FALSE,"Activated",3.71748238356308e-14
"GPM6B",1.32418335915707e-07,0.776508754467226,0.000155738777565597,0.990043030665373,0.999999999999914,"SASH1","KO",FALSE,"Activated",3.71748238356308e-14
"RAB40B",1.31568254750566e-07,0.774510623352981,0.00015374561477559,0.99010694777219,0.999999999999914,"SASH1","KO",FALSE,"Activated",3.71748238356308e-14
"CFL2",1.30843836413863e-07,0.772798449552362,0.000152057220827842,0.990161416414381,0.999999999999914,"SASH1","KO",FALSE,"Activated",3.71748238356308e-14
"CSGALNACT1",1.29076012218916e-07,0.768583200380717,0.000147976103986686,0.990294338398441,0.999999999999914,"SASH1","KO",FALSE,"Activated",3.71748238356308e-14
"SULF1",1.28899279273109e-07,0.768158871573263,0.000147571158896188,0.990307626891813,0.999999999999914,"SASH1","KO",FALSE,"Activated",3.71748238356308e-14
"PCDH18",1.28053807617673e-07,0.766121477560057,0.000145641620604425,0.990371197670884,0.999999999999914,"SASH1","KO",FALSE,"Activated",3.71748238356308e-14
"GK",1.257789062088e-07,0.760577270890173,0.000140512880613168,0.990542247178702,0.999999999999914,"SASH1","KO",FALSE,"Activated",3.71748238356308e-14
"COL11A1",1.22380396743519e-07,0.752120012368743,0.000133022229767722,0.990797781421102,0.999999999999914,"SASH1","KO",FALSE,"Activated",3.71748238356308e-14
"CELF2",1.21048570897883e-07,0.74874656415433,0.000130142709062419,0.990897921789049,0.999999999999914,"SASH1","KO",FALSE,"Activated",3.71748238356308e-14
"CAV1",1.20946580299696e-07,0.748486818549035,0.000129923495553929,0.990905590497358,0.999999999999914,"SASH1","KO",FALSE,"Activated",3.71748238356308e-14
"NTM",1.19693698469817e-07,0.745279444617131,0.0001272456905878,0.990999795183274,0.999999999999914,"SASH1","KO",FALSE,"Activated",3.71748238356308e-14
"POU2F2",1.15014223664157e-07,0.733019788959309,0.000117490733308345,0.991351647864523,0.999999999999914,"SASH1","KO",FALSE,"Activated",3.71748238356308e-14
"MT1E",1.13921912015095e-07,0.730091939344005,0.000115269667518507,0.991433779715478,0.999999999999914,"SASH1","KO",FALSE,"Activated",3.71748238356308e-14
"MMP1",1.13597733732947e-07,0.729218025844648,0.000114614573959829,0.99145815497642,0.999999999999914,"SASH1","KO",FALSE,"Activated",3.71748238356308e-14
"TMEM176B",1.1060500011637e-07,0.7210398733691,0.000108655078741165,0.99168318172238,0.999999999999914,"SASH1","KO",FALSE,"Activated",3.71748238356308e-14
"LPL",1.09536087119333e-07,0.718069373467252,0.000106565089865281,0.991763554561031,0.999999999999914,"SASH1","KO",FALSE,"Activated",3.71748238356308e-14
"ALPL",1.07910068379641e-07,0.713499032688449,0.000103424741775003,0.991885817002596,0.999999999999914,"SASH1","KO",FALSE,"Activated",3.71748238356308e-14
"CDKN1A",1.07537272977522e-07,0.712442253500648,0.000102711376120118,0.991913847995587,0.999999999999914,"SASH1","KO",FALSE,"Activated",3.71748238356308e-14
"PLXNC1",1.05481804008795e-07,0.706554162993226,9.88224478485954e-05,0.992068401679443,0.999999999999914,"SASH1","KO",FALSE,"Activated",3.71748238356308e-14
"PTGFR",1.04935810243875e-07,0.704972332630344,9.78020482356822e-05,0.992109455790372,0.999999999999914,"SASH1","KO",FALSE,"Activated",3.71748238356308e-14
"RDH5",1.04318577202232e-07,0.703174947318777,9.66548875654996e-05,0.992155866517237,0.999999999999914,"SASH1","KO",FALSE,"Activated",3.71748238356308e-14
"YPEL2",1.03577347945948e-07,0.701003482322596,9.52862166472573e-05,0.992211600750303,0.999999999999914,"SASH1","KO",FALSE,"Activated",3.71748238356308e-14
"RHOBTB3",1.0331132245841e-07,0.7002206537102,9.47973837039054e-05,0.992231603648568,0.999999999999914,"SASH1","KO",FALSE,"Activated",3.71748238356308e-14
"CD248",9.7821562008824e-08,0.683636661452962,8.49903654031925e-05,0.992644388926694,0.999999999999914,"SASH1","KO",FALSE,"Activated",3.71748238356308e-14
"SELENOP",9.58305933180894e-08,0.677409449770609,8.15659434284133e-05,0.992794094050426,0.999999999999914,"SASH1","KO",FALSE,"Activated",3.71748238356308e-14
"IGFBP4",9.30607167850341e-08,0.668544629458641,7.69189410002219e-05,0.993002367314043,0.999999999999914,"SASH1","KO",FALSE,"Activated",3.71748238356308e-14
"COL8A1",9.28817111699808e-08,0.667963398611731,7.66233129347808e-05,0.993015827166518,0.999999999999914,"SASH1","KO",FALSE,"Activated",3.71748238356308e-14
"GBP5",9.17585919495739e-08,0.664292890516961,7.47814688070216e-05,0.993100277182828,0.999999999999914,"SASH1","KO",FALSE,"Activated",3.71748238356308e-14
"DRAM1",9.09725183687998e-08,0.661699172726322,7.35056875920896e-05,0.993159383978633,0.999999999999914,"SASH1","KO",FALSE,"Activated",3.71748238356308e-14
"MMP13",9.03273854851216e-08,0.659555017418375,7.24668509426298e-05,0.99320789312665,0.999999999999914,"SASH1","KO",FALSE,"Activated",3.71748238356308e-14
"MYADM",8.87685273523435e-08,0.654315166846907,6.99871872805975e-05,0.993325107654762,0.999999999999914,"SASH1","KO",FALSE,"Activated",3.71748238356308e-14
"RPL39L",8.78489946322541e-08,0.65118438631758,6.85447349011679e-05,0.993394249738419,0.999999999999914,"SASH1","KO",FALSE,"Activated",3.71748238356308e-14
"ANTXR1",8.5183111574083e-08,0.641933887635692,6.44477128761465e-05,0.99359470477555,0.999999999999914,"SASH1","KO",FALSE,"Activated",3.71748238356308e-14
"SPOCK1",8.36197668068418e-08,0.636384218101072,6.21038342326766e-05,0.99371225713252,0.999999999999914,"SASH1","KO",FALSE,"Activated",3.71748238356308e-14
"PKIG",8.33803720103612e-08,0.635525965231848,6.17487494603034e-05,0.993730257922941,0.999999999999914,"SASH1","KO",FALSE,"Activated",3.71748238356308e-14
"LINC00472",8.30791815383733e-08,0.634442936177726,6.13034517476329e-05,0.993752905314313,0.999999999999914,"SASH1","KO",FALSE,"Activated",3.71748238356308e-14
"LOX",8.2960255490383e-08,0.634014301507447,6.11280682410085e-05,0.993761847712633,0.999999999999914,"SASH1","KO",FALSE,"Activated",3.71748238356308e-14
"NID1",8.20352505091789e-08,0.630660914974452,5.9772514634913e-05,0.993831401576578,0.999999999999914,"SASH1","KO",FALSE,"Activated",3.71748238356308e-14
"MITF",8.12615682997711e-08,0.627829232971338,5.8650390651914e-05,0.993889577069191,0.999999999999914,"SASH1","KO",FALSE,"Activated",3.71748238356308e-14
"MGP",8.04372121591354e-08,0.624784601642742,5.74664712669401e-05,0.993951562922864,0.999999999999914,"SASH1","KO",FALSE,"Activated",3.71748238356308e-14
"GNG11",8.00669227308453e-08,0.62340762185862,5.69385999696955e-05,0.993979406126791,0.999999999999914,"SASH1","KO",FALSE,"Activated",3.71748238356308e-14
"SLC2A3",7.88922809926506e-08,0.619000342531705,5.52801910810565e-05,0.994067731109533,0.999999999999914,"SASH1","KO",FALSE,"Activated",3.71748238356308e-14
"FZD4",7.8795119059152e-08,0.61863308506194,5.5144111284622e-05,0.994075037022188,0.999999999999914,"SASH1","KO",FALSE,"Activated",3.71748238356308e-14
"PLAUR",7.75317890098142e-08,0.61381949535704,5.33900245091549e-05,0.994170030843693,0.999999999999914,"SASH1","KO",FALSE,"Activated",3.71748238356308e-14
"SDC4",7.38633760172366e-08,0.599420501068306,4.84572559595276e-05,0.994445870997118,0.999999999999914,"SASH1","KO",FALSE,"Activated",3.71748238356308e-14
"NDRG1",7.35275765657089e-08,0.598069699597486,4.80176624030798e-05,0.994471120906523,0.999999999999914,"SASH1","KO",FALSE,"Activated",3.71748238356308e-14
"RORA",7.2521741124045e-08,0.593989277258316,4.67129133914837e-05,0.994546753147,0.999999999999914,"SASH1","KO",FALSE,"Activated",3.71748238356308e-14
"JAM2",7.2399364091759e-08,0.593489269153805,4.6555394711289e-05,0.99455595510204,0.999999999999914,"SASH1","KO",FALSE,"Activated",3.71748238356308e-14
"FMOD",7.22517798282923e-08,0.592885231849032,4.63657841890168e-05,0.994567052477499,0.999999999999914,"SASH1","KO",FALSE,"Activated",3.71748238356308e-14
"LINC00511",7.14229123860826e-08,0.589471535815146,4.53080760014875e-05,0.994629377930558,0.999999999999914,"SASH1","KO",FALSE,"Activated",3.71748238356308e-14
"CXCL8",7.09389026145539e-08,0.587461209346307,4.46960806045956e-05,0.994665772339773,0.999999999999914,"SASH1","KO",FALSE,"Activated",3.71748238356308e-14
"FN1",6.99698185868742e-08,0.583397840604858,4.34832509173072e-05,0.994738641233855,0.999999999999914,"SASH1","KO",FALSE,"Activated",3.71748238356308e-14
"ANK2",6.90570559330765e-08,0.579522897489427,4.23561647192467e-05,0.994807275162539,0.999999999999914,"SASH1","KO",FALSE,"Activated",3.71748238356308e-14
"ANKRD28",6.87746305310377e-08,0.578314351571667,4.20104217674403e-05,0.994828511758874,0.999999999999914,"SASH1","KO",FALSE,"Activated",3.71748238356308e-14
"SPON2",6.80783906833496e-08,0.5753153678357,4.11641423571382e-05,0.994880864588689,0.999999999999914,"SASH1","KO",FALSE,"Activated",3.71748238356308e-14
"CLU",6.74602907245926e-08,0.572629174947977,4.0420057475405e-05,0.994927341811906,0.999999999999914,"SASH1","KO",FALSE,"Activated",3.71748238356308e-14
"CRABP2",6.74453252081771e-08,0.57256385557623,4.04021257431128e-05,0.99492846712468,0.999999999999914,"SASH1","KO",FALSE,"Activated",3.71748238356308e-14
"LOXL2",6.73856221886449e-08,0.572303139218041,4.03306289780154e-05,0.994932956416608,0.999999999999914,"SASH1","KO",FALSE,"Activated",3.71748238356308e-14
"TMEM119",6.73069794274747e-08,0.571959389943434,4.02365477441373e-05,0.994938869858344,0.999999999999914,"SASH1","KO",FALSE,"Activated",3.71748238356308e-14
"ATF3",6.47401806840368e-08,0.560531518704396,3.72261672366695e-05,0.995131877154217,0.999999999999914,"SASH1","KO",FALSE,"Activated",3.71748238356308e-14
"OLFM2",6.4677113964428e-08,0.560245509556367,3.71536747380873e-05,0.995136619382787,0.999999999999914,"SASH1","KO",FALSE,"Activated",3.71748238356308e-14
"CD55",6.15552640567604e-08,0.545756231053489,3.36535518486998e-05,0.995371363464027,0.999999999999914,"SASH1","KO",FALSE,"Activated",3.71748238356308e-14
"CASC15",6.07873732176697e-08,0.54208854263121,3.28191450493316e-05,0.995429104235992,0.999999999999914,"SASH1","KO",FALSE,"Activated",3.71748238356308e-14
"TSPAN15",6.07759588944609e-08,0.542033702735651,3.2806821004444e-05,0.995429962524618,0.999999999999914,"SASH1","KO",FALSE,"Activated",3.71748238356308e-14
"XIST",5.96601426193663e-08,0.536626406499537,3.16132455186012e-05,0.995513865239572,0.999999999999914,"SASH1","KO",FALSE,"Activated",3.71748238356308e-14
"CACNA2D3",5.83428144415447e-08,0.53012124387738,3.02325834870892e-05,0.995612920509012,0.999999999999914,"SASH1","KO",FALSE,"Activated",3.71748238356308e-14
"GGT5",5.7487347729772e-08,0.525823907565256,2.93524971295141e-05,0.995677246570573,0.999999999999914,"SASH1","KO",FALSE,"Activated",3.71748238356308e-14
"MARCKSL1",5.7359810529507e-08,0.525178195826914,2.92224030171102e-05,0.995686836619782,0.999999999999914,"SASH1","KO",FALSE,"Activated",3.71748238356308e-14
"FARP1",5.63063352041345e-08,0.519793320568711,2.81588576707542e-05,0.995766051807299,0.999999999999914,"SASH1","KO",FALSE,"Activated",3.71748238356308e-14
"SATB1",5.55901969085065e-08,0.516079466309004,2.74471296977462e-05,0.995819901245594,0.999999999999914,"SASH1","KO",FALSE,"Activated",3.71748238356308e-14
"ENPP1",5.54480998095395e-08,0.515337317691893,2.73069908595978e-05,0.99583058612397,0.999999999999914,"SASH1","KO",FALSE,"Activated",3.71748238356308e-14
"COL8A2",5.46922172214912e-08,0.511359755561355,2.6567553867541e-05,0.995887424126703,0.999999999999914,"SASH1","KO",FALSE,"Activated",3.71748238356308e-14
"RNF19B",5.42702045051464e-08,0.509116963370615,2.61591378235149e-05,0.995919157053457,0.999999999999914,"SASH1","KO",FALSE,"Activated",3.71748238356308e-14
"BIRC3",5.30639571875435e-08,0.502616529024253,2.5009198728736e-05,0.996009859942832,0.999999999999914,"SASH1","KO",FALSE,"Activated",3.71748238356308e-14
"AC016831.1",5.11962517393278e-08,0.492277650179027,2.32796711710756e-05,0.996150300796367,0.999999999999914,"SASH1","KO",FALSE,"Activated",3.71748238356308e-14
"LINC00632",5.06859511155152e-08,0.489392349246549,2.28179019993371e-05,0.996188672529087,0.999999999999914,"SASH1","KO",FALSE,"Activated",3.71748238356308e-14
"DPYSL3",5.02222625926202e-08,0.486747280674434,2.24023232090574e-05,0.996223539301999,0.999999999999914,"SASH1","KO",FALSE,"Activated",3.71748238356308e-14
"MAP1LC3A",4.99707509334877e-08,0.485303122706129,2.21785046625627e-05,0.996242451569333,0.999999999999914,"SASH1","KO",FALSE,"Activated",3.71748238356308e-14
"PHLDA2",4.98390462816743e-08,0.484544210685724,2.20617498482351e-05,0.996252355021939,0.999999999999914,"SASH1","KO",FALSE,"Activated",3.71748238356308e-14
"TMEM204",4.98217984891419e-08,0.484444688115318,2.2046482676408e-05,0.996253651959437,0.999999999999914,"SASH1","KO",FALSE,"Activated",3.71748238356308e-14
"ITGA11",4.93075851925766e-08,0.481462907667015,2.15937454371049e-05,0.996292317926864,0.999999999999914,"SASH1","KO",FALSE,"Activated",3.71748238356308e-14
"APCDD1",4.88455805844466e-08,0.478759319322378,2.11909809888042e-05,0.996327058099995,0.999999999999914,"SASH1","KO",FALSE,"Activated",3.71748238356308e-14
"TGFB3",4.85305515761625e-08,0.476902260811825,2.09185204720881e-05,0.99635074653068,0.999999999999914,"SASH1","KO",FALSE,"Activated",3.71748238356308e-14
"COL13A1",4.75591813582976e-08,0.471105355842668,2.00895056794512e-05,0.996423788192941,0.999999999999914,"SASH1","KO",FALSE,"Activated",3.71748238356308e-14
"LAMA2",4.6928610593436e-08,0.467283546220369,1.95603176133394e-05,0.9964712036393,0.999999999999914,"SASH1","KO",FALSE,"Activated",3.71748238356308e-14
"TIMP1",4.60093471527066e-08,0.461626316477363,1.88015066042458e-05,0.99654032720614,0.999999999999914,"SASH1","KO",FALSE,"Activated",3.71748238356308e-14
"CREB3L1",4.51900646890847e-08,0.456495859485161,1.81378763049246e-05,0.996601932773987,0.999999999999914,"SASH1","KO",FALSE,"Activated",3.71748238356308e-14
"TGM2",4.41822873357494e-08,0.450066087407888,1.73379162676622e-05,0.996677712156075,0.999999999999914,"SASH1","KO",FALSE,"Activated",3.71748238356308e-14
"AC058791.1",4.38236617131677e-08,0.447745345502508,1.70575964153602e-05,0.996704678861877,0.999999999999914,"SASH1","KO",FALSE,"Activated",3.71748238356308e-14
"ADAMTS6",4.29984149243982e-08,0.442337784256843,1.64212193463344e-05,0.996766732968095,0.999999999999914,"SASH1","KO",FALSE,"Activated",3.71748238356308e-14
"APOE",4.29795812242429e-08,0.442213260202841,1.64068372073724e-05,0.996768149160966,0.999999999999914,"SASH1","KO",FALSE,"Activated",3.71748238356308e-14
"MT1X",4.2456470239129e-08,0.438734311881416,1.60098874703435e-05,0.996807484295238,0.999999999999914,"SASH1","KO",FALSE,"Activated",3.71748238356308e-14
"AC134312.5",4.17630155030477e-08,0.434061068378899,1.54911695958616e-05,0.9968596283759,0.999999999999914,"SASH1","KO",FALSE,"Activated",3.71748238356308e-14
"PRDM1",4.16124246327045e-08,0.433036776909159,1.537965356776e-05,0.996870952004273,0.999999999999914,"SASH1","KO",FALSE,"Activated",3.71748238356308e-14
"PXDN",3.89741773196171e-08,0.414514294619321,1.34913193721412e-05,0.997069334198033,0.999999999999914,"SASH1","KO",FALSE,"Activated",3.71748238356308e-14
"SGCD",3.88144073534031e-08,0.41335580923379,1.33809340008178e-05,0.997081348057352,0.999999999999914,"SASH1","KO",FALSE,"Activated",3.71748238356308e-14
"PTGER3",3.82169949119399e-08,0.408984684121791,1.29721982965059e-05,0.997126270329859,0.999999999999914,"SASH1","KO",FALSE,"Activated",3.71748238356308e-14
"FJX1",3.79867321128236e-08,0.407283068391376,1.28163505589047e-05,0.997143584883339,0.999999999999914,"SASH1","KO",FALSE,"Activated",3.71748238356308e-14
"PERP",3.77821466882312e-08,0.405763208808336,1.26786720796447e-05,0.997158968634205,0.999999999999914,"SASH1","KO",FALSE,"Activated",3.71748238356308e-14
"CCN1",3.73639101289384e-08,0.402632385287834,1.2399527821278e-05,0.997190417833068,0.999999999999914,"SASH1","KO",FALSE,"Activated",3.71748238356308e-14
"ADAM12",3.72577821216099e-08,0.401832796766875,1.23291889146287e-05,0.9971983981041,0.999999999999914,"SASH1","KO",FALSE,"Activated",3.71748238356308e-14
"AEBP1",3.6945676134747e-08,0.399469104073205,1.2123492484156e-05,0.997221866843414,0.999999999999914,"SASH1","KO",FALSE,"Activated",3.71748238356308e-14
"DDAH1",3.68897112727925e-08,0.399043316358473,1.20867912638608e-05,0.997226075108845,0.999999999999914,"SASH1","KO",FALSE,"Activated",3.71748238356308e-14
"PHYH",3.61164551402958e-08,0.393098514046513,1.15853923062097e-05,0.997284219940754,0.999999999999914,"SASH1","KO",FALSE,"Activated",3.71748238356308e-14
"SGK1",3.57474861551896e-08,0.390220408663019,1.13498866168371e-05,0.997311964490926,0.999999999999914,"SASH1","KO",FALSE,"Activated",3.71748238356308e-14
"RUNX3",3.54805296437562e-08,0.388120915044529,1.11810013071791e-05,0.997332038235258,0.999999999999914,"SASH1","KO",FALSE,"Activated",3.71748238356308e-14
"KRT6A",3.44971402346888e-08,0.38025926084186,1.0569798255884e-05,0.99740598403015,0.999999999999914,"SASH1","KO",FALSE,"Activated",3.71748238356308e-14
"SCN1B",3.44841499242399e-08,0.380154034494111,1.05618393869528e-05,0.997406960834426,0.999999999999914,"SASH1","KO",FALSE,"Activated",3.71748238356308e-14
"SLAMF8",3.4425645989665e-08,0.379679677491622,1.05260325013957e-05,0.997411360028297,0.999999999999914,"SASH1","KO",FALSE,"Activated",3.71748238356308e-14
"CEMIP",3.43482499959358e-08,0.379050998150848,1.0478756295218e-05,0.997417179807611,0.999999999999914,"SASH1","KO",FALSE,"Activated",3.71748238356308e-14
"GEM",3.43478995056326e-08,0.379048148186475,1.04785424453867e-05,0.997417206162674,0.999999999999914,"SASH1","KO",FALSE,"Activated",3.71748238356308e-14
"IL2RG",3.34151243369147e-08,0.371366744897966,9.91714521768984e-06,0.997487346052358,0.999999999999914,"SASH1","KO",FALSE,"Activated",3.71748238356308e-14
"ADAMTS14",3.27924837582782e-08,0.366128503324316,9.55100635425431e-06,0.997534165428639,0.999999999999914,"SASH1","KO",FALSE,"Activated",3.71748238356308e-14
"ANPEP",3.27072543607998e-08,0.365404350491071,9.50142373197293e-06,0.997540574242618,0.999999999999914,"SASH1","KO",FALSE,"Activated",3.71748238356308e-14
"HIST3H2A",3.18424372884828e-08,0.357956381985359,9.00560955995203e-06,0.997605604064079,0.999999999999914,"SASH1","KO",FALSE,"Activated",3.71748238356308e-14
"CXCL13",3.06824906703757e-08,0.347668333568654,8.36145258634163e-06,0.997692826143088,0.999999999999914,"SASH1","KO",FALSE,"Activated",3.71748238356308e-14
"SPRY1",3.06702042516065e-08,0.347557453379611,8.35475744935517e-06,0.997693750019364,0.999999999999914,"SASH1","KO",FALSE,"Activated",3.71748238356308e-14
"RASD1",3.06170286602e-08,0.347077091544722,8.32581182963874e-06,0.997697748553739,0.999999999999914,"SASH1","KO",FALSE,"Activated",3.71748238356308e-14
"NOVA1",3.0393435246487e-08,0.345048806407333,8.2046505521878e-06,0.99771456164337,0.999999999999914,"SASH1","KO",FALSE,"Activated",3.71748238356308e-14
"EDNRB",3.01404100405651e-08,0.34273687772639,8.06861182522575e-06,0.997733587855587,0.999999999999914,"SASH1","KO",FALSE,"Activated",3.71748238356308e-14
"CAPN3",3.00821698186547e-08,0.342202195629297,8.03746004379537e-06,0.99773796722508,0.999999999999914,"SASH1","KO",FALSE,"Activated",3.71748238356308e-14
"F2R",2.9724993747102e-08,0.338902066996257,7.84773001527693e-06,0.997764825056777,0.999999999999914,"SASH1","KO",FALSE,"Activated",3.71748238356308e-14
"MT1G",2.95011156109575e-08,0.336814855763771,7.72996253134503e-06,0.997781659560099,0.999999999999914,"SASH1","KO",FALSE,"Activated",3.71748238356308e-14
"VMO1",2.93904235377247e-08,0.335777475295663,7.6720636815261e-06,0.997789983044421,0.999999999999914,"SASH1","KO",FALSE,"Activated",3.71748238356308e-14
"ICAM1",2.8224085937523e-08,0.324622320819353,7.07522542227618e-06,0.997877685750181,0.999999999999914,"SASH1","KO",FALSE,"Activated",3.71748238356308e-14
"KRT17",2.81516921350301e-08,0.323915998939109,7.03897655440148e-06,0.997883129399906,0.999999999999914,"SASH1","KO",FALSE,"Activated",3.71748238356308e-14
"CCN2",2.76912736381669e-08,0.31938426280168,6.810615653492e-06,0.997917750556746,0.999999999999914,"SASH1","KO",FALSE,"Activated",3.71748238356308e-14
"OLFML3",2.76766711778889e-08,0.319239402437481,6.80343465316202e-06,0.99791884858843,0.999999999999914,"SASH1","KO",FALSE,"Activated",3.71748238356308e-14
"ZBTB20",2.74650199286997e-08,0.317131814374337,6.69977698690637e-06,0.997934763699958,0.999999999999914,"SASH1","KO",FALSE,"Activated",3.71748238356308e-14
"F2RL2",2.74573964265117e-08,0.317055621760689,6.69605817104041e-06,0.99793533694907,0.999999999999914,"SASH1","KO",FALSE,"Activated",3.71748238356308e-14
"MTHFD2",2.73385740905601e-08,0.315865531545581,6.63822896641733e-06,0.997944271792667,0.999999999999914,"SASH1","KO",FALSE,"Activated",3.71748238356308e-14
"CCL11",2.72803360428957e-08,0.315280493652932,6.60997689162643e-06,0.997948651001797,0.999999999999914,"SASH1","KO",FALSE,"Activated",3.71748238356308e-14
"FIBIN",2.67312424882999e-08,0.3097071779506,6.34656600162408e-06,0.997989940086506,0.999999999999914,"SASH1","KO",FALSE,"Activated",3.71748238356308e-14
"IKZF1",2.61031910727428e-08,0.303201538552233,6.05184386006325e-06,0.998037166413426,0.999999999999914,"SASH1","KO",FALSE,"Activated",3.71748238356308e-14
"ID2",2.59507635086043e-08,0.301600875366397,5.98137167328304e-06,0.998048628205332,0.999999999999914,"SASH1","KO",FALSE,"Activated",3.71748238356308e-14
"CD7",2.55559446072313e-08,0.297414170180143,5.80075316975266e-06,0.998078316617646,0.999999999999914,"SASH1","KO",FALSE,"Activated",3.71748238356308e-14
"RGS1",2.52855281818176e-08,0.29451209624362,5.67864303789028e-06,0.998098650585735,0.999999999999914,"SASH1","KO",FALSE,"Activated",3.71748238356308e-14
"PCOLCE",2.51904523201088e-08,0.29348495252529,5.63601890629548e-06,0.998105799817202,0.999999999999914,"SASH1","KO",FALSE,"Activated",3.71748238356308e-14
"DLL1",2.49907931301572e-08,0.291316267033281,5.54703094639562e-06,0.998120813194779,0.999999999999914,"SASH1","KO",FALSE,"Activated",3.71748238356308e-14
"TSPAN11",2.47380625353562e-08,0.288548100188523,5.43540457825282e-06,0.99813981727887,0.999999999999914,"SASH1","KO",FALSE,"Activated",3.71748238356308e-14
"DIRAS3",2.46031546091697e-08,0.287059757952948,5.37628275285407e-06,0.998149961684557,0.999999999999914,"SASH1","KO",FALSE,"Activated",3.71748238356308e-14
"SMOC1",2.44969077256601e-08,0.28588230690444,5.32994886392993e-06,0.998157950922464,0.999999999999914,"SASH1","KO",FALSE,"Activated",3.71748238356308e-14
"NEAT1",2.44713187783627e-08,0.285598021204815,5.31881957788125e-06,0.998159875084226,0.999999999999914,"SASH1","KO",FALSE,"Activated",3.71748238356308e-14
"TRIB1",2.42545288368165e-08,0.283178491586948,5.22499879756213e-06,0.998176176611686,0.999999999999914,"SASH1","KO",FALSE,"Activated",3.71748238356308e-14
"THBD",2.41298900422576e-08,0.28177839241223,5.17143648997146e-06,0.998185548830675,0.999999999999914,"SASH1","KO",FALSE,"Activated",3.71748238356308e-14
"ANGPTL1",2.3978811352962e-08,0.280072320648367,5.10688186651552e-06,0.99819690919891,0.999999999999914,"SASH1","KO",FALSE,"Activated",3.71748238356308e-14
"AGPAT4",2.34591906011027e-08,0.274127813110088,4.88794777903002e-06,0.998235982105423,0.999999999999914,"SASH1","KO",FALSE,"Activated",3.71748238356308e-14
"NEXN",2.34278374866925e-08,0.273765259453084,4.87489106467438e-06,0.99823833970445,0.999999999999914,"SASH1","KO",FALSE,"Activated",3.71748238356308e-14
"FAM20C",2.3383724357969e-08,0.273254396424323,4.85655012838088e-06,0.998241656793426,0.999999999999914,"SASH1","KO",FALSE,"Activated",3.71748238356308e-14
"ZNF331",2.32691050313928e-08,0.271922853740899,4.8090563905965e-06,0.998250275599706,0.999999999999914,"SASH1","KO",FALSE,"Activated",3.71748238356308e-14
"NEGR1",2.31998705118274e-08,0.271115617915212,4.78048138719526e-06,0.99825548169314,0.999999999999914,"SASH1","KO",FALSE,"Activated",3.71748238356308e-14
"CCDC80",2.29097485079839e-08,0.267708622687334,4.66166599330988e-06,0.998277297433673,0.999999999999914,"SASH1","KO",FALSE,"Activated",3.71748238356308e-14
"CCDC71L",2.26894335633551e-08,0.265094718014303,4.57243791904569e-06,0.99829386402929,0.999999999999914,"SASH1","KO",FALSE,"Activated",3.71748238356308e-14
"TNFRSF6B",2.24346422700073e-08,0.262042433298872,4.47032200866417e-06,0.998313023076957,0.999999999999914,"SASH1","KO",FALSE,"Activated",3.71748238356308e-14
"FYB1",2.2407516800522e-08,0.261715602502433,4.4595185133386e-06,0.998315062778434,0.999999999999914,"SASH1","KO",FALSE,"Activated",3.71748238356308e-14
"MMP19",2.22172166413516e-08,0.259412394228012,4.38409351726248e-06,0.998329372411837,0.999999999999914,"SASH1","KO",FALSE,"Activated",3.71748238356308e-14
"TCIM",2.1995174534768e-08,0.256701908336293,4.29690087219162e-06,0.998346068883811,0.999999999999914,"SASH1","KO",FALSE,"Activated",3.71748238356308e-14
"SAMSN1",2.14235603456595e-08,0.249606352538879,4.07646580933797e-06,0.998389051456672,0.999999999999914,"SASH1","KO",FALSE,"Activated",3.71748238356308e-14
"MAFB",2.10252210293588e-08,0.244557746329955,3.9262834542765e-06,0.998419004614933,0.999999999999914,"SASH1","KO",FALSE,"Activated",3.71748238356308e-14
"DUSP4",2.04538086903141e-08,0.237159411518791,3.7157705548779e-06,0.998461972017519,0.999999999999914,"SASH1","KO",FALSE,"Activated",3.71748238356308e-14
"LMCD1",2.00687390681572e-08,0.23206549718162,3.57717908164306e-06,0.998490927365156,0.999999999999914,"SASH1","KO",FALSE,"Activated",3.71748238356308e-14
"DNAJA4",2.00241365807433e-08,0.231469659307363,3.5612962915569e-06,0.998494281253658,0.999999999999914,"SASH1","KO",FALSE,"Activated",3.71748238356308e-14
"MEST",1.99212188214948e-08,0.23009011402037,3.52478248408007e-06,0.99850202016496,0.999999999999914,"SASH1","KO",FALSE,"Activated",3.71748238356308e-14
"ZEB1",1.97507866798567e-08,0.227791066481777,3.46472928236368e-06,0.998514835827373,0.999999999999914,"SASH1","KO",FALSE,"Activated",3.71748238356308e-14
"PDE3B",1.93737723820346e-08,0.222639642029753,3.33371827487389e-06,0.998543185457619,0.999999999999914,"SASH1","KO",FALSE,"Activated",3.71748238356308e-14
"EPDR1",1.93526749525766e-08,0.222348649273867,3.32646159924058e-06,0.998544771881126,0.999999999999914,"SASH1","KO",FALSE,"Activated",3.71748238356308e-14
"SMOX",1.91910633102501e-08,0.220109820086574,3.27113589038959e-06,0.998556924286378,0.999999999999914,"SASH1","KO",FALSE,"Activated",3.71748238356308e-14
"GXYLT2",1.91209115273416e-08,0.219132582888137,3.24726471730998e-06,0.998562199357528,0.999999999999914,"SASH1","KO",FALSE,"Activated",3.71748238356308e-14
"CCL26",1.88982030983882e-08,0.216008128107826,3.1720610251445e-06,0.998578945943129,0.999999999999914,"SASH1","KO",FALSE,"Activated",3.71748238356308e-14
"CD3G",1.8735258281191e-08,0.213700540163097,3.11759631132398e-06,0.998591198597556,0.999999999999914,"SASH1","KO",FALSE,"Activated",3.71748238356308e-14
"CYFIP2",1.85326832564125e-08,0.210805778576113,3.05054275507653e-06,0.998606431250501,0.999999999999914,"SASH1","KO",FALSE,"Activated",3.71748238356308e-14
"SRGN",1.84771799476882e-08,0.210007554974512,3.03229804933944e-06,0.998610604828453,0.999999999999914,"SASH1","KO",FALSE,"Activated",3.71748238356308e-14
"MSX2",1.83268292886516e-08,0.207834122780961,2.98315060076901e-06,0.998621910464471,0.999999999999914,"SASH1","KO",FALSE,"Activated",3.71748238356308e-14
"ZC3H12A",1.82860274736023e-08,0.20724146607729,2.96988235188912e-06,0.998624978561944,0.999999999999914,"SASH1","KO",FALSE,"Activated",3.71748238356308e-14
"ITGA5",1.82459184308484e-08,0.20665768259446,2.95686820773914e-06,0.998627994566339,0.999999999999914,"SASH1","KO",FALSE,"Activated",3.71748238356308e-14
"PDE4C",1.79875208254429e-08,0.202868117300852,2.87371125747715e-06,0.998647424806475,0.999999999999914,"SASH1","KO",FALSE,"Activated",3.71748238356308e-14
"C3orf80",1.74898071954423e-08,0.195425207940156,2.7168806056917e-06,0.998684850447152,0.999999999999914,"SASH1","KO",FALSE,"Activated",3.71748238356308e-14
"EVI2A",1.70592409999664e-08,0.188827188913296,2.58475818358908e-06,0.998717226930157,0.999999999999914,"SASH1","KO",FALSE,"Activated",3.71748238356308e-14
"TNFAIP3",1.6977234846627e-08,0.187553141601761,2.55996732675226e-06,0.998723393394132,0.999999999999914,"SASH1","KO",FALSE,"Activated",3.71748238356308e-14
"MEG3",1.69763589932899e-08,0.187539503751276,2.55970319680295e-06,0.998723459254045,0.999999999999914,"SASH1","KO",FALSE,"Activated",3.71748238356308e-14
"SMYD3",1.6281595284356e-08,0.176511525058233,2.354476825326e-06,0.998775702109695,0.999999999999914,"SASH1","KO",FALSE,"Activated",3.71748238356308e-14
"HMCN1",1.61771846868039e-08,0.174816846646007,2.32437607766445e-06,0.998783553279849,0.999999999999914,"SASH1","KO",FALSE,"Activated",3.71748238356308e-14
"ACKR3",1.61036432429422e-08,0.173617139293882,2.3032908969834e-06,0.998789083239547,0.999999999999914,"SASH1","KO",FALSE,"Activated",3.71748238356308e-14
"SLC5A3",1.58803874055782e-08,0.169943894782364,2.2398693946076e-06,0.998805870995459,0.999999999999914,"SASH1","KO",FALSE,"Activated",3.71748238356308e-14
"ABCA6",1.56542719918997e-08,0.16617475031967,2.17653803343018e-06,0.998822873778178,0.999999999999914,"SASH1","KO",FALSE,"Activated",3.71748238356308e-14
"CPXM1",1.56219679934263e-08,0.165632178758732,2.16756433795186e-06,0.99882530288227,0.999999999999914,"SASH1","KO",FALSE,"Activated",3.71748238356308e-14
"DDR2",1.55944742822797e-08,0.165169584421625,2.15994148959115e-06,0.998827370276083,0.999999999999914,"SASH1","KO",FALSE,"Activated",3.71748238356308e-14
"CH25H",1.55822690829961e-08,0.164963985303174,2.15656180530337e-06,0.998828288047911,0.999999999999914,"SASH1","KO",FALSE,"Activated",3.71748238356308e-14
"AC253572.2",1.55636892681799e-08,0.16465071925352,2.15142203643674e-06,0.998829685159933,0.999999999999914,"SASH1","KO",FALSE,"Activated",3.71748238356308e-14
"MEDAG",1.5310905843451e-08,0.160354041411938,2.08210334205843e-06,0.998848693248643,0.999999999999914,"SASH1","KO",FALSE,"Activated",3.71748238356308e-14
"PRRX2",1.49813204145453e-08,0.154652619840242,1.99342864674977e-06,0.998873476476913,0.999999999999914,"SASH1","KO",FALSE,"Activated",3.71748238356308e-14
"FMNL1",1.49450545178779e-08,0.154018219172205,1.9837891792761e-06,0.998876203496796,0.999999999999914,"SASH1","KO",FALSE,"Activated",3.71748238356308e-14
"LAPTM5",1.43341185185157e-08,0.143112092929526,1.82491437346461e-06,0.998922142928626,0.999999999999914,"SASH1","KO",FALSE,"Activated",3.71748238356308e-14
"CD2",1.42090235423887e-08,0.140826204641592,1.79320102077956e-06,0.998931549466146,0.999999999999914,"SASH1","KO",FALSE,"Activated",3.71748238356308e-14
"CTSC",1.35016292960138e-08,0.127539749639296,1.6190970042012e-06,0.998984742096824,0.999999999999914,"SASH1","KO",FALSE,"Activated",3.71748238356308e-14
"SHOX2",1.2823169270662e-08,0.114179472656918,1.46046535814897e-06,0.999035759018073,0.999999999999914,"SASH1","KO",FALSE,"Activated",3.71748238356308e-14
"CLEC2D",1.27909803234635e-08,0.113529537382768,1.45314238867363e-06,0.999038179471733,0.999999999999914,"SASH1","KO",FALSE,"Activated",3.71748238356308e-14
"PTPRC",1.27523865117652e-08,0.112748289116872,1.44438657877609e-06,0.999041081540341,0.999999999999914,"SASH1","KO",FALSE,"Activated",3.71748238356308e-14
"IL32",1.27164333998161e-08,0.112018532477991,1.43625367152887e-06,0.999043785041068,0.999999999999914,"SASH1","KO",FALSE,"Activated",3.71748238356308e-14
"FCGRT",1.26492678681025e-08,0.110650132533482,1.42112175836423e-06,0.999048835565348,0.999999999999914,"SASH1","KO",FALSE,"Activated",3.71748238356308e-14
"MFAP4",1.249622199584e-08,0.107506851786681,1.38694095772299e-06,0.999060343877479,0.999999999999914,"SASH1","KO",FALSE,"Activated",3.71748238356308e-14
"RHOH",1.24070869092652e-08,0.105659787490975,1.36722552761074e-06,0.999067046406575,0.999999999999914,"SASH1","KO",FALSE,"Activated",3.71748238356308e-14
"PDE4DIP",1.21176472739979e-08,0.0995764647237783,1.30417876064334e-06,0.999088810873205,0.999999999999914,"SASH1","KO",FALSE,"Activated",3.71748238356308e-14
"DSG2",1.21101290333092e-08,0.0994166713037349,1.30256094030782e-06,0.999089376208706,0.999999999999914,"SASH1","KO",FALSE,"Activated",3.71748238356308e-14
"FGF2",1.21013996428221e-08,0.0992310212031322,1.30068375718172e-06,0.999090032616841,0.999999999999914,"SASH1","KO",FALSE,"Activated",3.71748238356308e-14
"ARRDC3",1.19659395976823e-08,0.0963342238386662,1.27172767467955e-06,0.999100218560111,0.999999999999914,"SASH1","KO",FALSE,"Activated",3.71748238356308e-14
"FLT1",1.19360582488124e-08,0.0956911462764199,1.26538408752937e-06,0.999102465493713,0.999999999999914,"SASH1","KO",FALSE,"Activated",3.71748238356308e-14
"IRX1",1.17955984284645e-08,0.0926482777796086,1.23577802342174e-06,0.999113027396197,0.999999999999914,"SASH1","KO",FALSE,"Activated",3.71748238356308e-14
"RAMP3",1.1552175867811e-08,0.0872948625783852,1.18529947906675e-06,0.999131331601579,0.999999999999914,"SASH1","KO",FALSE,"Activated",3.71748238356308e-14
"SGIP1",1.1480555583707e-08,0.0856999649310887,1.17064798231267e-06,0.999136717102445,0.999999999999914,"SASH1","KO",FALSE,"Activated",3.71748238356308e-14
"RCAN1",1.14649985288239e-08,0.0853523156877949,1.16747749190507e-06,0.999137886918147,0.999999999999914,"SASH1","KO",FALSE,"Activated",3.71748238356308e-14
"C15orf48",1.13102947483564e-08,0.0818713261939222,1.13618317944732e-06,0.999149519898453,0.999999999999914,"SASH1","KO",FALSE,"Activated",3.71748238356308e-14
"DSE",1.12842817515802e-08,0.0812817009545511,1.13096288376588e-06,0.999151475950729,0.999999999999914,"SASH1","KO",FALSE,"Activated",3.71748238356308e-14
"PMP22",1.12444773622635e-08,0.0803770419954199,1.12299819615848e-06,0.99915446904942,0.999999999999914,"SASH1","KO",FALSE,"Activated",3.71748238356308e-14
"LCP1",1.10928773867399e-08,0.0769042819933915,1.0929214131602e-06,0.999165868638771,0.999999999999914,"SASH1","KO",FALSE,"Activated",3.71748238356308e-14
"EDIL3",1.09359973398183e-08,0.0732641944487231,1.06222691526545e-06,0.999177665264287,0.999999999999914,"SASH1","KO",FALSE,"Activated",3.71748238356308e-14
"SDC1",1.09159679051489e-08,0.0727959907825555,1.05833951104002e-06,0.999179171381519,0.999999999999914,"SASH1","KO",FALSE,"Activated",3.71748238356308e-14
"CD3E",1.07946152793847e-08,0.0699422264597829,1.03493922441071e-06,0.99918829651586,0.999999999999914,"SASH1","KO",FALSE,"Activated",3.71748238356308e-14
"NPTX2",1.07304321664974e-08,0.0684208973255854,1.02266863558041e-06,0.999193122777584,0.999999999999914,"SASH1","KO",FALSE,"Activated",3.71748238356308e-14
"COL23A1",1.0711429546404e-08,0.0679688694886574,1.01904973638155e-06,0.999194551683323,0.999999999999914,"SASH1","KO",FALSE,"Activated",3.71748238356308e-14
"PRELP",1.06444766703252e-08,0.0663703042246746,1.00635020333835e-06,0.999199586217971,0.999999999999914,"SASH1","KO",FALSE,"Activated",3.71748238356308e-14
"COL5A3",1.06148622286423e-08,0.0656602716976855,1.00075837521115e-06,0.999201813081733,0.999999999999914,"SASH1","KO",FALSE,"Activated",3.71748238356308e-14
"KLF5",1.05030178642832e-08,0.062962127211616,9.7978033396109e-07,0.999210223240742,0.999999999999914,"SASH1","KO",FALSE,"Activated",3.71748238356308e-14
"CX3CL1",1.04145722378588e-08,0.0608096345162664,9.63348406072469e-07,0.999216873927105,0.999999999999914,"SASH1","KO",FALSE,"Activated",3.71748238356308e-14
"RUNX1T1",1.03682585864741e-08,0.0596757717991587,9.54799427384019e-07,0.999220356491298,0.999999999999914,"SASH1","KO",FALSE,"Activated",3.71748238356308e-14
"HES6",1.03635581916285e-08,0.0595604346616644,9.53933917138666e-07,0.99922070993842,0.999999999999914,"SASH1","KO",FALSE,"Activated",3.71748238356308e-14
"MMP3",1.03351902381124e-08,0.058863323214373,9.48718697510069e-07,0.999222843072314,0.999999999999914,"SASH1","KO",FALSE,"Activated",3.71748238356308e-14
"GASK1B",1.03153389714863e-08,0.0583744501347613,9.45077703889262e-07,0.999224335792251,0.999999999999914,"SASH1","KO",FALSE,"Activated",3.71748238356308e-14
"ITGA2",1.01954858043125e-08,0.055404292094051,9.23243711772272e-07,0.999233348175018,0.999999999999914,"SASH1","KO",FALSE,"Activated",3.71748238356308e-14
"DDX60L",1.00402582466257e-08,0.0515092860416968,8.95344719802506e-07,0.999245020542268,0.999999999999914,"SASH1","KO",FALSE,"Activated",3.71748238356308e-14
"SFRP4",9.91861457469126e-09,0.0484179795677689,8.73780882726861e-07,0.999254167562624,0.999999999999914,"SASH1","KO",FALSE,"Activated",3.71748238356308e-14
"CORO1A",9.77230768482968e-09,0.0446532717522947,8.48193177103881e-07,0.999265169138738,0.999999999999914,"SASH1","KO",FALSE,"Activated",3.71748238356308e-14
"S100A2",9.67936513565789e-09,0.042234630245185,8.32135894692006e-07,0.999272157972555,0.999999999999914,"SASH1","KO",FALSE,"Activated",3.71748238356308e-14
"ENTPD1",9.63262797861656e-09,0.0410102888845556,8.24119300513871e-07,0.99927567238257,0.999999999999914,"SASH1","KO",FALSE,"Activated",3.71748238356308e-14
"NFKBIZ",9.58761234564026e-09,0.0398258563182428,8.16434675419278e-07,0.999279057342246,0.999999999999914,"SASH1","KO",FALSE,"Activated",3.71748238356308e-14
"LAMC2",9.58255569844601e-09,0.0396924877842513,8.15573703309265e-07,0.999279437577861,0.999999999999914,"SASH1","KO",FALSE,"Activated",3.71748238356308e-14
"GATA3",9.53047393785257e-09,0.038315048416116,8.06732412008031e-07,0.999283353876459,0.999999999999914,"SASH1","KO",FALSE,"Activated",3.71748238356308e-14
"SRPX",9.47359328616783e-09,0.0368027388343906,7.97131518971303e-07,0.99928763102867,0.999999999999914,"SASH1","KO",FALSE,"Activated",3.71748238356308e-14
"KRT5",9.45760566707801e-09,0.0363761622178621,7.94443313739985e-07,0.999288833220953,0.999999999999914,"SASH1","KO",FALSE,"Activated",3.71748238356308e-14
"RBPJ",9.38553775114916e-09,0.0344449781195614,7.82381966336675e-07,0.999294252382634,0.999999999999914,"SASH1","KO",FALSE,"Activated",3.71748238356308e-14
"EPHA2",9.331628409676e-09,0.0329914256130371,7.73419972677036e-07,0.999298306106616,0.999999999999914,"SASH1","KO",FALSE,"Activated",3.71748238356308e-14
"CD70",9.26695898503842e-09,0.0312375014499859,7.62737311190494e-07,0.99930316893728,0.999999999999914,"SASH1","KO",FALSE,"Activated",3.71748238356308e-14
"CD52",9.00384732857456e-09,0.0239831889632913,7.20040217711757e-07,0.999322953672579,0.999999999999914,"SASH1","KO",FALSE,"Activated",3.71748238356308e-14
"NMU",8.97574135353154e-09,0.0231967560574488,7.15551948296306e-07,0.999325067107196,0.999999999999914,"SASH1","KO",FALSE,"Activated",3.71748238356308e-14
"CD48",8.94775855184249e-09,0.0224115110172218,7.11097288706087e-07,0.999327171279772,0.999999999999914,"SASH1","KO",FALSE,"Activated",3.71748238356308e-14
"SLC2A1",8.93982083631282e-09,0.0221883530127248,7.09836194255181e-07,0.999327768157939,0.999999999999914,"SASH1","KO",FALSE,"Activated",3.71748238356308e-14
"CADM1",8.90281751977719e-09,0.0211456387441873,7.03972109567945e-07,0.999330550630009,0.999999999999914,"SASH1","KO",FALSE,"Activated",3.71748238356308e-14
"FRMD4B",8.89675036450488e-09,0.0209742915880842,7.03012940690427e-07,0.99933100685101,0.999999999999914,"SASH1","KO",FALSE,"Activated",3.71748238356308e-14
"IER5",8.82354346743691e-09,0.0188982638726998,6.91491058560496e-07,0.999336511658862,0.999999999999914,"SASH1","KO",FALSE,"Activated",3.71748238356308e-14
"CD3D",8.72842548360413e-09,0.0161770241682939,6.76662839684212e-07,0.999343664075487,0.999999999999914,"SASH1","KO",FALSE,"Activated",3.71748238356308e-14
"AC023157.3",8.69543116536116e-09,0.015226696971522,6.71556802676717e-07,0.999346145090139,0.999999999999914,"SASH1","KO",FALSE,"Activated",3.71748238356308e-14
"PRXL2A",8.65458836270158e-09,0.0140456964038145,6.6526295810452e-07,0.999349216273224,0.999999999999914,"SASH1","KO",FALSE,"Activated",3.71748238356308e-14
"TRAC",8.62744531225434e-09,0.0132579891982231,6.61096624796746e-07,0.999351257300583,0.999999999999914,"SASH1","KO",FALSE,"Activated",3.71748238356308e-14
"MT2A",8.59345156120222e-09,0.0122682418430342,6.55897199230076e-07,0.999353813467814,0.999999999999914,"SASH1","KO",FALSE,"Activated",3.71748238356308e-14
"ALOX5AP",8.28727425563324e-09,0.00318735872567281,6.09991709747131e-07,0.999376836534732,0.999999999999914,"SASH1","KO",FALSE,"Activated",3.71748238356308e-14
"POSTN",8.27575087740582e-09,0.00283958243777831,6.08296513479762e-07,0.999377703037592,0.999999999999914,"SASH1","KO",FALSE,"Activated",3.71748238356308e-14
"CD69",8.23657650646961e-09,0.00165394948522322,6.02551238341293e-07,0.999380648762698,0.999999999999914,"SASH1","KO",FALSE,"Activated",3.71748238356308e-14
"PTN",8.22503572928029e-09,0.00130367036960788,6.00863877626608e-07,0.999381516573881,0.999999999999914,"SASH1","KO",FALSE,"Activated",3.71748238356308e-14
"FGF18",8.22405061682394e-09,0.00127374981002871,6.00719955323321e-07,0.99938159064962,0.999999999999914,"SASH1","KO",FALSE,"Activated",3.71748238356308e-14
"CD83",8.17524888135153e-09,-0.000212644373644238,5.93611731838626e-07,0.999385260306454,0.999999999999914,"SASH1","KO",FALSE,"Activated",3.71748238356308e-14
"NR4A3",8.12544172717133e-09,-0.00173812010955445,5.86400686228457e-07,0.999389005565973,0.999999999999914,"SASH1","KO",FALSE,"Activated",3.71748238356308e-14
"CYTIP",8.07206629111705e-09,-0.00338248306496612,5.78721942927857e-07,0.999393019143219,0.999999999999914,"SASH1","KO",FALSE,"Activated",3.71748238356308e-14
"OASL",8.06156469544502e-09,-0.00370719054918655,5.77217111258476e-07,0.999393808812937,0.999999999999914,"SASH1","KO",FALSE,"Activated",3.71748238356308e-14
"TMEM176A",7.84101040714231e-09,-0.0106183778055877,5.46065287915697e-07,0.999410393439645,0.999999999999914,"SASH1","KO",FALSE,"Activated",3.71748238356308e-14
"IRF6",7.81257322138302e-09,-0.0115224811508059,5.42111613499123e-07,0.999412531779907,0.999999999999914,"SASH1","KO",FALSE,"Activated",3.71748238356308e-14
"CST7",7.80170551659596e-09,-0.0118687995242636,5.40604450338106e-07,0.999413348979293,0.999999999999914,"SASH1","KO",FALSE,"Activated",3.71748238356308e-14
"RGCC",7.79893927018463e-09,-0.0119570218015587,5.40221154660529e-07,0.999413556987783,0.999999999999914,"SASH1","KO",FALSE,"Activated",3.71748238356308e-14
"RARRES1",7.74100841843529e-09,-0.0138112360022654,5.32225390493914e-07,0.999417913110581,0.999999999999914,"SASH1","KO",FALSE,"Activated",3.71748238356308e-14
"ABI3BP",7.71553715856679e-09,-0.0146305561185283,5.28728650221964e-07,0.999419828427424,0.999999999999914,"SASH1","KO",FALSE,"Activated",3.71748238356308e-14
"FADS1",7.55421779852776e-09,-0.0198782892142774,5.06850073410892e-07,0.999431958871345,0.999999999999914,"SASH1","KO",FALSE,"Activated",3.71748238356308e-14
"IL6",7.43286021221253e-09,-0.0238946041567682,4.90695912377736e-07,0.999441084381195,0.999999999999914,"SASH1","KO",FALSE,"Activated",3.71748238356308e-14
"PAMR1",7.32218442021148e-09,-0.0276104665669516,4.76191715846621e-07,0.999449406671285,0.999999999999914,"SASH1","KO",FALSE,"Activated",3.71748238356308e-14
"GZMB",7.27731574162036e-09,-0.0291316705148173,4.70373607875695e-07,0.999452780581282,0.999999999999914,"SASH1","KO",FALSE,"Activated",3.71748238356308e-14
"FBXO32",7.24620579078865e-09,-0.0301914902229891,4.66360583779804e-07,0.999455119900773,0.999999999999914,"SASH1","KO",FALSE,"Activated",3.71748238356308e-14
"AC092807.3",7.09658481528651e-09,-0.0353479565035195,4.47300419048365e-07,0.999466370682499,0.999999999999914,"SASH1","KO",FALSE,"Activated",3.71748238356308e-14
"HSPA2",7.05982389713837e-09,-0.0366301984952171,4.42678312501926e-07,0.999469134927734,0.999999999999914,"SASH1","KO",FALSE,"Activated",3.71748238356308e-14
"P3H2",7.04409920873718e-09,-0.0371805652560704,4.4070851088514e-07,0.9994703173491,0.999999999999914,"SASH1","KO",FALSE,"Activated",3.71748238356308e-14
"SLA",6.77784942988745e-09,-0.0466755156873955,4.08022716806309e-07,0.999490338059332,0.999999999999914,"SASH1","KO",FALSE,"Activated",3.71748238356308e-14
"MKI67",6.6272208428379e-09,-0.0522006288054746,3.90088723346287e-07,0.999501664608954,0.999999999999914,"SASH1","KO",FALSE,"Activated",3.71748238356308e-14
"GMFG",6.58649010942878e-09,-0.0537145308528703,3.85308507112713e-07,0.999504727365399,0.999999999999914,"SASH1","KO",FALSE,"Activated",3.71748238356308e-14
"TNFRSF1B",6.5231657031744e-09,-0.0560854343493513,3.77935189773383e-07,0.99950948905805,0.999999999999914,"SASH1","KO",FALSE,"Activated",3.71748238356308e-14
"EFEMP2",6.49614520189017e-09,-0.0571035626573003,3.74810679839564e-07,0.99951152087059,0.999999999999914,"SASH1","KO",FALSE,"Activated",3.71748238356308e-14
"IGKC",6.38357619827842e-09,-0.0613875993523584,3.61933350566724e-07,0.999519985521623,0.999999999999914,"SASH1","KO",FALSE,"Activated",3.71748238356308e-14
"PRRX1",6.37891176716192e-09,-0.0615666122529624,3.61404619852865e-07,0.99952033626455,0.999999999999914,"SASH1","KO",FALSE,"Activated",3.71748238356308e-14
"NUSAP1",6.37809632171745e-09,-0.0615979200487217,3.61312225750286e-07,0.99952039758215,0.999999999999914,"SASH1","KO",FALSE,"Activated",3.71748238356308e-14
"ITM2A",6.36508602775751e-09,-0.0620979303907365,3.59839691121004e-07,0.999521375894075,0.999999999999914,"SASH1","KO",FALSE,"Activated",3.71748238356308e-14
"CKS2",6.31314230212334e-09,-0.0641036630253709,3.53990548989063e-07,0.999525281813992,0.999999999999914,"SASH1","KO",FALSE,"Activated",3.71748238356308e-14
"CDC42EP4",6.30031619611729e-09,-0.064601266564108,3.52553639154062e-07,0.999526246275867,0.999999999999914,"SASH1","KO",FALSE,"Activated",3.71748238356308e-14
"GZMA",6.28848551262929e-09,-0.0650610802477006,3.5123083747273e-07,0.999527135886726,0.999999999999914,"SASH1","KO",FALSE,"Activated",3.71748238356308e-14
"TNFRSF18",6.2882164919867e-09,-0.0650715453279536,3.5120078689082e-07,0.999527156115793,0.999999999999914,"SASH1","KO",FALSE,"Activated",3.71748238356308e-14
"BMP8A",6.2880661271769e-09,-0.0650773947979568,3.51183991156065e-07,0.999527167422508,0.999999999999914,"SASH1","KO",FALSE,"Activated",3.71748238356308e-14
"PHGDH",6.23882957761123e-09,-0.0669997573850557,3.45705870644675e-07,0.99953086977574,0.999999999999914,"SASH1","KO",FALSE,"Activated",3.71748238356308e-14
"HCLS1",6.16951510540413e-09,-0.0697298716052351,3.38066839522669e-07,0.99953608189282,0.999999999999914,"SASH1","KO",FALSE,"Activated",3.71748238356308e-14
"TPRG1",6.10344406811443e-09,-0.0723586882032505,3.30864710050117e-07,0.999541050119113,0.999999999999914,"SASH1","KO",FALSE,"Activated",3.71748238356308e-14
"KDM7A",6.06822447814822e-09,-0.0737707346137922,3.27057253792408e-07,0.999543698463994,0.999999999999914,"SASH1","KO",FALSE,"Activated",3.71748238356308e-14
"CD24",6.05525866815633e-09,-0.0742924715700723,3.25661118274515e-07,0.999544673430954,0.999999999999914,"SASH1","KO",FALSE,"Activated",3.71748238356308e-14
"SPOCK2",6.00066618622373e-09,-0.0765006017018402,3.19815453843948e-07,0.999548778524757,0.999999999999914,"SASH1","KO",FALSE,"Activated",3.71748238356308e-14
"CDCP1",5.98965558211885e-09,-0.0769481965963972,3.18642873809628e-07,0.999549606469579,0.999999999999914,"SASH1","KO",FALSE,"Activated",3.71748238356308e-14
"EGR1",5.90371198174822e-09,-0.0804682139357099,3.09564273551365e-07,0.999556069017723,0.999999999999914,"SASH1","KO",FALSE,"Activated",3.71748238356308e-14
"ANLN",5.90035998877872e-09,-0.0806064575612483,3.09212846282319e-07,0.99955632107158,0.999999999999914,"SASH1","KO",FALSE,"Activated",3.71748238356308e-14
"KIF23",5.8075685967987e-09,-0.0844624148883448,2.99563713913424e-07,0.999563298540971,0.999999999999914,"SASH1","KO",FALSE,"Activated",3.71748238356308e-14
"CYBRD1",5.80346569414753e-09,-0.0846342195971768,2.99140594813562e-07,0.999563607059651,0.999999999999914,"SASH1","KO",FALSE,"Activated",3.71748238356308e-14
"TPX2",5.69861268726709e-09,-0.089063266396672,2.88428911564409e-07,0.999571491504903,0.999999999999914,"SASH1","KO",FALSE,"Activated",3.71748238356308e-14
"HSPA6",5.57389982564852e-09,-0.0944300939599505,2.7594264850564e-07,0.999580869316418,0.999999999999914,"SASH1","KO",FALSE,"Activated",3.71748238356308e-14
"CREB5",5.56057644958508e-09,-0.0950099741995018,2.74625045458897e-07,0.999581871170664,0.999999999999914,"SASH1","KO",FALSE,"Activated",3.71748238356308e-14
"GRIA3",5.54516787967956e-09,-0.0956822089039661,2.73105161211213e-07,0.999583029821528,0.999999999999914,"SASH1","KO",FALSE,"Activated",3.71748238356308e-14
"FAM83A",5.44582655494213e-09,-0.10005800696965,2.63407490243886e-07,0.999590499814707,0.999999999999914,"SASH1","KO",FALSE,"Activated",3.71748238356308e-14
"CALML3",5.3936194002945e-09,-0.102387218583996,2.58381315096466e-07,0.999594425543416,0.999999999999914,"SASH1","KO",FALSE,"Activated",3.71748238356308e-14
"CDK1",5.37585322122393e-09,-0.103184594976205,2.56681941049122e-07,0.99959576147524,0.999999999999914,"SASH1","KO",FALSE,"Activated",3.71748238356308e-14
"UPP1",5.34479617679209e-09,-0.104584341692295,2.53724734042767e-07,0.999598096816672,0.999999999999914,"SASH1","KO",FALSE,"Activated",3.71748238356308e-14
"CENPE",5.32987144102094e-09,-0.105259671844775,2.52309717484499e-07,0.999599219085532,0.999999999999914,"SASH1","KO",FALSE,"Activated",3.71748238356308e-14
"SAMD9",5.29243164153228e-09,-0.106961490458585,2.48777457082111e-07,0.99960203437967,0.999999999999914,"SASH1","KO",FALSE,"Activated",3.71748238356308e-14
"FMO1",5.26882868192983e-09,-0.108040071499358,2.46563431062485e-07,0.999603809209526,0.999999999999914,"SASH1","KO",FALSE,"Activated",3.71748238356308e-14
"CENPW",5.25239748460395e-09,-0.108793558583617,2.45027979653157e-07,0.999605044757106,0.999999999999914,"SASH1","KO",FALSE,"Activated",3.71748238356308e-14
"ASPM",5.18552538451741e-09,-0.111882710319942,2.38828438384681e-07,0.999610073219725,0.999999999999914,"SASH1","KO",FALSE,"Activated",3.71748238356308e-14
"RGS2",5.18066371837715e-09,-0.112108724293275,2.3838082324362e-07,0.999610438793806,0.999999999999914,"SASH1","KO",FALSE,"Activated",3.71748238356308e-14
"GBP4",5.15960585851588e-09,-0.113089946272222,2.36446867185523e-07,0.999612022244322,0.999999999999914,"SASH1","KO",FALSE,"Activated",3.71748238356308e-14
"PRC1",5.14041692794522e-09,-0.113987303071906,2.34691413132691e-07,0.999613465160281,0.999999999999914,"SASH1","KO",FALSE,"Activated",3.71748238356308e-14
"PTPN22",5.11228115477886e-09,-0.115308652316002,2.32129304543448e-07,0.999615580836087,0.999999999999914,"SASH1","KO",FALSE,"Activated",3.71748238356308e-14
"TOP2A",5.10590491469271e-09,-0.115609033371703,2.31550623870507e-07,0.999616060298898,0.999999999999914,"SASH1","KO",FALSE,"Activated",3.71748238356308e-14
"ITGA6",5.08991250528325e-09,-0.116363950863859,2.30102397474462e-07,0.99961726285173,0.999999999999914,"SASH1","KO",FALSE,"Activated",3.71748238356308e-14
"ECT2",5.02969107273991e-09,-0.119226447773486,2.24689683327852e-07,0.99962179121594,0.999999999999914,"SASH1","KO",FALSE,"Activated",3.71748238356308e-14
"KIF20B",5.01505027279702e-09,-0.119927140228799,2.23383500186429e-07,0.999622892134197,0.999999999999914,"SASH1","KO",FALSE,"Activated",3.71748238356308e-14
"CENPF",5.0148062093377e-09,-0.119938836808356,2.23361758261539e-07,0.999622910486604,0.999999999999914,"SASH1","KO",FALSE,"Activated",3.71748238356308e-14
"HCST",4.94290654525134e-09,-0.12340764275019,2.17002785490104e-07,0.99962831699809,0.999999999999914,"SASH1","KO",FALSE,"Activated",3.71748238356308e-14
"CDCA5",4.90141666916131e-09,-0.125430551361125,2.13375109322786e-07,0.999631436838704,0.999999999999914,"SASH1","KO",FALSE,"Activated",3.71748238356308e-14
"HGF",4.88383035298271e-09,-0.126292769405289,2.11846673597209e-07,0.999632759245727,0.999999999999914,"SASH1","KO",FALSE,"Activated",3.71748238356308e-14
"DUSP1",4.83262953786596e-09,-0.128819429222182,2.07428065876954e-07,0.999636609302608,0.999999999999914,"SASH1","KO",FALSE,"Activated",3.71748238356308e-14
"KPNA2",4.75603278008048e-09,-0.132645790690415,2.00904742302208e-07,0.999642369013162,0.999999999999914,"SASH1","KO",FALSE,"Activated",3.71748238356308e-14
"IRF8",4.73147685887986e-09,-0.133884503692462,1.98835511326791e-07,0.999644215501223,0.999999999999914,"SASH1","KO",FALSE,"Activated",3.71748238356308e-14
"UBE2C",4.73046781372959e-09,-0.133935531221529,1.98750712173983e-07,0.999644291376602,0.999999999999914,"SASH1","KO",FALSE,"Activated",3.71748238356308e-14
"KIF11",4.72439873516166e-09,-0.134242657074699,1.9824105437674e-07,0.999644747742341,0.999999999999914,"SASH1","KO",FALSE,"Activated",3.71748238356308e-14
"BMP4",4.70410968539729e-09,-0.13527203206408,1.96542008090022e-07,0.99964627338204,0.999999999999914,"SASH1","KO",FALSE,"Activated",3.71748238356308e-14
"NCAPG",4.67549362976102e-09,-0.136730861295066,1.94158071207665e-07,0.999648425172835,0.999999999999914,"SASH1","KO",FALSE,"Activated",3.71748238356308e-14
"STMN1",4.66910076126699e-09,-0.137057890499978,1.93627484047938e-07,0.999648905886032,0.999999999999914,"SASH1","KO",FALSE,"Activated",3.71748238356308e-14
"NEK2",4.65769874099403e-09,-0.137642190502864,1.92682955781272e-07,0.999649763263534,0.999999999999914,"SASH1","KO",FALSE,"Activated",3.71748238356308e-14
"CXCL3",4.64949341162212e-09,-0.138063491616156,1.92004666102119e-07,0.999650380265139,0.999999999999914,"SASH1","KO",FALSE,"Activated",3.71748238356308e-14
"AQP1",4.62742400470589e-09,-0.139200051665822,1.90186243325307e-07,0.999652039779202,0.999999999999914,"SASH1","KO",FALSE,"Activated",3.71748238356308e-14
"ARHGAP11A",4.62373509334971e-09,-0.139390515488373,1.89883137084081e-07,0.99965231716773,0.999999999999914,"SASH1","KO",FALSE,"Activated",3.71748238356308e-14
"HMMR",4.59527893051628e-09,-0.140864474685702,1.87553108103691e-07,0.999654456935357,0.999999999999914,"SASH1","KO",FALSE,"Activated",3.71748238356308e-14
"CCNA2",4.47330396334508e-09,-0.147279361420998,1.77728603809552e-07,0.999663628870743,0.999999999999914,"SASH1","KO",FALSE,"Activated",3.71748238356308e-14
"TNFAIP2",4.46806711928266e-09,-0.147558372237415,1.77312717838104e-07,0.999664022656424,0.999999999999914,"SASH1","KO",FALSE,"Activated",3.71748238356308e-14
"SOX4",4.46227658680949e-09,-0.147867233902758,1.76853427631255e-07,0.999664458076831,0.999999999999914,"SASH1","KO",FALSE,"Activated",3.71748238356308e-14
"PTGER4",4.45104661455393e-09,-0.148467284912118,1.75964392654243e-07,0.999665302517151,0.999999999999914,"SASH1","KO",FALSE,"Activated",3.71748238356308e-14
"MXD1",4.44049525603165e-09,-0.149032348674828,1.7513112222931e-07,0.999666095928956,0.999999999999914,"SASH1","KO",FALSE,"Activated",3.71748238356308e-14
"KRT6B",4.40243792731794e-09,-0.151080794225349,1.72142058637327e-07,0.999668957658454,0.999999999999914,"SASH1","KO",FALSE,"Activated",3.71748238356308e-14
"SMC2",4.39427794206976e-09,-0.151522132224795,1.71504514218743e-07,0.999669571250403,0.999999999999914,"SASH1","KO",FALSE,"Activated",3.71748238356308e-14
"DIAPH3",4.38918346468817e-09,-0.15179805354293,1.71107079461153e-07,0.99966995433079,0.999999999999914,"SASH1","KO",FALSE,"Activated",3.71748238356308e-14
"GPR157",4.36515552912288e-09,-0.153103420821289,1.69238806501187e-07,0.999671761116879,0.999999999999914,"SASH1","KO",FALSE,"Activated",3.71748238356308e-14
"CCNB1",4.33701355264321e-09,-0.15464074124982,1.67063689500676e-07,0.999673877259214,0.999999999999914,"SASH1","KO",FALSE,"Activated",3.71748238356308e-14
"SPC25",4.32992342845031e-09,-0.155029505842552,1.66517906517237e-07,0.999674410402718,0.999999999999914,"SASH1","KO",FALSE,"Activated",3.71748238356308e-14
"SLC20A1",4.29391584415118e-09,-0.157012972685657,1.63759900879453e-07,0.99967711800123,0.999999999999914,"SASH1","KO",FALSE,"Activated",3.71748238356308e-14
"LRRN3",4.28644641002003e-09,-0.157426343840551,1.63190662943435e-07,0.999677679667033,0.999999999999914,"SASH1","KO",FALSE,"Activated",3.71748238356308e-14
"BUB1B",4.28641687398312e-09,-0.157427979732703,1.63188413999495e-07,0.999677681888002,0.999999999999914,"SASH1","KO",FALSE,"Activated",3.71748238356308e-14
"CEP55",4.27681096595696e-09,-0.157960567635369,1.62457819441068e-07,0.999678404206447,0.999999999999914,"SASH1","KO",FALSE,"Activated",3.71748238356308e-14
"SGO2",4.24154088223999e-09,-0.159925579413394,1.59789347904076e-07,0.999681056348439,0.999999999999914,"SASH1","KO",FALSE,"Activated",3.71748238356308e-14
"RRM2",4.24013866081128e-09,-0.160004012713863,1.59683715060896e-07,0.999681161788799,0.999999999999914,"SASH1","KO",FALSE,"Activated",3.71748238356308e-14
"HJURP",4.22943287281445e-09,-0.16060363077997,1.58878372615453e-07,0.999681966812971,0.999999999999914,"SASH1","KO",FALSE,"Activated",3.71748238356308e-14
"KNL1",4.22310507570371e-09,-0.160958701229418,1.58403321672071e-07,0.999682442633119,0.999999999999914,"SASH1","KO",FALSE,"Activated",3.71748238356308e-14
"KIF14",4.21427164513002e-09,-0.16145519095438,1.57741353131953e-07,0.999683106864947,0.999999999999914,"SASH1","KO",FALSE,"Activated",3.71748238356308e-14
"UBE2T",4.21015612727519e-09,-0.161686834494802,1.5743341362426e-07,0.999683416332252,0.999999999999914,"SASH1","KO",FALSE,"Activated",3.71748238356308e-14
"NREP",4.147359309579e-09,-0.165247517993998,1.5277202477316e-07,0.9996881383533,0.999999999999914,"SASH1","KO",FALSE,"Activated",3.71748238356308e-14
"FXYD3",4.13209323881705e-09,-0.166120637228982,1.51649413491554e-07,0.999689286288979,0.999999999999914,"SASH1","KO",FALSE,"Activated",3.71748238356308e-14
"LMNB1",4.12333994055877e-09,-0.166622610923908,1.51007595180901e-07,0.999689944495242,0.999999999999914,"SASH1","KO",FALSE,"Activated",3.71748238356308e-14
"ITGAV",4.10817360489156e-09,-0.167494682165906,1.4989877564075e-07,0.999691084931319,0.999999999999914,"SASH1","KO",FALSE,"Activated",3.71748238356308e-14
"DSC2",4.10283090507909e-09,-0.167802596927662,1.49509140988661e-07,0.999691486676852,0.999999999999914,"SASH1","KO",FALSE,"Activated",3.71748238356308e-14
"RAP2B",4.08236415940642e-09,-0.168985583407508,1.48021225254257e-07,0.999693025678472,0.999999999999914,"SASH1","KO",FALSE,"Activated",3.71748238356308e-14
"SERPINB9",4.07261160775233e-09,-0.169551209670768,1.47314840294326e-07,0.999693759023824,0.999999999999914,"SASH1","KO",FALSE,"Activated",3.71748238356308e-14
"NUF2",4.06921096418175e-09,-0.169748733076937,1.47068926291746e-07,0.999694014735995,0.999999999999914,"SASH1","KO",FALSE,"Activated",3.71748238356308e-14
"HMGB2",4.00881018617709e-09,-0.173282655525149,1.42735334216664e-07,0.999698556586314,0.999999999999914,"SASH1","KO",FALSE,"Activated",3.71748238356308e-14
"GTSE1",4.00736444313939e-09,-0.17336784297771,1.42632400231086e-07,0.999698665299293,0.999999999999914,"SASH1","KO",FALSE,"Activated",3.71748238356308e-14
"TACC3",3.99552025435783e-09,-0.17406680642616,1.41790515970144e-07,0.999699555925779,0.999999999999914,"SASH1","KO",FALSE,"Activated",3.71748238356308e-14
"DLGAP5",3.9896107081681e-09,-0.174416262243252,1.41371397611576e-07,0.999700000295457,0.999999999999914,"SASH1","KO",FALSE,"Activated",3.71748238356308e-14
"PTTG1",3.9352588894657e-09,-0.177652878671538,1.37545734570323e-07,0.99970408729291,0.999999999999914,"SASH1","KO",FALSE,"Activated",3.71748238356308e-14
"KRT14",3.91768165989193e-09,-0.17870841413324,1.36319754968216e-07,0.999705409016714,0.999999999999914,"SASH1","KO",FALSE,"Activated",3.71748238356308e-14
"SLC2A13",3.90117221366823e-09,-0.179703811632802,1.35173249547522e-07,0.999706650448305,0.999999999999914,"SASH1","KO",FALSE,"Activated",3.71748238356308e-14
"TRIP13",3.89653537121251e-09,-0.179984077476663,1.34852112954846e-07,0.999706999116736,0.999999999999914,"SASH1","KO",FALSE,"Activated",3.71748238356308e-14
"LSP1",3.88559031250352e-09,-0.180646853844327,1.34095599170364e-07,0.999707822132934,0.999999999999914,"SASH1","KO",FALSE,"Activated",3.71748238356308e-14
"IL2RB",3.87133775612981e-09,-0.181512499933053,1.33113663489469e-07,0.999708893857177,0.999999999999914,"SASH1","KO",FALSE,"Activated",3.71748238356308e-14
"SHCBP1",3.86470871495866e-09,-0.181916124200502,1.32658182457438e-07,0.999709392329447,0.999999999999914,"SASH1","KO",FALSE,"Activated",3.71748238356308e-14
"CKS1B",3.86269890753753e-09,-0.18203862199632,1.32520242916204e-07,0.999709543457377,0.999999999999914,"SASH1","KO",FALSE,"Activated",3.71748238356308e-14
"CENPM",3.84771029333591e-09,-0.182954035906078,1.31493789089296e-07,0.999710670529658,0.999999999999914,"SASH1","KO",FALSE,"Activated",3.71748238356308e-14
"KIF2C",3.84400520298338e-09,-0.183180827147542,1.31240671383795e-07,0.999710949134776,0.999999999999914,"SASH1","KO",FALSE,"Activated",3.71748238356308e-14
"TWIST1",3.82108496134192e-09,-0.184588287426495,1.29680267690559e-07,0.999712672627602,0.999999999999914,"SASH1","KO",FALSE,"Activated",3.71748238356308e-14
"BIRC5",3.79192596974348e-09,-0.186390142389822,1.27708619321295e-07,0.999714865244664,0.999999999999914,"SASH1","KO",FALSE,"Activated",3.71748238356308e-14
"CDH3",3.7840400750442e-09,-0.186879638890398,1.27177992127763e-07,0.999715458226325,0.999999999999914,"SASH1","KO",FALSE,"Activated",3.71748238356308e-14
"CDC20",3.77910794830781e-09,-0.187186266148926,1.26846679996781e-07,0.999715829098726,0.999999999999914,"SASH1","KO",FALSE,"Activated",3.71748238356308e-14
"KIF4A",3.77721518017482e-09,-0.187304036336751,1.26719649368379e-07,0.99971597142586,0.999999999999914,"SASH1","KO",FALSE,"Activated",3.71748238356308e-14
"S1PR3",3.76978564584736e-09,-0.187766836950591,1.262216411601e-07,0.999716530091399,0.999999999999914,"SASH1","KO",FALSE,"Activated",3.71748238356308e-14
"HMGB3",3.71906391774089e-09,-0.190949049158266,1.22847916326074e-07,0.999720344123386,0.999999999999914,"SASH1","KO",FALSE,"Activated",3.71748238356308e-14
"PKMYT1",3.71901862049394e-09,-0.190951908884645,1.22844923831921e-07,0.999720347529523,0.999999999999914,"SASH1","KO",FALSE,"Activated",3.71748238356308e-14
"DEPDC1",3.70554092729071e-09,-0.191804218241821,1.21956159185534e-07,0.999721360987758,0.999999999999914,"SASH1","KO",FALSE,"Activated",3.71748238356308e-14
"GMPR",3.68967506799413e-09,-0.192811221804306,1.2091404580684e-07,0.999722554024691,0.999999999999914,"SASH1","KO",FALSE,"Activated",3.71748238356308e-14
"GAS7",3.67661367111505e-09,-0.19364322706781,1.20059493061366e-07,0.99972353617943,0.999999999999914,"SASH1","KO",FALSE,"Activated",3.71748238356308e-14
"PCLAF",3.67643582116111e-09,-0.193654574825461,1.20047877993386e-07,0.999723549552897,0.999999999999914,"SASH1","KO",FALSE,"Activated",3.71748238356308e-14
"AHNAK2",3.6740449700487e-09,-0.193807172787918,1.19891790254816e-07,0.999723729333496,0.999999999999914,"SASH1","KO",FALSE,"Activated",3.71748238356308e-14
"TNFRSF11B",3.66286050667442e-09,-0.194522248091774,1.19162956319914e-07,0.999724570351789,0.999999999999914,"SASH1","KO",FALSE,"Activated",3.71748238356308e-14
"VGLL3",3.64853989824767e-09,-0.195440776441815,1.18233000004566e-07,0.99972564719323,0.999999999999914,"SASH1","KO",FALSE,"Activated",3.71748238356308e-14
"MND1",3.63992594307349e-09,-0.195994880463556,1.17675378851778e-07,0.999726294921568,0.999999999999914,"SASH1","KO",FALSE,"Activated",3.71748238356308e-14
"KNSTRN",3.62899109968269e-09,-0.196700022673864,1.16969414470581e-07,0.99972711716963,0.999999999999914,"SASH1","KO",FALSE,"Activated",3.71748238356308e-14
"CDCA3",3.62107268547162e-09,-0.197211871893784,1.16459519705638e-07,0.999727712596606,0.999999999999914,"SASH1","KO",FALSE,"Activated",3.71748238356308e-14
"FANCI",3.61314682637503e-09,-0.197725236753426,1.15950260908695e-07,0.999728308583403,0.999999999999914,"SASH1","KO",FALSE,"Activated",3.71748238356308e-14
"NCAPD2",3.59783799996422e-09,-0.198719748989251,1.14969784857891e-07,0.999729459734124,0.999999999999914,"SASH1","KO",FALSE,"Activated",3.71748238356308e-14
"ZC3HAV1",3.57346073114418e-09,-0.200311458514803,1.13417099811704e-07,0.999731292788457,0.999999999999914,"SASH1","KO",FALSE,"Activated",3.71748238356308e-14
"AURKB",3.51377122340906e-09,-0.204251544483877,1.0965980602943e-07,0.999735781154721,0.999999999999914,"SASH1","KO",FALSE,"Activated",3.71748238356308e-14
"TNF",3.4997782014268e-09,-0.205184143677143,1.08788140467657e-07,0.999736833363229,0.999999999999914,"SASH1","KO",FALSE,"Activated",3.71748238356308e-14
"TNFSF10",3.42554957020737e-09,-0.210189528677745,1.04222388708677e-07,0.999742415002241,0.999999999999914,"SASH1","KO",FALSE,"Activated",3.71748238356308e-14
"CENPA",3.42151494260661e-09,-0.210464448039626,1.0397702609753e-07,0.999742718386993,0.999999999999914,"SASH1","KO",FALSE,"Activated",3.71748238356308e-14
"CDKN3",3.41866627871187e-09,-0.210658735945525,1.03803961064797e-07,0.999742932592931,0.999999999999914,"SASH1","KO",FALSE,"Activated",3.71748238356308e-14
"MYBL2",3.39876671861861e-09,-0.212020126942391,1.02599022612412e-07,0.999744428944935,0.999999999999914,"SASH1","KO",FALSE,"Activated",3.71748238356308e-14
"CKAP5",3.39478500568965e-09,-0.212293410370332,1.02358770429981e-07,0.999744728350756,0.999999999999914,"SASH1","KO",FALSE,"Activated",3.71748238356308e-14
"PRSS23",3.3795171738977e-09,-0.213344058832569,1.0144013658581e-07,0.999745876418885,0.999999999999914,"SASH1","KO",FALSE,"Activated",3.71748238356308e-14
"RAD51AP1",3.36072050309006e-09,-0.214643569227013,1.00314866804051e-07,0.999747289838878,0.999999999999914,"SASH1","KO",FALSE,"Activated",3.71748238356308e-14
"PBK",3.30139883430465e-09,-0.218789183231094,9.68047119408899e-08,0.999751750545436,0.999999999999914,"SASH1","KO",FALSE,"Activated",3.71748238356308e-14
"CCNF",3.29960075209311e-09,-0.218915909038545,9.66992927302717e-08,0.999751885752643,0.999999999999914,"SASH1","KO",FALSE,"Activated",3.71748238356308e-14
"PLK1",3.27210320942519e-09,-0.22086186287197,9.50943025274477e-08,0.999753953436704,0.999999999999914,"SASH1","KO",FALSE,"Activated",3.71748238356308e-14
"ZWINT",3.27141587381264e-09,-0.220910697302369,9.50543558438749e-08,0.999754005121064,0.999999999999914,"SASH1","KO",FALSE,"Activated",3.71748238356308e-14
"VEGFC",3.27051632449232e-09,-0.220974623573316,9.50020883679065e-08,0.999754072762883,0.999999999999914,"SASH1","KO",FALSE,"Activated",3.71748238356308e-14
"KIFC1",3.26296713170341e-09,-0.221511745026422,9.45640160386835e-08,0.999754640426176,0.999999999999914,"SASH1","KO",FALSE,"Activated",3.71748238356308e-14
"FERMT1",3.24972905701875e-09,-0.222456399719074,9.37982675367019e-08,0.999755635866256,0.999999999999914,"SASH1","KO",FALSE,"Activated",3.71748238356308e-14
"CENPK",3.23211769253234e-09,-0.223718642049038,9.27843741882397e-08,0.999756960156871,0.999999999999914,"SASH1","KO",FALSE,"Activated",3.71748238356308e-14
"GADD45A",3.22616307965221e-09,-0.224146855948283,9.24428110743426e-08,0.999757407915361,0.999999999999914,"SASH1","KO",FALSE,"Activated",3.71748238356308e-14
"CKAP2L",3.20005897278904e-09,-0.226032720621343,9.09528837786192e-08,0.9997593708197,0.999999999999914,"SASH1","KO",FALSE,"Activated",3.71748238356308e-14
"TTK",3.19715108249249e-09,-0.226243675366803,9.07876612976455e-08,0.999759589479182,0.999999999999914,"SASH1","KO",FALSE,"Activated",3.71748238356308e-14
"SORL1",3.14586153029759e-09,-0.229993881006132,8.78981460400051e-08,0.9997634462089,0.999999999999914,"SASH1","KO",FALSE,"Activated",3.71748238356308e-14
"GPR65",3.1212095054972e-09,-0.231816495856184,8.65259450665253e-08,0.999765299923597,0.999999999999914,"SASH1","KO",FALSE,"Activated",3.71748238356308e-14
"NKG7",3.11211356055539e-09,-0.232492345842417,8.60223656513711e-08,0.999765983895278,0.999999999999914,"SASH1","KO",FALSE,"Activated",3.71748238356308e-14
"DBF4",3.09908513674713e-09,-0.2334635673689,8.53036322801104e-08,0.999766963570616,0.999999999999914,"SASH1","KO",FALSE,"Activated",3.71748238356308e-14
"AKAP12",3.05977820721325e-09,-0.236416735215627,8.31534751541851e-08,0.999769919264264,0.999999999999914,"SASH1","KO",FALSE,"Activated",3.71748238356308e-14
"PSRC1",3.04522600888262e-09,-0.237518933888748,8.23644059700322e-08,0.99977101352018,0.999999999999914,"SASH1","KO",FALSE,"Activated",3.71748238356308e-14
"EFNA1",3.04509280543377e-09,-0.237529045265564,8.23572006046798e-08,0.999771023536444,0.999999999999914,"SASH1","KO",FALSE,"Activated",3.71748238356308e-14
"SGO1",3.04400376530049e-09,-0.237611728807903,8.22983030510518e-08,0.999771105427069,0.999999999999914,"SASH1","KO",FALSE,"Activated",3.71748238356308e-14
"PLEK",3.02978774707957e-09,-0.23869356499242,8.15314037153958e-08,0.999772174403845,0.999999999999914,"SASH1","KO",FALSE,"Activated",3.71748238356308e-14
"CKAP2",3.00902425283093e-09,-0.240282101900283,8.0417744125845e-08,0.999773735719595,0.999999999999914,"SASH1","KO",FALSE,"Activated",3.71748238356308e-14
"PTGDS",3.00873674565777e-09,-0.240304168844606,8.04023773014048e-08,0.999773757338763,0.999999999999914,"SASH1","KO",FALSE,"Activated",3.71748238356308e-14
"HELLS",2.99691353751575e-09,-0.241213319660184,7.9771716433647e-08,0.999774646387633,0.999999999999914,"SASH1","KO",FALSE,"Activated",3.71748238356308e-14
"SYTL3",2.97248629580764e-09,-0.243102183930426,7.84766095590466e-08,0.999776483199721,0.999999999999914,"SASH1","KO",FALSE,"Activated",3.71748238356308e-14
"COL15A1",2.95562504002669e-09,-0.244414365984223,7.75888266544346e-08,0.99977775108575,0.999999999999914,"SASH1","KO",FALSE,"Activated",3.71748238356308e-14
"BARX1",2.95416566906333e-09,-0.244528261897816,7.75122249714075e-08,0.999777860823487,0.999999999999914,"SASH1","KO",FALSE,"Activated",3.71748238356308e-14
"CXCR4",2.94217405229161e-09,-0.24546611116192,7.68842233740864e-08,0.999778762535884,0.999999999999914,"SASH1","KO",FALSE,"Activated",3.71748238356308e-14
"DUSP2",2.90294744175673e-09,-0.248558787354659,7.48477682890957e-08,0.999781712189938,0.999999999999914,"SASH1","KO",FALSE,"Activated",3.71748238356308e-14
"FZD10",2.88959669544011e-09,-0.249620169833681,7.41608969339914e-08,0.999782716102397,0.999999999999914,"SASH1","KO",FALSE,"Activated",3.71748238356308e-14
"KCNK1",2.87060190468994e-09,-0.251138071417433,7.31891068109714e-08,0.999784144420084,0.999999999999914,"SASH1","KO",FALSE,"Activated",3.71748238356308e-14
"SERPINF1",2.86523329895796e-09,-0.251568763011474,7.29156059576745e-08,0.999784548113634,0.999999999999914,"SASH1","KO",FALSE,"Activated",3.71748238356308e-14
"SMC4",2.86023584774644e-09,-0.251970348196214,7.26614734912663e-08,0.999784923898135,0.999999999999914,"SASH1","KO",FALSE,"Activated",3.71748238356308e-14
"SNAI1",2.85930200007935e-09,-0.252045462052315,7.26140342771171e-08,0.999784994119026,0.999999999999914,"SASH1","KO",FALSE,"Activated",3.71748238356308e-14
"MSX1",2.85227383933923e-09,-0.252611497526603,7.22575025826569e-08,0.9997855226032,0.999999999999914,"SASH1","KO",FALSE,"Activated",3.71748238356308e-14
"CXCL2",2.83388366734972e-09,-0.254098715833507,7.13287389828642e-08,0.99978690545644,0.999999999999914,"SASH1","KO",FALSE,"Activated",3.71748238356308e-14
"BUB1",2.82879117175994e-09,-0.254512120419484,7.10726134967322e-08,0.999787288387825,0.999999999999914,"SASH1","KO",FALSE,"Activated",3.71748238356308e-14
"CIT",2.81925773568095e-09,-0.255287884790151,7.05943707219868e-08,0.999788005256759,0.999999999999914,"SASH1","KO",FALSE,"Activated",3.71748238356308e-14
"SCG5",2.7939296579294e-09,-0.257360715383142,6.93316355376061e-08,0.999789909807431,0.999999999999914,"SASH1","KO",FALSE,"Activated",3.71748238356308e-14
"PLPP3",2.79105659130749e-09,-0.257596937926365,6.91891179984941e-08,0.999790125848341,0.999999999999914,"SASH1","KO",FALSE,"Activated",3.71748238356308e-14
"CXCL14",2.78600545238164e-09,-0.258012784871713,6.8938913393156e-08,0.999790505669902,0.999999999999914,"SASH1","KO",FALSE,"Activated",3.71748238356308e-14
"CDCA8",2.78342407709123e-09,-0.258225571139876,6.88112217806065e-08,0.999790699777015,0.999999999999914,"SASH1","KO",FALSE,"Activated",3.71748238356308e-14
"PCNA",2.77406832104006e-09,-0.258998306444,6.83494171575493e-08,0.999791403285259,0.999999999999914,"SASH1","KO",FALSE,"Activated",3.71748238356308e-14
"FOXM1",2.76105818984702e-09,-0.26007687678052,6.77098152691593e-08,0.999792381585087,0.999999999999914,"SASH1","KO",FALSE,"Activated",3.71748238356308e-14
"IL1R2",2.75806137665203e-09,-0.260325983443296,6.75629124992187e-08,0.99979260693115,0.999999999999914,"SASH1","KO",FALSE,"Activated",3.71748238356308e-14
"KRT7",2.7543088900237e-09,-0.260638256687566,6.73791918190384e-08,0.999792889100251,0.999999999999914,"SASH1","KO",FALSE,"Activated",3.71748238356308e-14
"CCNB2",2.74456585955062e-09,-0.261450884087221,6.6903343654663e-08,0.999793621729685,0.999999999999914,"SASH1","KO",FALSE,"Activated",3.71748238356308e-14
"KIF18A",2.73348595855115e-09,-0.262378252812566,6.63642521031806e-08,0.999794454885408,0.999999999999914,"SASH1","KO",FALSE,"Activated",3.71748238356308e-14
"PRR11",2.68703733696051e-09,-0.266304026212618,6.41280319588256e-08,0.999797947600273,0.999999999999914,"SASH1","KO",FALSE,"Activated",3.71748238356308e-14
"TRBC2",2.64669679329989e-09,-0.269764651677744,6.22169750487396e-08,0.999800981016806,0.999999999999914,"SASH1","KO",FALSE,"Activated",3.71748238356308e-14
"IL1B",2.64175060947715e-09,-0.270192303097627,6.19846484406846e-08,0.999801352946246,0.999999999999914,"SASH1","KO",FALSE,"Activated",3.71748238356308e-14
"MTSS1",2.64039885747276e-09,-0.270309305204344,6.19212310720297e-08,0.999801454591551,0.999999999999914,"SASH1","KO",FALSE,"Activated",3.71748238356308e-14
"CXCL12",2.6080919425979e-09,-0.273122219367678,6.04152121190719e-08,0.999803883917507,0.999999999999914,"SASH1","KO",FALSE,"Activated",3.71748238356308e-14
"BRCA2",2.60367921734605e-09,-0.273508919345113,6.02109476939767e-08,0.999804215733406,0.999999999999914,"SASH1","KO",FALSE,"Activated",3.71748238356308e-14
"IGFBP5",2.58505063511758e-09,-0.275148084289081,5.93524455719405e-08,0.999805616513968,0.999999999999914,"SASH1","KO",FALSE,"Activated",3.71748238356308e-14
"CREM",2.57971889198019e-09,-0.275619239202388,5.91078657217141e-08,0.99980601743563,0.999999999999914,"SASH1","KO",FALSE,"Activated",3.71748238356308e-14
"DCLK1",2.57807078148864e-09,-0.275765060905939,5.9032365111431e-08,0.999806141365681,0.999999999999914,"SASH1","KO",FALSE,"Activated",3.71748238356308e-14
"RACGAP1",2.57504235897037e-09,-0.276033234204003,5.88937576357009e-08,0.999806369088615,0.999999999999914,"SASH1","KO",FALSE,"Activated",3.71748238356308e-14
"ATAD2",2.57422623426367e-09,-0.276105553530868,5.88564323980868e-08,0.999806430457301,0.999999999999914,"SASH1","KO",FALSE,"Activated",3.71748238356308e-14
"DHFR",2.56863164128631e-09,-0.276601877529663,5.86008837850301e-08,0.999806851144018,0.999999999999914,"SASH1","KO",FALSE,"Activated",3.71748238356308e-14
"TMEM106C",2.5675390052294e-09,-0.276698926988799,5.85510394871979e-08,0.99980693330504,0.999999999999914,"SASH1","KO",FALSE,"Activated",3.71748238356308e-14
"KIF20A",2.54201191736673e-09,-0.278977183251377,5.73925702259895e-08,0.999808852820335,0.999999999999914,"SASH1","KO",FALSE,"Activated",3.71748238356308e-14
"CLSPN",2.53867190346204e-09,-0.279276833660849,5.72418502023781e-08,0.999809103973456,0.999999999999914,"SASH1","KO",FALSE,"Activated",3.71748238356308e-14
"TK1",2.53017650150002e-09,-0.280040642396964,5.68593833998506e-08,0.999809742787178,0.999999999999914,"SASH1","KO",FALSE,"Activated",3.71748238356308e-14
"MAD2L1",2.50549989517973e-09,-0.282272763181718,5.57557019174346e-08,0.999811598350317,0.999999999999914,"SASH1","KO",FALSE,"Activated",3.71748238356308e-14
"SERPINE1",2.50248811926645e-09,-0.282546579579952,5.56217384295708e-08,0.999811824821506,0.999999999999914,"SASH1","KO",FALSE,"Activated",3.71748238356308e-14
"STC1",2.49662343422541e-09,-0.283080641876347,5.53613401974923e-08,0.999812265817859,0.999999999999914,"SASH1","KO",FALSE,"Activated",3.71748238356308e-14
"IGFBP3",2.47812976416688e-09,-0.284772358388757,5.45442026724121e-08,0.999813656453672,0.999999999999914,"SASH1","KO",FALSE,"Activated",3.71748238356308e-14
"LAMB3",2.47511848863677e-09,-0.285048917390207,5.44117254847914e-08,0.999813882887235,0.999999999999914,"SASH1","KO",FALSE,"Activated",3.71748238356308e-14
"CTSV",2.44826387888658e-09,-0.287529086945372,5.3237415046377e-08,0.99981590222585,0.999999999999914,"SASH1","KO",FALSE,"Activated",3.71748238356308e-14
"HYMAI",2.44423959033909e-09,-0.287902910782943,5.30625428499949e-08,0.999816204833162,0.999999999999914,"SASH1","KO",FALSE,"Activated",3.71748238356308e-14
"CCL4",2.4330327907962e-09,-0.288946929961815,5.25770765094153e-08,0.999817047531056,0.999999999999914,"SASH1","KO",FALSE,"Activated",3.71748238356308e-14
"VCAM1",2.42766028826102e-09,-0.289449002341364,5.23451366775754e-08,0.999817451517632,0.999999999999914,"SASH1","KO",FALSE,"Activated",3.71748238356308e-14
"GPR183",2.41351092728224e-09,-0.290776209641091,5.17367386762851e-08,0.999818515482117,0.999999999999914,"SASH1","KO",FALSE,"Activated",3.71748238356308e-14
"FAM83D",2.41107974734693e-09,-0.291004975710566,5.16325601797291e-08,0.999818698295257,0.999999999999914,"SASH1","KO",FALSE,"Activated",3.71748238356308e-14
"CNKSR3",2.4109021771546e-09,-0.291021692816525,5.16249552334088e-08,0.999818711647689,0.999999999999914,"SASH1","KO",FALSE,"Activated",3.71748238356308e-14
"BMP8B",2.40548900301043e-09,-0.291531854313756,5.13933895175402e-08,0.999819118692576,0.999999999999914,"SASH1","KO",FALSE,"Activated",3.71748238356308e-14
"THBS1",2.40479509781314e-09,-0.29159732752817,5.13637431575981e-08,0.999819170870939,0.999999999999914,"SASH1","KO",FALSE,"Activated",3.71748238356308e-14
"CENPU",2.38297149969517e-09,-0.293665425900732,5.04357178157657e-08,0.999820811901469,0.999999999999914,"SASH1","KO",FALSE,"Activated",3.71748238356308e-14
"UBE2S",2.35977071442381e-09,-0.295883269861416,4.9458406979636e-08,0.999822556489907,0.999999999999914,"SASH1","KO",FALSE,"Activated",3.71748238356308e-14
"MELK",2.34033318812587e-09,-0.297756901689277,4.86469808991941e-08,0.999824018099214,0.999999999999914,"SASH1","KO",FALSE,"Activated",3.71748238356308e-14
"FCGR2A",2.33683485815465e-09,-0.298095637037742,4.85016545864815e-08,0.999824281156949,0.999999999999914,"SASH1","KO",FALSE,"Activated",3.71748238356308e-14
"CENPN",2.32831325068839e-09,-0.298922725404982,4.81485629170375e-08,0.999824921941203,0.999999999999914,"SASH1","KO",FALSE,"Activated",3.71748238356308e-14
"FEN1",2.32700022533741e-09,-0.299050412800209,4.80942725782863e-08,0.99982502067445,0.999999999999914,"SASH1","KO",FALSE,"Activated",3.71748238356308e-14
"HIST1H1B",2.30022747353827e-09,-0.301668566131014,4.69939642691968e-08,0.999827033857744,0.999999999999914,"SASH1","KO",FALSE,"Activated",3.71748238356308e-14
"GJB2",2.29781843862226e-09,-0.301905525532604,4.68955819835887e-08,0.999827215005684,0.999999999999914,"SASH1","KO",FALSE,"Activated",3.71748238356308e-14
"BCL2A1",2.29025982766045e-09,-0.302650501141621,4.65875659524945e-08,0.999827783377192,0.999999999999914,"SASH1","KO",FALSE,"Activated",3.71748238356308e-14
"HIST1H3B",2.27063888256316e-09,-0.304594969710296,4.57927421585512e-08,0.99982925877872,0.999999999999914,"SASH1","KO",FALSE,"Activated",3.71748238356308e-14
"FST",2.25905822546838e-09,-0.305749914343802,4.53268312545788e-08,0.999830129588923,0.999999999999914,"SASH1","KO",FALSE,"Activated",3.71748238356308e-14
"SNHG9",2.25377842934551e-09,-0.30627828361262,4.51152061056495e-08,0.99983052660442,0.999999999999914,"SASH1","KO",FALSE,"Activated",3.71748238356308e-14
"AURKA",2.24720512942466e-09,-0.306937695772581,4.48524266645169e-08,0.999831020885236,0.999999999999914,"SASH1","KO",FALSE,"Activated",3.71748238356308e-14
"EHF",2.18944017263096e-09,-0.31281020816879,4.25761781675652e-08,0.999835364534596,0.999999999999914,"SASH1","KO",FALSE,"Activated",3.71748238356308e-14
"RAB11FIP1",2.16858830890134e-09,-0.31496519170964,4.17690631054174e-08,0.99983693249534,0.999999999999914,"SASH1","KO",FALSE,"Activated",3.71748238356308e-14
"SLC3A2",2.11060058022021e-09,-0.321060074399948,3.95651317420551e-08,0.999841292896091,0.999999999999914,"SASH1","KO",FALSE,"Activated",3.71748238356308e-14
"ARL6IP1",2.08343906266437e-09,-0.323968195572402,3.85533494553327e-08,0.999843335312725,0.999999999999914,"SASH1","KO",FALSE,"Activated",3.71748238356308e-14
"NFKBIA",2.04256465861706e-09,-0.328411084364026,3.7055453808065e-08,0.999846408873053,0.999999999999914,"SASH1","KO",FALSE,"Activated",3.71748238356308e-14
"INCENP",2.0351547861946e-09,-0.329225274230683,3.67870871347944e-08,0.999846966060135,0.999999999999914,"SASH1","KO",FALSE,"Activated",3.71748238356308e-14
"HSPA1A",1.99751835266634e-09,-0.333403402980188,3.54390495695092e-08,0.999849796140518,0.999999999999914,"SASH1","KO",FALSE,"Activated",3.71748238356308e-14
"INSIG1",1.9973500955274e-09,-0.333422244105729,3.54330795398033e-08,0.999849808792653,0.999999999999914,"SASH1","KO",FALSE,"Activated",3.71748238356308e-14
"KDM6B",1.9851989245541e-09,-0.334786793594283,3.50032663174783e-08,0.999850722502784,0.999999999999914,"SASH1","KO",FALSE,"Activated",3.71748238356308e-14
"TENT5C",1.97566954917064e-09,-0.335862319192459,3.46680266770516e-08,0.999851439066385,0.999999999999914,"SASH1","KO",FALSE,"Activated",3.71748238356308e-14
"FABP5",1.96891696109682e-09,-0.336627343908721,3.44314498230002e-08,0.999851946828818,0.999999999999914,"SASH1","KO",FALSE,"Activated",3.71748238356308e-14
"ORC6",1.96509793179711e-09,-0.337061086860881,3.42980087579003e-08,0.999852234001616,0.999999999999914,"SASH1","KO",FALSE,"Activated",3.71748238356308e-14
"SPINT2",1.92462754122256e-09,-0.341705851741326,3.28998488117399e-08,0.999855277182063,0.999999999999914,"SASH1","KO",FALSE,"Activated",3.71748238356308e-14
"TYMS",1.89675511107642e-09,-0.344957409394258,3.19538384937576e-08,0.999857373055941,0.999999999999914,"SASH1","KO",FALSE,"Activated",3.71748238356308e-14
"CTSS",1.8815760819205e-09,-0.346746746572403,3.14444553978079e-08,0.999858514446576,0.999999999999914,"SASH1","KO",FALSE,"Activated",3.71748238356308e-14
"TCOF1",1.88132114213558e-09,-0.346776912911354,3.14359349880425e-08,0.999858533616832,0.999999999999914,"SASH1","KO",FALSE,"Activated",3.71748238356308e-14
"BNIP3",1.87805540982935e-09,-0.347163671937021,3.13268922066693e-08,0.999858779184334,0.999999999999914,"SASH1","KO",FALSE,"Activated",3.71748238356308e-14
"HELLPAR",1.83653767970008e-09,-0.352135402910607,2.99571294370884e-08,0.999861901119727,0.999999999999914,"SASH1","KO",FALSE,"Activated",3.71748238356308e-14
"NR4A2",1.76174045117115e-09,-0.361359772171228,2.75666734863542e-08,0.999867525514764,0.999999999999914,"SASH1","KO",FALSE,"Activated",3.71748238356308e-14
"SLC43A3",1.75289390661504e-09,-0.362474547304242,2.72905175844833e-08,0.999868190732745,0.999999999999914,"SASH1","KO",FALSE,"Activated",3.71748238356308e-14
"TROAP",1.74169157202017e-09,-0.363893647786069,2.69428175627275e-08,0.999869033094907,0.999999999999914,"SASH1","KO",FALSE,"Activated",3.71748238356308e-14
"HIST1H1D",1.70769696115403e-09,-0.368252156863236,2.59013333304161e-08,0.999871589327599,0.999999999999914,"SASH1","KO",FALSE,"Activated",3.71748238356308e-14
"MCM5",1.69420936923879e-09,-0.370003622452188,2.54938054943116e-08,0.999872603530219,0.999999999999914,"SASH1","KO",FALSE,"Activated",3.71748238356308e-14
"ZNF275",1.69278078047343e-09,-0.370189887702887,2.54508299215193e-08,0.999872710953285,0.999999999999914,"SASH1","KO",FALSE,"Activated",3.71748238356308e-14
"GBP1",1.68895584374356e-09,-0.370689312985312,2.53359445993711e-08,0.999872998570294,0.999999999999914,"SASH1","KO",FALSE,"Activated",3.71748238356308e-14
"GJB6",1.67659793235698e-09,-0.372310053545698,2.49665401511081e-08,0.999873927826323,0.999999999999914,"SASH1","KO",FALSE,"Activated",3.71748238356308e-14
"TACSTD2",1.63571052107316e-09,-0.377752082707522,2.37636640466556e-08,0.999877002364754,0.999999999999914,"SASH1","KO",FALSE,"Activated",3.71748238356308e-14
"FCER1G",1.61609344715675e-09,-0.380407739164457,2.31970868451553e-08,0.999878477475204,0.999999999999914,"SASH1","KO",FALSE,"Activated",3.71748238356308e-14
"PIF1",1.61591571303815e-09,-0.380431935440489,2.31919848047036e-08,0.999878490839963,0.999999999999914,"SASH1","KO",FALSE,"Activated",3.71748238356308e-14
"IL1RN",1.61325430824129e-09,-0.380794546143133,2.31156535577628e-08,0.999878690964917,0.999999999999914,"SASH1","KO",FALSE,"Activated",3.71748238356308e-14
"HIST1H3G",1.60288616135907e-09,-0.382212463358439,2.28194865621501e-08,0.999879470600142,0.999999999999914,"SASH1","KO",FALSE,"Activated",3.71748238356308e-14
"ADRB2",1.59290331078225e-09,-0.383585701386239,2.25361300212814e-08,0.99988022126292,0.999999999999914,"SASH1","KO",FALSE,"Activated",3.71748238356308e-14
"TYROBP",1.57124333099426e-09,-0.386592734401914,2.19274134015928e-08,0.999881849990155,0.999999999999914,"SASH1","KO",FALSE,"Activated",3.71748238356308e-14
"AIF1",1.57086053440736e-09,-0.386646220536601,2.19167305030561e-08,0.999881878774634,0.999999999999914,"SASH1","KO",FALSE,"Activated",3.71748238356308e-14
"LMO7",1.5663286110757e-09,-0.387280357005277,2.17904536449732e-08,0.999882219553667,0.999999999999914,"SASH1","KO",FALSE,"Activated",3.71748238356308e-14
"HSPA1B",1.56211555852192e-09,-0.387871393990291,2.1673388988433e-08,0.999882536355137,0.999999999999914,"SASH1","KO",FALSE,"Activated",3.71748238356308e-14
"MCM4",1.55039969259434e-09,-0.389522738121643,2.13495073027048e-08,0.99988341733241,0.999999999999914,"SASH1","KO",FALSE,"Activated",3.71748238356308e-14
"WARS",1.54361415358107e-09,-0.390484424397842,2.11630380997513e-08,0.9998839275726,0.999999999999914,"SASH1","KO",FALSE,"Activated",3.71748238356308e-14
"FAM111B",1.54102259251849e-09,-0.390852744385219,2.10920368515277e-08,0.999884122445639,0.999999999999914,"SASH1","KO",FALSE,"Activated",3.71748238356308e-14
"SVEP1",1.51375289221918e-09,-0.394763396723295,2.03521587536692e-08,0.999886172997118,0.999999999999914,"SASH1","KO",FALSE,"Activated",3.71748238356308e-14
"NPM3",1.5136183852598e-09,-0.394782846356767,2.03485420664517e-08,0.9998861831114,0.999999999999914,"SASH1","KO",FALSE,"Activated",3.71748238356308e-14
"HEPHL1",1.49419099145413e-09,-0.39760891117312,1.98295444511453e-08,0.999887643958813,0.999999999999914,"SASH1","KO",FALSE,"Activated",3.71748238356308e-14
"FGFBP1",1.49293118093998e-09,-0.397793340836486,1.97961204279655e-08,0.999887738690559,0.999999999999914,"SASH1","KO",FALSE,"Activated",3.71748238356308e-14
"CDC6",1.48384458015152e-09,-0.399127837145651,1.95558789015197e-08,0.999888421959627,0.999999999999914,"SASH1","KO",FALSE,"Activated",3.71748238356308e-14
"DUSP6",1.47947052470344e-09,-0.399772917629981,1.94407557609654e-08,0.999888750867747,0.999999999999914,"SASH1","KO",FALSE,"Activated",3.71748238356308e-14
"ABCA8",1.47139248673625e-09,-0.400968892870946,1.92290388989447e-08,0.999889358297698,0.999999999999914,"SASH1","KO",FALSE,"Activated",3.71748238356308e-14
"TRIM72",1.45303684319528e-09,-0.403709159367199,1.87522663348262e-08,0.9998907385546,0.999999999999914,"SASH1","KO",FALSE,"Activated",3.71748238356308e-14
"ATAD5",1.45148143660229e-09,-0.40394282641034,1.87121410101682e-08,0.999890855513762,0.999999999999914,"SASH1","KO",FALSE,"Activated",3.71748238356308e-14
"ASPN",1.43079747512937e-09,-0.407072300011814,1.8182635804431e-08,0.999892410849075,0.999999999999914,"SASH1","KO",FALSE,"Activated",3.71748238356308e-14
"MCM10",1.42985176305101e-09,-0.407216380737623,1.81586074485796e-08,0.999892481962116,0.999999999999914,"SASH1","KO",FALSE,"Activated",3.71748238356308e-14
"TUBA1B",1.42522147563167e-09,-0.407923082902292,1.80411918725065e-08,0.99989283013766,0.999999999999914,"SASH1","KO",FALSE,"Activated",3.71748238356308e-14
"CCL5",1.41327000883105e-09,-0.409757017163766,1.77398848076512e-08,0.999893728830997,0.999999999999914,"SASH1","KO",FALSE,"Activated",3.71748238356308e-14
"HIST1H4C",1.40902648859003e-09,-0.410411619855798,1.76335122933686e-08,0.999894047923492,0.999999999999914,"SASH1","KO",FALSE,"Activated",3.71748238356308e-14
"PAG1",1.37762341811975e-09,-0.415313117950343,1.68562724881502e-08,0.999896409284711,0.999999999999914,"SASH1","KO",FALSE,"Activated",3.71748238356308e-14
"BRCA1",1.37739781513611e-09,-0.415348702024256,1.68507520913039e-08,0.99989642624898,0.999999999999914,"SASH1","KO",FALSE,"Activated",3.71748238356308e-14
"ACKR4",1.36893837801391e-09,-0.416686891767424,1.66444062707434e-08,0.99989706235833,0.999999999999914,"SASH1","KO",FALSE,"Activated",3.71748238356308e-14
"TNFAIP8L1",1.36645532592394e-09,-0.417081130627531,1.65840800410842e-08,0.999897249072012,0.999999999999914,"SASH1","KO",FALSE,"Activated",3.71748238356308e-14
"ITGBL1",1.36147652570038e-09,-0.417873617947623,1.64634490969632e-08,0.999897623454058,0.999999999999914,"SASH1","KO",FALSE,"Activated",3.71748238356308e-14
"MAB21L2",1.35627738474222e-09,-0.418704034299739,1.63379495288755e-08,0.999898014404677,0.999999999999914,"SASH1","KO",FALSE,"Activated",3.71748238356308e-14
"TDO2",1.35597857968569e-09,-0.418751849124149,1.63307514081673e-08,0.999898036873393,0.999999999999914,"SASH1","KO",FALSE,"Activated",3.71748238356308e-14
"CDC45",1.35317611313459e-09,-0.4192007735858,1.62633180556648e-08,0.99989824760552,0.999999999999914,"SASH1","KO",FALSE,"Activated",3.71748238356308e-14
"DTL",1.33234265641366e-09,-0.422565193740282,1.57663939822125e-08,0.999899814182165,0.999999999999914,"SASH1","KO",FALSE,"Activated",3.71748238356308e-14
"LAMA3",1.33067618478588e-09,-0.422836405056342,1.57269779709858e-08,0.999899939492888,0.999999999999914,"SASH1","KO",FALSE,"Activated",3.71748238356308e-14
"EPPK1",1.32774674921127e-09,-0.423313918421618,1.56578094425817e-08,0.999900159772481,0.999999999999914,"SASH1","KO",FALSE,"Activated",3.71748238356308e-14
"OVOL1",1.32684149805999e-09,-0.423461675564691,1.563646588732e-08,0.999900227843053,0.999999999999914,"SASH1","KO",FALSE,"Activated",3.71748238356308e-14
"STC2",1.32652093408929e-09,-0.423514021025217,1.562891128175e-08,0.999900251947935,0.999999999999914,"SASH1","KO",FALSE,"Activated",3.71748238356308e-14
"HMGCS1",1.31434140137991e-09,-0.42551152824613,1.53432332148275e-08,0.999901167790743,0.999999999999914,"SASH1","KO",FALSE,"Activated",3.71748238356308e-14
"CHAF1A",1.31197291903559e-09,-0.425901952695692,1.52879851127812e-08,0.999901345889326,0.999999999999914,"SASH1","KO",FALSE,"Activated",3.71748238356308e-14
"CHRDL2",1.31126629741102e-09,-0.426018559196467,1.52715214929164e-08,0.999901399023904,0.999999999999914,"SASH1","KO",FALSE,"Activated",3.71748238356308e-14
"RSPO3",1.29642708286792e-09,-0.428480801110032,1.49278306603543e-08,0.999902514862109,0.999999999999914,"SASH1","KO",FALSE,"Activated",3.71748238356308e-14
"LYAR",1.27525324565074e-09,-0.432039505409872,1.44441963954208e-08,0.999904107033746,0.999999999999914,"SASH1","KO",FALSE,"Activated",3.71748238356308e-14
"C1QB",1.27094957243638e-09,-0.432769483242351,1.43468695176755e-08,0.999904430649459,0.999999999999914,"SASH1","KO",FALSE,"Activated",3.71748238356308e-14
"HIST1H1A",1.26929770512718e-09,-0.433050274010913,1.43096001810298e-08,0.999904554862007,0.999999999999914,"SASH1","KO",FALSE,"Activated",3.71748238356308e-14
"DAPP1",1.2646228427236e-09,-0.43384675483587,1.42043888934031e-08,0.999904906389378,0.999999999999914,"SASH1","KO",FALSE,"Activated",3.71748238356308e-14
"MCM7",1.26012301311559e-09,-0.434615982436524,1.41034835309488e-08,0.999905244755117,0.999999999999914,"SASH1","KO",FALSE,"Activated",3.71748238356308e-14
"HMGA2",1.25965366812815e-09,-0.434696360841077,1.40929795301452e-08,0.999905280047623,0.999999999999914,"SASH1","KO",FALSE,"Activated",3.71748238356308e-14
"HIST1H2AH",1.24712216670472e-09,-0.436852737649905,1.38139699490739e-08,0.999906222356801,0.999999999999914,"SASH1","KO",FALSE,"Activated",3.71748238356308e-14
"CADM3",1.23966857667198e-09,-0.438144818920966,1.36493413609597e-08,0.999906782831245,0.999999999999914,"SASH1","KO",FALSE,"Activated",3.71748238356308e-14
"TUBA1C",1.23125440674784e-09,-0.439612051347208,1.34646821408038e-08,0.999907415536719,0.999999999999914,"SASH1","KO",FALSE,"Activated",3.71748238356308e-14
"VSTM4",1.22692474384966e-09,-0.440370648088599,1.33701524745306e-08,0.999907741106733,0.999999999999914,"SASH1","KO",FALSE,"Activated",3.71748238356308e-14
"IMPA2",1.22207910068864e-09,-0.441222581561281,1.3264752281638e-08,0.999908105476003,0.999999999999914,"SASH1","KO",FALSE,"Activated",3.71748238356308e-14
"GALNT3",1.22153146359432e-09,-0.441319059791931,1.32528665652996e-08,0.999908146655702,0.999999999999914,"SASH1","KO",FALSE,"Activated",3.71748238356308e-14
"MANCR",1.2180124912907e-09,-0.441939956633751,1.31766191711072e-08,0.999908411265647,0.999999999999914,"SASH1","KO",FALSE,"Activated",3.71748238356308e-14
"NECTIN1",1.21233006443445e-09,-0.442946079242657,1.30539594831474e-08,0.999908838557062,0.999999999999914,"SASH1","KO",FALSE,"Activated",3.71748238356308e-14
"C19orf48",1.2076322395897e-09,-0.443781157946692,1.29529863270508e-08,0.999909191811099,0.999999999999914,"SASH1","KO",FALSE,"Activated",3.71748238356308e-14
"FBXO5",1.20490988296116e-09,-0.444266451865337,1.28946525051046e-08,0.999909396519342,0.999999999999914,"SASH1","KO",FALSE,"Activated",3.71748238356308e-14
"HMGA1",1.20225711597392e-09,-0.444740313970678,1.28379364736312e-08,0.999909595994776,0.999999999999914,"SASH1","KO",FALSE,"Activated",3.71748238356308e-14
"C12orf75",1.19044483095415e-09,-0.44686210692146,1.258690797404e-08,0.999910484222309,0.999999999999914,"SASH1","KO",FALSE,"Activated",3.71748238356308e-14
"C1QA",1.17874956791168e-09,-0.448982089014593,1.23408082078285e-08,0.999911363650347,0.999999999999914,"SASH1","KO",FALSE,"Activated",3.71748238356308e-14
"IKZF2",1.17338931005153e-09,-0.449960222597361,1.22288259673348e-08,0.99991176671619,0.999999999999914,"SASH1","KO",FALSE,"Activated",3.71748238356308e-14
"MMP12",1.17025610388762e-09,-0.450533875788058,1.21636058783559e-08,0.99991200231836,0.999999999999914,"SASH1","KO",FALSE,"Activated",3.71748238356308e-14
"CCNE2",1.1660550647062e-09,-0.451305262755453,1.20764316871102e-08,0.999912318216483,0.999999999999914,"SASH1","KO",FALSE,"Activated",3.71748238356308e-14
"HEY1",1.16250018315727e-09,-0.451960007417831,1.20029105541921e-08,0.999912585526632,0.999999999999914,"SASH1","KO",FALSE,"Activated",3.71748238356308e-14
"CMYA5",1.16129218892209e-09,-0.452182918276924,1.19779782341358e-08,0.999912676362041,0.999999999999914,"SASH1","KO",FALSE,"Activated",3.71748238356308e-14
"NFKBID",1.15582042477089e-09,-0.453195306263312,1.18653687365267e-08,0.999913087812625,0.999999999999914,"SASH1","KO",FALSE,"Activated",3.71748238356308e-14
"DCBLD2",1.1502866495137e-09,-0.454223671499728,1.17520239640541e-08,0.99991350392615,0.999999999999914,"SASH1","KO",FALSE,"Activated",3.71748238356308e-14
"TSTD1",1.14670481841687e-09,-0.454891732825085,1.16789496084287e-08,0.999913773262776,0.999999999999914,"SASH1","KO",FALSE,"Activated",3.71748238356308e-14
"CTNNAL1",1.14099210118417e-09,-0.455961225591136,1.15628737978481e-08,0.999914202831884,0.999999999999914,"SASH1","KO",FALSE,"Activated",3.71748238356308e-14
"DDIT4",1.13898183916098e-09,-0.456338746517617,1.15221654889645e-08,0.999914353994007,0.999999999999914,"SASH1","KO",FALSE,"Activated",3.71748238356308e-14
"FOSL1",1.13206611527046e-09,-0.457642206383437,1.13826686198865e-08,0.999914874023482,0.999999999999914,"SASH1","KO",FALSE,"Activated",3.71748238356308e-14
"ITGB4",1.12685985235341e-09,-0.458628323359749,1.12782137712836e-08,0.999915265509639,0.999999999999914,"SASH1","KO",FALSE,"Activated",3.71748238356308e-14
"HBEGF",1.11895247269767e-09,-0.460134122179822,1.11204865829126e-08,0.999915860106901,0.999999999999914,"SASH1","KO",FALSE,"Activated",3.71748238356308e-14
"NQO1",1.11048182197389e-09,-0.461758107083107,1.0952756113744e-08,0.999916497059462,0.999999999999914,"SASH1","KO",FALSE,"Activated",3.71748238356308e-14
"BATF",1.10331453212966e-09,-0.463141157455046,1.08118294582471e-08,0.999917036005498,0.999999999999914,"SASH1","KO",FALSE,"Activated",3.71748238356308e-14
"TSPYL2",1.09949868453957e-09,-0.463880872474572,1.07371726870415e-08,0.999917322939049,0.999999999999914,"SASH1","KO",FALSE,"Activated",3.71748238356308e-14
"DHCR7",1.08395548640212e-09,-0.466918637569743,1.04357437279419e-08,0.999918491713468,0.999999999999914,"SASH1","KO",FALSE,"Activated",3.71748238356308e-14
"ADAM8",1.08180180870863e-09,-0.467342716295032,1.03943160104855e-08,0.999918653659765,0.999999999999914,"SASH1","KO",FALSE,"Activated",3.71748238356308e-14
"STARD4-AS1",1.07282627633946e-09,-0.46911850326217,1.02225516551541e-08,0.99991932857702,0.999999999999914,"SASH1","KO",FALSE,"Activated",3.71748238356308e-14
"HIST1H2BH",1.0707050373293e-09,-0.469540185732556,1.01821666681608e-08,0.999919488084084,0.999999999999914,"SASH1","KO",FALSE,"Activated",3.71748238356308e-14
"DHCR24",1.06508720377175e-09,-0.470660690612968,1.00755982836613e-08,0.999919910518392,0.999999999999914,"SASH1","KO",FALSE,"Activated",3.71748238356308e-14
"ITGB2",1.0650735490214e-09,-0.47066342075261,1.00753399406884e-08,0.999919911545164,0.999999999999914,"SASH1","KO",FALSE,"Activated",3.71748238356308e-14
"PLK3",1.05414260841138e-09,-0.472859381108759,9.86959304042919e-09,0.999920733499799,0.999999999999914,"SASH1","KO",FALSE,"Activated",3.71748238356308e-14
"SQLE",1.05247028328422e-09,-0.473197191185919,9.83830301165237e-09,0.999920859250678,0.999999999999914,"SASH1","KO",FALSE,"Activated",3.71748238356308e-14
"ANGPTL4",1.03961944546324e-09,-0.475809701037914,9.59951514264208e-09,0.999921825572433,0.999999999999914,"SASH1","KO",FALSE,"Activated",3.71748238356308e-14
"LUCAT1",1.0380605898619e-09,-0.476128630685727,9.57074877250527e-09,0.999921942790945,0.999999999999914,"SASH1","KO",FALSE,"Activated",3.71748238356308e-14
"CDK6",1.02220251767961e-09,-0.479398402538262,9.28056469028555e-09,0.999923135242391,0.999999999999914,"SASH1","KO",FALSE,"Activated",3.71748238356308e-14
"CDCA7",1.01721533302784e-09,-0.480436378551602,9.19022841613766e-09,0.999923510254907,0.999999999999914,"SASH1","KO",FALSE,"Activated",3.71748238356308e-14
"RBP1",9.96757108303754e-10,-0.484744016940123,8.82427822521065e-09,0.9999250486159,0.999999999999914,"SASH1","KO",FALSE,"Activated",3.71748238356308e-14
"SEMA7A",9.93933959269441e-10,-0.485344841269914,8.77436240834218e-09,0.999925260903252,0.999999999999914,"SASH1","KO",FALSE,"Activated",3.71748238356308e-14
"CD274",9.82177980396375e-10,-0.487863793075914,8.56802838394329e-09,0.999926144896833,0.999999999999914,"SASH1","KO",FALSE,"Activated",3.71748238356308e-14
"PLIN2",9.73536397244296e-10,-0.489733211956698,8.41792196938367e-09,0.999926794702699,0.999999999999914,"SASH1","KO",FALSE,"Activated",3.71748238356308e-14
"RPA3",9.57855812400583e-10,-0.493164776094522,8.14893376132147e-09,0.999927973807944,0.999999999999914,"SASH1","KO",FALSE,"Activated",3.71748238356308e-14
"MMP10",9.48267978734466e-10,-0.495288597343299,7.98661373559077e-09,0.999928694767339,0.999999999999914,"SASH1","KO",FALSE,"Activated",3.71748238356308e-14
"TUBA4A",9.143910553998e-10,-0.502954727511662,7.42616249581674e-09,0.999931242150514,0.999999999999914,"SASH1","KO",FALSE,"Activated",3.71748238356308e-14
"NRG1",8.73776152548061e-10,-0.51249855717715,6.78111149275052e-09,0.999934296197636,0.999999999999914,"SASH1","KO",FALSE,"Activated",3.71748238356308e-14
"AC015912.3",8.64769596932355e-10,-0.514670262983357,6.6420376776551e-09,0.999934973447692,0.999999999999914,"SASH1","KO",FALSE,"Activated",3.71748238356308e-14
"CHI3L1",8.63315378913852e-10,-0.515022865016216,6.61971762958201e-09,0.999935082797956,0.999999999999914,"SASH1","KO",FALSE,"Activated",3.71748238356308e-14
"HES1",8.55930896387461e-10,-0.516821863324726,6.50695669438929e-09,0.999935638075848,0.999999999999914,"SASH1","KO",FALSE,"Activated",3.71748238356308e-14
"F11R",8.44004112564832e-10,-0.519757894909998,6.32688055335635e-09,0.999936534913147,0.999999999999914,"SASH1","KO",FALSE,"Activated",3.71748238356308e-14
"RTKN2",8.36625498334604e-10,-0.521593508884753,6.21673998177703e-09,0.999937089749771,0.999999999999914,"SASH1","KO",FALSE,"Activated",3.71748238356308e-14
"SLCO1B3",8.26065977516571e-10,-0.524246586358114,6.06080039078525e-09,0.99993788377541,0.999999999999914,"SASH1","KO",FALSE,"Activated",3.71748238356308e-14
"STX11",8.13796205837049e-10,-0.527368922985398,5.88209224784545e-09,0.999938806403762,0.999999999999914,"SASH1","KO",FALSE,"Activated",3.71748238356308e-14
"MIR205HG",7.9958267415463e-10,-0.531040620647011,5.67841670655961e-09,0.999939875193603,0.999999999999914,"SASH1","KO",FALSE,"Activated",3.71748238356308e-14
"GNLY",7.88714586260104e-10,-0.533888931574048,5.5251014272133e-09,0.999940692422015,0.999999999999914,"SASH1","KO",FALSE,"Activated",3.71748238356308e-14
"AREG",7.78050795190738e-10,-0.53671909037661,5.37670750825373e-09,0.99994149428828,0.999999999999914,"SASH1","KO",FALSE,"Activated",3.71748238356308e-14
"TCEAL7",7.76230451367652e-10,-0.537205777577277,5.3515780259797e-09,0.99994163116946,0.999999999999914,"SASH1","KO",FALSE,"Activated",3.71748238356308e-14
"PCSK1",7.74636716688763e-10,-0.537632743213479,5.32962516462484e-09,0.999941751010712,0.999999999999914,"SASH1","KO",FALSE,"Activated",3.71748238356308e-14
"CD302",7.71779204634943e-10,-0.538400309867565,5.29037740299456e-09,0.999941965882,0.999999999999914,"SASH1","KO",FALSE,"Activated",3.71748238356308e-14
"LYZ",7.69230962031672e-10,-0.539087015769159,5.25549978746305e-09,0.999942157497698,0.999999999999914,"SASH1","KO",FALSE,"Activated",3.71748238356308e-14
"LCP2",7.63910404237973e-10,-0.540527598079384,5.18304953945891e-09,0.999942557578287,0.999999999999914,"SASH1","KO",FALSE,"Activated",3.71748238356308e-14
"CITED2",7.62725051672281e-10,-0.54084980112949,5.16697704079121e-09,0.99994264671115,0.999999999999914,"SASH1","KO",FALSE,"Activated",3.71748238356308e-14
"GINS2",7.59884024445129e-10,-0.541623933536627,5.12855642512746e-09,0.999942860342858,0.999999999999914,"SASH1","KO",FALSE,"Activated",3.71748238356308e-14
"MET",7.59337916679639e-10,-0.541773044456271,5.1211875688536e-09,0.999942901407559,0.999999999999914,"SASH1","KO",FALSE,"Activated",3.71748238356308e-14
"EGR3",7.56711503863411e-10,-0.542491552169705,5.08582230867374e-09,0.999943098901285,0.999999999999914,"SASH1","KO",FALSE,"Activated",3.71748238356308e-14
"HIST1H2BG",7.49764252209046e-10,-0.544403254289952,4.99286668104508e-09,0.999943621301499,0.999999999999914,"SASH1","KO",FALSE,"Activated",3.71748238356308e-14
"MMP16",7.34803759869264e-10,-0.548576065017531,4.795603290045e-09,0.999944746259222,0.999999999999914,"SASH1","KO",FALSE,"Activated",3.71748238356308e-14
"S100A9",7.24050045895661e-10,-0.551624178059442,4.65626490797282e-09,0.999945554887261,0.999999999999914,"SASH1","KO",FALSE,"Activated",3.71748238356308e-14
"ID1",7.18486067223816e-10,-0.553217694852881,4.5849775268089e-09,0.999945973271939,0.999999999999914,"SASH1","KO",FALSE,"Activated",3.71748238356308e-14
"TTN",7.14096671970456e-10,-0.554482860452356,4.52912730354162e-09,0.999946303333543,0.999999999999914,"SASH1","KO",FALSE,"Activated",3.71748238356308e-14
"CXCL9",7.06688901521314e-10,-0.556634369946735,4.43564776400322e-09,0.999946860362575,0.999999999999914,"SASH1","KO",FALSE,"Activated",3.71748238356308e-14
"SCD",7.06138305954445e-10,-0.556795113665935,4.428738651415e-09,0.999946901764738,0.999999999999914,"SASH1","KO",FALSE,"Activated",3.71748238356308e-14
"PCSK5",7.03950888586903e-10,-0.557434863135413,4.40134318174752e-09,0.999947066248099,0.999999999999914,"SASH1","KO",FALSE,"Activated",3.71748238356308e-14
"HLA-DQA1",7.01674254521198e-10,-0.558102654940248,4.37292061750623e-09,0.99994723744013,0.999999999999914,"SASH1","KO",FALSE,"Activated",3.71748238356308e-14
"MIR99AHG",6.89530186823083e-10,-0.561698908917198,4.22286382993592e-09,0.999948150616143,0.999999999999914,"SASH1","KO",FALSE,"Activated",3.71748238356308e-14
"METTL7A",6.70697425493359e-10,-0.567393083869049,3.99534041420482e-09,0.999949566750039,0.999999999999914,"SASH1","KO",FALSE,"Activated",3.71748238356308e-14
"DSC3",6.61282432768834e-10,-0.570295241147972,3.88395760780938e-09,0.99995027471262,0.999999999999914,"SASH1","KO",FALSE,"Activated",3.71748238356308e-14
"ALPK2",6.46154182808676e-10,-0.575039264173973,3.70828265526608e-09,0.999951412284917,0.999999999999914,"SASH1","KO",FALSE,"Activated",3.71748238356308e-14
"APOD",6.46015971376605e-10,-0.575083075617141,3.7066964324866e-09,0.999951422677758,0.999999999999914,"SASH1","KO",FALSE,"Activated",3.71748238356308e-14
"KLF4",6.3658961159128e-10,-0.578091708410083,3.59931290958025e-09,0.999952131495089,0.999999999999914,"SASH1","KO",FALSE,"Activated",3.71748238356308e-14
"SLC7A5",6.33460715631691e-10,-0.579099449058759,3.5640179602346e-09,0.999952366773153,0.999999999999914,"SASH1","KO",FALSE,"Activated",3.71748238356308e-14
"TJP2",6.32795159214025e-10,-0.579314400214804,3.55653270077853e-09,0.999952416819824,0.999999999999914,"SASH1","KO",FALSE,"Activated",3.71748238356308e-14
"RTTN",6.19855041290644e-10,-0.583535563384601,3.41256384397852e-09,0.99995338985502,0.999999999999914,"SASH1","KO",FALSE,"Activated",3.71748238356308e-14
"OLR1",6.167790706946e-10,-0.584550912596976,3.37877884489079e-09,0.999953621153349,0.999999999999914,"SASH1","KO",FALSE,"Activated",3.71748238356308e-14
"PLEK2",6.16354542479484e-10,-0.584691411846133,3.37412922762229e-09,0.999953653075847,0.999999999999914,"SASH1","KO",FALSE,"Activated",3.71748238356308e-14
"NEFM",6.15966125655525e-10,-0.584820038068705,3.36987792251071e-09,0.999953682282941,0.999999999999914,"SASH1","KO",FALSE,"Activated",3.71748238356308e-14
"DENND2C",6.15491226349442e-10,-0.58497740505116,3.36468368958738e-09,0.999953717993106,0.999999999999914,"SASH1","KO",FALSE,"Activated",3.71748238356308e-14
"C6orf141",6.14643230263867e-10,-0.585258683408927,3.35541865722267e-09,0.99995378175837,0.999999999999914,"SASH1","KO",FALSE,"Activated",3.71748238356308e-14
"CCL3L1",6.08921268494359e-10,-0.58716605054007,3.29323556292827e-09,0.999954212022625,0.999999999999914,"SASH1","KO",FALSE,"Activated",3.71748238356308e-14
"TRAF1",6.06742900234601e-10,-0.58789653645792,3.26971512376663e-09,0.999954375825536,0.999999999999914,"SASH1","KO",FALSE,"Activated",3.71748238356308e-14
"NEDD9",6.05660999257158e-10,-0.588260236189914,3.25806487101505e-09,0.999954457179333,0.999999999999914,"SASH1","KO",FALSE,"Activated",3.71748238356308e-14
"MIR155HG",6.02328492270358e-10,-0.589384292038999,3.22231003959828e-09,0.999954707767976,0.999999999999914,"SASH1","KO",FALSE,"Activated",3.71748238356308e-14
"TNFRSF19",6.01979820951918e-10,-0.589502230121255,3.21858050690988e-09,0.999954733986398,0.999999999999914,"SASH1","KO",FALSE,"Activated",3.71748238356308e-14
"DKK1",6.00274049348528e-10,-0.590080116650274,3.20036599349725e-09,0.999954862252293,0.999999999999914,"SASH1","KO",FALSE,"Activated",3.71748238356308e-14
"HIST1H1E",5.98194791234992e-10,-0.590786585043994,3.17823322906165e-09,0.999955018602593,0.999999999999914,"SASH1","KO",FALSE,"Activated",3.71748238356308e-14
"RGS4",5.96947686466684e-10,-0.591211400045889,3.16499520604434e-09,0.999955112378928,0.999999999999914,"SASH1","KO",FALSE,"Activated",3.71748238356308e-14
"KRT16",5.87768521964953e-10,-0.594363615221232,3.06840835818253e-09,0.999955802608352,0.999999999999914,"SASH1","KO",FALSE,"Activated",3.71748238356308e-14
"LINP1",5.83621646911474e-10,-0.595802601780712,3.02526409716468e-09,0.999956114433592,0.999999999999914,"SASH1","KO",FALSE,"Activated",3.71748238356308e-14
"RBM38",5.83023678503578e-10,-0.596010876977061,3.01906800891402e-09,0.999956159397966,0.999999999999914,"SASH1","KO",FALSE,"Activated",3.71748238356308e-14
"AIFM1",5.80726887001009e-10,-0.59681269543589,2.99532793933225e-09,0.999956332105741,0.999999999999914,"SASH1","KO",FALSE,"Activated",3.71748238356308e-14
"LDLRAD4",5.78847916633444e-10,-0.597470828166864,2.97597623540586e-09,0.999956473395358,0.999999999999914,"SASH1","KO",FALSE,"Activated",3.71748238356308e-14
"SNCA",5.72425345577567e-10,-0.599735383057313,2.91030308564963e-09,0.999956956342092,0.999999999999914,"SASH1","KO",FALSE,"Activated",3.71748238356308e-14
"ARC",5.69979941360697e-10,-0.600603777825878,2.88549053727275e-09,0.999957140224835,0.999999999999914,"SASH1","KO",FALSE,"Activated",3.71748238356308e-14
"KCTD11",5.62990746223463e-10,-0.603104804541087,2.81515960897344e-09,0.999957665778999,0.999999999999914,"SASH1","KO",FALSE,"Activated",3.71748238356308e-14
"NR2F1",5.60954374232368e-10,-0.603838889250588,2.79483123082112e-09,0.999957818904468,0.999999999999914,"SASH1","KO",FALSE,"Activated",3.71748238356308e-14
"C1QBP",5.5843442982831e-10,-0.604750704093378,2.76977749879321e-09,0.999958008392277,0.999999999999914,"SASH1","KO",FALSE,"Activated",3.71748238356308e-14
"HK2",5.57320585240639e-10,-0.60515494627707,2.7587394081467e-09,0.999958092148082,0.999999999999914,"SASH1","KO",FALSE,"Activated",3.71748238356308e-14
"CLCA2",5.50954552980069e-10,-0.607479733135308,2.69607557808474e-09,0.999958570843368,0.999999999999914,"SASH1","KO",FALSE,"Activated",3.71748238356308e-14
"MCM6",5.49610818306017e-10,-0.607973610161385,2.68294058412042e-09,0.999958671885811,0.999999999999914,"SASH1","KO",FALSE,"Activated",3.71748238356308e-14
"CCL3",5.47545121038032e-10,-0.60873501304153,2.66281096565648e-09,0.999958827216401,0.999999999999914,"SASH1","KO",FALSE,"Activated",3.71748238356308e-14
"TMEM154",5.45329708104462e-10,-0.609554548903943,2.6413066503099e-09,0.999958993804895,0.999999999999914,"SASH1","KO",FALSE,"Activated",3.71748238356308e-14
"ACP5",5.3906831189859e-10,-0.611887501321138,2.58100066585098e-09,0.999959464632049,0.999999999999914,"SASH1","KO",FALSE,"Activated",3.71748238356308e-14
"MYO1G",5.32548268304366e-10,-0.614343527045729,2.51894371487269e-09,0.999959954908253,0.999999999999914,"SASH1","KO",FALSE,"Activated",3.71748238356308e-14
"PSAT1",5.22723231450256e-10,-0.618097377759955,2.42685659143187e-09,0.9999606937042,0.999999999999914,"SASH1","KO",FALSE,"Activated",3.71748238356308e-14
"LY6D",5.20005342647806e-10,-0.619147286925599,2.40168541759925e-09,0.999960898076484,0.999999999999914,"SASH1","KO",FALSE,"Activated",3.71748238356308e-14
"TGFBI",5.08403503048242e-10,-0.62368669187859,2.29571291998378e-09,0.999961770479529,0.999999999999914,"SASH1","KO",FALSE,"Activated",3.71748238356308e-14
"CCL4L2",5.05268456404941e-10,-0.624929717065144,2.26748740012761e-09,0.999962006220096,0.999999999999914,"SASH1","KO",FALSE,"Activated",3.71748238356308e-14
"DSG3",5.04268389698364e-10,-0.625327732982049,2.25852030754877e-09,0.999962081420346,0.999999999999914,"SASH1","KO",FALSE,"Activated",3.71748238356308e-14
"TNFSF13B",5.03744147242467e-10,-0.625536666718953,2.25382678798092e-09,0.99996212084088,0.999999999999914,"SASH1","KO",FALSE,"Activated",3.71748238356308e-14
"ADAM19",4.98484717939091e-10,-0.627643947513788,2.20700952308877e-09,0.999962516324898,0.999999999999914,"SASH1","KO",FALSE,"Activated",3.71748238356308e-14
"HLA-DMB",4.84223251578623e-10,-0.633462928030137,2.08253250680615e-09,0.9999635887192,0.999999999999914,"SASH1","KO",FALSE,"Activated",3.71748238356308e-14
"RNF144B",4.75364013706053e-10,-0.637157768376029,2.00702652687155e-09,0.999964254891666,0.999999999999914,"SASH1","KO",FALSE,"Activated",3.71748238356308e-14
"KC877982.1",4.74597516959599e-10,-0.637480421130765,2.00055931864743e-09,0.999964312528568,0.999999999999914,"SASH1","KO",FALSE,"Activated",3.71748238356308e-14
"KRT6C",4.66789520692058e-10,-0.64079481217333,1.93527508343199e-09,0.999964899652676,0.999999999999914,"SASH1","KO",FALSE,"Activated",3.71748238356308e-14
"CYP24A1",4.55110137714072e-10,-0.645849229143908,1.83964290178089e-09,0.999965777886613,0.999999999999914,"SASH1","KO",FALSE,"Activated",3.71748238356308e-14
"HLA-DRB5",4.51625340285786e-10,-0.647380495211308,1.81157831474064e-09,0.999966039926772,0.999999999999914,"SASH1","KO",FALSE,"Activated",3.71748238356308e-14
"HLA-DRA",4.42272938859367e-10,-0.65154455938854,1.73732570018988e-09,0.999966743182787,0.999999999999914,"SASH1","KO",FALSE,"Activated",3.71748238356308e-14
"S100A8",4.39787329993579e-10,-0.652664904501994,1.71785275867797e-09,0.999966930088728,0.999999999999914,"SASH1","KO",FALSE,"Activated",3.71748238356308e-14
"ARHGAP45",4.34258145563344e-10,-0.655178173285835,1.67492921045218e-09,0.999967345857046,0.999999999999914,"SASH1","KO",FALSE,"Activated",3.71748238356308e-14
"EZR",4.29549785582359e-10,-0.657341706301889,1.63880591553789e-09,0.999967699903277,0.999999999999914,"SASH1","KO",FALSE,"Activated",3.71748238356308e-14
"CFB",4.23072755031619e-10,-0.660353961966884,1.58975656456434e-09,0.999968186945106,0.999999999999914,"SASH1","KO",FALSE,"Activated",3.71748238356308e-14
"CD74",4.20067648020583e-10,-0.661766004389206,1.56725253174297e-09,0.999968412914831,0.999999999999914,"SASH1","KO",FALSE,"Activated",3.71748238356308e-14
"ITGB6",4.15906571076084e-10,-0.663736668819307,1.53635675339961e-09,0.999968725807986,0.999999999999914,"SASH1","KO",FALSE,"Activated",3.71748238356308e-14
"SNHG3",4.15510720002799e-10,-0.663925087560149,1.53343360146543e-09,0.9999687555741,0.999999999999914,"SASH1","KO",FALSE,"Activated",3.71748238356308e-14
"HPGD",4.05961862634151e-10,-0.668521075948069,1.46376373323186e-09,0.999969473602666,0.999999999999914,"SASH1","KO",FALSE,"Activated",3.71748238356308e-14
"ERRFI1",3.95286141035316e-10,-0.673778960258735,1.38778978264218e-09,0.999970276366051,0.999999999999914,"SASH1","KO",FALSE,"Activated",3.71748238356308e-14
"HCAR2",3.92309917124643e-10,-0.675268112660084,1.36697031381309e-09,0.999970500163905,0.999999999999914,"SASH1","KO",FALSE,"Activated",3.71748238356308e-14
"LINC00707",3.87206177087885e-10,-0.677846181652067,1.33163457784797e-09,0.999970883940833,0.999999999999914,"SASH1","KO",FALSE,"Activated",3.71748238356308e-14
"AATK",3.86742643349178e-10,-0.678081877367159,1.32844822326944e-09,0.99997091879636,0.999999999999914,"SASH1","KO",FALSE,"Activated",3.71748238356308e-14
"IVNS1ABP",3.8582457408941e-10,-0.67854946315141,1.32214863404674e-09,0.999970987830793,0.999999999999914,"SASH1","KO",FALSE,"Activated",3.71748238356308e-14
"C16orf74",3.74701680048182e-10,-0.684297510255747,1.24701532427892e-09,0.999971824219415,0.999999999999914,"SASH1","KO",FALSE,"Activated",3.71748238356308e-14
"FLNB",3.73886019862919e-10,-0.68472519081334,1.24159216374589e-09,0.999971885553174,0.999999999999914,"SASH1","KO",FALSE,"Activated",3.71748238356308e-14
"H2AFZ",3.73350884394936e-10,-0.685006249508552,1.23804057592026e-09,0.999971925792811,0.999999999999914,"SASH1","KO",FALSE,"Activated",3.71748238356308e-14
"CFD",3.68511484002796e-10,-0.687564955788355,1.20615344779638e-09,0.999972289692657,0.999999999999914,"SASH1","KO",FALSE,"Activated",3.71748238356308e-14
"NDC80",3.62183480392453e-10,-0.690957868358205,1.16508546774035e-09,0.99997276552837,0.999999999999914,"SASH1","KO",FALSE,"Activated",3.71748238356308e-14
"FGFR3",3.60928758245334e-10,-0.69163710476906,1.15702697562029e-09,0.999972859877496,0.999999999999914,"SASH1","KO",FALSE,"Activated",3.71748238356308e-14
"HLA-DPB1",3.57835225313216e-10,-0.693321116121363,1.1372781370246e-09,0.999973092496429,0.999999999999914,"SASH1","KO",FALSE,"Activated",3.71748238356308e-14
"SDR16C5",3.55420848939143e-10,-0.694644769645582,1.12198308490179e-09,0.999973274046026,0.999999999999914,"SASH1","KO",FALSE,"Activated",3.71748238356308e-14
"AQP3",3.51669192757827e-10,-0.69671811125652,1.09842183847952e-09,0.999973556152691,0.999999999999914,"SASH1","KO",FALSE,"Activated",3.71748238356308e-14
"TLR2",3.48832633204696e-10,-0.698299309263302,1.0807735868476e-09,0.99997376944845,0.999999999999914,"SASH1","KO",FALSE,"Activated",3.71748238356308e-14
"ICAM4",3.45538131805587e-10,-0.700150727711857,1.06045555514593e-09,0.999974017179255,0.999999999999914,"SASH1","KO",FALSE,"Activated",3.71748238356308e-14
"CDC42EP3",3.434965422125e-10,-0.701306228734187,1.04796130978576e-09,0.999974170697062,0.999999999999914,"SASH1","KO",FALSE,"Activated",3.71748238356308e-14
"GPX2",3.4222982923775e-10,-0.702026351343129,1.04024642258732e-09,0.999974265947841,0.999999999999914,"SASH1","KO",FALSE,"Activated",3.71748238356308e-14
"ANK3",3.41341940994477e-10,-0.702532579540558,1.03485575025523e-09,0.999974332712805,0.999999999999914,"SASH1","KO",FALSE,"Activated",3.71748238356308e-14
"AC245041.2",3.39302438305686e-10,-0.703700011489411,1.02252626190817e-09,0.999974486073688,0.999999999999914,"SASH1","KO",FALSE,"Activated",3.71748238356308e-14
"ANKRD37",3.3862805682404e-10,-0.704087457794407,1.01846565156981e-09,0.999974536783961,0.999999999999914,"SASH1","KO",FALSE,"Activated",3.71748238356308e-14
"AC116366.1",3.3840631252909e-10,-0.704215009958395,1.01713224165254e-09,0.999974553458075,0.999999999999914,"SASH1","KO",FALSE,"Activated",3.71748238356308e-14
"NES",3.36074353443958e-10,-0.705561090015279,1.00316241744141e-09,0.999974728810285,0.999999999999914,"SASH1","KO",FALSE,"Activated",3.71748238356308e-14
"TGFA",3.32464974284616e-10,-0.707661611855613,9.81730551874829e-10,0.999975000218396,0.999999999999914,"SASH1","KO",FALSE,"Activated",3.71748238356308e-14
"NGFR",3.31830015801747e-10,-0.708033306603178,9.77984215090717e-10,0.999975047964248,0.999999999999914,"SASH1","KO",FALSE,"Activated",3.71748238356308e-14
"WEE1",3.29540122827065e-10,-0.70937924277816,9.64533038422668e-10,0.999975220153286,0.999999999999914,"SASH1","KO",FALSE,"Activated",3.71748238356308e-14
"KHDC1L",3.23005967570908e-10,-0.71326779542677,9.26662528647599e-10,0.999975711490621,0.999999999999914,"SASH1","KO",FALSE,"Activated",3.71748238356308e-14
"AMIGO2",3.1421496577573e-10,-0.718615455038658,8.76908424274442e-10,0.999976372532059,0.999999999999914,"SASH1","KO",FALSE,"Activated",3.71748238356308e-14
"RSAD2",3.0966081378435e-10,-0.721440267060797,8.51673258845967e-10,0.999976714982585,0.999999999999914,"SASH1","KO",FALSE,"Activated",3.71748238356308e-14
"APOBEC3G",3.07173741256845e-10,-0.722999138439275,8.38047595486147e-10,0.999976901998586,0.999999999999914,"SASH1","KO",FALSE,"Activated",3.71748238356308e-14
"UBD",3.06361550413935e-10,-0.723510732332726,8.33621730639548e-10,0.999976963071467,0.999999999999914,"SASH1","KO",FALSE,"Activated",3.71748238356308e-14
"DUSP5",3.0484602875416e-10,-0.724468702313643,8.25394543266265e-10,0.999977077031473,0.999999999999914,"SASH1","KO",FALSE,"Activated",3.71748238356308e-14
"ULBP2",2.93800717341417e-10,-0.73158615490552,7.66666017247312e-10,0.999977907586251,0.999999999999914,"SASH1","KO",FALSE,"Activated",3.71748238356308e-14
"BCAT1",2.92380904218031e-10,-0.732518893201687,7.59273984302321e-10,0.999978014349431,0.999999999999914,"SASH1","KO",FALSE,"Activated",3.71748238356308e-14
"CRADD",2.90264465892625e-10,-0.733917056495591,7.48321555797954e-10,0.999978173495507,0.999999999999914,"SASH1","KO",FALSE,"Activated",3.71748238356308e-14
"HLA-DMA",2.89395775540678e-10,-0.734493653635406,7.43849172455844e-10,0.999978238816881,0.999999999999914,"SASH1","KO",FALSE,"Activated",3.71748238356308e-14
"IL20",2.88761774383702e-10,-0.734915482890475,7.40593529564234e-10,0.999978286490747,0.999999999999914,"SASH1","KO",FALSE,"Activated",3.71748238356308e-14
"ANXA3",2.88421890084204e-10,-0.73514197477376,7.38851138463351e-10,0.999978312048426,0.999999999999914,"SASH1","KO",FALSE,"Activated",3.71748238356308e-14
"CDKN2A",2.8820752397394e-10,-0.735284950497045,7.37753262114043e-10,0.999978328167736,0.999999999999914,"SASH1","KO",FALSE,"Activated",3.71748238356308e-14
"TNFSF9",2.85252096782738e-10,-0.737266189468473,7.22700242842607e-10,0.999978550401776,0.999999999999914,"SASH1","KO",FALSE,"Activated",3.71748238356308e-14
"KLK9",2.84988908348904e-10,-0.737443540436601,7.21367256336626e-10,0.999978570192292,0.999999999999914,"SASH1","KO",FALSE,"Activated",3.71748238356308e-14
"SERPINB3",2.82633542721937e-10,-0.739037473531317,7.09492672245136e-10,0.999978747304562,0.999999999999914,"SASH1","KO",FALSE,"Activated",3.71748238356308e-14
"KRT8",2.8178850954938e-10,-0.739612314159692,7.05256454830594e-10,0.999978810847029,0.999999999999914,"SASH1","KO",FALSE,"Activated",3.71748238356308e-14
"MCM3",2.81243469891174e-10,-0.739983925475296,7.02530857619143e-10,0.999978851831414,0.999999999999914,"SASH1","KO",FALSE,"Activated",3.71748238356308e-14
"KLK10",2.74296032393274e-10,-0.74477981602914,6.6825091363927e-10,0.999979374245603,0.999999999999914,"SASH1","KO",FALSE,"Activated",3.71748238356308e-14
"HIST2H2AC",2.71187308089532e-10,-0.746962168804679,6.53189552931508e-10,0.999979608006855,0.999999999999914,"SASH1","KO",FALSE,"Activated",3.71748238356308e-14
"SFRP1",2.70454182752651e-10,-0.747480189303808,6.49662673091646e-10,0.999979663134387,0.999999999999914,"SASH1","KO",FALSE,"Activated",3.71748238356308e-14
"FGF7",2.69637560692106e-10,-0.74805873425839,6.45745352135657e-10,0.999979724540474,0.999999999999914,"SASH1","KO",FALSE,"Activated",3.71748238356308e-14
"GPRC5A",2.68188218932161e-10,-0.74908952570133,6.38822055641165e-10,0.999979833524067,0.999999999999914,"SASH1","KO",FALSE,"Activated",3.71748238356308e-14
"GCLC",2.65241138285425e-10,-0.751201464747752,6.24859354463273e-10,0.999980055130486,0.999999999999914,"SASH1","KO",FALSE,"Activated",3.71748238356308e-14
"TMCC3",2.61063252332519e-10,-0.754232800610096,6.05329721407455e-10,0.999980369287599,0.999999999999914,"SASH1","KO",FALSE,"Activated",3.71748238356308e-14
"CUL2",2.56301683929457e-10,-0.757742657322043,5.83449710758136e-10,0.99998072733485,0.999999999999914,"SASH1","KO",FALSE,"Activated",3.71748238356308e-14
"PDZK1IP1",2.55990273044865e-10,-0.757974294173784,5.82032769535031e-10,0.999980750751465,0.999999999999914,"SASH1","KO",FALSE,"Activated",3.71748238356308e-14
"GALNT6",2.55432976566561e-10,-0.758389477391157,5.79501331647296e-10,0.999980792657504,0.999999999999914,"SASH1","KO",FALSE,"Activated",3.71748238356308e-14
"NT5C3A",2.52674806872464e-10,-0.760456675882786,5.67053969084284e-10,0.99998100005872,0.999999999999914,"SASH1","KO",FALSE,"Activated",3.71748238356308e-14
"PTPRZ1",2.51694800857567e-10,-0.761196184417322,5.62663831206659e-10,0.999981073750502,0.999999999999914,"SASH1","KO",FALSE,"Activated",3.71748238356308e-14
"GJB5",2.50421246925809e-10,-0.762161179480362,5.56984176253803e-10,0.999981169515688,0.999999999999914,"SASH1","KO",FALSE,"Activated",3.71748238356308e-14
"EREG",2.44471630927013e-10,-0.7667301247905,5.30832432638455e-10,0.999981616898456,0.999999999999914,"SASH1","KO",FALSE,"Activated",3.71748238356308e-14
"COL17A1",2.43856652572247e-10,-0.767208220718188,5.28165130464142e-10,0.999981663141898,0.999999999999914,"SASH1","KO",FALSE,"Activated",3.71748238356308e-14
"LYPD3",2.43450655691885e-10,-0.767524459975362,5.26407910491087e-10,0.999981693670928,0.999999999999914,"SASH1","KO",FALSE,"Activated",3.71748238356308e-14
"KLK8",2.43232915655456e-10,-0.76769426249133,5.25466702756754e-10,0.999981710043941,0.999999999999914,"SASH1","KO",FALSE,"Activated",3.71748238356308e-14
"TMEM265",2.37088410316184e-10,-0.772544715867666,4.99253547173452e-10,0.999982172081459,0.999999999999914,"SASH1","KO",FALSE,"Activated",3.71748238356308e-14
"SOX9",2.33828095615394e-10,-0.775165658493241,4.85617014889199e-10,0.999982417241587,0.999999999999914,"SASH1","KO",FALSE,"Activated",3.71748238356308e-14
"KCNMA1",2.32820068415495e-10,-0.775982824509143,4.81439073701102e-10,0.999982493040428,0.999999999999914,"SASH1","KO",FALSE,"Activated",3.71748238356308e-14
"C10orf99",2.32259104529553e-10,-0.77643898850536,4.79121880187409e-10,0.999982535222239,0.999999999999914,"SASH1","KO",FALSE,"Activated",3.71748238356308e-14
"FAM49A",2.31382256604096e-10,-0.77715406150341,4.75511050863741e-10,0.999982601157024,0.999999999999914,"SASH1","KO",FALSE,"Activated",3.71748238356308e-14
"TNS4",2.31372489162605e-10,-0.777162040951339,4.75470905794668e-10,0.999982601891489,0.999999999999914,"SASH1","KO",FALSE,"Activated",3.71748238356308e-14
"TENM2",2.31010839748136e-10,-0.777457706932646,4.73985686975931e-10,0.999982629085801,0.999999999999914,"SASH1","KO",FALSE,"Activated",3.71748238356308e-14
"CTSH",2.29811330519219e-10,-0.778441428283552,4.69076184668933e-10,0.999982719283179,0.999999999999914,"SASH1","KO",FALSE,"Activated",3.71748238356308e-14
"DAPL1",2.29677470601157e-10,-0.77855150066897,4.68529891216141e-10,0.999982729348806,0.999999999999914,"SASH1","KO",FALSE,"Activated",3.71748238356308e-14
"IGHG3",2.29129235195416e-10,-0.779002930106037,4.66295818287798e-10,0.999982770573496,0.999999999999914,"SASH1","KO",FALSE,"Activated",3.71748238356308e-14
"RGS12",2.27706170594889e-10,-0.780179377381217,4.6052171058205e-10,0.999982877581172,0.999999999999914,"SASH1","KO",FALSE,"Activated",3.71748238356308e-14
"PPP1R14B",2.26738731623937e-10,-0.780983035588478,4.56616851877781e-10,0.999982950327972,0.999999999999914,"SASH1","KO",FALSE,"Activated",3.71748238356308e-14
"ATP1B1",2.25650156707775e-10,-0.781891110835711,4.52242932620825e-10,0.999983032183618,0.999999999999914,"SASH1","KO",FALSE,"Activated",3.71748238356308e-14
"SNHG1",2.25648910394744e-10,-0.781892152806672,4.52237936969928e-10,0.999983032277335,0.999999999999914,"SASH1","KO",FALSE,"Activated",3.71748238356308e-14
"AKR1B10",2.25322917826738e-10,-0.782164878887871,4.50932194224415e-10,0.999983056790422,0.999999999999914,"SASH1","KO",FALSE,"Activated",3.71748238356308e-14
"CDKN1C",2.23066681005986e-10,-0.78406248469673,4.41946725807191e-10,0.999983226448678,0.999999999999914,"SASH1","KO",FALSE,"Activated",3.71748238356308e-14
"KRT18",2.22733160684009e-10,-0.784344491541624,4.4062615187221e-10,0.999983251527817,0.999999999999914,"SASH1","KO",FALSE,"Activated",3.71748238356308e-14
"RHOD",2.22333629830645e-10,-0.784682826301675,4.39046810462811e-10,0.999983281570633,0.999999999999914,"SASH1","KO",FALSE,"Activated",3.71748238356308e-14
"TRIM59",2.21406041470234e-10,-0.78547050248476,4.35390996750467e-10,0.999983351320857,0.999999999999914,"SASH1","KO",FALSE,"Activated",3.71748238356308e-14
"SGPP2",2.19047853987836e-10,-0.787486776952817,4.26165722308179e-10,0.999983528645317,0.999999999999914,"SASH1","KO",FALSE,"Activated",3.71748238356308e-14
"G0S2",2.18943714695186e-10,-0.787576277745775,4.2576060492038e-10,0.999983536476096,0.999999999999914,"SASH1","KO",FALSE,"Activated",3.71748238356308e-14
"ARL14",2.09031232813776e-10,-0.796280428336626,3.88081440468111e-10,0.999984281847492,0.999999999999914,"SASH1","KO",FALSE,"Activated",3.71748238356308e-14
"EPCAM",2.07753342021458e-10,-0.797430112127193,3.83350953089856e-10,0.99998437793879,0.999999999999914,"SASH1","KO",FALSE,"Activated",3.71748238356308e-14
"SOWAHC",2.07566847990841e-10,-0.797598440632302,3.82663016373536e-10,0.999984391962252,0.999999999999914,"SASH1","KO",FALSE,"Activated",3.71748238356308e-14
"HLA-DPA1",2.05686298125478e-10,-0.79930365076679,3.75760593983971e-10,0.99998453337064,0.999999999999914,"SASH1","KO",FALSE,"Activated",3.71748238356308e-14
"CALHM6",2.04966386692865e-10,-0.799960245373117,3.7313483870797e-10,0.999984587504548,0.999999999999914,"SASH1","KO",FALSE,"Activated",3.71748238356308e-14
"NFATC2",2.03938453982136e-10,-0.800901465325144,3.69401585491615e-10,0.999984664800189,0.999999999999914,"SASH1","KO",FALSE,"Activated",3.71748238356308e-14
"CCL20",2.0284042267358e-10,-0.801911714227725,3.65434481126292e-10,0.99998474736691,0.999999999999914,"SASH1","KO",FALSE,"Activated",3.71748238356308e-14
"MDK",2.02705487400765e-10,-0.8020362097313,3.64948447824421e-10,0.9999847575134,0.999999999999914,"SASH1","KO",FALSE,"Activated",3.71748238356308e-14
"SEMA3B",2.02413578658629e-10,-0.80230579550064,3.63898106883411e-10,0.999984779463546,0.999999999999914,"SASH1","KO",FALSE,"Activated",3.71748238356308e-14
"MMP9",2.00337653808202e-10,-0.80423337306825,3.56472208267153e-10,0.999984935563202,0.999999999999914,"SASH1","KO",FALSE,"Activated",3.71748238356308e-14
"AC007952.4",1.98609071704884e-10,-0.80585253164983,3.50347217662653e-10,0.999985065544338,0.999999999999914,"SASH1","KO",FALSE,"Activated",3.71748238356308e-14
"HEG1",1.98589035718031e-10,-0.805871375363059,3.50276534102077e-10,0.999985067050948,0.999999999999914,"SASH1","KO",FALSE,"Activated",3.71748238356308e-14
"PTHLH",1.98154703852825e-10,-0.806280293026904,3.48746037797629e-10,0.999985099710635,0.999999999999914,"SASH1","KO",FALSE,"Activated",3.71748238356308e-14
"HIST1H1C",1.98062585126021e-10,-0.806367127784038,3.48421861051556e-10,0.999985106637524,0.999999999999914,"SASH1","KO",FALSE,"Activated",3.71748238356308e-14
"SOX2",1.94994260078356e-10,-0.80928093852027,3.37710189707278e-10,0.999985337360944,0.999999999999914,"SASH1","KO",FALSE,"Activated",3.71748238356308e-14
"LGALS7B",1.94993315875154e-10,-0.80928184166301,3.37706919187723e-10,0.999985337431944,0.999999999999914,"SASH1","KO",FALSE,"Activated",3.71748238356308e-14
"ENC1",1.94909658780721e-10,-0.809361876778401,3.37417211623346e-10,0.999985343722559,0.999999999999914,"SASH1","KO",FALSE,"Activated",3.71748238356308e-14
"FAM43A",1.94356939103868e-10,-0.80989146338969,3.35506247318035e-10,0.999985385284444,0.999999999999914,"SASH1","KO",FALSE,"Activated",3.71748238356308e-14
"TSLP",1.92721692220835e-10,-0.811466440489838,3.29884348350751e-10,0.999985508247217,0.999999999999914,"SASH1","KO",FALSE,"Activated",3.71748238356308e-14
"HLA-DQB1",1.92072887479755e-10,-0.812094748468556,3.27666951275315e-10,0.999985557034241,0.999999999999914,"SASH1","KO",FALSE,"Activated",3.71748238356308e-14
"GLDC",1.91968264698965e-10,-0.812196249203558,3.27310085801406e-10,0.999985564901376,0.999999999999914,"SASH1","KO",FALSE,"Activated",3.71748238356308e-14
"ISG15",1.89689784697991e-10,-0.81441948218622,3.1958647898612e-10,0.999985736232213,0.999999999999914,"SASH1","KO",FALSE,"Activated",3.71748238356308e-14
"LY6K",1.86371282737057e-10,-0.817701964158102,3.08502365522877e-10,0.999985985767745,0.999999999999914,"SASH1","KO",FALSE,"Activated",3.71748238356308e-14
"OCIAD2",1.77232346970557e-10,-0.827028380967867,2.7898861889421e-10,0.99998667297216,0.999999999999914,"SASH1","KO",FALSE,"Activated",3.71748238356308e-14
"TP53AIP1",1.76441038752369e-10,-0.827856649854225,2.76502919732421e-10,0.999986732474767,0.999999999999914,"SASH1","KO",FALSE,"Activated",3.71748238356308e-14
"BCAR3",1.76244893754561e-10,-0.828062486048159,2.75888498968157e-10,0.999986747223936,0.999999999999914,"SASH1","KO",FALSE,"Activated",3.71748238356308e-14
"FGL2",1.74892559838426e-10,-0.829487411306505,2.71670935709082e-10,0.999986848913002,0.999999999999914,"SASH1","KO",FALSE,"Activated",3.71748238356308e-14
"SLAMF7",1.71659079067669e-10,-0.832936077229719,2.61718285303958e-10,0.999987092055346,0.999999999999914,"SASH1","KO",FALSE,"Activated",3.71748238356308e-14
"PODN",1.69957993239954e-10,-0.834774482150553,2.56556899743026e-10,0.999987219968893,0.999999999999914,"SASH1","KO",FALSE,"Activated",3.71748238356308e-14
"SNHG4",1.66059598421076e-10,-0.839052395608046,2.44922383085888e-10,0.999987513109604,0.999999999999914,"SASH1","KO",FALSE,"Activated",3.71748238356308e-14
"RAB3IP",1.6473539314965e-10,-0.840526601675704,2.41031799523058e-10,0.99998761268353,0.999999999999914,"SASH1","KO",FALSE,"Activated",3.71748238356308e-14
"CITED4",1.64116250537946e-10,-0.841219630168067,2.39223413167857e-10,0.999987659240103,0.999999999999914,"SASH1","KO",FALSE,"Activated",3.71748238356308e-14
"PLPP1",1.60778044601374e-10,-0.844998257034456,2.29590542698356e-10,0.999987910257281,0.999999999999914,"SASH1","KO",FALSE,"Activated",3.71748238356308e-14
"TAF4B",1.57831557656927e-10,-0.848394069546914,2.21252504290047e-10,0.999988131819057,0.999999999999914,"SASH1","KO",FALSE,"Activated",3.71748238356308e-14
"GBP6",1.56327665500649e-10,-0.850149889219978,2.17056199561946e-10,0.99998824490458,0.999999999999914,"SASH1","KO",FALSE,"Activated",3.71748238356308e-14
"TNIP3",1.55242060735485e-10,-0.851427055608836,2.14052008819943e-10,0.999988326536884,0.999999999999914,"SASH1","KO",FALSE,"Activated",3.71748238356308e-14
"PPP1R14B-AS1",1.55232556818642e-10,-0.851438272863226,2.14025801100061e-10,0.999988327251533,0.999999999999914,"SASH1","KO",FALSE,"Activated",3.71748238356308e-14
"MBOAT2",1.55103219755293e-10,-0.851590989393332,2.1366930453383e-10,0.999988336977064,0.999999999999914,"SASH1","KO",FALSE,"Activated",3.71748238356308e-14
"CYB5D2",1.54736036346942e-10,-0.852025186941692,2.12658842501183e-10,0.999988364587506,0.999999999999914,"SASH1","KO",FALSE,"Activated",3.71748238356308e-14
"SLC7A1",1.5411004261988e-10,-0.852767624830828,2.10941675306236e-10,0.999988411659251,0.999999999999914,"SASH1","KO",FALSE,"Activated",3.71748238356308e-14
"DSP",1.52952103728324e-10,-0.854148315738265,2.07783673079967e-10,0.999988498730738,0.999999999999914,"SASH1","KO",FALSE,"Activated",3.71748238356308e-14
"TNNT1",1.52195201214363e-10,-0.85505604087397,2.05732274757231e-10,0.999988555646199,0.999999999999914,"SASH1","KO",FALSE,"Activated",3.71748238356308e-14
"ADAMTS5",1.52038118904827e-10,-0.855244945233865,2.05307816912357e-10,0.99998856745804,0.999999999999914,"SASH1","KO",FALSE,"Activated",3.71748238356308e-14
"SERPINB5",1.51405626829158e-10,-0.856007394206748,2.03603172539511e-10,0.99998861501843,0.999999999999914,"SASH1","KO",FALSE,"Activated",3.71748238356308e-14
"CDH1",1.51396067669407e-10,-0.856018939977331,2.03577463933396e-10,0.999988615737233,0.999999999999914,"SASH1","KO",FALSE,"Activated",3.71748238356308e-14
"KANK4",1.50837976258091e-10,-0.856694183259525,2.0207933486452e-10,0.999988657703048,0.999999999999914,"SASH1","KO",FALSE,"Activated",3.71748238356308e-14
"SPRR2A",1.50255743590565e-10,-0.857401094764142,2.00522298427473e-10,0.99998870148417,0.999999999999914,"SASH1","KO",FALSE,"Activated",3.71748238356308e-14
"LXN",1.50145895093586e-10,-0.857534749239618,2.0022921117736e-10,0.999988709744253,0.999999999999914,"SASH1","KO",FALSE,"Activated",3.71748238356308e-14
"DSG1",1.49658901666266e-10,-0.85812837001332,1.98932443470876e-10,0.999988746363838,0.999999999999914,"SASH1","KO",FALSE,"Activated",3.71748238356308e-14
"CES1",1.49514733084835e-10,-0.858304445989541,1.9854935908338e-10,0.999988757204628,0.999999999999914,"SASH1","KO",FALSE,"Activated",3.71748238356308e-14
"MEG8",1.49112220616026e-10,-0.858796872376201,1.97481758378002e-10,0.999988787471648,0.999999999999914,"SASH1","KO",FALSE,"Activated",3.71748238356308e-14
"GADD45G",1.4420456900293e-10,-0.864901442243742,1.84696451460069e-10,0.99998915650366,0.999999999999914,"SASH1","KO",FALSE,"Activated",3.71748238356308e-14
"LTB",1.43975288804587e-10,-0.865191300883138,1.84109596632853e-10,0.999989173744438,0.999999999999914,"SASH1","KO",FALSE,"Activated",3.71748238356308e-14
"CAPNS2",1.43132681027969e-10,-0.866260203651688,1.8196091920749e-10,0.999989237104527,0.999999999999914,"SASH1","KO",FALSE,"Activated",3.71748238356308e-14
"TRIB3",1.41825820658472e-10,-0.867929572602662,1.78653331901029e-10,0.999989335374199,0.999999999999914,"SASH1","KO",FALSE,"Activated",3.71748238356308e-14
"SLPI",1.40530542170583e-10,-0.869598199620591,1.75404993685664e-10,0.999989432772968,0.999999999999914,"SASH1","KO",FALSE,"Activated",3.71748238356308e-14
"SERPINE2",1.37678395356284e-10,-0.873323004338813,1.68357357698366e-10,0.999989647240816,0.999999999999914,"SASH1","KO",FALSE,"Activated",3.71748238356308e-14
"HIST1H2AL",1.37518515582081e-10,-0.873533901206018,1.67966572963457e-10,0.999989659263013,0.999999999999914,"SASH1","KO",FALSE,"Activated",3.71748238356308e-14
"TP63",1.35226463813326e-10,-0.876582451439441,1.62414160796466e-10,0.999989831614382,0.999999999999914,"SASH1","KO",FALSE,"Activated",3.71748238356308e-14
"KCTD14",1.35175162599344e-10,-0.876651228307176,1.62290953209618e-10,0.999989835471989,0.999999999999914,"SASH1","KO",FALSE,"Activated",3.71748238356308e-14
"ITPKC",1.34877709921816e-10,-0.877050482531639,1.61577497211394e-10,0.999989857839013,0.999999999999914,"SASH1","KO",FALSE,"Activated",3.71748238356308e-14
"LINC02577",1.34138167562279e-10,-0.878046658209622,1.59810477161155e-10,0.999989913449074,0.999999999999914,"SASH1","KO",FALSE,"Activated",3.71748238356308e-14
"HSBP1L1",1.30733006185842e-10,-0.882699813287826,1.51799732213707e-10,0.999990169500981,0.999999999999914,"SASH1","KO",FALSE,"Activated",3.71748238356308e-14
"SEMA3C",1.30093552934523e-10,-0.883586069511092,1.50318370480235e-10,0.999990217584818,0.999999999999914,"SASH1","KO",FALSE,"Activated",3.71748238356308e-14
"PI3",1.29967814750967e-10,-0.883760809894299,1.50027939103112e-10,0.99999022703973,0.999999999999914,"SASH1","KO",FALSE,"Activated",3.71748238356308e-14
"GPC6",1.26147136270522e-10,-0.889146204226802,1.41336815353607e-10,0.999990514336543,0.999999999999914,"SASH1","KO",FALSE,"Activated",3.71748238356308e-14
"SFTA1P",1.25470494427266e-10,-0.890115600603329,1.39824646010241e-10,0.999990565216785,0.999999999999914,"SASH1","KO",FALSE,"Activated",3.71748238356308e-14
"PRRG4",1.24733848150591e-10,-0.891176457862332,1.38187624632212e-10,0.999990620609075,0.999999999999914,"SASH1","KO",FALSE,"Activated",3.71748238356308e-14
"OTUD1",1.24675818639523e-10,-0.89126027241902,1.38059077407945e-10,0.999990624972617,0.999999999999914,"SASH1","KO",FALSE,"Activated",3.71748238356308e-14
"HLA-DRB1",1.21823626410747e-10,-0.895424800970982,1.31814612233251e-10,0.99999083944388,0.999999999999914,"SASH1","KO",FALSE,"Activated",3.71748238356308e-14
"IGFBP6",1.21583150479791e-10,-0.895780020452598,1.31294730222391e-10,0.999990857526524,0.999999999999914,"SASH1","KO",FALSE,"Activated",3.71748238356308e-14
"EFNB2",1.20048027988505e-10,-0.898063013962233,1.28000177086409e-10,0.999990972960419,0.999999999999914,"SASH1","KO",FALSE,"Activated",3.71748238356308e-14
"IQCG",1.19619775404879e-10,-0.898704701331704,1.27088564742986e-10,0.999991005162972,0.999999999999914,"SASH1","KO",FALSE,"Activated",3.71748238356308e-14
"VEGFA",1.19084262825244e-10,-0.899510092217731,1.25953214249246e-10,0.999991045430966,0.999999999999914,"SASH1","KO",FALSE,"Activated",3.71748238356308e-14
"MIR193BHG",1.18464684110894e-10,-0.900446092376879,1.2464598996111e-10,0.999991092020333,0.999999999999914,"SASH1","KO",FALSE,"Activated",3.71748238356308e-14
"AC103858.1",1.15758757226208e-10,-0.904587580650676,1.19016786773219e-10,0.999991295493139,0.999999999999914,"SASH1","KO",FALSE,"Activated",3.71748238356308e-14
"WNT10A",1.15166233041874e-10,-0.90550635464335,1.17801503487626e-10,0.999991340048133,0.999999999999914,"SASH1","KO",FALSE,"Activated",3.71748238356308e-14
"CA2",1.15069569003515e-10,-0.905656656190101,1.17603834607127e-10,0.999991347316808,0.999999999999914,"SASH1","KO",FALSE,"Activated",3.71748238356308e-14
"ST14",1.13892993148551e-10,-0.907495488605205,1.15211152962787e-10,0.999991435789705,0.999999999999914,"SASH1","KO",FALSE,"Activated",3.71748238356308e-14
"IGLC2",1.12823095809905e-10,-0.909182863526995,1.13056759820374e-10,0.999991516240886,0.999999999999914,"SASH1","KO",FALSE,"Activated",3.71748238356308e-14
"AC110995.1",1.10506621927312e-10,-0.912887395549115,1.08461877058687e-10,0.999991690428682,0.999999999999914,"SASH1","KO",FALSE,"Activated",3.71748238356308e-14
"TMEM40",1.09212094700838e-10,-0.914988920253408,1.05935612947765e-10,0.99999178777096,0.999999999999914,"SASH1","KO",FALSE,"Activated",3.71748238356308e-14
"PPP1R14C",1.05803777317512e-10,-0.920633790816004,9.94266610933209e-11,0.999992044060184,0.999999999999914,"SASH1","KO",FALSE,"Activated",3.71748238356308e-14
"LINC01127",1.05740853361352e-10,-0.920739573450186,9.93084335851252e-11,0.999992048791766,0.999999999999914,"SASH1","KO",FALSE,"Activated",3.71748238356308e-14
"ODC1",1.04596389865098e-10,-0.922673748731917,9.71703797696754e-11,0.999992134849967,0.999999999999914,"SASH1","KO",FALSE,"Activated",3.71748238356308e-14
"ELF3",1.01143457199562e-10,-0.928629858801345,9.08607041631302e-11,0.999992394494047,0.999999999999914,"SASH1","KO",FALSE,"Activated",3.71748238356308e-14
"WFDC2",9.97116026673313e-11,-0.931154878290509,8.8306343690661e-11,0.999992502162684,0.999999999999914,"SASH1","KO",FALSE,"Activated",3.71748238356308e-14
"AC108134.2",9.85095730586418e-11,-0.933300555204158,8.61900997725663e-11,0.999992592549582,0.999999999999914,"SASH1","KO",FALSE,"Activated",3.71748238356308e-14
"S100A7",9.81641684693661e-11,-0.93392158274724,8.55867418867816e-11,0.999992618522361,0.999999999999914,"SASH1","KO",FALSE,"Activated",3.71748238356308e-14
"IGHG4",9.77780796907995e-11,-0.934618148278374,8.49148246600802e-11,0.999992647554397,0.999999999999914,"SASH1","KO",FALSE,"Activated",3.71748238356308e-14
"MFAP5",9.7633054170663e-11,-0.934880452662905,8.4663118267052e-11,0.999992658459625,0.999999999999914,"SASH1","KO",FALSE,"Activated",3.71748238356308e-14
"CYB5R1",9.76048511566602e-11,-0.93493150453419,8.46142124890265e-11,0.999992660580357,0.999999999999914,"SASH1","KO",FALSE,"Activated",3.71748238356308e-14
"TPD52",9.75922613197707e-11,-0.934954298500863,8.4592385491349e-11,0.999992661527053,0.999999999999914,"SASH1","KO",FALSE,"Activated",3.71748238356308e-14
"AIM2",9.67615273316214e-11,-0.936464370619385,8.3158364528267e-11,0.99999272399429,0.999999999999914,"SASH1","KO",FALSE,"Activated",3.71748238356308e-14
"AGR2",9.6612811952542e-11,-0.936735959619738,8.29029443315368e-11,0.999992735176978,0.999999999999914,"SASH1","KO",FALSE,"Activated",3.71748238356308e-14
"CXXC5",9.45524367891246e-11,-0.940538884251559,7.94046547062987e-11,0.999992890107371,0.999999999999914,"SASH1","KO",FALSE,"Activated",3.71748238356308e-14
"MMP28",9.36011468636793e-11,-0.942320568248597,7.78149154388847e-11,0.999992961639839,0.999999999999914,"SASH1","KO",FALSE,"Activated",3.71748238356308e-14
"NFATC1",9.23431181225751e-11,-0.944702559301909,7.57372583933887e-11,0.999993056237605,0.999999999999914,"SASH1","KO",FALSE,"Activated",3.71748238356308e-14
"RETREG1",9.18609971327252e-11,-0.945623359154791,7.49484784161398e-11,0.999993092490806,0.999999999999914,"SASH1","KO",FALSE,"Activated",3.71748238356308e-14
"SERPINB4",9.17800782758336e-11,-0.945778342054864,7.48164947838963e-11,0.999993098575518,0.999999999999914,"SASH1","KO",FALSE,"Activated",3.71748238356308e-14
"NEFL",9.12481004346663e-11,-0.946800380318698,7.39517020925228e-11,0.999993138577717,0.999999999999914,"SASH1","KO",FALSE,"Activated",3.71748238356308e-14
"HIST1H2BN",8.98028771477174e-11,-0.949604938380878,7.16277009637526e-11,0.99999324725162,0.999999999999914,"SASH1","KO",FALSE,"Activated",3.71748238356308e-14
"WNT4",8.93245059351842e-11,-0.950542422589461,7.08666258386253e-11,0.999993283222856,0.999999999999914,"SASH1","KO",FALSE,"Activated",3.71748238356308e-14
"NRCAM",8.72449380558999e-11,-0.954672399502,6.76053377822422e-11,0.999993439596449,0.999999999999914,"SASH1","KO",FALSE,"Activated",3.71748238356308e-14
"TM4SF1",8.71267312495703e-11,-0.954909872471872,6.74222670499132e-11,0.999993448485038,0.999999999999914,"SASH1","KO",FALSE,"Activated",3.71748238356308e-14
"KBTBD7",8.56413624672306e-11,-0.957919512246956,6.51429835670139e-11,0.999993560177691,0.999999999999914,"SASH1","KO",FALSE,"Activated",3.71748238356308e-14
"EGLN3",8.56279786031056e-11,-0.957946848610337,6.5122624322626e-11,0.999993561184094,0.999999999999914,"SASH1","KO",FALSE,"Activated",3.71748238356308e-14
"NPHP1",8.47257951161335e-11,-0.959798690069161,6.37575787769591e-11,0.999993629023993,0.999999999999914,"SASH1","KO",FALSE,"Activated",3.71748238356308e-14
"IGHG1",8.38780791048818e-11,-0.961555371661614,6.24881204593509e-11,0.999993692768196,0.999999999999914,"SASH1","KO",FALSE,"Activated",3.71748238356308e-14
"NCF2",8.38712607638917e-11,-0.961569567223001,6.24779617146463e-11,0.999993693280903,0.999999999999914,"SASH1","KO",FALSE,"Activated",3.71748238356308e-14
"CDA",8.29599212791683e-11,-0.963476587697044,6.11275757245699e-11,0.99999376180929,0.999999999999914,"SASH1","KO",FALSE,"Activated",3.71748238356308e-14
"TRIML2",8.21214907344301e-11,-0.965248177900189,5.98982533778099e-11,0.99999382485527,0.999999999999914,"SASH1","KO",FALSE,"Activated",3.71748238356308e-14
"EGR2",8.19540386821644e-11,-0.965603998093646,5.96542281097153e-11,0.999993837446867,0.999999999999914,"SASH1","KO",FALSE,"Activated",3.71748238356308e-14
"IFIT1",8.16762140265022e-11,-0.966195831127528,5.92504573215178e-11,0.999993858337957,0.999999999999914,"SASH1","KO",FALSE,"Activated",3.71748238356308e-14
"BIN1",7.84452022718967e-11,-0.973218431457813,5.46554260573725e-11,0.999994101294643,0.999999999999914,"SASH1","KO",FALSE,"Activated",3.71748238356308e-14
"MSMO1",7.79730311157356e-11,-0.97426695073732,5.39994509793324e-11,0.999994136799663,0.999999999999914,"SASH1","KO",FALSE,"Activated",3.71748238356308e-14
"AL355075.4",7.68948289330104e-11,-0.976683360205551,5.25163797368061e-11,0.999994217875329,0.999999999999914,"SASH1","KO",FALSE,"Activated",3.71748238356308e-14
"SPRR1B",7.44313452734935e-11,-0.98232376871648,4.92053411033727e-11,0.99999440311756,0.999999999999914,"SASH1","KO",FALSE,"Activated",3.71748238356308e-14
"ARTN",7.4416808164284e-11,-0.982357560854437,4.91861224915877e-11,0.999994404210681,0.999999999999914,"SASH1","KO",FALSE,"Activated",3.71748238356308e-14
"H19",7.41578783551515e-11,-0.982960476188169,4.88444363351168e-11,0.999994423680968,0.999999999999914,"SASH1","KO",FALSE,"Activated",3.71748238356308e-14
"PLTP",7.40623579212287e-11,-0.983183384651403,4.87186874053048e-11,0.99999443086365,0.999999999999914,"SASH1","KO",FALSE,"Activated",3.71748238356308e-14
"MMP11",7.33298917413614e-11,-0.984901545676035,4.7759810774936e-11,0.999994485941616,0.999999999999914,"SASH1","KO",FALSE,"Activated",3.71748238356308e-14
"CMPK2",7.25916898851395e-11,-0.986649244581048,4.68030680446901e-11,0.999994541450877,0.999999999999914,"SASH1","KO",FALSE,"Activated",3.71748238356308e-14
"LEPR",7.14157636793901e-11,-0.989467391521257,4.5299006700725e-11,0.999994629874924,0.999999999999914,"SASH1","KO",FALSE,"Activated",3.71748238356308e-14
"RHOV",7.07174001493073e-11,-0.9911613586535,4.44173947173701e-11,0.999994682388533,0.999999999999914,"SASH1","KO",FALSE,"Activated",3.71748238356308e-14
"LINC01322",7.07059702331799e-11,-0.991189211389058,4.4403037683121e-11,0.999994683248008,0.999999999999914,"SASH1","KO",FALSE,"Activated",3.71748238356308e-14
"POU3F1",6.97315219432214e-11,-0.993579171712944,4.31875729194941e-11,0.999994756521876,0.999999999999914,"SASH1","KO",FALSE,"Activated",3.71748238356308e-14
"LINC02605",6.96520948691718e-11,-0.993775331617146,4.30892441048738e-11,0.999994762494413,0.999999999999914,"SASH1","KO",FALSE,"Activated",3.71748238356308e-14
"SLC7A8",6.90862327593405e-11,-0.995178831267149,4.23919635094252e-11,0.999994805044547,0.999999999999914,"SASH1","KO",FALSE,"Activated",3.71748238356308e-14
"APOC1",6.90557214086269e-11,-0.995254808905067,4.23545276731702e-11,0.999994807338855,0.999999999999914,"SASH1","KO",FALSE,"Activated",3.71748238356308e-14
"HILPDA",6.87808518891535e-11,-0.99594067214255,4.20180226428736e-11,0.999994828007733,0.999999999999914,"SASH1","KO",FALSE,"Activated",3.71748238356308e-14
"RRAD",6.78853300567247e-11,-0.998192869103977,4.09310021048637e-11,0.999994895346707,0.999999999999914,"SASH1","KO",FALSE,"Activated",3.71748238356308e-14
"ZFAND2A",6.76923923622e-11,-0.998681683076424,4.06986717646684e-11,0.999994909854702,0.999999999999914,"SASH1","KO",FALSE,"Activated",3.71748238356308e-14
"SLITRK6",6.5326088931975e-11,-1.00478361614376,3.79030209346894e-11,0.999995087789443,0.999999999999914,"SASH1","KO",FALSE,"Activated",3.71748238356308e-14
"MALL",6.41614043901736e-11,-1.00786217163745,3.65635396659899e-11,0.99999517536817,0.999999999999914,"SASH1","KO",FALSE,"Activated",3.71748238356308e-14
"MAL2",6.38542251958494e-11,-1.00868270835074,3.62142744760259e-11,0.999995198466581,0.999999999999914,"SASH1","KO",FALSE,"Activated",3.71748238356308e-14
"KRTDAP",6.15727347329639e-11,-1.01489348574983,3.36726577286851e-11,0.999995370023791,0.999999999999914,"SASH1","KO",FALSE,"Activated",3.71748238356308e-14
"USP18",6.117751784068e-11,-1.01599086999602,3.32417756779756e-11,0.999995399742218,0.999999999999914,"SASH1","KO",FALSE,"Activated",3.71748238356308e-14
"ERAP2",6.10902640939453e-11,-1.01623402480441,3.31470218796087e-11,0.999995406303283,0.999999999999914,"SASH1","KO",FALSE,"Activated",3.71748238356308e-14
"ALDH1A3",6.05525884356823e-11,-1.01773949885158,3.25661137142359e-11,0.99999544673393,0.999999999999914,"SASH1","KO",FALSE,"Activated",3.71748238356308e-14
"FRMD6-AS1",5.92238119130663e-11,-1.02151356181442,3.11525229043952e-11,0.999995546651592,0.999999999999914,"SASH1","KO",FALSE,"Activated",3.71748238356308e-14
"FAT2",5.91251359423516e-11,-1.02179693139081,3.10487996060837e-11,0.999995554071555,0.999999999999914,"SASH1","KO",FALSE,"Activated",3.71748238356308e-14
"FSTL3",5.90795887849881e-11,-1.02192787708997,3.10009810318264e-11,0.999995557496484,0.999999999999914,"SASH1","KO",FALSE,"Activated",3.71748238356308e-14
"ALG9",5.90669808010986e-11,-1.02196414083243,3.09877508055715e-11,0.999995558444545,0.999999999999914,"SASH1","KO",FALSE,"Activated",3.71748238356308e-14
"SAA1",5.89437029803095e-11,-1.02231909545034,3.08585376343834e-11,0.999995567714449,0.999999999999914,"SASH1","KO",FALSE,"Activated",3.71748238356308e-14
"MIR503HG",5.85728037346492e-11,-1.02339117035379,3.04714089666275e-11,0.999995595604305,0.999999999999914,"SASH1","KO",FALSE,"Activated",3.71748238356308e-14
"FAM83G",5.81323792879379e-11,-1.0246723645401,3.0014886588197e-11,0.999995628722124,0.999999999999914,"SASH1","KO",FALSE,"Activated",3.71748238356308e-14
"KRT75",5.65554881798411e-11,-1.02933411555858,2.84086123597647e-11,0.99999574729682,0.999999999999914,"SASH1","KO",FALSE,"Activated",3.71748238356308e-14
"CCL19",5.63385625681751e-11,-1.02998476384854,2.81911007729578e-11,0.999995763608593,0.999999999999914,"SASH1","KO",FALSE,"Activated",3.71748238356308e-14
"PLSCR3",5.52029793994197e-11,-1.03342900021952,2.70660915039114e-11,0.999995848999035,0.999999999999914,"SASH1","KO",FALSE,"Activated",3.71748238356308e-14
"CSF2",5.28041330461119e-11,-1.04092481489199,2.47648865652951e-11,0.999996029380848,0.999999999999914,"SASH1","KO",FALSE,"Activated",3.71748238356308e-14
"SPRR2D",5.22251187035087e-11,-1.04278108171634,2.42247543225423e-11,0.999996072919967,0.999999999999914,"SASH1","KO",FALSE,"Activated",3.71748238356308e-14
"NEDD4L",5.19512524471647e-11,-1.04366569032834,2.39713533599937e-11,0.999996093513405,0.999999999999914,"SASH1","KO",FALSE,"Activated",3.71748238356308e-14
"HMOX1",5.05059435671118e-11,-1.04840658660164,2.26561174831718e-11,0.999996202193744,0.999999999999914,"SASH1","KO",FALSE,"Activated",3.71748238356308e-14
"GCNA",5.00612342981338e-11,-1.04989049740429,2.22588957936643e-11,0.999996235633762,0.999999999999914,"SASH1","KO",FALSE,"Activated",3.71748238356308e-14
"BHLHE41",4.95655908065803e-11,-1.05155875497842,2.18203184347195e-11,0.99999627290379,0.999999999999914,"SASH1","KO",FALSE,"Activated",3.71748238356308e-14
"GPC3",4.87918358886554e-11,-1.05419409215283,2.11443738547758e-11,0.999996331086473,0.999999999999914,"SASH1","KO",FALSE,"Activated",3.71748238356308e-14
"CPA4",4.75535395408442e-11,-1.05849288028994,2.00847396343744e-11,0.999996424200457,0.999999999999914,"SASH1","KO",FALSE,"Activated",3.71748238356308e-14
"FOXD1",4.47456847535946e-11,-1.06863600232259,1.77829098531738e-11,0.999996635337755,0.999999999999914,"SASH1","KO",FALSE,"Activated",3.71748238356308e-14
"TRPV3",4.45442925563516e-11,-1.069385884342,1.76231947955247e-11,0.999996650481488,0.999999999999914,"SASH1","KO",FALSE,"Activated",3.71748238356308e-14
"SOX15",4.28175694979422e-11,-1.07594677852075,1.62833790403315e-11,0.999996780322833,0.999999999999914,"SASH1","KO",FALSE,"Activated",3.71748238356308e-14
"IL18BP",3.92411760486278e-11,-1.0903497749879,1.36768013488175e-11,0.999997049250576,0.999999999999914,"SASH1","KO",FALSE,"Activated",3.71748238356308e-14
"IGLC3",3.8171726296612e-11,-1.09489215916895,1.29414849626874e-11,0.999997129668101,0.999999999999914,"SASH1","KO",FALSE,"Activated",3.71748238356308e-14
"KRT15",3.76697907251773e-11,-1.09706467795696,1.26033769245458e-11,0.999997167411264,0.999999999999914,"SASH1","KO",FALSE,"Activated",3.71748238356308e-14
"SLC47A2",3.6766719863572e-11,-1.10104151311192,1.20063301649682e-11,0.999997235317889,0.999999999999914,"SASH1","KO",FALSE,"Activated",3.71748238356308e-14
"AC124319.1",3.65042148095796e-11,-1.10221439776288,1.18354978954163e-11,0.999997255057018,0.999999999999914,"SASH1","KO",FALSE,"Activated",3.71748238356308e-14
"ITGB8",3.61714495234027e-11,-1.10371243567087,1.16207012300375e-11,0.999997280079381,0.999999999999914,"SASH1","KO",FALSE,"Activated",3.71748238356308e-14
"TINCR",3.56234721947366e-11,-1.10620722570627,1.12712739344551e-11,0.999997321284665,0.999999999999914,"SASH1","KO",FALSE,"Activated",3.71748238356308e-14
"ANXA8",3.55005396362432e-11,-1.10677176004101,1.11936163861262e-11,0.999997330528607,0.999999999999914,"SASH1","KO",FALSE,"Activated",3.71748238356308e-14
"MTURN",3.50128987213301e-11,-1.10902901871137,1.08882139202305e-11,0.99999736719688,0.999999999999914,"SASH1","KO",FALSE,"Activated",3.71748238356308e-14
"TSPAN1",3.41297847071243e-11,-1.11319169609261,1.03458840600434e-11,0.999997433602845,0.999999999999914,"SASH1","KO",FALSE,"Activated",3.71748238356308e-14
"DACT1",3.36951716239249e-11,-1.11527689431984,1.00840700826647e-11,0.999997466283678,0.999999999999914,"SASH1","KO",FALSE,"Activated",3.71748238356308e-14
"CXADR",3.19560108394355e-11,-1.12387715174812,9.06996538006575e-12,0.99999759706028,0.999999999999914,"SASH1","KO",FALSE,"Activated",3.71748238356308e-14
"TGM1",3.15103913477428e-11,-1.12615017154223,8.81877178115987e-12,0.999997630568743,0.999999999999914,"SASH1","KO",FALSE,"Activated",3.71748238356308e-14
"HAS3",3.1257685818199e-11,-1.12745237674188,8.677890244689e-12,0.999997649570994,0.999999999999914,"SASH1","KO",FALSE,"Activated",3.71748238356308e-14
"PPP2R2C",2.98698211794286e-11,-1.13478197066816,7.9243884268787e-12,0.999997753931801,0.999999999999914,"SASH1","KO",FALSE,"Activated",3.71748238356308e-14
"CD14",2.9787915161453e-11,-1.13522428128724,7.88098909011999e-12,0.999997760090743,0.999999999999914,"SASH1","KO",FALSE,"Activated",3.71748238356308e-14
"KLHDC7B",2.95516002640578e-11,-1.13650674729799,7.75644142053024e-12,0.999997777860497,0.999999999999914,"SASH1","KO",FALSE,"Activated",3.71748238356308e-14
"PLAT",2.9545857869251e-11,-1.13653802842335,7.75342728789247e-12,0.999997778292298,0.999999999999914,"SASH1","KO",FALSE,"Activated",3.71748238356308e-14
"AKR1C3",2.91653069380082e-11,-1.138623639031,7.55498510508425e-12,0.999997806907914,0.999999999999914,"SASH1","KO",FALSE,"Activated",3.71748238356308e-14
"CXCL11",2.91113085565471e-11,-1.13892160754037,7.52703550656816e-12,0.999997810968335,0.999999999999914,"SASH1","KO",FALSE,"Activated",3.71748238356308e-14
"BAMBI",2.89048854865668e-11,-1.14006538778178,7.420668245243e-12,0.999997826490366,0.999999999999914,"SASH1","KO",FALSE,"Activated",3.71748238356308e-14
"HIST1H2AC",2.71484777115585e-11,-1.15011419569341,6.54623323771774e-12,0.99999795856386,0.999999999999914,"SASH1","KO",FALSE,"Activated",3.71748238356308e-14
"KDM7A-DT",2.70360205561042e-11,-1.15077782820779,6.49211263056243e-12,0.999997967020102,0.999999999999914,"SASH1","KO",FALSE,"Activated",3.71748238356308e-14
"FBN2",2.70050746351289e-11,-1.15096089286932,6.4772591557625e-12,0.999997969347088,0.999999999999914,"SASH1","KO",FALSE,"Activated",3.71748238356308e-14
"MIR3945HG",2.62472233657613e-11,-1.15550551961832,6.11881389241428e-12,0.999998026333892,0.999999999999914,"SASH1","KO",FALSE,"Activated",3.71748238356308e-14
"ZBP1",2.52763048367549e-11,-1.16150799357047,5.6745010218488e-12,0.999998099342338,0.999999999999914,"SASH1","KO",FALSE,"Activated",3.71748238356308e-14
"SBSN",2.50890089850241e-11,-1.162690313421,5.59071719118926e-12,0.999998113426093,0.999999999999914,"SASH1","KO",FALSE,"Activated",3.71748238356308e-14
"F3",2.50224160862896e-11,-1.16311264798058,5.56107807952338e-12,0.999998118433562,0.999999999999914,"SASH1","KO",FALSE,"Activated",3.71748238356308e-14
"MISP",2.47417223331334e-11,-1.16490428385702,5.43701294617019e-12,0.999998139540394,0.999999999999914,"SASH1","KO",FALSE,"Activated",3.71748238356308e-14
"CPVL",2.43291199588264e-11,-1.16757219254736,5.25718559585222e-12,0.999998170566126,0.999999999999914,"SASH1","KO",FALSE,"Activated",3.71748238356308e-14
"CCL2",2.42062047512092e-11,-1.16837503457531,5.20419923799178e-12,0.999998179808764,0.999999999999914,"SASH1","KO",FALSE,"Activated",3.71748238356308e-14
"AL161431.1",2.28092092466437e-11,-1.17777379888304,4.62084039847032e-12,0.999998284856168,0.999999999999914,"SASH1","KO",FALSE,"Activated",3.71748238356308e-14
"LDLR",2.12478107714943e-11,-1.1889285216212,4.00985704317369e-12,0.999998402265893,0.999999999999914,"SASH1","KO",FALSE,"Activated",3.71748238356308e-14
"NSG1",2.08060692312317e-11,-1.19222156470371,3.84486050888795e-12,0.999998435482751,0.999999999999914,"SASH1","KO",FALSE,"Activated",3.71748238356308e-14
"HBB",2.00247330310506e-11,-1.19820729683546,3.56150845230544e-12,0.99999849423551,0.999999999999914,"SASH1","KO",FALSE,"Activated",3.71748238356308e-14
"SUGCT",1.97128683836019e-11,-1.20065676851031,3.45143861980703e-12,0.999998517686245,0.999999999999914,"SASH1","KO",FALSE,"Activated",3.71748238356308e-14
"SYT8",1.96234951621692e-11,-1.20136531730848,3.4202136425266e-12,0.999998524406685,0.999999999999914,"SASH1","KO",FALSE,"Activated",3.71748238356308e-14
"CLDN7",1.90159428015381e-11,-1.20626236543076,3.21170933906352e-12,0.999998570091727,0.999999999999914,"SASH1","KO",FALSE,"Activated",3.71748238356308e-14
"CYP7B1",1.7607894593508e-11,-1.21819060838203,2.75369204028761e-12,0.999998675970242,0.999999999999914,"SASH1","KO",FALSE,"Activated",3.71748238356308e-14
"KLK5",1.73875444180414e-11,-1.22013640712903,2.68520232568899e-12,0.999998692539525,0.999999999999914,"SASH1","KO",FALSE,"Activated",3.71748238356308e-14
"IFIH1",1.73007392233988e-11,-1.22090918673836,2.65845816107653e-12,0.999998699066862,0.999999999999914,"SASH1","KO",FALSE,"Activated",3.71748238356308e-14
"NAV3",1.65676102605038e-11,-1.22758228104789,2.43792448369478e-12,0.999998754194666,0.999999999999914,"SASH1","KO",FALSE,"Activated",3.71748238356308e-14
"RAET1G",1.51798386076337e-11,-1.24099579042999,2.04660871003297e-12,0.999998858548481,0.999999999999914,"SASH1","KO",FALSE,"Activated",3.71748238356308e-14
"ASS1",1.49490877160082e-11,-1.24333506333456,1.98486004782459e-12,0.999998875899848,0.999999999999914,"SASH1","KO",FALSE,"Activated",3.71748238356308e-14
"TMPRSS11D",1.41696461100777e-11,-1.25149074426487,1.78327580548858e-12,0.999998934510142,0.999999999999914,"SASH1","KO",FALSE,"Activated",3.71748238356308e-14
"LAMP3",1.41628808274259e-11,-1.25156332639716,1.78157336567924e-12,0.999998935018859,0.999999999999914,"SASH1","KO",FALSE,"Activated",3.71748238356308e-14
"LINC00958",1.35862026403302e-11,-1.25787092132894,1.63944437316915e-12,0.99999897838231,0.999999999999914,"SASH1","KO",FALSE,"Activated",3.71748238356308e-14
"TH",1.32058992045175e-11,-1.26216710426533,1.54894667265637e-12,0.999999006979316,0.999999999999914,"SASH1","KO",FALSE,"Activated",3.71748238356308e-14
"CNFN",1.21053332240432e-11,-1.2752755409856,1.30152947369244e-12,0.999999089736633,0.999999999999914,"SASH1","KO",FALSE,"Activated",3.71748238356308e-14
"OBSCN",1.15153259346657e-11,-1.28276252385499,1.17774963855688e-12,0.999999134102369,0.999999999999914,"SASH1","KO",FALSE,"Activated",3.71748238356308e-14
"IL1A",9.12395963136129e-12,-1.31725857283919,7.39379184648543e-13,0.999999313921719,0.999999999999914,"SASH1","KO",FALSE,"Activated",3.71748238356308e-14
"TREM2",8.45919227645542e-12,-1.32833522659607,6.35562555846418e-13,0.999999363909056,0.999999999999914,"SASH1","KO",FALSE,"Activated",3.71748238356308e-14
"MGST1",7.89750015163659e-12,-1.33833878723283,5.5396177173751e-13,0.999999406145626,0.999999999999914,"SASH1","KO",FALSE,"Activated",3.71748238356308e-14
"SHISA2",7.47790146149546e-12,-1.34624932057391,4.96660916749026e-13,0.999999437697448,0.999999999999914,"SASH1","KO",FALSE,"Activated",3.71748238356308e-14
"NRN1",6.22005313277644e-12,-1.37268821162456,3.43628122167202e-13,0.999999532281648,0.999999999999914,"SASH1","KO",FALSE,"Activated",3.71748238356308e-14
"CXCL10",6.07974559297314e-12,-1.37593709610862,3.2830033278764e-13,0.999999542832106,0.999999999999914,"SASH1","KO",FALSE,"Activated",3.71748238356308e-14
"LINC02802",5.5610510248477e-12,-1.38858012600031,2.74671923985201e-13,0.999999581835466,0.999999999999914,"SASH1","KO",FALSE,"Activated",3.71748238356308e-14
"AKR1C2",4.85986487590686e-12,-1.40752199298666,2.09772666300939e-13,0.999999634561322,0.999999999999914,"SASH1","KO",FALSE,"Activated",3.71748238356308e-14
"SNED1",3.9671143081349e-12,-1.43567470874452,1.39781577871985e-13,0.99999970169191,0.999999999999914,"SASH1","KO",FALSE,"Activated",3.71748238356308e-14
"AC036176.3",3.93485723645148e-12,-1.43679781929818,1.37517658735363e-13,0.999999704117489,0.999999999999914,"SASH1","KO",FALSE,"Activated",3.71748238356308e-14
"DNAH5",3.60271818310977e-12,-1.44888339932206,1.15281891257534e-13,0.999999729092762,0.999999999999914,"SASH1","KO",FALSE,"Activated",3.71748238356308e-14
"AC025263.1",3.24516667729699e-12,-1.46310040995752,9.35350807258449e-14,0.999999755978932,0.999999999999914,"SASH1","KO",FALSE,"Activated",3.71748238356308e-14
"POLM",3.19807175517372e-12,-1.46507959986227,9.08399564518878e-14,0.999999759520245,0.999999999999914,"SASH1","KO",FALSE,"Activated",3.71748238356308e-14
"ISG20",2.51301840708002e-12,-1.49739300290646,5.60908277558984e-14,0.999999811032992,0.999999999999914,"SASH1","KO",FALSE,"Activated",3.71748238356308e-14
"SERPINB2",2.3102855839914e-12,-1.50852563491535,4.74058399659528e-14,0.999999826277534,0.999999999999914,"SASH1","KO",FALSE,"Activated",3.71748238356308e-14
"SLC6A8",1.93715252032781e-12,-1.53160426898164,3.33294495863279e-14,0.999999854335363,0.999999999999914,"SASH1","KO",FALSE,"Activated",3.71748238356308e-14
"SERPINB13",1.93394252900858e-12,-1.53182004564888,3.32190828493622e-14,0.999999854576739,0.999999999999914,"SASH1","KO",FALSE,"Activated",3.71748238356308e-14
"CYP1B1",1.76729976306509e-12,-1.54350190760405,2.77409256410323e-14,0.99999986710748,0.999999999999914,"SASH1","KO",FALSE,"Activated",3.71748238356308e-14
"AC103591.3",1.66848866434936e-12,-1.55091799392247,2.47256109010434e-14,0.999999874537604,0.999999999999914,"SASH1","KO",FALSE,"Activated",3.71748238356308e-14
"HYOU1",5.13448207414051e-13,-1.69572194061505,2.34149801358844e-15,0.999999961391142,0.999999999999914,"SASH1","KO",FALSE,"Activated",3.71748238356308e-14
"CYP27B1",4.67885618244658e-13,-1.70658286655271,1.94437443424594e-15,0.999999964817231,0.999999999999914,"SASH1","KO",FALSE,"Activated",3.71748238356308e-14
"IL4I1",4.04108035033891e-13,-1.72355104429589,1.45042568303436e-15,0.999999969613002,0.999999999999914,"SASH1","KO",FALSE,"Activated",3.71748238356308e-14
"IGHA1",3.20857765455734e-13,-1.74987191193338,9.14377685582789e-16,0.999999975873025,0.999999999999914,"SASH1","KO",FALSE,"Activated",3.71748238356308e-14
"HERC5",1.76699473838121e-13,-1.81577948060272,2.77313506532051e-16,0.999999986713042,0.999999999999914,"SASH1","KO",FALSE,"Activated",3.71748238356308e-14
"HIST1H2BF",1.5149134703934e-13,-1.83229264135467,2.03833782823969e-16,0.999999988608573,0.999999999999914,"SASH1","KO",FALSE,"Activated",3.71748238356308e-14
"NELL2",1.42606298857349e-13,-1.83872282856609,1.80625027757354e-16,0.999999989276686,0.999999999999914,"SASH1","KO",FALSE,"Activated",3.71748238356308e-14
"ANXA8L1",1.03466175125851e-13,-1.87235323953906,9.50817790437893e-17,0.999999992219837,0.999999999999914,"SASH1","KO",FALSE,"Activated",3.71748238356308e-14
"WNT7B",5.58023388769278e-14,-1.93474820148878,2.76570155642119e-17,0.99999999580393,0.999999999999914,"SASH1","KO",FALSE,"Activated",3.71748238356308e-14
"BMP7",1.20947952355606e-14,-2.0769172880746,1.29926443356348e-18,0.999999999090529,0.999999999999914,"SASH1","KO",FALSE,"Activated",3.71748238356308e-14
"IGLC1",8.45333671078537e-17,-2.43711833517442,6.3468297063342e-23,0.999999999993644,0.999999999999914,"SASH1","KO",FALSE,"Activated",3.71748238356308e-14
"GPNMB",7.48845977595366e-17,-2.44428544501089,4.9806441322218e-23,0.999999999994369,0.999999999999914,"SASH1","KO",FALSE,"Activated",3.71748238356308e-14
"TMEM171",6.69773099378384e-17,-2.45082492554567,3.98433559272118e-23,0.999999999994964,0.999999999999914,"SASH1","KO",FALSE,"Activated",3.71748238356308e-14
"LRRC17",6.37320066342975e-17,-2.45371716297505,3.60757771180243e-23,0.999999999995208,0.999999999999914,"SASH1","KO",FALSE,"Activated",3.71748238356308e-14
"CYP26B1",6.09677248648331e-17,-2.45628986769828,3.30141779041114e-23,0.999999999995416,0.999999999999914,"SASH1","KO",FALSE,"Activated",3.71748238356308e-14
"DMKN",5.87377891837841e-17,-2.45844486543279,3.06433119377496e-23,0.999999999995583,0.999999999999914,"SASH1","KO",FALSE,"Activated",3.71748238356308e-14
"JPH1",5.49399489766766e-17,-2.46229500640721,2.68087776842703e-23,0.999999999995869,0.999999999999914,"SASH1","KO",FALSE,"Activated",3.71748238356308e-14
"LINC01133",5.41271210691633e-17,-2.46315082211217,2.60213824852027e-23,0.99999999999593,0.999999999999914,"SASH1","KO",FALSE,"Activated",3.71748238356308e-14
"LGALS7",4.98745405132385e-17,-2.46783121648371,2.2093184787574e-23,0.99999999999625,0.999999999999914,"SASH1","KO",FALSE,"Activated",3.71748238356308e-14
"FAM110C",4.81105363615928e-17,-2.46988151049739,2.05580021487303e-23,0.999999999996382,0.999999999999914,"SASH1","KO",FALSE,"Activated",3.71748238356308e-14
"ALDH3A1",4.47706726134244e-17,-2.47396083075779,1.78027768385576e-23,0.999999999996633,0.999999999999914,"SASH1","KO",FALSE,"Activated",3.71748238356308e-14
"IDO1",4.43079540411592e-17,-2.47454798257979,1.74366842356561e-23,0.999999999996668,0.999999999999914,"SASH1","KO",FALSE,"Activated",3.71748238356308e-14
"EDN1",4.31394723517204e-17,-2.47605623704887,1.65291365501354e-23,0.999999999996756,0.999999999999914,"SASH1","KO",FALSE,"Activated",3.71748238356308e-14
"H1F0",4.16373601842451e-17,-2.47805145612656,1.53980910921597e-23,0.999999999996869,0.999999999999914,"SASH1","KO",FALSE,"Activated",3.71748238356308e-14
"QPCT",4.11137620157524e-17,-2.47876256226303,1.50132579023708e-23,0.999999999996908,0.999999999999914,"SASH1","KO",FALSE,"Activated",3.71748238356308e-14
"AKR1C1",4.06381368847243e-17,-2.47941578968449,1.46679049662873e-23,0.999999999996944,0.999999999999914,"SASH1","KO",FALSE,"Activated",3.71748238356308e-14
"SPOCD1",3.90662695279835e-17,-2.48162591298426,1.35551520618555e-23,0.999999999997062,0.999999999999914,"SASH1","KO",FALSE,"Activated",3.71748238356308e-14
"CCL13",3.8504031194592e-17,-2.48243639703199,1.31677905765708e-23,0.999999999997105,0.999999999999914,"SASH1","KO",FALSE,"Activated",3.71748238356308e-14
"CSAG1",3.731598373293e-17,-2.4841855198058,1.23677386670221e-23,0.999999999997194,0.999999999999914,"SASH1","KO",FALSE,"Activated",3.71748238356308e-14
"ISM1",3.66404355902462e-17,-2.48520314098962,1.19239944663809e-23,0.999999999997245,0.999999999999914,"SASH1","KO",FALSE,"Activated",3.71748238356308e-14
"POPDC3",3.3413174017599e-17,-2.4903168112109,9.91598759605538e-24,0.999999999997487,0.999999999999914,"SASH1","KO",FALSE,"Activated",3.71748238356308e-14
"DLK2",3.05587775681717e-17,-2.49523445885156,8.29416105943458e-24,0.999999999997702,0.999999999999914,"SASH1","KO",FALSE,"Activated",3.71748238356308e-14
"PROSER2",3.02172421662291e-17,-2.49585097843246,8.10980029872401e-24,0.999999999997728,0.999999999999914,"SASH1","KO",FALSE,"Activated",3.71748238356308e-14
"LINC02657",2.94376732005713e-17,-2.49728263292919,7.69675157425065e-24,0.999999999997786,0.999999999999914,"SASH1","KO",FALSE,"Activated",3.71748238356308e-14
"A2ML1",2.92593210874427e-17,-2.49761508012439,7.60377048451079e-24,0.9999999999978,0.999999999999914,"SASH1","KO",FALSE,"Activated",3.71748238356308e-14
"CFI",2.90682373042354e-17,-2.4979733385458,7.50477893141135e-24,0.999999999997814,0.999999999999914,"SASH1","KO",FALSE,"Activated",3.71748238356308e-14
"MMP23B",2.76933910059122e-17,-2.50061694473895,6.81165721838512e-24,0.999999999997918,0.999999999999914,"SASH1","KO",FALSE,"Activated",3.71748238356308e-14
"FOLR3",2.72891459373526e-17,-2.50141727503989,6.61424682448813e-24,0.999999999997948,0.999999999999914,"SASH1","KO",FALSE,"Activated",3.71748238356308e-14
"LRRC75A",2.46365125799437e-17,-2.50695757118924,5.3908714074677e-24,0.999999999998147,0.999999999999914,"SASH1","KO",FALSE,"Activated",3.71748238356308e-14
"UNG",2.46053193321268e-17,-2.50702593552725,5.37722886524324e-24,0.99999999999815,0.999999999999914,"SASH1","KO",FALSE,"Activated",3.71748238356308e-14
"COL22A1",2.37205621888798e-17,-2.5089990567752,4.99747310309589e-24,0.999999999998216,0.999999999999914,"SASH1","KO",FALSE,"Activated",3.71748238356308e-14
"GDNF",2.16455643577233e-17,-2.51390675542079,4.16138921036305e-24,0.999999999998372,0.999999999999914,"SASH1","KO",FALSE,"Activated",3.71748238356308e-14
"AC239799.2",2.15261161846017e-17,-2.51420230047487,4.11558778681982e-24,0.999999999998381,0.999999999999914,"SASH1","KO",FALSE,"Activated",3.71748238356308e-14
"CCR1",2.14776771506978e-17,-2.5143225819937,4.09708646537988e-24,0.999999999998385,0.999999999999914,"SASH1","KO",FALSE,"Activated",3.71748238356308e-14
"OSR2",2.14140267352926e-17,-2.51448101649488,4.07283851407568e-24,0.99999999999839,0.999999999999914,"SASH1","KO",FALSE,"Activated",3.71748238356308e-14
"IFIT3",1.73736115485359e-17,-2.52555086952632,2.68090067352866e-24,0.999999999998694,0.999999999999914,"SASH1","KO",FALSE,"Activated",3.71748238356308e-14
"AUXG01000058.1",1.73665486920446e-17,-2.52557222074763,2.67872139515504e-24,0.999999999998694,0.999999999999914,"SASH1","KO",FALSE,"Activated",3.71748238356308e-14
"PCSK9",1.66442563068863e-17,-2.52779916143261,2.46053359812051e-24,0.999999999998748,0.999999999999914,"SASH1","KO",FALSE,"Activated",3.71748238356308e-14
"CYP2S1",1.62048487542754e-17,-2.52919792120601,2.33233255191978e-24,0.999999999998781,0.999999999999914,"SASH1","KO",FALSE,"Activated",3.71748238356308e-14
"NPR3",1.48810362320784e-17,-2.53363402247526,1.96683015406992e-24,0.999999999998881,0.999999999999914,"SASH1","KO",FALSE,"Activated",3.71748238356308e-14
"SERPINB7",1.18681039964134e-17,-2.54526794285283,1.25101695657274e-24,0.999999999999108,0.999999999999914,"SASH1","KO",FALSE,"Activated",3.71748238356308e-14
"IFIT2",1.16387544603885e-17,-2.54626184742047,1.20313267587789e-24,0.999999999999125,0.999999999999914,"SASH1","KO",FALSE,"Activated",3.71748238356308e-14
"NLRP1",1.031342748673e-17,-2.55238566866286,9.44727480934381e-25,0.999999999999225,0.999999999999914,"SASH1","KO",FALSE,"Activated",3.71748238356308e-14
"TFPI2",8.50738875099002e-18,-2.56201873424831,6.42825456723196e-25,0.99999999999936,0.999999999999914,"SASH1","KO",FALSE,"Activated",3.71748238356308e-14
"CLDN1",6.5307104427699e-18,-2.57501615953395,3.78809940380192e-25,0.999999999999509,0.999999999999914,"SASH1","KO",FALSE,"Activated",3.71748238356308e-14
"SLC7A11",6.09170164496943e-18,-2.57839237483066,3.29592832709967e-25,0.999999999999542,0.999999999999914,"SASH1","KO",FALSE,"Activated",3.71748238356308e-14
"TSPAN7",5.18397778656869e-18,-2.58615060638596,2.38685904998144e-25,0.99999999999961,0.999999999999914,"SASH1","KO",FALSE,"Activated",3.71748238356308e-14
"IGFBP2",1.13765172282136e-18,-2.6544875767979,1.14952697629369e-26,0.999999999999914,0.999999999999914,"SASH1","KO",FALSE,"Activated",3.71748238356308e-14
