"gene","distance","Z","FC","p.value","p.adj","target_gene","perturbation","significant","direction","minus_log10_fdr"
"LUM",3.41135602926788e-05,3.42822408155965,12.468943287636,0.000413774101030474,0.299365562095548,"COL1A1","KO",FALSE,"Activated",0.523798160746779
"DCN",1.41270224994477e-05,2.86874978927426,2.13834033838505,0.143657234529395,0.99999999999975,"COL1A1","KO",FALSE,"Activated",1.08679705480569e-13
"WNT5A",7.62253617578847e-06,2.50720012073585,0.622550438481628,0.43010110314584,0.99999999999975,"COL1A1","KO",FALSE,"Activated",1.08679705480569e-13
"GAS1",5.48737359120358e-06,2.32405344828615,0.322629899368278,0.570031441731523,0.99999999999975,"COL1A1","KO",FALSE,"Activated",1.08679705480569e-13
"CTSK",4.99544533610703e-06,2.2728771389466,0.267376957393739,0.605096783562665,0.99999999999975,"COL1A1","KO",FALSE,"Activated",1.08679705480569e-13
"PDGFRA",4.76382196764672e-06,2.24720195103047,0.243156901469502,0.621935274224713,0.99999999999975,"COL1A1","KO",FALSE,"Activated",1.08679705480569e-13
"STEAP1",4.34766136258206e-06,2.19812899449538,0.202528886269644,0.652687298725885,0.99999999999975,"COL1A1","KO",FALSE,"Activated",1.08679705480569e-13
"FAP",3.93385642883964e-06,2.14497874740019,0.165810705244993,0.683862124894639,0.99999999999975,"COL1A1","KO",FALSE,"Activated",1.08679705480569e-13
"MMP2",3.43847672826276e-06,2.0743401622818,0.1266799063842,0.721899572690271,0.99999999999975,"COL1A1","KO",FALSE,"Activated",1.08679705480569e-13
"MCAM",3.07511693823688e-06,2.01648453531541,0.10132085032918,0.750250283036344,0.99999999999975,"COL1A1","KO",FALSE,"Activated",1.08679705480569e-13
"CTHRC1",3.02115482841704e-06,2.00737637756876,0.0977960964617759,0.754490607583372,0.99999999999975,"COL1A1","KO",FALSE,"Activated",1.08679705480569e-13
"MYLK",2.65292122788295e-06,1.94102737783777,0.0754091880600322,0.78361793092802,0.99999999999975,"COL1A1","KO",FALSE,"Activated",1.08679705480569e-13
"SPARCL1",2.5828152099437e-06,1.92746975184412,0.0714763267539496,0.789199254773336,0.99999999999975,"COL1A1","KO",FALSE,"Activated",1.08679705480569e-13
"IGFBP7",2.57284852783918e-06,1.92551568036568,0.0709257590333527,0.789993614788036,0.99999999999975,"COL1A1","KO",FALSE,"Activated",1.08679705480569e-13
"MYL9",2.53670943662305e-06,1.91837301924238,0.0689472587693817,0.792875781317582,0.99999999999975,"COL1A1","KO",FALSE,"Activated",1.08679705480569e-13
"MRVI1",2.44369248174161e-06,1.89956163703606,0.0639835983241962,0.800307010218843,0.99999999999975,"COL1A1","KO",FALSE,"Activated",1.08679705480569e-13
"NR2F2",2.4014083769752e-06,1.89079779204431,0.0617884922209829,0.80369116457088,0.99999999999975,"COL1A1","KO",FALSE,"Activated",1.08679705480569e-13
"HTRA3",2.38536395498505e-06,1.88743627286755,0.0609656010491855,0.804976226807883,0.99999999999975,"COL1A1","KO",FALSE,"Activated",1.08679705480569e-13
"NOTCH3",2.37637319851775e-06,1.88554374395248,0.0605068921054639,0.805696563267484,0.99999999999975,"COL1A1","KO",FALSE,"Activated",1.08679705480569e-13
"CRIP1",2.36880612544627e-06,1.88394592942585,0.0601221620526042,0.806302962518875,0.99999999999975,"COL1A1","KO",FALSE,"Activated",1.08679705480569e-13
"LBH",2.36517681564741e-06,1.88317796815014,0.0599380737111686,0.806593844293466,0.99999999999975,"COL1A1","KO",FALSE,"Activated",1.08679705480569e-13
"ITGA7",2.34773807295802e-06,1.87947317802834,0.0590574703850201,0.807991896383355,0.99999999999975,"COL1A1","KO",FALSE,"Activated",1.08679705480569e-13
"SYNPO2",2.3268442377306e-06,1.87500183667681,0.0580109768932157,0.809667748273436,0.99999999999975,"COL1A1","KO",FALSE,"Activated",1.08679705480569e-13
"CDH6",2.27709434100851e-06,1.86420900795063,0.0555568486156873,0.813661587144349,0.99999999999975,"COL1A1","KO",FALSE,"Activated",1.08679705480569e-13
"MEF2C",2.26767512097156e-06,1.86214188715735,0.0550981764822481,0.814418295622758,0.99999999999975,"COL1A1","KO",FALSE,"Activated",1.08679705480569e-13
"MRC2",2.24068852354614e-06,1.85617668443718,0.0537945816670401,0.816587264790931,0.99999999999975,"COL1A1","KO",FALSE,"Activated",1.08679705480569e-13
"TINAGL1",2.23450233295042e-06,1.85480022546332,0.0534979548489271,0.817084660473823,0.99999999999975,"COL1A1","KO",FALSE,"Activated",1.08679705480569e-13
"FRZB",2.21507493986492e-06,1.8504552741864,0.0525717461919498,0.81864718249009,0.99999999999975,"COL1A1","KO",FALSE,"Activated",1.08679705480569e-13
"C1QTNF1",2.16495389712337e-06,1.83908633299483,0.0502195549830552,0.822681671271007,0.99999999999975,"COL1A1","KO",FALSE,"Activated",1.08679705480569e-13
"TWIST2",2.14414387098737e-06,1.83429675088517,0.0492587515891394,0.824358157216121,0.99999999999975,"COL1A1","KO",FALSE,"Activated",1.08679705480569e-13
"TAGLN",2.127602401168e-06,1.83045987460224,0.0485016483556412,0.825691334312558,0.99999999999975,"COL1A1","KO",FALSE,"Activated",1.08679705480569e-13
"ACTA2",2.07714997086612e-06,1.81859021676086,0.0462286555015386,0.829760690720413,0.99999999999975,"COL1A1","KO",FALSE,"Activated",1.08679705480569e-13
"SMOC2",2.07106484923323e-06,1.81714123352561,0.0459581936247617,0.830251811214508,0.99999999999975,"COL1A1","KO",FALSE,"Activated",1.08679705480569e-13
"STEAP2",2.04364279923429e-06,1.81056393253497,0.0447492265948831,0.832465821440974,0.99999999999975,"COL1A1","KO",FALSE,"Activated",1.08679705480569e-13
"LMOD1",2.04025308720821e-06,1.80974542402005,0.0446009020511787,0.832739593789014,0.99999999999975,"COL1A1","KO",FALSE,"Activated",1.08679705480569e-13
"SCARA5",2.03431823217797e-06,1.80830941194948,0.0443418019432479,0.833218975141717,0.99999999999975,"COL1A1","KO",FALSE,"Activated",1.08679705480569e-13
"RGS5",2.01498267715317e-06,1.80360481589358,0.0435028979744973,0.834781212478375,0.99999999999975,"COL1A1","KO",FALSE,"Activated",1.08679705480569e-13
"TBX2",2.0126799961067e-06,1.80304185686895,0.0434035263404208,0.834967303698007,0.99999999999975,"COL1A1","KO",FALSE,"Activated",1.08679705480569e-13
"NDUFA4L2",2.00234030450589e-06,1.800506892668,0.0429587200853387,0.835803019867388,0.99999999999975,"COL1A1","KO",FALSE,"Activated",1.08679705480569e-13
"A2M",1.9987468964882e-06,1.79962316266193,0.0428046706523521,0.836093504214205,0.99999999999975,"COL1A1","KO",FALSE,"Activated",1.08679705480569e-13
"EFHD1",1.99725610302773e-06,1.79925611362906,0.0427408415349028,0.836214023717443,0.99999999999975,"COL1A1","KO",FALSE,"Activated",1.08679705480569e-13
"NEURL1B",1.99365199893575e-06,1.79836773254941,0.0425867266422702,0.836505404460659,0.99999999999975,"COL1A1","KO",FALSE,"Activated",1.08679705480569e-13
"SOD3",1.98838127911673e-06,1.79706595650648,0.0423618468814181,0.836931566347289,0.99999999999975,"COL1A1","KO",FALSE,"Activated",1.08679705480569e-13
"PARM1",1.96358584467566e-06,1.79090021969521,0.0413119162651476,0.838937031134965,0.99999999999975,"COL1A1","KO",FALSE,"Activated",1.08679705480569e-13
"GJA4",1.94449100530975e-06,1.78610439874658,0.0405123496368976,0.840482143385003,0.99999999999975,"COL1A1","KO",FALSE,"Activated",1.08679705480569e-13
"PPP1R12B",1.94259682940579e-06,1.78562636897113,0.0404334599528144,0.840635449531871,0.99999999999975,"COL1A1","KO",FALSE,"Activated",1.08679705480569e-13
"BICC1",1.9283194190306e-06,1.78200973807982,0.0398413003552326,0.841791193514276,0.99999999999975,"COL1A1","KO",FALSE,"Activated",1.08679705480569e-13
"EPS8",1.92451299465912e-06,1.78104148636348,0.0396841653735146,0.84209937793627,0.99999999999975,"COL1A1","KO",FALSE,"Activated",1.08679705480569e-13
"PDGFA",1.892869461615e-06,1.77292528475658,0.0383898914675185,0.844662306014023,0.99999999999975,"COL1A1","KO",FALSE,"Activated",1.08679705480569e-13
"MYH11",1.89040585556498e-06,1.77228832072856,0.0382900261323409,0.844861912057855,0.99999999999975,"COL1A1","KO",FALSE,"Activated",1.08679705480569e-13
"TNS1",1.88563261941101e-06,1.77105208863188,0.0380969071842185,0.845248677055623,0.99999999999975,"COL1A1","KO",FALSE,"Activated",1.08679705480569e-13
"WFDC1",1.86027329106526e-06,1.76443692477532,0.0370790890918506,0.847304111877662,0.99999999999975,"COL1A1","KO",FALSE,"Activated",1.08679705480569e-13
"MUSTN1",1.85806045056882e-06,1.76385587216981,0.0369909285941402,0.847483517439072,0.99999999999975,"COL1A1","KO",FALSE,"Activated",1.08679705480569e-13
"SOD2",1.84986740347334e-06,1.76169912468769,0.0366654276281924,0.848147835683083,0.99999999999975,"COL1A1","KO",FALSE,"Activated",1.08679705480569e-13
"AOC3",1.83489707218394e-06,1.75773616683424,0.0360743878647248,0.849361955963758,0.99999999999975,"COL1A1","KO",FALSE,"Activated",1.08679705480569e-13
"PTP4A3",1.83426361124173e-06,1.75756784001599,0.0360494842649234,0.849413338664978,0.99999999999975,"COL1A1","KO",FALSE,"Activated",1.08679705480569e-13
"PPP1R14A",1.79071853810185e-06,1.74587034615951,0.0343581850328986,0.852946985935862,0.99999999999975,"COL1A1","KO",FALSE,"Activated",1.08679705480569e-13
"KLHL23",1.74988031024091e-06,1.73466660458529,0.0328089433733271,0.856263660088474,0.99999999999975,"COL1A1","KO",FALSE,"Activated",1.08679705480569e-13
"ESAM",1.69583839290511e-06,1.71947561850889,0.0308137448070125,0.860656566922524,0.99999999999975,"COL1A1","KO",FALSE,"Activated",1.08679705480569e-13
"COX4I2",1.69338591546467e-06,1.71877602161159,0.030724685176549,0.860856024900652,0.99999999999975,"COL1A1","KO",FALSE,"Activated",1.08679705480569e-13
"SLIT3",1.64613256520719e-06,1.70511649757201,0.0290338860626398,0.8647008192813,0.99999999999975,"COL1A1","KO",FALSE,"Activated",1.08679705480569e-13
"SEPTIN4",1.6426235842161e-06,1.70408823051705,0.0289102377358867,0.864986458381348,0.99999999999975,"COL1A1","KO",FALSE,"Activated",1.08679705480569e-13
"MASP1",1.63778862773946e-06,1.70266818000451,0.0287402973719453,0.865380063819274,0.99999999999975,"COL1A1","KO",FALSE,"Activated",1.08679705480569e-13
"BCAM",1.63048892684796e-06,1.70051710602861,0.0284846745932365,0.865974383076608,0.99999999999975,"COL1A1","KO",FALSE,"Activated",1.08679705480569e-13
"MME",1.62821560721955e-06,1.69984544677246,0.0284053000860935,0.866159485281617,0.99999999999975,"COL1A1","KO",FALSE,"Activated",1.08679705480569e-13
"CSRP1",1.61978814552801e-06,1.69734819144276,0.0281120157527834,0.866845744773491,0.99999999999975,"COL1A1","KO",FALSE,"Activated",1.08679705480569e-13
"CCN4",1.61325389299518e-06,1.69540393224606,0.0278856645421828,0.867377906822562,0.99999999999975,"COL1A1","KO",FALSE,"Activated",1.08679705480569e-13
"FRY",1.60900745119436e-06,1.69413663115299,0.0277390552514792,0.867723777420854,0.99999999999975,"COL1A1","KO",FALSE,"Activated",1.08679705480569e-13
"ADRA2A",1.59468376012704e-06,1.68983972776723,0.0272473768279246,0.868890621398996,0.99999999999975,"COL1A1","KO",FALSE,"Activated",1.08679705480569e-13
"MAP1B",1.58537149823662e-06,1.68702763804257,0.0269300802393224,0.869649375081085,0.99999999999975,"COL1A1","KO",FALSE,"Activated",1.08679705480569e-13
"SERPINI1",1.57829800848323e-06,1.68488172170778,0.026690307175726,0.870225796125279,0.99999999999975,"COL1A1","KO",FALSE,"Activated",1.08679705480569e-13
"TMEM45A",1.57409542051199e-06,1.68360268905453,0.0265483580304848,0.870568299097353,0.99999999999975,"COL1A1","KO",FALSE,"Activated",1.08679705480569e-13
"ID4",1.53316154155198e-06,1.6709824539627,0.0251855470446542,0.873905593044749,0.99999999999975,"COL1A1","KO",FALSE,"Activated",1.08679705480569e-13
"GPR4",1.48514407558858e-06,1.65578856073772,0.0236326666599205,0.877823260880084,0.99999999999975,"COL1A1","KO",FALSE,"Activated",1.08679705480569e-13
"EBF2",1.48320568360768e-06,1.65516603180463,0.0235710167804563,0.877981474683187,0.99999999999975,"COL1A1","KO",FALSE,"Activated",1.08679705480569e-13
"COL14A1",1.48171703501753e-06,1.65468744737281,0.0235237254945302,0.878102983217889,0.99999999999975,"COL1A1","KO",FALSE,"Activated",1.08679705480569e-13
"IL1R1",1.47523520772293e-06,1.65259858699514,0.0233183648017949,0.878632085330277,0.99999999999975,"COL1A1","KO",FALSE,"Activated",1.08679705480569e-13
"RAMP1",1.46614565913357e-06,1.64965548986833,0.023031901407423,0.879374143192316,0.99999999999975,"COL1A1","KO",FALSE,"Activated",1.08679705480569e-13
"LINC01197",1.46480097560742e-06,1.64921871181132,0.0229896731120697,0.87948393026239,0.99999999999975,"COL1A1","KO",FALSE,"Activated",1.08679705480569e-13
"AVPR1A",1.46020778347657e-06,1.64772405011698,0.0228457212330741,0.879858960206067,0.99999999999975,"COL1A1","KO",FALSE,"Activated",1.08679705480569e-13
"LINGO1",1.45677826183936e-06,1.64660531322254,0.0227385339028775,0.880138995095448,0.99999999999975,"COL1A1","KO",FALSE,"Activated",1.08679705480569e-13
"GPRC5C",1.45594491031561e-06,1.64633311189661,0.0227125261398299,0.880207044023289,0.99999999999975,"COL1A1","KO",FALSE,"Activated",1.08679705480569e-13
"JAG1",1.43276586050366e-06,1.6387056649791,0.021995103224322,0.882100126821704,0.99999999999975,"COL1A1","KO",FALSE,"Activated",1.08679705480569e-13
"PDE5A",1.41369406401833e-06,1.63234660684094,0.0214134391614261,0.883658267130055,0.99999999999975,"COL1A1","KO",FALSE,"Activated",1.08679705480569e-13
"SORT1",1.39331588338995e-06,1.62546665249253,0.0208005458044779,0.885323634625898,0.99999999999975,"COL1A1","KO",FALSE,"Activated",1.08679705480569e-13
"COL6A3",1.3764013737923e-06,1.61968742397363,0.0202985843109787,0.886706325449267,0.99999999999975,"COL1A1","KO",FALSE,"Activated",1.08679705480569e-13
"COL12A1",1.35614372858938e-06,1.61268179651679,0.0197054789432058,0.888362757305791,0.99999999999975,"COL1A1","KO",FALSE,"Activated",1.08679705480569e-13
"PDE1A",1.34371317598427e-06,1.60833653023233,0.019345889662091,0.889379423509421,0.99999999999975,"COL1A1","KO",FALSE,"Activated",1.08679705480569e-13
"EBF1",1.32491123134629e-06,1.60169528797531,0.0188082815931819,0.890917536394881,0.99999999999975,"COL1A1","KO",FALSE,"Activated",1.08679705480569e-13
"FILIP1",1.32180588544919e-06,1.60059031744241,0.0187202186769208,0.891171612147003,0.99999999999975,"COL1A1","KO",FALSE,"Activated",1.08679705480569e-13
"PLAC9",1.30538806598564e-06,1.59470953619715,0.0182580684546081,0.892515083943329,0.99999999999975,"COL1A1","KO",FALSE,"Activated",1.08679705480569e-13
"CARMN",1.29995687581878e-06,1.5927495528871,0.0181064556800765,0.892959586877271,0.99999999999975,"COL1A1","KO",FALSE,"Activated",1.08679705480569e-13
"TPM1",1.29525480132988e-06,1.59104676871705,0.0179757068394836,0.893344444224005,0.99999999999975,"COL1A1","KO",FALSE,"Activated",1.08679705480569e-13
"WNT2",1.27848813614711e-06,1.58492965691976,0.017513339216975,0.894716973025798,0.99999999999975,"COL1A1","KO",FALSE,"Activated",1.08679705480569e-13
"COL1A2",1.27435674271968e-06,1.58341136091912,0.0174003345094988,0.895055219825295,0.99999999999975,"COL1A1","KO",FALSE,"Activated",1.08679705480569e-13
"MMP14",1.27173575276569e-06,1.58244585873656,0.0173288330201318,0.895269816271971,0.99999999999975,"COL1A1","KO",FALSE,"Activated",1.08679705480569e-13
"LGI4",1.26961148081671e-06,1.58166202820097,0.0172709901708596,0.895443749007337,0.99999999999975,"COL1A1","KO",FALSE,"Activated",1.08679705480569e-13
"GJC1",1.26294171992757e-06,1.57919332552012,0.0170900044145309,0.895989893330206,0.99999999999975,"COL1A1","KO",FALSE,"Activated",1.08679705480569e-13
"MRGPRF",1.25415248802609e-06,1.57592227651218,0.0168529620619781,0.896709662900134,0.99999999999975,"COL1A1","KO",FALSE,"Activated",1.08679705480569e-13
"TBX3",1.24211490756506e-06,1.57140889357897,0.0165309991383633,0.897695584726526,0.99999999999975,"COL1A1","KO",FALSE,"Activated",1.08679705480569e-13
"GUCY1B1",1.22463669791527e-06,1.5647854963751,0.0160690460031738,0.899127394748247,0.99999999999975,"COL1A1","KO",FALSE,"Activated",1.08679705480569e-13
"ADAP2",1.22338697113362e-06,1.5643086797067,0.0160362662073301,0.899229784650048,0.99999999999975,"COL1A1","KO",FALSE,"Activated",1.08679705480569e-13
"COX7A1",1.21103539081616e-06,1.55957253523102,0.0157140895951098,0.900241837458333,0.99999999999975,"COL1A1","KO",FALSE,"Activated",1.08679705480569e-13
"FOXS1",1.20278063121803e-06,1.55638316329699,0.0155005963440973,0.900918299144906,0.99999999999975,"COL1A1","KO",FALSE,"Activated",1.08679705480569e-13
"COL18A1",1.18953828954715e-06,1.55122564582779,0.0151611591574443,0.902003633721052,0.99999999999975,"COL1A1","KO",FALSE,"Activated",1.08679705480569e-13
"GPX3",1.18905611575686e-06,1.5510368861075,0.0151488706383785,0.902043155871676,0.99999999999975,"COL1A1","KO",FALSE,"Activated",1.08679705480569e-13
"ATP1B2",1.18383040617821e-06,1.54898674244664,0.0150160095534565,0.902471505120216,0.99999999999975,"COL1A1","KO",FALSE,"Activated",1.08679705480569e-13
"RCAN2",1.17561472374552e-06,1.54574716121381,0.0148083130999454,0.903144998567229,0.99999999999975,"COL1A1","KO",FALSE,"Activated",1.08679705480569e-13
"NRGN",1.17553593641216e-06,1.54571599620254,0.0148063283197588,0.903151457620579,0.99999999999975,"COL1A1","KO",FALSE,"Activated",1.08679705480569e-13
"SRPX2",1.16905253949383e-06,1.54314501162209,0.0146434569340802,0.903682994002433,0.99999999999975,"COL1A1","KO",FALSE,"Activated",1.08679705480569e-13
"FILIP1L",1.16197691100097e-06,1.54032459234472,0.0144667358619553,0.904263133295836,0.99999999999975,"COL1A1","KO",FALSE,"Activated",1.08679705480569e-13
"EGFLAM",1.14345770688717e-06,1.53286931291673,0.0140092784342915,0.905781786278206,0.99999999999975,"COL1A1","KO",FALSE,"Activated",1.08679705480569e-13
"TXNIP",1.11757543243344e-06,1.52226696823954,0.0133822533418659,0.907904818281369,0.99999999999975,"COL1A1","KO",FALSE,"Activated",1.08679705480569e-13
"COL3A1",1.11118632995125e-06,1.51961599640506,0.0132296798599229,0.90842899575741,0.99999999999975,"COL1A1","KO",FALSE,"Activated",1.08679705480569e-13
"PDE3A",1.1104809974554e-06,1.51932250468,0.0132128899457465,0.908486865395539,0.99999999999975,"COL1A1","KO",FALSE,"Activated",1.08679705480569e-13
"SLC7A2",1.1002264328534e-06,1.5150366081241,0.0129699918828324,0.909328265061329,0.99999999999975,"COL1A1","KO",FALSE,"Activated",1.08679705480569e-13
"MAP3K7CL",1.09447718696847e-06,1.51261806335254,0.0128347963573953,0.909800042334257,0.99999999999975,"COL1A1","KO",FALSE,"Activated",1.08679705480569e-13
"GLIS3",1.08539108961725e-06,1.50877254399686,0.0126225778811732,0.91054570304003,0.99999999999975,"COL1A1","KO",FALSE,"Activated",1.08679705480569e-13
"THBS2",1.0830552131445e-06,1.50777927931986,0.0125683060969402,0.910737412104593,0.99999999999975,"COL1A1","KO",FALSE,"Activated",1.08679705480569e-13
"EDNRA",1.07143495114671e-06,1.50280945451278,0.0123000584068796,0.911691182336061,0.99999999999975,"COL1A1","KO",FALSE,"Activated",1.08679705480569e-13
"SNCG",1.06465487240165e-06,1.49988740664404,0.012144880530609,0.91224773788781,0.99999999999975,"COL1A1","KO",FALSE,"Activated",1.08679705480569e-13
"CSRNP3",1.05309424851054e-06,1.4948664795975,0.0118825605706275,0.913196812633226,0.99999999999975,"COL1A1","KO",FALSE,"Activated",1.08679705480569e-13
"SYTL2",1.04567799488386e-06,1.49161950045079,0.0117157876860022,0.913805718664867,0.99999999999975,"COL1A1","KO",FALSE,"Activated",1.08679705480569e-13
"NMNAT2",1.04494575002317e-06,1.49129779389068,0.0116993852721301,0.913865841839104,0.99999999999975,"COL1A1","KO",FALSE,"Activated",1.08679705480569e-13
"RGS16",1.04141496656125e-06,1.48974373516922,0.0116204563747838,0.914155754383778,0.99999999999975,"COL1A1","KO",FALSE,"Activated",1.08679705480569e-13
"STEAP4",1.03945604813178e-06,1.48887949335106,0.0115767809570093,0.914316606057605,0.99999999999975,"COL1A1","KO",FALSE,"Activated",1.08679705480569e-13
"CCDC102B",1.03559374584045e-06,1.48717123698579,0.0114909092018809,0.914633759598097,0.99999999999975,"COL1A1","KO",FALSE,"Activated",1.08679705480569e-13
"GUCY1A1",1.03445378727433e-06,1.48666595658973,0.0114656252509155,0.914727370069409,0.99999999999975,"COL1A1","KO",FALSE,"Activated",1.08679705480569e-13
"KCNJ8",1.02637082218745e-06,1.48306888195265,0.0112871461827574,0.915391156265405,0.99999999999975,"COL1A1","KO",FALSE,"Activated",1.08679705480569e-13
"NTN4",1.02568087964415e-06,1.48276067250498,0.0112719764902021,0.91544781820527,0.99999999999975,"COL1A1","KO",FALSE,"Activated",1.08679705480569e-13
"FBLN2",1.02434210055683e-06,1.48216208731224,0.0112425699992148,0.915557767455872,0.99999999999975,"COL1A1","KO",FALSE,"Activated",1.08679705480569e-13
"TIMP2",1.02029764150398e-06,1.48034950104511,0.011153966107859,0.915889934556138,0.99999999999975,"COL1A1","KO",FALSE,"Activated",1.08679705480569e-13
"CXCL1",1.01616877829792e-06,1.47849245047833,0.0110638747147327,0.916229048828717,0.99999999999975,"COL1A1","KO",FALSE,"Activated",1.08679705480569e-13
"DMD",1.01234920795101e-06,1.47676849573879,0.0109808573523537,0.916542773650575,0.99999999999975,"COL1A1","KO",FALSE,"Activated",1.08679705480569e-13
"HIGD1B",1.01072958042478e-06,1.4760357243913,0.0109457495616361,0.916675807555206,0.99999999999975,"COL1A1","KO",FALSE,"Activated",1.08679705480569e-13
"ANGPT1",1.00159146310264e-06,1.47188157276339,0.0107487208337336,0.917426443148807,0.99999999999975,"COL1A1","KO",FALSE,"Activated",1.08679705480569e-13
"TPM2",9.98307823381116e-07,1.47038056572876,0.0106783586708217,0.917696190338147,0.99999999999975,"COL1A1","KO",FALSE,"Activated",1.08679705480569e-13
"SLC16A3",9.92277966232626e-07,1.46761268628948,0.010549752005346,0.918191560751095,0.99999999999975,"COL1A1","KO",FALSE,"Activated",1.08679705480569e-13
"TMEM158",9.8677476994365e-07,1.46507340540763,0.010433058166838,0.918643692156702,0.99999999999975,"COL1A1","KO",FALSE,"Activated",1.08679705480569e-13
"ZEB2",9.82152544273935e-07,1.46293082107587,0.0103355465440646,0.919023465143181,0.99999999999975,"COL1A1","KO",FALSE,"Activated",1.08679705480569e-13
"ABCC9",9.65107345294838e-07,1.45495099522117,0.00997991395740633,0.920424097982148,0.99999999999975,"COL1A1","KO",FALSE,"Activated",1.08679705480569e-13
"HSPB2",9.49216719486721e-07,1.44739739892371,0.00965397819496181,0.921730080055671,0.99999999999975,"COL1A1","KO",FALSE,"Activated",1.08679705480569e-13
"CALCRL",9.45859352489954e-07,1.44578702526488,0.00958580698221448,0.922006034712426,0.99999999999975,"COL1A1","KO",FALSE,"Activated",1.08679705480569e-13
"IER3",9.45015896565965e-07,1.44538165547231,0.00956871860489179,0.922075363013212,0.99999999999975,"COL1A1","KO",FALSE,"Activated",1.08679705480569e-13
"ADAMTS1",9.38884251847476e-07,1.44242499167703,0.00944495002205418,0.922579374522347,0.99999999999975,"COL1A1","KO",FALSE,"Activated",1.08679705480569e-13
"LOXL1",9.23352140534146e-07,1.43485748568189,0.00913503626222883,0.923856228197736,0.99999999999975,"COL1A1","KO",FALSE,"Activated",1.08679705480569e-13
"DLC1",9.22883458682941e-07,1.43462737226814,0.00912576495842266,0.923894760355913,0.99999999999975,"COL1A1","KO",FALSE,"Activated",1.08679705480569e-13
"ENPEP",9.15151416366769e-07,1.43081593819598,0.00897349174081724,0.924530467339827,0.99999999999975,"COL1A1","KO",FALSE,"Activated",1.08679705480569e-13
"FAM13C",9.09897805377813e-07,1.4282097642685,0.00887075919544424,0.924962432127987,0.99999999999975,"COL1A1","KO",FALSE,"Activated",1.08679705480569e-13
"SLC39A14",9.05343389804071e-07,1.42593953444385,0.00878217779342515,0.925336925261952,0.99999999999975,"COL1A1","KO",FALSE,"Activated",1.08679705480569e-13
"ANGPT2",9.04300743401286e-07,1.425418372924,0.00876196130211625,0.925422660638171,0.99999999999975,"COL1A1","KO",FALSE,"Activated",1.08679705480569e-13
"GJA1",9.00569537323168e-07,1.42354893747402,0.00868980557871842,0.925729479658649,0.99999999999975,"COL1A1","KO",FALSE,"Activated",1.08679705480569e-13
"APOLD1",8.96224660437415e-07,1.42136329106068,0.00860615838670756,0.926086775067713,0.99999999999975,"COL1A1","KO",FALSE,"Activated",1.08679705480569e-13
"CNN1",8.88991111673424e-07,1.41770342784715,0.00846779611506472,0.926681649758228,0.99999999999975,"COL1A1","KO",FALSE,"Activated",1.08679705480569e-13
"MGLL",8.67605817968173e-07,1.40672554249729,0.00806529888721503,0.928440578227693,0.99999999999975,"COL1A1","KO",FALSE,"Activated",1.08679705480569e-13
"ID3",8.66446903392303e-07,1.40612374361899,0.00804376664395735,0.928535908370816,0.99999999999975,"COL1A1","KO",FALSE,"Activated",1.08679705480569e-13
"RERG",8.52160863702336e-07,1.39864560582943,0.00778070097327048,0.929711135074693,0.99999999999975,"COL1A1","KO",FALSE,"Activated",1.08679705480569e-13
"NRARP",8.50709971085999e-07,1.39787986877214,0.00775422862102785,0.929830499916505,0.99999999999975,"COL1A1","KO",FALSE,"Activated",1.08679705480569e-13
"NDRG2",8.50639978750525e-07,1.39784289943442,0.0077529527120517,0.929836258221358,0.99999999999975,"COL1A1","KO",FALSE,"Activated",1.08679705480569e-13
"ITIH5",8.49382210782528e-07,1.39717809352923,0.00773004241737132,0.929939736054287,0.99999999999975,"COL1A1","KO",FALSE,"Activated",1.08679705480569e-13
"MXRA8",8.4739601524402e-07,1.39612647571863,0.00769393282054049,0.930103144765857,0.99999999999975,"COL1A1","KO",FALSE,"Activated",1.08679705480569e-13
"MXRA5",8.45009622949936e-07,1.39486005047423,0.00765065933710622,0.930299482448732,0.99999999999975,"COL1A1","KO",FALSE,"Activated",1.08679705480569e-13
"ADGRA2",8.3334307639887e-07,1.3886223758917,0.0074408614525919,0.931259394997573,0.99999999999975,"COL1A1","KO",FALSE,"Activated",1.08679705480569e-13
"FBLN5",8.32140445722268e-07,1.38797494263191,0.00741940054063497,0.931358352034953,0.99999999999975,"COL1A1","KO",FALSE,"Activated",1.08679705480569e-13
"RCSD1",8.32025209619591e-07,1.38791286165609,0.00741734578267381,0.931367834156578,0.99999999999975,"COL1A1","KO",FALSE,"Activated",1.08679705480569e-13
"OLFML2A",8.0715358570909e-07,1.37433049609411,0.00698052225239664,0.933414603922385,0.99999999999975,"COL1A1","KO",FALSE,"Activated",1.08679705480569e-13
"KLF2",7.89511789387613e-07,1.3644676486505,0.00667871319695406,0.934866674518445,0.99999999999975,"COL1A1","KO",FALSE,"Activated",1.08679705480569e-13
"GFPT2",7.85074916688583e-07,1.36195617768976,0.00660385849184789,0.935231901351998,0.99999999999975,"COL1A1","KO",FALSE,"Activated",1.08679705480569e-13
"PLOD2",7.72572584198607e-07,1.35481042249087,0.00639520013545162,0.936261119864872,0.99999999999975,"COL1A1","KO",FALSE,"Activated",1.08679705480569e-13
"ITGA1",7.71208720766288e-07,1.35402465957553,0.00637264049271568,0.936373402468441,0.99999999999975,"COL1A1","KO",FALSE,"Activated",1.08679705480569e-13
"GUCY1A2",7.63056998321608e-07,1.34930214104527,0.0062386340987914,0.937044534546416,0.99999999999975,"COL1A1","KO",FALSE,"Activated",1.08679705480569e-13
"TRPC6",7.53921787006914e-07,1.34395597076584,0.00609015214957124,0.937796690484245,0.99999999999975,"COL1A1","KO",FALSE,"Activated",1.08679705480569e-13
"EVA1A",7.41580960171526e-07,1.3366410841189,0.00589240645864097,0.938812871709839,0.99999999999975,"COL1A1","KO",FALSE,"Activated",1.08679705480569e-13
"KCNE4",7.27177168121796e-07,1.32796449540493,0.00566573195112133,0.939999049678627,0.99999999999975,"COL1A1","KO",FALSE,"Activated",1.08679705480569e-13
"ADGRF5",7.07536871609802e-07,1.31588258418865,0.00536381399463047,0.941616677141185,0.99999999999975,"COL1A1","KO",FALSE,"Activated",1.08679705480569e-13
"COL4A2",6.98849896230443e-07,1.31044282672241,0.00523291120031961,0.942332236941427,0.99999999999975,"COL1A1","KO",FALSE,"Activated",1.08679705480569e-13
"LURAP1L",6.981480827852e-07,1.31000071877916,0.00522240627384726,0.942390048456566,0.99999999999975,"COL1A1","KO",FALSE,"Activated",1.08679705480569e-13
"FAM162B",6.8840452868026e-07,1.30382135681976,0.00507765269522065,0.943192699846895,0.99999999999975,"COL1A1","KO",FALSE,"Activated",1.08679705480569e-13
"CD4",6.84636713743854e-07,1.30141082874167,0.00502222220736801,0.94350309921463,0.99999999999975,"COL1A1","KO",FALSE,"Activated",1.08679705480569e-13
"RARRES2",6.78051381133283e-07,1.2971691221661,0.00492607210922926,0.944045631326427,0.99999999999975,"COL1A1","KO",FALSE,"Activated",1.08679705480569e-13
"COL4A1",6.74155397316637e-07,1.29464229376989,0.00486962576655975,0.944366613885154,0.99999999999975,"COL1A1","KO",FALSE,"Activated",1.08679705480569e-13
"COL10A1",6.73166938260192e-07,1.29399913057915,0.00485535636534183,0.944448052550514,0.99999999999975,"COL1A1","KO",FALSE,"Activated",1.08679705480569e-13
"ADAMTS9",6.64010803938335e-07,1.28800102063624,0.00472417357957709,0.945202449532917,0.99999999999975,"COL1A1","KO",FALSE,"Activated",1.08679705480569e-13
"FMO3",6.61770487456307e-07,1.28652215378397,0.00469234942939652,0.945387042363303,0.99999999999975,"COL1A1","KO",FALSE,"Activated",1.08679705480569e-13
"KCNMB1",6.52276192648159e-07,1.28020473207913,0.00455867477766836,0.946169365491597,0.99999999999975,"COL1A1","KO",FALSE,"Activated",1.08679705480569e-13
"LRRC32",6.41443459237945e-07,1.27289553588317,0.00440851494152849,0.947062038369492,0.99999999999975,"COL1A1","KO",FALSE,"Activated",1.08679705480569e-13
"PID1",6.39291394498774e-07,1.27143034316502,0.00437898312814845,0.947239387507561,0.99999999999975,"COL1A1","KO",FALSE,"Activated",1.08679705480569e-13
"LINC02381",6.35391413751284e-07,1.2687638436246,0.00432571834704134,0.947560787015158,0.99999999999975,"COL1A1","KO",FALSE,"Activated",1.08679705480569e-13
"UACA",6.33346301498873e-07,1.26735970422587,0.00429791708214608,0.94772932922812,0.99999999999975,"COL1A1","KO",FALSE,"Activated",1.08679705480569e-13
"FGFR1",6.27193220918845e-07,1.26311052614385,0.00421481256614295,0.948236432249843,0.99999999999975,"COL1A1","KO",FALSE,"Activated",1.08679705480569e-13
"GREM1",6.25567819037128e-07,1.26198183955288,0.00419299508788363,0.948370392432829,0.99999999999975,"COL1A1","KO",FALSE,"Activated",1.08679705480569e-13
"LRRC15",6.23879837329322e-07,1.26080691902334,0.00417039753779132,0.948509511780396,0.99999999999975,"COL1A1","KO",FALSE,"Activated",1.08679705480569e-13
"TIMP3",6.17221557900064e-07,1.25614453517204,0.00408185645348797,0.94905828624719,0.99999999999975,"COL1A1","KO",FALSE,"Activated",1.08679705480569e-13
"COL6A1",6.0856907933387e-07,1.25001809679811,0.00396821614944829,0.949771458396279,0.99999999999975,"COL1A1","KO",FALSE,"Activated",1.08679705480569e-13
"PLAU",6.068156544654e-07,1.24876709333801,0.00394538243877684,0.949915987661221,0.99999999999975,"COL1A1","KO",FALSE,"Activated",1.08679705480569e-13
"EPB41L1",5.98425354491716e-07,1.24273583148165,0.00383703293078227,0.950607596268447,0.99999999999975,"COL1A1","KO",FALSE,"Activated",1.08679705480569e-13
"TPPP3",5.90946879244953e-07,1.23729596788799,0.00374172996605485,0.951224074956604,0.99999999999975,"COL1A1","KO",FALSE,"Activated",1.08679705480569e-13
"FXYD1",5.8954671557626e-07,1.2362706513663,0.00372401998916532,0.951339498940671,0.99999999999975,"COL1A1","KO",FALSE,"Activated",1.08679705480569e-13
"BNC2",5.8832011638445e-07,1.2353706429374,0.00370853986564563,0.951440615791108,0.99999999999975,"COL1A1","KO",FALSE,"Activated",1.08679705480569e-13
"DSEL",5.87160201392698e-07,1.234518019199,0.00369393098037532,0.951536236132106,0.99999999999975,"COL1A1","KO",FALSE,"Activated",1.08679705480569e-13
"PDGFRB",5.84131658471158e-07,1.2322846967148,0.00365592303326139,0.951785904530505,0.99999999999975,"COL1A1","KO",FALSE,"Activated",1.08679705480569e-13
"SLC8A1",5.83324698959589e-07,1.23168787857449,0.00364582892508979,0.951852429825121,0.99999999999975,"COL1A1","KO",FALSE,"Activated",1.08679705480569e-13
"EGFL6",5.82654705181108e-07,1.23119179772416,0.00363745869870968,0.951907663995614,0.99999999999975,"COL1A1","KO",FALSE,"Activated",1.08679705480569e-13
"LSAMP",5.71146772548343e-07,1.22259043780658,0.00349519176974533,0.952856411799521,0.99999999999975,"COL1A1","KO",FALSE,"Activated",1.08679705480569e-13
"F10",5.67739394020754e-07,1.2200139369575,0.00345361255767704,0.953137338985502,0.99999999999975,"COL1A1","KO",FALSE,"Activated",1.08679705480569e-13
"EPHA3",5.65306799051999e-07,1.2181660517948,0.00342408054983059,0.953337902028126,0.99999999999975,"COL1A1","KO",FALSE,"Activated",1.08679705480569e-13
"PLXDC1",5.57463185552026e-07,1.212158967114,0.00332972172263179,0.953984613795723,0.99999999999975,"COL1A1","KO",FALSE,"Activated",1.08679705480569e-13
"NTN1",5.55427520448452e-07,1.21058759390707,0.0033054481108187,0.954152460867096,0.99999999999975,"COL1A1","KO",FALSE,"Activated",1.08679705480569e-13
"RIPOR3",5.45234194040676e-07,1.20264086253959,0.00318523679621763,0.954992963529536,0.99999999999975,"COL1A1","KO",FALSE,"Activated",1.08679705480569e-13
"SFRP2",5.42482506353986e-07,1.20047288439825,0.00315316742151258,0.955219865777682,0.99999999999975,"COL1A1","KO",FALSE,"Activated",1.08679705480569e-13
"ADAMTS4",5.42456865948021e-07,1.20045263685264,0.00315286935998556,0.955221980084776,0.99999999999975,"COL1A1","KO",FALSE,"Activated",1.08679705480569e-13
"MAP1A",5.42216107563858e-07,1.20026247462813,0.00315007130790356,0.955241833029155,0.99999999999975,"COL1A1","KO",FALSE,"Activated",1.08679705480569e-13
"WIPI1",5.39011382029462e-07,1.19772401728634,0.00311294485360674,0.955506097443547,0.99999999999975,"COL1A1","KO",FALSE,"Activated",1.08679705480569e-13
"IL11",5.3791267423248e-07,1.19685062669108,0.00310026708444467,0.95559669895755,0.99999999999975,"COL1A1","KO",FALSE,"Activated",1.08679705480569e-13
"HRH2",5.34282102114197e-07,1.19395320817536,0.00305855860951637,0.955896086845269,0.99999999999975,"COL1A1","KO",FALSE,"Activated",1.08679705480569e-13
"ANGPTL2",5.31380044923941e-07,1.19162450486965,0.00302542253475411,0.956135403679469,0.99999999999975,"COL1A1","KO",FALSE,"Activated",1.08679705480569e-13
"SPON1",5.26666443239317e-07,1.18781782033208,0.00297198662774138,0.956524117129041,0.99999999999975,"COL1A1","KO",FALSE,"Activated",1.08679705480569e-13
"SAT1",5.2559144002596e-07,1.18694538906169,0.00295986649139413,0.956612770154043,0.99999999999975,"COL1A1","KO",FALSE,"Activated",1.08679705480569e-13
"SORBS1",5.10546402043849e-07,1.17456501667004,0.00279283960748178,0.957853555407318,0.99999999999975,"COL1A1","KO",FALSE,"Activated",1.08679705480569e-13
"CAVIN2",5.00443044143846e-07,1.16606673303417,0.00268339662627215,0.958686850916828,0.99999999999975,"COL1A1","KO",FALSE,"Activated",1.08679705480569e-13
"CPM",4.98221440609547e-07,1.16417751450145,0.00265962484540877,0.958870088387095,0.99999999999975,"COL1A1","KO",FALSE,"Activated",1.08679705480569e-13
"DEPP1",4.96660486657329e-07,1.16284559302831,0.00264298546355623,0.958998836896009,0.99999999999975,"COL1A1","KO",FALSE,"Activated",1.08679705480569e-13
"INMT",4.95511740038302e-07,1.16186300507928,0.00263077346154568,0.959093586956214,0.99999999999975,"COL1A1","KO",FALSE,"Activated",1.08679705480569e-13
"PDLIM3",4.90966125817631e-07,1.15795480593788,0.00258272765644098,0.959468520566168,0.99999999999975,"COL1A1","KO",FALSE,"Activated",1.08679705480569e-13
"AC104083.1",4.89904661658248e-07,1.15703753029701,0.00257157206269442,0.959556074074475,0.99999999999975,"COL1A1","KO",FALSE,"Activated",1.08679705480569e-13
"AKR1B1",4.74859454768408e-07,1.14384129543768,0.00241604897817874,0.960797110609691,0.99999999999975,"COL1A1","KO",FALSE,"Activated",1.08679705480569e-13
"S100A4",4.66631674325894e-07,1.13646575607862,0.00233304966827339,0.961475837307433,0.99999999999975,"COL1A1","KO",FALSE,"Activated",1.08679705480569e-13
"COL6A2",4.61813472066623e-07,1.132092478534,0.00228511863050015,0.961873313813587,0.99999999999975,"COL1A1","KO",FALSE,"Activated",1.08679705480569e-13
"FBN1",4.56801044652636e-07,1.12749941046913,0.00223578342337942,0.962286822935675,0.99999999999975,"COL1A1","KO",FALSE,"Activated",1.08679705480569e-13
"HEYL",4.54725971532503e-07,1.12558474890166,0.00221551693496781,0.962458012762101,0.99999999999975,"COL1A1","KO",FALSE,"Activated",1.08679705480569e-13
"MIR100HG",4.50717519766738e-07,1.12186394604038,0.00217662911761794,0.962788707767815,0.99999999999975,"COL1A1","KO",FALSE,"Activated",1.08679705480569e-13
"VCAN",4.46537196719208e-07,1.11795196221814,0.00213644067752357,0.963133588875503,0.99999999999975,"COL1A1","KO",FALSE,"Activated",1.08679705480569e-13
"RUNX2",4.40582494686434e-07,1.11232258755035,0.00207984049794176,0.963624870036339,0.99999999999975,"COL1A1","KO",FALSE,"Activated",1.08679705480569e-13
"TFPI",4.39766076661965e-07,1.11154547885262,0.00207213957454973,0.963692228105274,0.99999999999975,"COL1A1","KO",FALSE,"Activated",1.08679705480569e-13
"PRKAR2B",4.37221481319187e-07,1.10911510096764,0.0020482291264618,0.96390217004532,0.99999999999975,"COL1A1","KO",FALSE,"Activated",1.08679705480569e-13
"ARHGAP15",4.35918731932887e-07,1.10786592956537,0.00203604146386315,0.964009654404826,0.99999999999975,"COL1A1","KO",FALSE,"Activated",1.08679705480569e-13
"ECEL1",4.3028006631185e-07,1.10242038867919,0.00198370920594884,0.964474884449356,0.99999999999975,"COL1A1","KO",FALSE,"Activated",1.08679705480569e-13
"FSTL1",4.21561752956172e-07,1.09387379148397,0.00190413597606286,0.965194231099547,0.99999999999975,"COL1A1","KO",FALSE,"Activated",1.08679705480569e-13
"FNDC1",4.15187400696852e-07,1.08752441618102,0.00184698720488621,0.965720195852786,0.99999999999975,"COL1A1","KO",FALSE,"Activated",1.08679705480569e-13
"ADAMTS2",4.09307076680417e-07,1.08158938547804,0.00179503971548183,0.96620541025313,0.99999999999975,"COL1A1","KO",FALSE,"Activated",1.08679705480569e-13
"PDLIM4",4.04431667307648e-07,1.07661054025313,0.00175253162100194,0.966607713709183,0.99999999999975,"COL1A1","KO",FALSE,"Activated",1.08679705480569e-13
"PRKG1",3.98966365026783e-07,1.07096509903102,0.00170548585911615,0.96705870337305,0.99999999999975,"COL1A1","KO",FALSE,"Activated",1.08679705480569e-13
"MYLIP",3.878515955325e-07,1.05926745244865,0.00161178355280549,0.967975912102474,0.99999999999975,"COL1A1","KO",FALSE,"Activated",1.08679705480569e-13
"CRISPLD2",3.85379402175037e-07,1.05662492453257,0.0015913017940662,0.968179927293344,0.99999999999975,"COL1A1","KO",FALSE,"Activated",1.08679705480569e-13
"SUSD2",3.79835905129305e-07,1.05064395541398,0.00154585083785484,0.968637406184009,0.99999999999975,"COL1A1","KO",FALSE,"Activated",1.08679705480569e-13
"MEGF10",3.75544574200751e-07,1.04596014757596,0.00151111855579538,0.968991556755221,0.99999999999975,"COL1A1","KO",FALSE,"Activated",1.08679705480569e-13
"COL5A2",3.75074628781851e-07,1.04544431913243,0.00150733898359385,0.969030340303032,0.99999999999975,"COL1A1","KO",FALSE,"Activated",1.08679705480569e-13
"BTG2",3.73779948866612e-07,1.04402023936346,0.00149695089954846,0.969137187728895,0.99999999999975,"COL1A1","KO",FALSE,"Activated",1.08679705480569e-13
"LAMA4",3.64831260387205e-07,1.03405481427942,0.00142613172848652,0.969875720702386,0.99999999999975,"COL1A1","KO",FALSE,"Activated",1.08679705480569e-13
"MT1M",3.62079478408774e-07,1.03094644067286,0.00140469933559792,0.970102829788904,0.99999999999975,"COL1A1","KO",FALSE,"Activated",1.08679705480569e-13
"GADD45B",3.61258112471179e-07,1.03001454507943,0.00139833353136134,0.970170618939523,0.99999999999975,"COL1A1","KO",FALSE,"Activated",1.08679705480569e-13
"DIO2",3.61087692386104e-07,1.02982095466473,0.00139701454140762,0.970184684113735,0.99999999999975,"COL1A1","KO",FALSE,"Activated",1.08679705480569e-13
"ABL2",3.59553230721571e-07,1.02807417950063,0.00138516639209097,0.970311327294984,0.99999999999975,"COL1A1","KO",FALSE,"Activated",1.08679705480569e-13
"NTRK2",3.59182679088942e-07,1.02765135828213,0.0013823127885849,0.970341910014022,0.99999999999975,"COL1A1","KO",FALSE,"Activated",1.08679705480569e-13
"PDPN",3.53676319382525e-07,1.02132188947092,0.00134025525797577,0.970796371234267,0.99999999999975,"COL1A1","KO",FALSE,"Activated",1.08679705480569e-13
"COL5A1",3.52908954712907e-07,1.02043283365873,0.00133444571542436,0.970859705572513,0.99999999999975,"COL1A1","KO",FALSE,"Activated",1.08679705480569e-13
"GSN",3.51608595769825e-07,1.01892230675502,0.00132462980423741,0.970967030939711,0.99999999999975,"COL1A1","KO",FALSE,"Activated",1.08679705480569e-13
"SLC6A6",3.51381773488299e-07,1.01865831341656,0.00132292132130367,0.970985751812809,0.99999999999975,"COL1A1","KO",FALSE,"Activated",1.08679705480569e-13
"PLCG2",3.46590358115998e-07,1.0130457921049,0.00128708879242816,0.971381217030032,0.99999999999975,"COL1A1","KO",FALSE,"Activated",1.08679705480569e-13
"HAS2",3.45500935330279e-07,1.01176000237204,0.00127901020563323,0.97147113483225,0.99999999999975,"COL1A1","KO",FALSE,"Activated",1.08679705480569e-13
"CPE",3.44416580023956e-07,1.01047658959534,0.00127099445247432,0.971560634739501,0.99999999999975,"COL1A1","KO",FALSE,"Activated",1.08679705480569e-13
"SYNM",3.3829533729298e-07,1.00316318204815,0.00122621769505809,0.972065873107317,0.99999999999975,"COL1A1","KO",FALSE,"Activated",1.08679705480569e-13
"PDGFRL",3.35863893384311e-07,1.00022532784003,0.00120865454970583,0.972266564031833,0.99999999999975,"COL1A1","KO",FALSE,"Activated",1.08679705480569e-13
"SDC2",3.35542896722312e-07,0.999836055839824,0.00120634534836846,0.972293059167644,0.99999999999975,"COL1A1","KO",FALSE,"Activated",1.08679705480569e-13
"HAS1",3.34003765083411e-07,0.997964916754961,0.00119530374430482,0.972420099859419,0.99999999999975,"COL1A1","KO",FALSE,"Activated",1.08679705480569e-13
"HSPB8",3.31436510755703e-07,0.994826658707994,0.00117699942712457,0.97263200386523,0.99999999999975,"COL1A1","KO",FALSE,"Activated",1.08679705480569e-13
"HSPB6",3.23236097941311e-07,0.98465466610067,0.00111947723329288,0.973308887858115,0.99999999999975,"COL1A1","KO",FALSE,"Activated",1.08679705480569e-13
"PMAIP1",3.20082272465732e-07,0.980681070238148,0.00109773825318592,0.97356921818799,0.99999999999975,"COL1A1","KO",FALSE,"Activated",1.08679705480569e-13
"EFEMP1",3.17759964057326e-07,0.977732690940636,0.00108186709122402,0.973760913321644,0.99999999999975,"COL1A1","KO",FALSE,"Activated",1.08679705480569e-13
"DLX5",3.08945096081621e-07,0.966363220314928,0.0010226762423488,0.974488551006381,0.99999999999975,"COL1A1","KO",FALSE,"Activated",1.08679705480569e-13
"TNFAIP6",3.05616221308988e-07,0.96199406449558,0.00100075635924595,0.974763343971205,0.99999999999975,"COL1A1","KO",FALSE,"Activated",1.08679705480569e-13
"CXCL6",3.02772603660939e-07,0.95822798760809,0.000982219848634364,0.97499808215719,0.99999999999975,"COL1A1","KO",FALSE,"Activated",1.08679705480569e-13
"ECM2",2.98814769366616e-07,0.952933271648043,0.000956708590660967,0.97532480156701,0.99999999999975,"COL1A1","KO",FALSE,"Activated",1.08679705480569e-13
"HEY2",2.97656113859928e-07,0.951371381753538,0.000949303691760423,0.975420449420228,0.99999999999975,"COL1A1","KO",FALSE,"Activated",1.08679705480569e-13
"PTGS2",2.92674284967215e-07,0.944593243761797,0.000917792885922235,0.975831707021645,0.99999999999975,"COL1A1","KO",FALSE,"Activated",1.08679705480569e-13
"ISLR",2.91610950509625e-07,0.943133155594362,0.000911136011648652,0.975919487744636,0.99999999999975,"COL1A1","KO",FALSE,"Activated",1.08679705480569e-13
"P4HA3",2.86247324365264e-07,0.935694889144,0.000877927042802409,0.976362271933123,0.99999999999975,"COL1A1","KO",FALSE,"Activated",1.08679705480569e-13
"CDH11",2.77722805115251e-07,0.923612723980644,0.000826415856338863,0.977066012710379,0.99999999999975,"COL1A1","KO",FALSE,"Activated",1.08679705480569e-13
"TUBA1A",2.74568410233581e-07,0.919057700624824,0.000807749491504519,0.97732642799751,0.99999999999975,"COL1A1","KO",FALSE,"Activated",1.08679705480569e-13
"HOPX",2.67419302820633e-07,0.90855853998166,0.000766233365786934,0.97791664102066,0.99999999999975,"COL1A1","KO",FALSE,"Activated",1.08679705480569e-13
"UNC5B",2.66798424297689e-07,0.907634918600234,0.000762679504377543,0.977967899825609,0.99999999999975,"COL1A1","KO",FALSE,"Activated",1.08679705480569e-13
"TMEM47",2.66491461049463e-07,0.907177568854841,0.000760925521766083,0.977993242287235,0.99999999999975,"COL1A1","KO",FALSE,"Activated",1.08679705480569e-13
"GALNT15",2.65804268150261e-07,0.906151998952408,0.000757006233565973,0.978049976063949,0.99999999999975,"COL1A1","KO",FALSE,"Activated",1.08679705480569e-13
"SLC25A4",2.63818964351874e-07,0.903175751025692,0.000745740238513471,0.97821388085761,0.99999999999975,"COL1A1","KO",FALSE,"Activated",1.08679705480569e-13
"CPXM2",2.60322364057204e-07,0.897884833120076,0.000726103473191643,0.978502559085196,0.99999999999975,"COL1A1","KO",FALSE,"Activated",1.08679705480569e-13
"PI15",2.56925437149137e-07,0.892683547115064,0.000707277371059153,0.978783011005695,0.99999999999975,"COL1A1","KO",FALSE,"Activated",1.08679705480569e-13
"NR4A1",2.50920056928776e-07,0.88333598003531,0.000674599958010181,0.979278824481982,0.99999999999975,"COL1A1","KO",FALSE,"Activated",1.08679705480569e-13
"SAMD5",2.4891322414059e-07,0.880167669605532,0.000663852347656727,0.979444513493875,0.99999999999975,"COL1A1","KO",FALSE,"Activated",1.08679705480569e-13
"WNT6",2.473421707959e-07,0.877671376319307,0.000655498785127376,0.979574224110786,0.99999999999975,"COL1A1","KO",FALSE,"Activated",1.08679705480569e-13
"FAM20A",2.46669339642158e-07,0.876597957744332,0.00065193740184884,0.979629775123189,0.99999999999975,"COL1A1","KO",FALSE,"Activated",1.08679705480569e-13
"CRYAB",2.43815947242235e-07,0.87201643957879,0.00063694182974057,0.979865361082857,0.99999999999975,"COL1A1","KO",FALSE,"Activated",1.08679705480569e-13
"CA12",2.42914566749663e-07,0.870559184318477,0.000632241024224101,0.979939782544354,0.99999999999975,"COL1A1","KO",FALSE,"Activated",1.08679705480569e-13
"CERCAM",2.42851350816324e-07,0.870456802289434,0.00063191199903314,0.979945001902993,0.99999999999975,"COL1A1","KO",FALSE,"Activated",1.08679705480569e-13
"CLEC11A",2.41429925805536e-07,0.868148405334167,0.000624536401906556,0.980062360626056,0.99999999999975,"COL1A1","KO",FALSE,"Activated",1.08679705480569e-13
"CKB",2.30665428047083e-07,0.850261444576136,0.000570086255352683,0.980951135873862,0.99999999999975,"COL1A1","KO",FALSE,"Activated",1.08679705480569e-13
"PLPPR4",2.28700747512056e-07,0.84691653485462,0.000560416254527581,0.981113353125895,0.99999999999975,"COL1A1","KO",FALSE,"Activated",1.08679705480569e-13
"PSD3",2.28084631656627e-07,0.845862293564352,0.000557400818392557,0.981164223960044,0.99999999999975,"COL1A1","KO",FALSE,"Activated",1.08679705480569e-13
"ANXA6",2.24489155009697e-07,0.839658782297283,0.000539965839614473,0.981461093179935,0.99999999999975,"COL1A1","KO",FALSE,"Activated",1.08679705480569e-13
"FBLN1",2.24460962769957e-07,0.839609790451022,0.000539830226020768,0.98146342095055,0.99999999999975,"COL1A1","KO",FALSE,"Activated",1.08679705480569e-13
"NFIB",2.232505857935e-07,0.837501219287216,0.000534023992401945,0.981563359237607,0.99999999999975,"COL1A1","KO",FALSE,"Activated",1.08679705480569e-13
"KLF9",2.22359690860418e-07,0.835942671920327,0.000529770386578223,0.981636918747707,0.99999999999975,"COL1A1","KO",FALSE,"Activated",1.08679705480569e-13
"ADM",2.21917640509311e-07,0.835167268195353,0.000527666116647017,0.981673418067354,0.99999999999975,"COL1A1","KO",FALSE,"Activated",1.08679705480569e-13
"RCN3",2.18115965470464e-07,0.828441123807299,0.000509742056533943,0.981987317261493,0.99999999999975,"COL1A1","KO",FALSE,"Activated",1.08679705480569e-13
"RGS3",2.14384213471718e-07,0.821735985345023,0.000492448886143964,0.982295445716968,0.99999999999975,"COL1A1","KO",FALSE,"Activated",1.08679705480569e-13
"COLEC12",2.14354236322409e-07,0.821681701888766,0.000492311178413957,0.98229792092241,0.99999999999975,"COL1A1","KO",FALSE,"Activated",1.08679705480569e-13
"FKBP10",2.13227100027327e-07,0.819635711433504,0.000487147362755858,0.98239098839733,0.99999999999975,"COL1A1","KO",FALSE,"Activated",1.08679705480569e-13
"TESC",2.11727306069686e-07,0.81689822570354,0.000480318482599077,0.982514826530979,0.99999999999975,"COL1A1","KO",FALSE,"Activated",1.08679705480569e-13
"CSPG4",2.11690322477239e-07,0.816830502999994,0.000480150697424129,0.982517880275157,0.99999999999975,"COL1A1","KO",FALSE,"Activated",1.08679705480569e-13
"C11orf96",2.109612442058e-07,0.81549328345271,0.000476849038601045,0.982578080496702,0.99999999999975,"COL1A1","KO",FALSE,"Activated",1.08679705480569e-13
"OLFML2B",2.10174927487814e-07,0.814046443301386,0.000473300940580221,0.982643007025918,0.99999999999975,"COL1A1","KO",FALSE,"Activated",1.08679705480569e-13
"FOXC2",2.06889114708094e-07,0.807947633536353,0.000458617726948934,0.982914319321402,0.99999999999975,"COL1A1","KO",FALSE,"Activated",1.08679705480569e-13
"THY1",2.06624741687952e-07,0.807453174188258,0.000457446387542264,0.982936148907986,0.99999999999975,"COL1A1","KO",FALSE,"Activated",1.08679705480569e-13
"IL24",2.06431048251467e-07,0.807090548455754,0.000456589153965176,0.982952142407567,0.99999999999975,"COL1A1","KO",FALSE,"Activated",1.08679705480569e-13
"FGF1",2.05850682496563e-07,0.806002185137257,0.000454025429049749,0.983000063945679,0.99999999999975,"COL1A1","KO",FALSE,"Activated",1.08679705480569e-13
"NDRG1",1.98824998116186e-07,0.792604605212753,0.000423562525416596,0.983580188450903,0.99999999999975,"COL1A1","KO",FALSE,"Activated",1.08679705480569e-13
"FAT4",1.98801313626861e-07,0.792558729059301,0.000423461619950006,0.983582144140383,0.99999999999975,"COL1A1","KO",FALSE,"Activated",1.08679705480569e-13
"ADAMTS12",1.96544851192984e-07,0.788165461570751,0.000413903308163491,0.983768466524613,0.99999999999975,"COL1A1","KO",FALSE,"Activated",1.08679705480569e-13
"ITGA8",1.95454785655409e-07,0.78602696164198,0.000409324907146695,0.983858476588143,0.99999999999975,"COL1A1","KO",FALSE,"Activated",1.08679705480569e-13
"LTBP2",1.94783060210312e-07,0.784703849814538,0.000406516262854006,0.983913943126184,0.99999999999975,"COL1A1","KO",FALSE,"Activated",1.08679705480569e-13
"LYPD1",1.92942224454582e-07,0.781056899899133,0.000398868846774703,0.984065947273696,0.99999999999975,"COL1A1","KO",FALSE,"Activated",1.08679705480569e-13
"DAB2",1.92397017052261e-07,0.779970798404168,0.000396617820641962,0.984110967037682,0.99999999999975,"COL1A1","KO",FALSE,"Activated",1.08679705480569e-13
"LINC01705",1.91863525598906e-07,0.778905369700271,0.000394421332752523,0.984155019422004,0.99999999999975,"COL1A1","KO",FALSE,"Activated",1.08679705480569e-13
"ZNF469",1.88931119860471e-07,0.77300138186778,0.000382456945852096,0.984397159988739,0.99999999999975,"COL1A1","KO",FALSE,"Activated",1.08679705480569e-13
"SLC40A1",1.87836641565126e-07,0.77077679428123,0.000378038633212366,0.984487535844616,0.99999999999975,"COL1A1","KO",FALSE,"Activated",1.08679705480569e-13
"DPT",1.81290333635816e-07,0.757223960202147,0.000352147696150972,0.985028097214761,0.99999999999975,"COL1A1","KO",FALSE,"Activated",1.08679705480569e-13
"XIST",1.80706376144176e-07,0.7559938358445,0.000349882731582271,0.98507631784159,0.99999999999975,"COL1A1","KO",FALSE,"Activated",1.08679705480569e-13
"C1orf54",1.7754132093059e-07,0.749264072262949,0.000337733739391492,0.985337675046216,0.99999999999975,"COL1A1","KO",FALSE,"Activated",1.08679705480569e-13
"GLIPR1",1.7733453906066e-07,0.748820675386978,0.000336947482488568,0.985354750295188,0.99999999999975,"COL1A1","KO",FALSE,"Activated",1.08679705480569e-13
"NID2",1.7631029570251e-07,0.746617579888458,0.00033306646114893,0.985439328458523,0.99999999999975,"COL1A1","KO",FALSE,"Activated",1.08679705480569e-13
"EMILIN1",1.75634992749674e-07,0.745158770965586,0.000330519927850613,0.985495092525471,0.99999999999975,"COL1A1","KO",FALSE,"Activated",1.08679705480569e-13
"KHDRBS3",1.73240071727286e-07,0.739944450124004,0.000321567585518622,0.98569285698099,0.99999999999975,"COL1A1","KO",FALSE,"Activated",1.08679705480569e-13
"ZNF141",1.72310752047269e-07,0.737903729244025,0.000318126839453531,0.985769597285754,0.99999999999975,"COL1A1","KO",FALSE,"Activated",1.08679705480569e-13
"ENPP2",1.70244235648991e-07,0.733330307149834,0.00031054202945215,0.98594024420007,0.99999999999975,"COL1A1","KO",FALSE,"Activated",1.08679705480569e-13
"BIRC3",1.67786746605695e-07,0.727826576256968,0.000301641339918062,0.986143177335066,0.99999999999975,"COL1A1","KO",FALSE,"Activated",1.08679705480569e-13
"CDKN1A",1.64010100719527e-07,0.719226392514937,0.000288215110134852,0.986455044797936,0.99999999999975,"COL1A1","KO",FALSE,"Activated",1.08679705480569e-13
"FHL1",1.6256189029736e-07,0.71588150464466,0.00028314769881038,0.986574635515979,0.99999999999975,"COL1A1","KO",FALSE,"Activated",1.08679705480569e-13
"VAMP5",1.60120284569866e-07,0.710181413199341,0.0002747060736204,0.986776259786049,0.99999999999975,"COL1A1","KO",FALSE,"Activated",1.08679705480569e-13
"SATB1",1.59976776885898e-07,0.709843972796287,0.00027421388406003,0.986788110469464,0.99999999999975,"COL1A1","KO",FALSE,"Activated",1.08679705480569e-13
"CAV1",1.59634708358314e-07,0.709038548896092,0.000273042468332579,0.986816358068482,0.99999999999975,"COL1A1","KO",FALSE,"Activated",1.08679705480569e-13
"MYADM",1.58997631334585e-07,0.707534386170839,0.000270867477904234,0.98686896715093,0.99999999999975,"COL1A1","KO",FALSE,"Activated",1.08679705480569e-13
"NNMT",1.58898467246033e-07,0.707299771653924,0.000270529712490027,0.986877156011604,0.99999999999975,"COL1A1","KO",FALSE,"Activated",1.08679705480569e-13
"BMP2",1.55501288287782e-07,0.6991821921949,0.000259085756468973,0.987157692119033,0.99999999999975,"COL1A1","KO",FALSE,"Activated",1.08679705480569e-13
"LRP1",1.53614486202246e-07,0.694604941391009,0.000252836575942592,0.987313503295487,0.99999999999975,"COL1A1","KO",FALSE,"Activated",1.08679705480569e-13
"PAPPA",1.51535746854032e-07,0.689503510635472,0.000246040013710237,0.987485165115475,0.99999999999975,"COL1A1","KO",FALSE,"Activated",1.08679705480569e-13
"RUNX3",1.49596863123814e-07,0.684688599249381,0.000239784181243433,0.987645278212895,0.99999999999975,"COL1A1","KO",FALSE,"Activated",1.08679705480569e-13
"PDZRN3",1.48807991937199e-07,0.682713581582206,0.000237261934710701,0.9877104233704,0.99999999999975,"COL1A1","KO",FALSE,"Activated",1.08679705480569e-13
"SSTR2",1.47438489895313e-07,0.679262561377305,0.00023291491668992,0.987823517347018,0.99999999999975,"COL1A1","KO",FALSE,"Activated",1.08679705480569e-13
"FADS3",1.47418289612713e-07,0.679211444413389,0.000232851098553499,0.987825185495538,0.99999999999975,"COL1A1","KO",FALSE,"Activated",1.08679705480569e-13
"PALM2-AKAP2",1.45357681274819e-07,0.673963871678537,0.000226387022795692,0.987995351747102,0.99999999999975,"COL1A1","KO",FALSE,"Activated",1.08679705480569e-13
"SULF1",1.45149483289164e-07,0.673429979419207,0.000225738972182479,0.988012544890025,0.99999999999975,"COL1A1","KO",FALSE,"Activated",1.08679705480569e-13
"LAMC3",1.44934619195822e-07,0.672878274682558,0.00022507114617355,0.988030288530865,0.99999999999975,"COL1A1","KO",FALSE,"Activated",1.08679705480569e-13
"CCL8",1.44379889259208e-07,0.671450511581748,0.000223351546429601,0.988076098579825,0.99999999999975,"COL1A1","KO",FALSE,"Activated",1.08679705480569e-13
"SLC2A3",1.4400995501772e-07,0.670495647472596,0.000222208457419267,0.988106648071968,0.99999999999975,"COL1A1","KO",FALSE,"Activated",1.08679705480569e-13
"CSGALNACT1",1.41650249827959e-07,0.664352726568312,0.000214986032330793,0.98830151499204,0.99999999999975,"COL1A1","KO",FALSE,"Activated",1.08679705480569e-13
"PDGFB",1.40972171058879e-07,0.662570593485008,0.000212932685492492,0.988357511574868,0.99999999999975,"COL1A1","KO",FALSE,"Activated",1.08679705480569e-13
"SORBS2",1.3820754646122e-07,0.655224347984223,0.000204662874453469,0.988585818281781,0.99999999999975,"COL1A1","KO",FALSE,"Activated",1.08679705480569e-13
"ATF3",1.37213187183215e-07,0.652549957970625,0.000201728500114201,0.988667934141917,0.99999999999975,"COL1A1","KO",FALSE,"Activated",1.08679705480569e-13
"CFL2",1.35600855810869e-07,0.648176448216797,0.000197015509431558,0.988801083430819,0.99999999999975,"COL1A1","KO",FALSE,"Activated",1.08679705480569e-13
"FERMT2",1.3309928998654e-07,0.64129796446404,0.000189813471702291,0.989007667951609,0.99999999999975,"COL1A1","KO",FALSE,"Activated",1.08679705480569e-13
"IL7R",1.32431985886496e-07,0.639443577932189,0.000187914952340803,0.989062775440412,0.99999999999975,"COL1A1","KO",FALSE,"Activated",1.08679705480569e-13
"SRGN",1.32271127042289e-07,0.63899531443719,0.000187458726849433,0.989076059537078,0.99999999999975,"COL1A1","KO",FALSE,"Activated",1.08679705480569e-13
"IKZF1",1.29825381287724e-07,0.632119056617327,0.000180590445159616,0.989278035268353,0.99999999999975,"COL1A1","KO",FALSE,"Activated",1.08679705480569e-13
"FOXQ1",1.29082682248217e-07,0.630008020428115,0.000178530128407273,0.989339369327894,0.99999999999975,"COL1A1","KO",FALSE,"Activated",1.08679705480569e-13
"CELF2",1.27714369907968e-07,0.626090161371966,0.000174765251055585,0.989452368360344,0.99999999999975,"COL1A1","KO",FALSE,"Activated",1.08679705480569e-13
"MT1E",1.26395644138846e-07,0.622278613201856,0.000171174776709757,0.989561272596307,0.99999999999975,"COL1A1","KO",FALSE,"Activated",1.08679705480569e-13
"SPON2",1.25289120178822e-07,0.619052870317359,0.000168190814602807,0.989652652735583,0.99999999999975,"COL1A1","KO",FALSE,"Activated",1.08679705480569e-13
"C3",1.24727937925258e-07,0.617407165159314,0.000166687502602051,0.989698996937633,0.99999999999975,"COL1A1","KO",FALSE,"Activated",1.08679705480569e-13
"RHOBTB3",1.24149134698676e-07,0.61570283689205,0.000165144056784289,0.98974679637167,0.99999999999975,"COL1A1","KO",FALSE,"Activated",1.08679705480569e-13
"RAB40B",1.23681470614036e-07,0.614320570086426,0.0001639022200249,0.989785417604417,0.99999999999975,"COL1A1","KO",FALSE,"Activated",1.08679705480569e-13
"IL2RG",1.23444918438933e-07,0.613619616650784,0.000163275863473653,0.989804952867391,0.99999999999975,"COL1A1","KO",FALSE,"Activated",1.08679705480569e-13
"ANK2",1.2006255045504e-07,0.603463360580285,0.000154450985755324,0.990084280693515,0.99999999999975,"COL1A1","KO",FALSE,"Activated",1.08679705480569e-13
"RPL39L",1.19570960700938e-07,0.601966028202363,0.000153188792286016,0.990124878003717,0.99999999999975,"COL1A1","KO",FALSE,"Activated",1.08679705480569e-13
"CYGB",1.19547440919046e-07,0.601894251490493,0.000153128533296586,0.990126820355422,0.99999999999975,"COL1A1","KO",FALSE,"Activated",1.08679705480569e-13
"DUSP4",1.1821977613579e-07,0.597821926597547,0.000149746203393213,0.990236463981805,0.99999999999975,"COL1A1","KO",FALSE,"Activated",1.08679705480569e-13
"PTPRC",1.17849957432595e-07,0.596680308531531,0.000148810787517784,0.990267005055082,0.99999999999975,"COL1A1","KO",FALSE,"Activated",1.08679705480569e-13
"SPARC",1.17795417502147e-07,0.596511674692691,0.000148673082725337,0.990271509176817,0.99999999999975,"COL1A1","KO",FALSE,"Activated",1.08679705480569e-13
"NTM",1.17390534705588e-07,0.595257617219367,0.00014765281004786,0.99030494599856,0.99999999999975,"COL1A1","KO",FALSE,"Activated",1.08679705480569e-13
"GGT5",1.16180369773155e-07,0.591486146805752,0.000144624231362487,0.990404886303444,0.99999999999975,"COL1A1","KO",FALSE,"Activated",1.08679705480569e-13
"LINC00472",1.15992252365853e-07,0.590896729400767,0.00014415626402072,0.990420421811825,0.99999999999975,"COL1A1","KO",FALSE,"Activated",1.08679705480569e-13
"KRT6A",1.15127785714344e-07,0.58817711166279,0.000142015536464023,0.990491813066198,0.99999999999975,"COL1A1","KO",FALSE,"Activated",1.08679705480569e-13
"RGS1",1.09758415686861e-07,0.5708643673132,0.000129077698788664,0.990935239675428,0.99999999999975,"COL1A1","KO",FALSE,"Activated",1.08679705480569e-13
"FMOD",1.07937860794794e-07,0.564822105806212,0.00012483120655764,0.99108558988939,0.99999999999975,"COL1A1","KO",FALSE,"Activated",1.08679705480569e-13
"FYN",1.06736501814827e-07,0.560784810901313,0.00012206790338186,0.9911848040887,0.99999999999975,"COL1A1","KO",FALSE,"Activated",1.08679705480569e-13
"CD7",1.06330749708305e-07,0.559412058323126,0.000121141600442995,0.991218313146463,0.99999999999975,"COL1A1","KO",FALSE,"Activated",1.08679705480569e-13
"ID2",1.05024377092825e-07,0.55496026575764,0.000118183210551038,0.991326200098377,0.99999999999975,"COL1A1","KO",FALSE,"Activated",1.08679705480569e-13
"MITF",1.04356448188902e-07,0.552664973146167,0.000116684759020044,0.991381361154952,0.99999999999975,"COL1A1","KO",FALSE,"Activated",1.08679705480569e-13
"PDE4B",1.01643893151244e-07,0.543206407374822,0.000110697582622202,0.991605378534575,0.99999999999975,"COL1A1","KO",FALSE,"Activated",1.08679705480569e-13
"IGFBP4",1.00520010912363e-07,0.539221225783485,0.000108263137557356,0.991698194967557,0.99999999999975,"COL1A1","KO",FALSE,"Activated",1.08679705480569e-13
"RDH5",1.00514991688211e-07,0.539203338927747,0.000108252326110296,0.991698609483198,0.99999999999975,"COL1A1","KO",FALSE,"Activated",1.08679705480569e-13
"CD3G",1.00224791197305e-07,0.53816780025701,0.000107628149992227,0.991722575868819,0.99999999999975,"COL1A1","KO",FALSE,"Activated",1.08679705480569e-13
"SPOCK1",9.78816181406521e-08,0.529706914230483,0.000102654463046143,0.991916088525321,0.99999999999975,"COL1A1","KO",FALSE,"Activated",1.08679705480569e-13
"MMP1",9.71146288622276e-08,0.526898063835548,0.000101051988643802,0.991979430998348,0.99999999999975,"COL1A1","KO",FALSE,"Activated",1.08679705480569e-13
"FYB1",9.65281145666008e-08,0.524736733257226,9.98350872629392e-05,0.992027868822935,0.99999999999975,"COL1A1","KO",FALSE,"Activated",1.08679705480569e-13
"YPEL2",9.65050741628485e-08,0.524651588969699,9.97874334533522e-05,0.992029771636551,0.99999999999975,"COL1A1","KO",FALSE,"Activated",1.08679705480569e-13
"FMNL1",9.64965758324663e-08,0.524620179364822,9.97698594709309e-05,0.992030473479245,0.99999999999975,"COL1A1","KO",FALSE,"Activated",1.08679705480569e-13
"SAMSN1",9.4912313173579e-08,0.518721137271727,9.65207462637017e-05,0.992161311424156,0.99999999999975,"COL1A1","KO",FALSE,"Activated",1.08679705480569e-13
"ZNF331",9.35676877974339e-08,0.513644925791845,9.38052942439955e-05,0.992272358845571,0.99999999999975,"COL1A1","KO",FALSE,"Activated",1.08679705480569e-13
"CD2",9.35513450011618e-08,0.513582828609106,9.37725285111544e-05,0.992273708534979,0.99999999999975,"COL1A1","KO",FALSE,"Activated",1.08679705480569e-13
"LCP1",9.33008525564607e-08,0.512629825372954,9.32710314454717e-05,0.992294395756376,0.99999999999975,"COL1A1","KO",FALSE,"Activated",1.08679705480569e-13
"ALPL",9.18027917810072e-08,0.5068822196723,9.02999130580145e-05,0.992418115024352,0.99999999999975,"COL1A1","KO",FALSE,"Activated",1.08679705480569e-13
"CD3D",9.07227738559233e-08,0.502686275439879,8.81877364842367e-05,0.992507309801333,0.99999999999975,"COL1A1","KO",FALSE,"Activated",1.08679705480569e-13
"LPL",9.04374939285364e-08,0.501570489880849,8.76339916034983e-05,0.992530870055144,0.99999999999975,"COL1A1","KO",FALSE,"Activated",1.08679705480569e-13
"PTGFR",8.96021441983226e-08,0.49828508364346,8.6022559457314e-05,0.992599858653495,0.99999999999975,"COL1A1","KO",FALSE,"Activated",1.08679705480569e-13
"TUBA1B",8.95550955698472e-08,0.498099229417086,8.5932245081341e-05,0.992603744236018,0.99999999999975,"COL1A1","KO",FALSE,"Activated",1.08679705480569e-13
"MTHFD2",8.94459808074754e-08,0.497667861781698,8.5722971354383e-05,0.992612755645258,0.99999999999975,"COL1A1","KO",FALSE,"Activated",1.08679705480569e-13
"INHBA",8.76882985355495e-08,0.490653529048495,8.23870289625579e-05,0.992757916648254,0.99999999999975,"COL1A1","KO",FALSE,"Activated",1.08679705480569e-13
"CST7",8.72440055540259e-08,0.488860611431962,8.1554278228477e-05,0.992794609333218,0.99999999999975,"COL1A1","KO",FALSE,"Activated",1.08679705480569e-13
"SELENOP",8.59175264371155e-08,0.483458700039712,7.90931888186708e-05,0.992904158937913,0.99999999999975,"COL1A1","KO",FALSE,"Activated",1.08679705480569e-13
"TUBA1C",8.53057866342148e-08,0.480942309914779,7.79708985685978e-05,0.992954680587808,0.99999999999975,"COL1A1","KO",FALSE,"Activated",1.08679705480569e-13
"CHN1",8.52163170394725e-08,0.480572925741434,7.78074309608737e-05,0.992962069600215,0.99999999999975,"COL1A1","KO",FALSE,"Activated",1.08679705480569e-13
"PCDH18",8.51597798049907e-08,0.480339327322955,7.77042216731356e-05,0.992966738832886,0.99999999999975,"COL1A1","KO",FALSE,"Activated",1.08679705480569e-13
"CLEC2D",8.42001009379617e-08,0.476352865235819,7.59627675993477e-05,0.993045995733781,0.99999999999975,"COL1A1","KO",FALSE,"Activated",1.08679705480569e-13
"TRAC",8.41133728405409e-08,0.475990602486684,7.58063612938296e-05,0.993053158341726,0.99999999999975,"COL1A1","KO",FALSE,"Activated",1.08679705480569e-13
"OMD",8.38836359615625e-08,0.475029376766962,7.53928305325006e-05,0.993072131609653,0.99999999999975,"COL1A1","KO",FALSE,"Activated",1.08679705480569e-13
"CD3E",8.3832814153061e-08,0.47481641902658,7.5301503082429e-05,0.993076328828294,0.99999999999975,"COL1A1","KO",FALSE,"Activated",1.08679705480569e-13
"H2AFZ",8.36771063069185e-08,0.47416323996393,7.50220386230734e-05,0.993089188267071,0.99999999999975,"COL1A1","KO",FALSE,"Activated",1.08679705480569e-13
"THBD",8.31424274392144e-08,0.471912013191709,7.40663520647608e-05,0.993133345786807,0.99999999999975,"COL1A1","KO",FALSE,"Activated",1.08679705480569e-13
"POU2F2",8.17989922241386e-08,0.466197947137808,7.16921263117925e-05,0.993244296153601,0.99999999999975,"COL1A1","KO",FALSE,"Activated",1.08679705480569e-13
"FN1",8.09578744578306e-08,0.462577547704994,7.02253236756379e-05,0.993313761664973,0.99999999999975,"COL1A1","KO",FALSE,"Activated",1.08679705480569e-13
"LOX",8.04257543782447e-08,0.460269755094014,6.93052032342795e-05,0.993357707967102,0.99999999999975,"COL1A1","KO",FALSE,"Activated",1.08679705480569e-13
"HMGB2",7.97396121796201e-08,0.457273740935076,6.81277103350187e-05,0.993414374552968,0.99999999999975,"COL1A1","KO",FALSE,"Activated",1.08679705480569e-13
"OLFM2",7.90740980578542e-08,0.45434570101291,6.69952556773763e-05,0.993469337554777,0.99999999999975,"COL1A1","KO",FALSE,"Activated",1.08679705480569e-13
"COL11A1",7.8736728743886e-08,0.452852965095895,6.64248052258392e-05,0.993497199980977,0.99999999999975,"COL1A1","KO",FALSE,"Activated",1.08679705480569e-13
"LAPTM5",7.82175970220257e-08,0.45054479146206,6.55517807649347e-05,0.993540073692103,0.99999999999975,"COL1A1","KO",FALSE,"Activated",1.08679705480569e-13
"METRNL",7.75110689451941e-08,0.447381312292131,6.43728900604146e-05,0.993598424000779,0.99999999999975,"COL1A1","KO",FALSE,"Activated",1.08679705480569e-13
"MGP",7.65037044644797e-08,0.442825968856996,6.2710532013572e-05,0.993681619661511,0.99999999999975,"COL1A1","KO",FALSE,"Activated",1.08679705480569e-13
"MMP13",7.59103444767626e-08,0.440117615662039,6.17415430904764e-05,0.993730623780298,0.99999999999975,"COL1A1","KO",FALSE,"Activated",1.08679705480569e-13
"FZD4",7.57181108770452e-08,0.439236118663567,6.14292333248963e-05,0.993746499878056,0.99999999999975,"COL1A1","KO",FALSE,"Activated",1.08679705480569e-13
"SLA",7.56382079079556e-08,0.438869130827923,6.12996530106151e-05,0.993753098867464,0.99999999999975,"COL1A1","KO",FALSE,"Activated",1.08679705480569e-13
"ANTXR1",7.56140324368731e-08,0.43875802656863,6.12604741035595e-05,0.993755095460159,0.99999999999975,"COL1A1","KO",FALSE,"Activated",1.08679705480569e-13
"AC058791.1",7.53062469909612e-08,0.437340741158048,6.07627699841081e-05,0.993780514706518,0.99999999999975,"COL1A1","KO",FALSE,"Activated",1.08679705480569e-13
"AEBP1",7.45342911931378e-08,0.433763140834334,5.95234104484041e-05,0.993844268673425,0.99999999999975,"COL1A1","KO",FALSE,"Activated",1.08679705480569e-13
"PKIG",7.40409520245667e-08,0.431459391711196,5.87380525741816e-05,0.993885012385729,0.99999999999975,"COL1A1","KO",FALSE,"Activated",1.08679705480569e-13
"TOP2A",7.34544423855703e-08,0.428702643045338,5.78111605000941e-05,0.993933450847033,0.99999999999975,"COL1A1","KO",FALSE,"Activated",1.08679705480569e-13
"CD52",7.33334908357194e-08,0.42813169295535,5.76209312270038e-05,0.993943439955842,0.99999999999975,"COL1A1","KO",FALSE,"Activated",1.08679705480569e-13
"NDC80",7.13764771412315e-08,0.418774667489292,5.45865658999355e-05,0.994105065322239,0.99999999999975,"COL1A1","KO",FALSE,"Activated",1.08679705480569e-13
"CD69",7.1364535607625e-08,0.418716871191937,5.45683023820624e-05,0.994106051547433,0.99999999999975,"COL1A1","KO",FALSE,"Activated",1.08679705480569e-13
"BIRC5",7.08289780076107e-08,0.416115874894904,5.37523561757698e-05,0.994150282089821,0.99999999999975,"COL1A1","KO",FALSE,"Activated",1.08679705480569e-13
"RHOH",7.07899322212623e-08,0.415925557739492,5.3693108546566e-05,0.994153506797463,0.99999999999975,"COL1A1","KO",FALSE,"Activated",1.08679705480569e-13
"TNFAIP3",6.87259465296565e-08,0.405729191370815,5.06077483240289e-05,0.994323967077895,0.99999999999975,"COL1A1","KO",FALSE,"Activated",1.08679705480569e-13
"CENPF",6.75401303578983e-08,0.399746613321762,4.88764150465733e-05,0.994421901283976,0.99999999999975,"COL1A1","KO",FALSE,"Activated",1.08679705480569e-13
"CKS1B",6.75085214861807e-08,0.39958586195427,4.88306772959718e-05,0.994424511799165,0.99999999999975,"COL1A1","KO",FALSE,"Activated",1.08679705480569e-13
"ALOX5AP",6.72444987659756e-08,0.398240502898619,4.84494751259863e-05,0.994446316924043,0.99999999999975,"COL1A1","KO",FALSE,"Activated",1.08679705480569e-13
"ANKRD28",6.70484295776631e-08,0.397238350420895,4.81673524140004e-05,0.994462509901076,0.99999999999975,"COL1A1","KO",FALSE,"Activated",1.08679705480569e-13
"KRT17",6.63494989636929e-08,0.393644520337274,4.71683680189547e-05,0.994520233254281,0.99999999999975,"COL1A1","KO",FALSE,"Activated",1.08679705480569e-13
"GPM6B",6.56145761034665e-08,0.389828936133526,4.61292304902434e-05,0.994580929169738,0.99999999999975,"COL1A1","KO",FALSE,"Activated",1.08679705480569e-13
"TNFRSF1B",6.52760380751512e-08,0.388058441572698,4.56544514687173e-05,0.994608888407948,0.99999999999975,"COL1A1","KO",FALSE,"Activated",1.08679705480569e-13
"ANLN",6.49957504124903e-08,0.386586364272857,4.52632234839525e-05,0.994632036859728,0.99999999999975,"COL1A1","KO",FALSE,"Activated",1.08679705480569e-13
"GATA3",6.36133706839109e-08,0.379241999100819,4.33583125177565e-05,0.994746205170262,0.99999999999975,"COL1A1","KO",FALSE,"Activated",1.08679705480569e-13
"TPX2",6.31236788582588e-08,0.376606093172497,4.26933425953385e-05,0.994786647982824,0.99999999999975,"COL1A1","KO",FALSE,"Activated",1.08679705480569e-13
"GBP5",6.29617819093683e-08,0.375730615359356,4.2474627262959e-05,0.99480001877862,0.99999999999975,"COL1A1","KO",FALSE,"Activated",1.08679705480569e-13
"PTPN22",6.28349192959027e-08,0.375043182704956,4.23036342118773e-05,0.994810496148796,0.99999999999975,"COL1A1","KO",FALSE,"Activated",1.08679705480569e-13
"KIF11",6.22956432534479e-08,0.372107081827334,4.15806145976771e-05,0.994855034061378,0.99999999999975,"COL1A1","KO",FALSE,"Activated",1.08679705480569e-13
"KIF20B",6.22397115952841e-08,0.37180126153004,4.15059824546591e-05,0.99485965336504,0.99999999999975,"COL1A1","KO",FALSE,"Activated",1.08679705480569e-13
"MKI67",6.12942129831356e-08,0.366593980319087,4.02545059815968e-05,0.994937740566399,0.99999999999975,"COL1A1","KO",FALSE,"Activated",1.08679705480569e-13
"UBE2C",6.12306819124415e-08,0.366241517649848,4.01711021374124e-05,0.994942987496535,0.99999999999975,"COL1A1","KO",FALSE,"Activated",1.08679705480569e-13
"TK1",6.08509832338976e-08,0.36412815472645,3.96744353892416e-05,0.994974346211355,0.99999999999975,"COL1A1","KO",FALSE,"Activated",1.08679705480569e-13
"PHYH",6.06322117762059e-08,0.362905137275375,3.93896731358691e-05,0.994992414204424,0.99999999999975,"COL1A1","KO",FALSE,"Activated",1.08679705480569e-13
"HCST",6.0321735615613e-08,0.36116266599962,3.89873047409707e-05,0.99501805595011,0.99999999999975,"COL1A1","KO",FALSE,"Activated",1.08679705480569e-13
"MARCKSL1",6.00583017042821e-08,0.359677909514905,3.86475216922524e-05,0.995039812553257,0.99999999999975,"COL1A1","KO",FALSE,"Activated",1.08679705480569e-13
"STMN1",5.96254687469483e-08,0.357225704389003,3.80924729287377e-05,0.995075559572089,0.99999999999975,"COL1A1","KO",FALSE,"Activated",1.08679705480569e-13
"PRC1",5.91199147463105e-08,0.354341271457242,3.74492524826561e-05,0.995117312524331,0.99999999999975,"COL1A1","KO",FALSE,"Activated",1.08679705480569e-13
"GZMA",5.87632733124131e-08,0.35229316445568,3.69987893789986e-05,0.995146767017438,0.99999999999975,"COL1A1","KO",FALSE,"Activated",1.08679705480569e-13
"CD48",5.85320376445961e-08,0.350959287205261,3.67081790606081e-05,0.995165864435735,0.99999999999975,"COL1A1","KO",FALSE,"Activated",1.08679705480569e-13
"SMC4",5.83262736081437e-08,0.349768375790137,3.64505441972231e-05,0.995182858191284,0.99999999999975,"COL1A1","KO",FALSE,"Activated",1.08679705480569e-13
"TMEM119",5.80563457594661e-08,0.348200392342757,3.61139463176022e-05,0.995205151147025,0.99999999999975,"COL1A1","KO",FALSE,"Activated",1.08679705480569e-13
"TMEM176B",5.79524427587873e-08,0.347595092877675,3.59847962801374e-05,0.995213732348545,0.99999999999975,"COL1A1","KO",FALSE,"Activated",1.08679705480569e-13
"PCLAF",5.79344655078535e-08,0.347490265804265,3.5962474274572e-05,0.995215217064269,0.99999999999975,"COL1A1","KO",FALSE,"Activated",1.08679705480569e-13
"KRT6B",5.70199030714555e-08,0.342118613736337,3.48360178532157e-05,0.995290749503893,0.99999999999975,"COL1A1","KO",FALSE,"Activated",1.08679705480569e-13
"CDK1",5.6674663503937e-08,0.340070818997223,3.44154502365753e-05,0.995319262370615,0.99999999999975,"COL1A1","KO",FALSE,"Activated",1.08679705480569e-13
"CCNB1",5.64762925240381e-08,0.338889128157232,3.41749519861213e-05,0.995335645562977,0.99999999999975,"COL1A1","KO",FALSE,"Activated",1.08679705480569e-13
"CORO1A",5.6344762846238e-08,0.338103561943992,3.40159547887065e-05,0.995346508423205,0.99999999999975,"COL1A1","KO",FALSE,"Activated",1.08679705480569e-13
"KRT16",5.62139807644108e-08,0.337320833814651,3.38582288800105e-05,0.995357309541337,0.99999999999975,"COL1A1","KO",FALSE,"Activated",1.08679705480569e-13
"CCNA2",5.61597104726494e-08,0.336995549229913,3.379288538524e-05,0.995361791652776,0.99999999999975,"COL1A1","KO",FALSE,"Activated",1.08679705480569e-13
"PDE3B",5.57013706936586e-08,0.334237094556394,3.32435442526088e-05,0.995399645333232,0.99999999999975,"COL1A1","KO",FALSE,"Activated",1.08679705480569e-13
"LINC00511",5.56052859986679e-08,0.333656250617535,3.31289531471781e-05,0.995407580843329,0.99999999999975,"COL1A1","KO",FALSE,"Activated",1.08679705480569e-13
"CASC15",5.55938662107997e-08,0.333587156937294,3.31153470030271e-05,0.995408523988799,0.99999999999975,"COL1A1","KO",FALSE,"Activated",1.08679705480569e-13
"PHLDA2",5.55914718949448e-08,0.333572668886516,3.31124946418451e-05,0.995408721732242,0.99999999999975,"COL1A1","KO",FALSE,"Activated",1.08679705480569e-13
"NUSAP1",5.49242120250073e-08,0.329513162617254,3.23223720546262e-05,0.995463829870732,0.99999999999975,"COL1A1","KO",FALSE,"Activated",1.08679705480569e-13
"BGN",5.4846983004619e-08,0.329040470482446,3.22315388841388e-05,0.995470208118067,0.99999999999975,"COL1A1","KO",FALSE,"Activated",1.08679705480569e-13
"SMC2",5.48338205400438e-08,0.32895984825111,3.22160705553781e-05,0.995471295189434,0.99999999999975,"COL1A1","KO",FALSE,"Activated",1.08679705480569e-13
"SPOCK2",5.46605109888408e-08,0.327896682501447,3.2012746066523e-05,0.995485608607723,0.99999999999975,"COL1A1","KO",FALSE,"Activated",1.08679705480569e-13
"NR4A3",5.39280382233777e-08,0.323369791407939,3.11605273511951e-05,0.995546102629983,0.99999999999975,"COL1A1","KO",FALSE,"Activated",1.08679705480569e-13
"CXCR4",5.37017153045991e-08,0.321959934410216,3.08995297978702e-05,0.99556479436589,0.99999999999975,"COL1A1","KO",FALSE,"Activated",1.08679705480569e-13
"CD55",5.36079017967471e-08,0.321373974522675,3.07916650393454e-05,0.99557254231066,0.99999999999975,"COL1A1","KO",FALSE,"Activated",1.08679705480569e-13
"CYTIP",5.36000611514199e-08,0.321324960295951,3.07826585734664e-05,0.995573189860146,0.99999999999975,"COL1A1","KO",FALSE,"Activated",1.08679705480569e-13
"MAD2L1",5.35873107473448e-08,0.321245240006722,3.07680151329968e-05,0.995574242900719,0.99999999999975,"COL1A1","KO",FALSE,"Activated",1.08679705480569e-13
"AURKA",5.3444822290574e-08,0.320353193554813,3.06046085989585e-05,0.995586010851909,0.99999999999975,"COL1A1","KO",FALSE,"Activated",1.08679705480569e-13
"CENPE",5.31179746855183e-08,0.31829891142292,3.02314216278069e-05,0.995613004808236,0.99999999999975,"COL1A1","KO",FALSE,"Activated",1.08679705480569e-13
"MT1X",5.28417957912513e-08,0.316554262524466,2.99178714507047e-05,0.995635814099706,0.99999999999975,"COL1A1","KO",FALSE,"Activated",1.08679705480569e-13
"CKAP2",5.28293149274471e-08,0.316475227353681,2.99037403343808e-05,0.995636844879717,0.99999999999975,"COL1A1","KO",FALSE,"Activated",1.08679705480569e-13
"CD83",5.22613296692236e-08,0.312860672819312,2.92641871364371e-05,0.995683754128598,0.99999999999975,"COL1A1","KO",FALSE,"Activated",1.08679705480569e-13
"CKAP5",5.2150606380839e-08,0.312151962778535,2.91403175524008e-05,0.995692898639316,0.99999999999975,"COL1A1","KO",FALSE,"Activated",1.08679705480569e-13
"CRABP2",5.17944798085727e-08,0.309863336009395,2.87436890699066e-05,0.995722310732551,0.99999999999975,"COL1A1","KO",FALSE,"Activated",1.08679705480569e-13
"IER5",5.15335990808823e-08,0.308177857600246,2.84548633216455e-05,0.995743856582251,0.99999999999975,"COL1A1","KO",FALSE,"Activated",1.08679705480569e-13
"CENPW",5.11495682605408e-08,0.305682810233076,2.80323495283624e-05,0.99577557326704,0.99999999999975,"COL1A1","KO",FALSE,"Activated",1.08679705480569e-13
"HCLS1",5.11027722136162e-08,0.305377632780418,2.79810801584316e-05,0.995779438101753,0.99999999999975,"COL1A1","KO",FALSE,"Activated",1.08679705480569e-13
"CREB3L1",5.10039510807575e-08,0.304732355402157,2.7872966709325e-05,0.995787599632159,0.99999999999975,"COL1A1","KO",FALSE,"Activated",1.08679705480569e-13
"PCOLCE",5.06032499982947e-08,0.302104371022148,2.74367316571262e-05,0.995820693105378,0.99999999999975,"COL1A1","KO",FALSE,"Activated",1.08679705480569e-13
"AC016831.1",5.05420314111624e-08,0.301701234080034,2.73703872245071e-05,0.995825749083554,0.99999999999975,"COL1A1","KO",FALSE,"Activated",1.08679705480569e-13
"SERPINB9",5.02052416166554e-08,0.299475567106716,2.70068341868985e-05,0.995853564198438,0.99999999999975,"COL1A1","KO",FALSE,"Activated",1.08679705480569e-13
"CACNA2D3",4.99140707978458e-08,0.297540588848049,2.66944843660867e-05,0.995877611694164,0.99999999999975,"COL1A1","KO",FALSE,"Activated",1.08679705480569e-13
"CTNNAL1",4.9854233983135e-08,0.297141693343711,2.66305202187948e-05,0.995882553555053,0.99999999999975,"COL1A1","KO",FALSE,"Activated",1.08679705480569e-13
"ENPP1",4.96127028524973e-08,0.295527190145532,2.63731090342761e-05,0.995902501363932,0.99999999999975,"COL1A1","KO",FALSE,"Activated",1.08679705480569e-13
"DUSP2",4.88960581675348e-08,0.290695119542423,2.56167041994969e-05,0.995961688330024,0.99999999999975,"COL1A1","KO",FALSE,"Activated",1.08679705480569e-13
"CXCL8",4.88508848824169e-08,0.290388416192083,2.55693933862004e-05,0.995965419147104,0.99999999999975,"COL1A1","KO",FALSE,"Activated",1.08679705480569e-13
"NFKBIZ",4.8799795560594e-08,0.290041240350562,2.55159392929889e-05,0.995969638563928,0.99999999999975,"COL1A1","KO",FALSE,"Activated",1.08679705480569e-13
"LINC00632",4.85677227821332e-08,0.288460095790492,2.52738286629325e-05,0.995988805227789,0.99999999999975,"COL1A1","KO",FALSE,"Activated",1.08679705480569e-13
"ASPM",4.83329488342786e-08,0.28685366085731,2.50300743857254e-05,0.996008194980945,0.99999999999975,"COL1A1","KO",FALSE,"Activated",1.08679705480569e-13
"KIF23",4.780401051926e-08,0.28320869859877,2.44852319014869e-05,0.996051879493135,0.99999999999975,"COL1A1","KO",FALSE,"Activated",1.08679705480569e-13
"RRM2",4.77506006357145e-08,0.282838644929229,2.44305493418084e-05,0.996056290565261,0.99999999999975,"COL1A1","KO",FALSE,"Activated",1.08679705480569e-13
"CCN1",4.74248788214994e-08,0.280573819659211,2.40983892335352e-05,0.996083191626626,0.99999999999975,"COL1A1","KO",FALSE,"Activated",1.08679705480569e-13
"ZWINT",4.71597739713479e-08,0.278720191988985,2.38297224955986e-05,0.996105086392655,0.99999999999975,"COL1A1","KO",FALSE,"Activated",1.08679705480569e-13
"SLC5A3",4.6987278840966e-08,0.2775090881767,2.36557185389922e-05,0.996119332608582,0.99999999999975,"COL1A1","KO",FALSE,"Activated",1.08679705480569e-13
"CDC20",4.68999877412208e-08,0.276894694277342,2.35679068733014e-05,0.996126541901587,0.99999999999975,"COL1A1","KO",FALSE,"Activated",1.08679705480569e-13
"CEP55",4.64358279036607e-08,0.273610458532999,2.31037215106538e-05,0.996164876448207,0.99999999999975,"COL1A1","KO",FALSE,"Activated",1.08679705480569e-13
"COL8A2",4.63895367710057e-08,0.27328131105998,2.30576810111902e-05,0.996168699592015,0.99999999999975,"COL1A1","KO",FALSE,"Activated",1.08679705480569e-13
"RNF19B",4.63121546427452e-08,0.272730438661323,2.29808203912008e-05,0.996175090513917,0.99999999999975,"COL1A1","KO",FALSE,"Activated",1.08679705480569e-13
"KPNA2",4.58149569985929e-08,0.269171204317387,2.24900344963683e-05,0.996216153635818,0.99999999999975,"COL1A1","KO",FALSE,"Activated",1.08679705480569e-13
"KNL1",4.57824796721803e-08,0.268937512950496,2.24581603072243e-05,0.996218835910368,0.99999999999975,"COL1A1","KO",FALSE,"Activated",1.08679705480569e-13
"COL13A1",4.52312431717977e-08,0.264948304880657,2.19206084073983e-05,0.996264362066935,0.99999999999975,"COL1A1","KO",FALSE,"Activated",1.08679705480569e-13
"GZMB",4.49245811624005e-08,0.262710190445838,2.16243782149187e-05,0.996289689028322,0.99999999999975,"COL1A1","KO",FALSE,"Activated",1.08679705480569e-13
"PTTG1",4.45452621326852e-08,0.259922831667051,2.12607505955428e-05,0.996321016678014,0.99999999999975,"COL1A1","KO",FALSE,"Activated",1.08679705480569e-13
"ITGA11",4.41201804231682e-08,0.2567738699111,2.08569170800938e-05,0.996356123836892,0.99999999999975,"COL1A1","KO",FALSE,"Activated",1.08679705480569e-13
"ARHGAP11A",4.36802131470565e-08,0.253485946173477,2.04430199706404e-05,0.996392460390254,0.99999999999975,"COL1A1","KO",FALSE,"Activated",1.08679705480569e-13
"TGFB3",4.34563728170505e-08,0.251801785065727,2.02340352992694e-05,0.996410947190985,0.99999999999975,"COL1A1","KO",FALSE,"Activated",1.08679705480569e-13
"ECT2",4.33282206274123e-08,0.250834081885305,2.01148715334509e-05,0.996421531182651,0.99999999999975,"COL1A1","KO",FALSE,"Activated",1.08679705480569e-13
"MXD1",4.33012599940887e-08,0.250630170977417,2.00898466907955e-05,0.996423757840889,0.99999999999975,"COL1A1","KO",FALSE,"Activated",1.08679705480569e-13
"TRBC2",4.3205364326316e-08,0.249903963958258,2.00009626258625e-05,0.996431677791511,0.99999999999975,"COL1A1","KO",FALSE,"Activated",1.08679705480569e-13
"RGS2",4.29640165715031e-08,0.248069868551415,1.97781335850819e-05,0.996451610521469,0.99999999999975,"COL1A1","KO",FALSE,"Activated",1.08679705480569e-13
"JAM2",4.29405220723858e-08,0.247890833150824,1.97565084984748e-05,0.996453550914638,0.99999999999975,"COL1A1","KO",FALSE,"Activated",1.08679705480569e-13
"HIST3H2A",4.29305760786567e-08,0.247815015199298,1.97473574521692e-05,0.996454372346853,0.99999999999975,"COL1A1","KO",FALSE,"Activated",1.08679705480569e-13
"TENT5C",4.28741750404934e-08,0.247384774909212,1.96955044401003e-05,0.996459030466662,0.99999999999975,"COL1A1","KO",FALSE,"Activated",1.08679705480569e-13
"APOE",4.27158161575862e-08,0.246174066249065,1.95502795801812e-05,0.996472109209709,0.99999999999975,"COL1A1","KO",FALSE,"Activated",1.08679705480569e-13
"CDCA5",4.23392356725811e-08,0.243278783599965,1.92070904855401e-05,0.996503210717319,0.99999999999975,"COL1A1","KO",FALSE,"Activated",1.08679705480569e-13
"RORA",4.22903410242616e-08,0.242901177523394,1.91627542260373e-05,0.996507248891055,0.99999999999975,"COL1A1","KO",FALSE,"Activated",1.08679705480569e-13
"PXDN",4.22373896456156e-08,0.242491801505916,1.91147972228394e-05,0.996511622107323,0.99999999999975,"COL1A1","KO",FALSE,"Activated",1.08679705480569e-13
"CENPM",4.22005052201538e-08,0.242206370640526,1.90814272406161e-05,0.996514668365548,0.99999999999975,"COL1A1","KO",FALSE,"Activated",1.08679705480569e-13
"GPR65",4.21967873631061e-08,0.242177587558599,1.90780652479866e-05,0.996514975420696,0.99999999999975,"COL1A1","KO",FALSE,"Activated",1.08679705480569e-13
"TSPAN15",4.19937910014685e-08,0.24060256931159,1.88949488225428e-05,0.996531740745441,0.99999999999975,"COL1A1","KO",FALSE,"Activated",1.08679705480569e-13
"HJURP",4.16481953487424e-08,0.237905420620476,1.85852295975647e-05,0.996560283247464,0.99999999999975,"COL1A1","KO",FALSE,"Activated",1.08679705480569e-13
"RPA3",4.16228557490603e-08,0.237706875250866,1.8562621222403e-05,0.996562376027363,0.99999999999975,"COL1A1","KO",FALSE,"Activated",1.08679705480569e-13
"ZC3H12A",4.15990643333509e-08,0.237520362118349,1.85414066847088e-05,0.996564340943846,0.99999999999975,"COL1A1","KO",FALSE,"Activated",1.08679705480569e-13
"FOXM1",4.1474513206264e-08,0.236542382817358,1.84305438113352e-05,0.996574627535186,0.99999999999975,"COL1A1","KO",FALSE,"Activated",1.08679705480569e-13
"GTSE1",4.14693433538301e-08,0.236501732255823,1.84259493148202e-05,0.99657505450973,0.99999999999975,"COL1A1","KO",FALSE,"Activated",1.08679705480569e-13
"GNG11",4.13570923903531e-08,0.235617983788032,1.83263320518294e-05,0.996584325239583,0.99999999999975,"COL1A1","KO",FALSE,"Activated",1.08679705480569e-13
"NUF2",4.13236501399404e-08,0.23535427939704,1.82967058881591e-05,0.996587087212129,0.99999999999975,"COL1A1","KO",FALSE,"Activated",1.08679705480569e-13
"SHCBP1",4.09680425525646e-08,0.232538321341749,1.79831589463016e-05,0.996616456601609,0.99999999999975,"COL1A1","KO",FALSE,"Activated",1.08679705480569e-13
"UBE2T",4.08723675727012e-08,0.231776968071263,1.78992628542329e-05,0.996624358334097,0.99999999999975,"COL1A1","KO",FALSE,"Activated",1.08679705480569e-13
"COL8A1",4.08494977651425e-08,0.231594740989651,1.78792376784869e-05,0.99662624713623,0.99999999999975,"COL1A1","KO",FALSE,"Activated",1.08679705480569e-13
"CKAP2L",4.07741791346383e-08,0.230993955221777,1.78133666985489e-05,0.996632467651758,0.99999999999975,"COL1A1","KO",FALSE,"Activated",1.08679705480569e-13
"PTGER3",4.05283945799044e-08,0.229026508200363,1.75992579382402e-05,0.996652766835851,0.99999999999975,"COL1A1","KO",FALSE,"Activated",1.08679705480569e-13
"FGFBP1",4.03262897613963e-08,0.227400699960919,1.74241695241871e-05,0.996669458540993,0.99999999999975,"COL1A1","KO",FALSE,"Activated",1.08679705480569e-13
"IL2RB",4.0005903997665e-08,0.224808408336229,1.71484050020953e-05,0.996695918995238,0.99999999999975,"COL1A1","KO",FALSE,"Activated",1.08679705480569e-13
"FJX1",3.99857368364526e-08,0.224644612548528,1.71311201793446e-05,0.996697584588239,0.99999999999975,"COL1A1","KO",FALSE,"Activated",1.08679705480569e-13
"TMEM106C",3.99352238865472e-08,0.224234026766727,1.70878649137996e-05,0.996701756420664,0.99999999999975,"COL1A1","KO",FALSE,"Activated",1.08679705480569e-13
"ENTPD1",3.9766816587881e-08,0.222861795095866,1.69440493445359e-05,0.996715665073069,0.99999999999975,"COL1A1","KO",FALSE,"Activated",1.08679705480569e-13
"LAMA2",3.97527528014318e-08,0.222746964386112,1.69320667231293e-05,0.996716826592352,0.99999999999975,"COL1A1","KO",FALSE,"Activated",1.08679705480569e-13
"LSP1",3.9630144347068e-08,0.221744326069223,1.68277814657158e-05,0.996726952747828,0.99999999999975,"COL1A1","KO",FALSE,"Activated",1.08679705480569e-13
"AC134312.5",3.96100749366283e-08,0.221579943187996,1.68107420052771e-05,0.99672861026792,0.99999999999975,"COL1A1","KO",FALSE,"Activated",1.08679705480569e-13
"EVI2A",3.94370827476582e-08,0.220159918003136,1.6664224907464e-05,0.996742897585507,0.99999999999975,"COL1A1","KO",FALSE,"Activated",1.08679705480569e-13
"SLAMF8",3.926555851541e-08,0.218746434627761,1.65195842635149e-05,0.99675706366649,0.99999999999975,"COL1A1","KO",FALSE,"Activated",1.08679705480569e-13
"SGO2",3.92470757807801e-08,0.218593794315371,1.6504036020054e-05,0.996758590144251,0.99999999999975,"COL1A1","KO",FALSE,"Activated",1.08679705480569e-13
"TACC3",3.90309378956955e-08,0.216804026541875,1.63227575407351e-05,0.996776440841012,0.99999999999975,"COL1A1","KO",FALSE,"Activated",1.08679705480569e-13
"CCNB2",3.88900796273637e-08,0.215632850608722,1.6205156134441e-05,0.996788074240779,0.99999999999975,"COL1A1","KO",FALSE,"Activated",1.08679705480569e-13
"SDC4",3.82750770740297e-08,0.21047453058217,1.5696676320819e-05,0.99683886694019,0.99999999999975,"COL1A1","KO",FALSE,"Activated",1.08679705480569e-13
"DIAPH3",3.82680741109682e-08,0.210415367966244,1.56909329913804e-05,0.996839445310868,0.99999999999975,"COL1A1","KO",FALSE,"Activated",1.08679705480569e-13
"LMNB1",3.82608797422592e-08,0.210354578233027,1.56850337791166e-05,0.996840039489629,0.99999999999975,"COL1A1","KO",FALSE,"Activated",1.08679705480569e-13
"NCAPD2",3.81739207695455e-08,0.209618998058398,1.5613817202702e-05,0.996847221381155,0.99999999999975,"COL1A1","KO",FALSE,"Activated",1.08679705480569e-13
"DLGAP5",3.80660468586286e-08,0.208704415431143,1.5525697163353e-05,0.99685613062575,0.99999999999975,"COL1A1","KO",FALSE,"Activated",1.08679705480569e-13
"NCAPG",3.80245343657724e-08,0.208351844462511,1.54918528840535e-05,0.996859559118893,0.99999999999975,"COL1A1","KO",FALSE,"Activated",1.08679705480569e-13
"KIF4A",3.79989096302805e-08,0.20813403848823,1.54709799987735e-05,0.996861675451232,0.99999999999975,"COL1A1","KO",FALSE,"Activated",1.08679705480569e-13
"AURKB",3.7738955341647e-08,0.20591701718414,1.52600270502262e-05,0.99688314492942,0.99999999999975,"COL1A1","KO",FALSE,"Activated",1.08679705480569e-13
"KIF2C",3.76060093201126e-08,0.204777905483617,1.51527010031989e-05,0.996894124867283,0.99999999999975,"COL1A1","KO",FALSE,"Activated",1.08679705480569e-13
"HMMR",3.70882831580274e-08,0.200307327055832,1.47383550662826e-05,0.996936883588206,0.99999999999975,"COL1A1","KO",FALSE,"Activated",1.08679705480569e-13
"ANGPTL1",3.70384862186764e-08,0.199874393438333,1.46988044478547e-05,0.996940996290692,0.99999999999975,"COL1A1","KO",FALSE,"Activated",1.08679705480569e-13
"TYMS",3.68414416886165e-08,0.198156173465897,1.45428253509928e-05,0.996957270093434,0.99999999999975,"COL1A1","KO",FALSE,"Activated",1.08679705480569e-13
"SYTL3",3.68168345233618e-08,0.197941023361968,1.45234049276878e-05,0.99695930238619,0.99999999999975,"COL1A1","KO",FALSE,"Activated",1.08679705480569e-13
"PKMYT1",3.6780211454291e-08,0.197620575356404,1.44945253609069e-05,0.996962327066119,0.99999999999975,"COL1A1","KO",FALSE,"Activated",1.08679705480569e-13
"MT2A",3.66131945698147e-08,0.196155569105532,1.43631865814755e-05,0.996976120902936,0.99999999999975,"COL1A1","KO",FALSE,"Activated",1.08679705480569e-13
"GPR183",3.61304130375408e-08,0.191886954805561,1.39868980004973e-05,0.99701599358133,0.99999999999975,"COL1A1","KO",FALSE,"Activated",1.08679705480569e-13
"MND1",3.6108811805506e-08,0.191694773768395,1.39701783515639e-05,0.997017777616147,0.99999999999975,"COL1A1","KO",FALSE,"Activated",1.08679705480569e-13
"TRIP13",3.58616856972233e-08,0.18948880730029,1.3779610915981e-05,0.997038187637361,0.99999999999975,"COL1A1","KO",FALSE,"Activated",1.08679705480569e-13
"BUB1B",3.58031268591949e-08,0.188964091962885,1.37346459804758e-05,0.997043023982679,0.99999999999975,"COL1A1","KO",FALSE,"Activated",1.08679705480569e-13
"CDCA3",3.57149693003389e-08,0.188172709256201,1.36670919826356e-05,0.997050304871839,0.99999999999975,"COL1A1","KO",FALSE,"Activated",1.08679705480569e-13
"ADAMTS6",3.56041189102222e-08,0.18717513302527,1.35823851265442e-05,0.997059459951051,0.99999999999975,"COL1A1","KO",FALSE,"Activated",1.08679705480569e-13
"FABP5",3.53354245656941e-08,0.184745501815036,1.33781537475224e-05,0.997081651286448,0.99999999999975,"COL1A1","KO",FALSE,"Activated",1.08679705480569e-13
"MYBL2",3.5273741392234e-08,0.184185410195114,1.33314874499853e-05,0.997086745670101,0.99999999999975,"COL1A1","KO",FALSE,"Activated",1.08679705480569e-13
"NEK2",3.52639154186248e-08,0.184096108186256,1.33240611553253e-05,0.99708755719255,0.99999999999975,"COL1A1","KO",FALSE,"Activated",1.08679705480569e-13
"PRR11",3.52116024402353e-08,0.183620294107979,1.32845587739406e-05,0.997091877696404,0.99999999999975,"COL1A1","KO",FALSE,"Activated",1.08679705480569e-13
"ORC6",3.46931789507035e-08,0.178870488068026,1.28962590266302e-05,0.997134694048934,0.99999999999975,"COL1A1","KO",FALSE,"Activated",1.08679705480569e-13
"CDKN2A",3.45931177920198e-08,0.177946427878461,1.2821976198142e-05,0.997142958053992,0.99999999999975,"COL1A1","KO",FALSE,"Activated",1.08679705480569e-13
"DNAJA4",3.4449166568633e-08,0.176612845059052,1.27154868748224e-05,0.997154846919836,0.99999999999975,"COL1A1","KO",FALSE,"Activated",1.08679705480569e-13
"EGR1",3.4219130536064e-08,0.17447138525701,1.25462372552194e-05,0.997173845492094,0.99999999999975,"COL1A1","KO",FALSE,"Activated",1.08679705480569e-13
"CREM",3.39238698024146e-08,0.171703794719388,1.23306602168572e-05,0.997198230945367,0.99999999999975,"COL1A1","KO",FALSE,"Activated",1.08679705480569e-13
"MT1G",3.38140528866864e-08,0.170668943215958,1.22509568493006e-05,0.997207300676487,0.99999999999975,"COL1A1","KO",FALSE,"Activated",1.08679705480569e-13
"KNSTRN",3.37645483333012e-08,0.170201458036689,1.2215111740736e-05,0.997211389236053,0.99999999999975,"COL1A1","KO",FALSE,"Activated",1.08679705480569e-13
"DEPDC1",3.37297887993613e-08,0.16987284788295,1.2189974544459e-05,0.997214260010911,0.99999999999975,"COL1A1","KO",FALSE,"Activated",1.08679705480569e-13
"HMGB3",3.37080879779744e-08,0.169667538843837,1.21742941993844e-05,0.997216052272371,0.99999999999975,"COL1A1","KO",FALSE,"Activated",1.08679705480569e-13
"GEM",3.36056623054126e-08,0.168696903281758,1.21004207859592e-05,0.997224511564595,0.99999999999975,"COL1A1","KO",FALSE,"Activated",1.08679705480569e-13
"ANPEP",3.35197457306082e-08,0.167880674358497,1.2038627762026e-05,0.997231607377778,0.99999999999975,"COL1A1","KO",FALSE,"Activated",1.08679705480569e-13
"CDCA8",3.35170355134612e-08,0.167854896204356,1.20366810899588e-05,0.997231831213458,0.99999999999975,"COL1A1","KO",FALSE,"Activated",1.08679705480569e-13
"KIF14",3.33198033529984e-08,0.165973907738753,1.18954373566455e-05,0.997248120534117,0.99999999999975,"COL1A1","KO",FALSE,"Activated",1.08679705480569e-13
"ADAMTS14",3.30206868717362e-08,0.163102175767664,1.16828220267193e-05,0.997272824439898,0.99999999999975,"COL1A1","KO",FALSE,"Activated",1.08679705480569e-13
"PLK1",3.23715826660514e-08,0.156789457191738,1.12280262862405e-05,0.997326433695236,0.99999999999975,"COL1A1","KO",FALSE,"Activated",1.08679705480569e-13
"CDKN3",3.19393150426907e-08,0.152522467329235,1.09301658404043e-05,0.997362134511141,0.99999999999975,"COL1A1","KO",FALSE,"Activated",1.08679705480569e-13
"CAPN3",3.19022702957072e-08,0.152154394774456,1.09048258847247e-05,0.99736519402272,0.99999999999975,"COL1A1","KO",FALSE,"Activated",1.08679705480569e-13
"RGCC",3.15114554455876e-08,0.148247848303331,1.06392859264725e-05,0.997397471275062,0.99999999999975,"COL1A1","KO",FALSE,"Activated",1.08679705480569e-13
"CCNF",3.13152927611198e-08,0.146270673659516,1.05072364957624e-05,0.997413672279434,0.99999999999975,"COL1A1","KO",FALSE,"Activated",1.08679705480569e-13
"FANCI",3.10685769063821e-08,0.143768181633346,1.03423272804987e-05,0.997434048453164,0.99999999999975,"COL1A1","KO",FALSE,"Activated",1.08679705480569e-13
"GPR157",3.08123275543176e-08,0.141150111788578,1.01724266526538e-05,0.997455211996782,0.99999999999975,"COL1A1","KO",FALSE,"Activated",1.08679705480569e-13
"ITM2A",3.04903861170511e-08,0.137833146147483,9.96096475105198e-06,0.997481801029086,0.99999999999975,"COL1A1","KO",FALSE,"Activated",1.08679705480569e-13
"ATAD2",3.04154444193786e-08,0.137056530833855,9.91205922307384e-06,0.99748799043846,0.99999999999975,"COL1A1","KO",FALSE,"Activated",1.08679705480569e-13
"RAB11FIP1",3.03878950176066e-08,0.136770608379767,9.89411126030579e-06,0.99749026573424,0.99999999999975,"COL1A1","KO",FALSE,"Activated",1.08679705480569e-13
"PERP",3.03373911029016e-08,0.136245849420163,9.86125106293609e-06,0.997494436835536,0.99999999999975,"COL1A1","KO",FALSE,"Activated",1.08679705480569e-13
"RASD1",3.02940469116821e-08,0.13579486023186,9.83309289937131e-06,0.997498016617737,0.99999999999975,"COL1A1","KO",FALSE,"Activated",1.08679705480569e-13
"NOVA1",3.02387194905256e-08,0.135218348715131,9.79720843195285e-06,0.997502586090949,0.99999999999975,"COL1A1","KO",FALSE,"Activated",1.08679705480569e-13
"MAP1LC3A",3.02275066139005e-08,0.135101395684353,9.78994393639753e-06,0.99750351215869,0.99999999999975,"COL1A1","KO",FALSE,"Activated",1.08679705480569e-13
"EDNRB",2.99820324391382e-08,0.132531273310882,9.6315835086712e-06,0.997523785789755,0.99999999999975,"COL1A1","KO",FALSE,"Activated",1.08679705480569e-13
"PRDM1",2.98647132573042e-08,0.131296288225805,9.5563545378799e-06,0.997533475142822,0.99999999999975,"COL1A1","KO",FALSE,"Activated",1.08679705480569e-13
"NKG7",2.96734493517797e-08,0.129273579294755,9.43434212869483e-06,0.997549271567346,0.99999999999975,"COL1A1","KO",FALSE,"Activated",1.08679705480569e-13
"TNFRSF18",2.96220471590373e-08,0.128727989345473,9.40168493134199e-06,0.997553516858099,0.99999999999975,"COL1A1","KO",FALSE,"Activated",1.08679705480569e-13
"UBE2S",2.96107296954091e-08,0.128607750559078,9.39450224742018e-06,0.99755445156383,0.99999999999975,"COL1A1","KO",FALSE,"Activated",1.08679705480569e-13
"COL5A3",2.95379597902705e-08,0.127833647169928,9.34838403232442e-06,0.997560461607294,0.99999999999975,"COL1A1","KO",FALSE,"Activated",1.08679705480569e-13
"ZC3HAV1",2.94312454401656e-08,0.126695364804786,9.28095861341105e-06,0.99756927511199,0.99999999999975,"COL1A1","KO",FALSE,"Activated",1.08679705480569e-13
"TCOF1",2.90898204919985e-08,0.123028560625064,9.06687519285658e-06,0.997597473293328,0.99999999999975,"COL1A1","KO",FALSE,"Activated",1.08679705480569e-13
"CKS2",2.90277293598435e-08,0.12235758908002,9.02821068998814e-06,0.997602601381138,0.99999999999975,"COL1A1","KO",FALSE,"Activated",1.08679705480569e-13
"C15orf48",2.88690188602994e-08,0.120636677006287,8.92975623196054e-06,0.997615709233702,0.99999999999975,"COL1A1","KO",FALSE,"Activated",1.08679705480569e-13
"DUSP1",2.88438111576101e-08,0.120362569721856,8.9141685622839e-06,0.997617791130367,0.99999999999975,"COL1A1","KO",FALSE,"Activated",1.08679705480569e-13
"CENPA",2.88153866591409e-08,0.120053226176809,8.89660805887977e-06,0.997620138701258,0.99999999999975,"COL1A1","KO",FALSE,"Activated",1.08679705480569e-13
"PSRC1",2.831086545464e-08,0.114516638876406,8.58779851697725e-06,0.997661806961187,0.99999999999975,"COL1A1","KO",FALSE,"Activated",1.08679705480569e-13
"KIFC1",2.81183111983675e-08,0.112380281135471,8.47137723118237e-06,0.997677709963045,0.99999999999975,"COL1A1","KO",FALSE,"Activated",1.08679705480569e-13
"LYAR",2.81050534449418e-08,0.112232707805546,8.46339062399566e-06,0.997678804917205,0.99999999999975,"COL1A1","KO",FALSE,"Activated",1.08679705480569e-13
"RACGAP1",2.80554240035718e-08,0.111679724673381,8.43352677828898e-06,0.997682903798972,0.99999999999975,"COL1A1","KO",FALSE,"Activated",1.08679705480569e-13
"HELLS",2.79877630758729e-08,0.11092442003122,8.39289776006153e-06,0.997688491896282,0.99999999999975,"COL1A1","KO",FALSE,"Activated",1.08679705480569e-13
"TSTD1",2.77533700052403e-08,0.108295187722988,8.25290804933428e-06,0.997707850356048,0.99999999999975,"COL1A1","KO",FALSE,"Activated",1.08679705480569e-13
"PDE4C",2.77333906530818e-08,0.108070158410813,8.2410299670864e-06,0.997709500445355,0.99999999999975,"COL1A1","KO",FALSE,"Activated",1.08679705480569e-13
"BUB1",2.76965147259167e-08,0.107654440563569,8.21912903286632e-06,0.997712546018262,0.99999999999975,"COL1A1","KO",FALSE,"Activated",1.08679705480569e-13
"GK",2.76232755930267e-08,0.106827315743866,8.1757180844449e-06,0.997718594818649,0.99999999999975,"COL1A1","KO",FALSE,"Activated",1.08679705480569e-13
"P3H2",2.7610171578664e-08,0.106679119086425,8.16796307976465e-06,0.997719677075702,0.99999999999975,"COL1A1","KO",FALSE,"Activated",1.08679705480569e-13
"CD70",2.75969984800995e-08,0.106530077754081,8.16017089966163e-06,0.997720765038405,0.99999999999975,"COL1A1","KO",FALSE,"Activated",1.08679705480569e-13
"TCIM",2.73505094525218e-08,0.10372949075838,8.01505294559272e-06,0.997741122502351,0.99999999999975,"COL1A1","KO",FALSE,"Activated",1.08679705480569e-13
"TSPAN11",2.73104477885491e-08,0.103272183720314,7.99159004115135e-06,0.997744431184779,0.99999999999975,"COL1A1","KO",FALSE,"Activated",1.08679705480569e-13
"NEXN",2.72912709974395e-08,0.103053066888463,7.98037094664283e-06,0.997746014990993,0.99999999999975,"COL1A1","KO",FALSE,"Activated",1.08679705480569e-13
"RAD51AP1",2.72038410030657e-08,0.102052331498451,7.92932120424153e-06,0.997753235811708,0.99999999999975,"COL1A1","KO",FALSE,"Activated",1.08679705480569e-13
"CLSPN",2.71247208168307e-08,0.101144230102981,7.88326469011782e-06,0.997759770327667,0.99999999999975,"COL1A1","KO",FALSE,"Activated",1.08679705480569e-13
"CENPK",2.70663132648215e-08,0.100472337436648,7.84935123815362e-06,0.997764594192557,0.99999999999975,"COL1A1","KO",FALSE,"Activated",1.08679705480569e-13
"RUNX1T1",2.67671877725414e-08,0.09701088999208,7.67681449089646e-06,0.997789298892285,0.99999999999975,"COL1A1","KO",FALSE,"Activated",1.08679705480569e-13
"SPC25",2.65809493771957e-08,0.0948382525557998,7.57035998829798e-06,0.997804680275933,0.99999999999975,"COL1A1","KO",FALSE,"Activated",1.08679705480569e-13
"PBK",2.65715280760075e-08,0.0947279834470539,7.56499449131664e-06,0.997805458378922,0.99999999999975,"COL1A1","KO",FALSE,"Activated",1.08679705480569e-13
"DRAM1",2.62873031590005e-08,0.0913848067337435,7.40402066785991e-06,0.997828932447128,0.99999999999975,"COL1A1","KO",FALSE,"Activated",1.08679705480569e-13
"SGO1",2.61428618540784e-08,0.0896734242589029,7.32287820546757e-06,0.997840861820823,0.99999999999975,"COL1A1","KO",FALSE,"Activated",1.08679705480569e-13
"OLFML3",2.60855532283563e-08,0.0889920721499325,7.29080795172753e-06,0.997845594926994,0.99999999999975,"COL1A1","KO",FALSE,"Activated",1.08679705480569e-13
"F2RL2",2.60399101399223e-08,0.0884484557199471,7.26531615146901e-06,0.997849364579186,0.99999999999975,"COL1A1","KO",FALSE,"Activated",1.08679705480569e-13
"SLC2A1",2.5872204853723e-08,0.0864437173777844,7.17203561602732e-06,0.997863215320674,0.99999999999975,"COL1A1","KO",FALSE,"Activated",1.08679705480569e-13
"MCM4",2.5845783638151e-08,0.0861268212407836,7.15739464184802e-06,0.997865397442924,0.99999999999975,"COL1A1","KO",FALSE,"Activated",1.08679705480569e-13
"CIT",2.54762547473989e-08,0.0816640724127793,6.9541927015526e-06,0.99789591675255,0.99999999999975,"COL1A1","KO",FALSE,"Activated",1.08679705480569e-13
"CYFIP2",2.52199021883758e-08,0.078534017779572,6.81494493096687e-06,0.997917088855699,0.99999999999975,"COL1A1","KO",FALSE,"Activated",1.08679705480569e-13
"ATAD5",2.50326885905192e-08,0.0762301272636311,6.71414240816771e-06,0.997932550787725,0.99999999999975,"COL1A1","KO",FALSE,"Activated",1.08679705480569e-13
"MFAP4",2.50098581126237e-08,0.0759481177136953,6.70190103997946e-06,0.99793443635219,0.99999999999975,"COL1A1","KO",FALSE,"Activated",1.08679705480569e-13
"PPP1R14B",2.49392108849018e-08,0.0750739998339777,6.66409178871395e-06,0.99794027109224,0.99999999999975,"COL1A1","KO",FALSE,"Activated",1.08679705480569e-13
"PTGER4",2.47881538465758e-08,0.0731975209072148,6.58360734155914e-06,0.997952746862428,0.99999999999975,"COL1A1","KO",FALSE,"Activated",1.08679705480569e-13
"MCM3",2.46396344526337e-08,0.0713425731354254,6.50495169573894e-06,0.997965013049569,0.99999999999975,"COL1A1","KO",FALSE,"Activated",1.08679705480569e-13
"DDAH1",2.44785943233736e-08,0.0693199181421594,6.42019922592151e-06,0.997978313322288,0.99999999999975,"COL1A1","KO",FALSE,"Activated",1.08679705480569e-13
"DDR2",2.44734304204336e-08,0.069254863199111,6.41749075432546e-06,0.997978739808029,0.99999999999975,"COL1A1","KO",FALSE,"Activated",1.08679705480569e-13
"C16orf74",2.43627241367574e-08,0.0678572238268403,6.35956265399899e-06,0.997987883018642,0.99999999999975,"COL1A1","KO",FALSE,"Activated",1.08679705480569e-13
"PCNA",2.43172342418491e-08,0.0672812789689903,6.33583577110465e-06,0.997991640020364,0.99999999999975,"COL1A1","KO",FALSE,"Activated",1.08679705480569e-13
"ITGB4",2.41654079501615e-08,0.0653520187608903,6.25696631978719e-06,0.998004179325085,0.99999999999975,"COL1A1","KO",FALSE,"Activated",1.08679705480569e-13
"CCN2",2.40053208526702e-08,0.0633060172729934,6.17434062914057e-06,0.998017400888729,0.99999999999975,"COL1A1","KO",FALSE,"Activated",1.08679705480569e-13
"TTK",2.38304564664537e-08,0.0610571692539151,6.084715507443e-06,0.998031842906525,0.99999999999975,"COL1A1","KO",FALSE,"Activated",1.08679705480569e-13
"BRCA1",2.36401235919366e-08,0.0585925603013059,5.98790691623243e-06,0.998047562464685,0.99999999999975,"COL1A1","KO",FALSE,"Activated",1.08679705480569e-13
"DHFR",2.34985060271621e-08,0.0567472275428317,5.91637997884768e-06,0.998059258634594,0.99999999999975,"COL1A1","KO",FALSE,"Activated",1.08679705480569e-13
"AC253572.2",2.31099116237161e-08,0.0516321424731143,5.72231978737345e-06,0.998091352580551,0.99999999999975,"COL1A1","KO",FALSE,"Activated",1.08679705480569e-13
"IL1B",2.31096672666769e-08,0.0516289018764829,5.7221987759433e-06,0.998091372761959,0.99999999999975,"COL1A1","KO",FALSE,"Activated",1.08679705480569e-13
"HSPA2",2.31094551573369e-08,0.051626088915239,5.72209373537983e-06,0.998091390280034,0.99999999999975,"COL1A1","KO",FALSE,"Activated",1.08679705480569e-13
"FEN1",2.28120867232769e-08,0.0476595516257463,5.57577939876343e-06,0.998115949890724,0.99999999999975,"COL1A1","KO",FALSE,"Activated",1.08679705480569e-13
"DBF4",2.27104139183898e-08,0.04629275113929,5.52618798716202e-06,0.998124347031583,0.99999999999975,"COL1A1","KO",FALSE,"Activated",1.08679705480569e-13
"SMYD3",2.2685251043097e-08,0.0459536391313715,5.51394886689556e-06,0.998126425229502,0.99999999999975,"COL1A1","KO",FALSE,"Activated",1.08679705480569e-13
"TUBA4A",2.24536497220825e-08,0.0428165334823447,5.40193608944991e-06,0.998145553146829,0.99999999999975,"COL1A1","KO",FALSE,"Activated",1.08679705480569e-13
"CENPU",2.23100472020176e-08,0.0408568379470885,5.3330607800106e-06,0.998157413257315,0.99999999999975,"COL1A1","KO",FALSE,"Activated",1.08679705480569e-13
"HIST1H4C",2.19770664375563e-08,0.0362690146488575,5.17505532618173e-06,0.998184914090021,0.99999999999975,"COL1A1","KO",FALSE,"Activated",1.08679705480569e-13
"KIF20A",2.19343330381938e-08,0.0356757401764511,5.1549495763256e-06,0.99818844343539,0.99999999999975,"COL1A1","KO",FALSE,"Activated",1.08679705480569e-13
"KIF18A",2.16766934434266e-08,0.0320768411749789,5.03456122380718e-06,0.998209721853589,0.99999999999975,"COL1A1","KO",FALSE,"Activated",1.08679705480569e-13
"CCL4",2.15906775591393e-08,0.0308667916114485,4.99468493607535e-06,0.99821682589376,0.99999999999975,"COL1A1","KO",FALSE,"Activated",1.08679705480569e-13
"CLU",2.15337693294789e-08,0.030063850298397,4.9683898759374e-06,0.998221525936776,0.99999999999975,"COL1A1","KO",FALSE,"Activated",1.08679705480569e-13
"MELK",2.1530176407872e-08,0.0300130926747954,4.96673205692427e-06,0.998221822675689,0.99999999999975,"COL1A1","KO",FALSE,"Activated",1.08679705480569e-13
"SPRY1",2.15300342579809e-08,0.0300110843509618,4.9666664728736e-06,0.99822183441583,0.99999999999975,"COL1A1","KO",FALSE,"Activated",1.08679705480569e-13
"CCL11",2.13301480168224e-08,0.0271752533045027,4.87487285863708e-06,0.998238342994044,0.99999999999975,"COL1A1","KO",FALSE,"Activated",1.08679705480569e-13
"DIRAS3",2.12488382936213e-08,0.0260148924034897,4.83777803116653e-06,0.998245058353543,0.99999999999975,"COL1A1","KO",FALSE,"Activated",1.08679705480569e-13
"INCENP",2.1151844895787e-08,0.0246255091465357,4.79371335498565e-06,0.99825306902586,0.99999999999975,"COL1A1","KO",FALSE,"Activated",1.08679705480569e-13
"BRCA2",2.11189719268448e-08,0.0241533274938714,4.77882471171316e-06,0.998255784000198,0.99999999999975,"COL1A1","KO",FALSE,"Activated",1.08679705480569e-13
"S100A9",2.11173694222617e-08,0.0241302926042737,4.77809950615094e-06,0.998255916350849,0.99999999999975,"COL1A1","KO",FALSE,"Activated",1.08679705480569e-13
"FIBIN",2.09978265004796e-08,0.022407524548492,4.7241561147677e-06,0.998265789385782,0.99999999999975,"COL1A1","KO",FALSE,"Activated",1.08679705480569e-13
"FAM83D",2.0475736604977e-08,0.0147792435631938,4.49215386765052e-06,0.998308908727934,0.99999999999975,"COL1A1","KO",FALSE,"Activated",1.08679705480569e-13
"HIST1H1B",2.04522147527483e-08,0.0144314875721104,4.48183891879522e-06,0.998310851395019,0.99999999999975,"COL1A1","KO",FALSE,"Activated",1.08679705480569e-13
"SLC3A2",2.03724283309643e-08,0.0132492257472613,4.44693879720062e-06,0.998317440946543,0.99999999999975,"COL1A1","KO",FALSE,"Activated",1.08679705480569e-13
"ARL6IP1",2.0305232304595e-08,0.0122503111574061,4.41765178179547e-06,0.998322990658827,0.99999999999975,"COL1A1","KO",FALSE,"Activated",1.08679705480569e-13
"KCNQ1OT1",1.99330797421226e-08,0.00666391511472605,4.25720303735271e-06,0.998353726698698,0.99999999999975,"COL1A1","KO",FALSE,"Activated",1.08679705480569e-13
"MCM7",1.98676284920451e-08,0.00567179657903008,4.2292914650967e-06,0.998359132310614,0.99999999999975,"COL1A1","KO",FALSE,"Activated",1.08679705480569e-13
"PTN",1.98131979355401e-08,0.00484450353145652,4.20614956373124e-06,0.998363627724655,0.99999999999975,"COL1A1","KO",FALSE,"Activated",1.08679705480569e-13
"ITGA5",1.96862230832913e-08,0.00290668019465683,4.15241125414527e-06,0.998374114564793,0.99999999999975,"COL1A1","KO",FALSE,"Activated",1.08679705480569e-13
"NR4A2",1.96633619505841e-08,0.00255659929009633,4.14277266526359e-06,0.998376002663449,0.99999999999975,"COL1A1","KO",FALSE,"Activated",1.08679705480569e-13
"CENPN",1.93832798253766e-08,-0.00176219642102423,4.0255950551184e-06,0.998399134618795,0.99999999999975,"COL1A1","KO",FALSE,"Activated",1.08679705480569e-13
"FCGR2A",1.92772739655057e-08,-0.00341134377297659,3.98168403778647e-06,0.998407889632753,0.99999999999975,"COL1A1","KO",FALSE,"Activated",1.08679705480569e-13
"PRELP",1.92495065594067e-08,-0.00384466470408404,3.97022168988737e-06,0.998410182940233,0.99999999999975,"COL1A1","KO",FALSE,"Activated",1.08679705480569e-13
"TNF",1.92086828363288e-08,-0.00448275010846198,3.95339971430434e-06,0.998413554567738,0.99999999999975,"COL1A1","KO",FALSE,"Activated",1.08679705480569e-13
"GADD45A",1.90528950358307e-08,-0.00692894644059715,3.88953339664986e-06,0.998426421068,0.99999999999975,"COL1A1","KO",FALSE,"Activated",1.08679705480569e-13
"LY6D",1.90089778448931e-08,-0.00762176916197791,3.8716232037594e-06,0.998430048184876,0.99999999999975,"COL1A1","KO",FALSE,"Activated",1.08679705480569e-13
"S100A8",1.88969660605429e-08,-0.00939532905713585,3.82612999328825e-06,0.998439299228286,0.99999999999975,"COL1A1","KO",FALSE,"Activated",1.08679705480569e-13
"SMOC1",1.87644637166632e-08,-0.0115055039486162,3.77266174953244e-06,0.998450242585474,0.99999999999975,"COL1A1","KO",FALSE,"Activated",1.08679705480569e-13
"LMCD1",1.87206336977332e-08,-0.0122064540419585,3.7550579725869e-06,0.998453862503033,0.99999999999975,"COL1A1","KO",FALSE,"Activated",1.08679705480569e-13
"RBPJ",1.87201495691529e-08,-0.0122142046398074,3.75486375828751e-06,0.998453902487172,0.99999999999975,"COL1A1","KO",FALSE,"Activated",1.08679705480569e-13
"CCL26",1.86601073801126e-08,-0.0131768346658162,3.73081601346104e-06,0.998458861366542,0.99999999999975,"COL1A1","KO",FALSE,"Activated",1.08679705480569e-13
"MYO1G",1.85499365774037e-08,-0.014950378572831,3.68689197614566e-06,0.998467960364077,0.99999999999975,"COL1A1","KO",FALSE,"Activated",1.08679705480569e-13
"HIST1H1D",1.83916250854721e-08,-0.0175154548526255,3.62423012111054e-06,0.998481035297524,0.99999999999975,"COL1A1","KO",FALSE,"Activated",1.08679705480569e-13
"LOXL2",1.83396104367455e-08,-0.0183625420328129,3.6037592293584e-06,0.998485331183288,0.99999999999975,"COL1A1","KO",FALSE,"Activated",1.08679705480569e-13
"HIST1H3B",1.81580360247244e-08,-0.0213365119015513,3.53275322716243e-06,0.998500327400098,0.99999999999975,"COL1A1","KO",FALSE,"Activated",1.08679705480569e-13
"TPRG1",1.8110536150556e-08,-0.0221188884404042,3.51429463931662e-06,0.998504250411162,0.99999999999975,"COL1A1","KO",FALSE,"Activated",1.08679705480569e-13
"NEGR1",1.80978768672051e-08,-0.0223277106823555,3.50938336529235e-06,0.998505295940436,0.99999999999975,"COL1A1","KO",FALSE,"Activated",1.08679705480569e-13
"LY6K",1.77486573620366e-08,-0.0281404010643831,3.37525481810869e-06,0.998534137954493,0.99999999999975,"COL1A1","KO",FALSE,"Activated",1.08679705480569e-13
"DLL1",1.77039465661345e-08,-0.0288919711581957,3.35827097009597e-06,0.998537830616081,0.99999999999975,"COL1A1","KO",FALSE,"Activated",1.08679705480569e-13
"EDIL3",1.76709308870066e-08,-0.0294480409354608,3.34575712616904e-06,0.998540557378791,0.99999999999975,"COL1A1","KO",FALSE,"Activated",1.08679705480569e-13
"C19orf48",1.76708185556337e-08,-0.0294499344722273,3.34571458938373e-06,0.998540566656232,0.99999999999975,"COL1A1","KO",FALSE,"Activated",1.08679705480569e-13
"CCDC71L",1.75390624537428e-08,-0.031678350909511,3.29600835654928e-06,0.998551448383962,0.99999999999975,"COL1A1","KO",FALSE,"Activated",1.08679705480569e-13
"CDC42EP4",1.75035177443796e-08,-0.0322820881932189,3.28266249551253e-06,0.9985543840192,0.99999999999975,"COL1A1","KO",FALSE,"Activated",1.08679705480569e-13
"HSPA6",1.74991317677752e-08,-0.0323566612307073,3.2810175830723e-06,0.998554746256725,0.99999999999975,"COL1A1","KO",FALSE,"Activated",1.08679705480569e-13
"MEG3",1.73471486097077e-08,-0.0349511481535611,3.22427260321171e-06,0.998567298536113,0.99999999999975,"COL1A1","KO",FALSE,"Activated",1.08679705480569e-13
"FARP1",1.71972531627716e-08,-0.0375299753471393,3.16879193634871e-06,0.998579678391919,0.99999999999975,"COL1A1","KO",FALSE,"Activated",1.08679705480569e-13
"PLEK2",1.70918479322786e-08,-0.0393554447580385,3.13006672315703e-06,0.998588383803671,0.99999999999975,"COL1A1","KO",FALSE,"Activated",1.08679705480569e-13
"SLC20A1",1.69879055656668e-08,-0.0411654608251108,3.09211210726232e-06,0.998596968397747,0.99999999999975,"COL1A1","KO",FALSE,"Activated",1.08679705480569e-13
"HES6",1.69779421912156e-08,-0.0413394791011074,3.08848613509387e-06,0.998597791272278,0.99999999999975,"COL1A1","KO",FALSE,"Activated",1.08679705480569e-13
"KDM6B",1.69611143518787e-08,-0.0416335981257688,3.08236680786772e-06,0.998599181082578,0.99999999999975,"COL1A1","KO",FALSE,"Activated",1.08679705480569e-13
"NPM3",1.68751703648493e-08,-0.0431398179548481,3.05120851013488e-06,0.998606279191677,0.99999999999975,"COL1A1","KO",FALSE,"Activated",1.08679705480569e-13
"FST",1.67757101916521e-08,-0.0448915004815504,3.01534760894397e-06,0.998614493601976,0.99999999999975,"COL1A1","KO",FALSE,"Activated",1.08679705480569e-13
"APCDD1",1.6758669037719e-08,-0.0451925587060793,3.00922460095889e-06,0.998615901029968,0.99999999999975,"COL1A1","KO",FALSE,"Activated",1.08679705480569e-13
"STX11",1.66225346304755e-08,-0.0476074562953356,2.9605339644122e-06,0.998627144363536,0.99999999999975,"COL1A1","KO",FALSE,"Activated",1.08679705480569e-13
"PLEK",1.66046108130722e-08,-0.0479267240948399,2.95415281228376e-06,0.998628624690697,0.99999999999975,"COL1A1","KO",FALSE,"Activated",1.08679705480569e-13
"SLC43A3",1.65100524980926e-08,-0.0496161600139776,2.92060257289419e-06,0.998636434257167,0.99999999999975,"COL1A1","KO",FALSE,"Activated",1.08679705480569e-13
"TROAP",1.650194044682e-08,-0.0497614973513905,2.91773325950019e-06,0.998637104231079,0.99999999999975,"COL1A1","KO",FALSE,"Activated",1.08679705480569e-13
"MCM5",1.63524146388159e-08,-0.0524519380582293,2.86509704360539e-06,0.998649453560312,0.99999999999975,"COL1A1","KO",FALSE,"Activated",1.08679705480569e-13
"EZR",1.62345060309862e-08,-0.0545890379958708,2.82392860555467e-06,0.998659191626744,0.99999999999975,"COL1A1","KO",FALSE,"Activated",1.08679705480569e-13
"CCDC80",1.62258229503002e-08,-0.0547469672575587,2.8209086377802e-06,0.998659908761981,0.99999999999975,"COL1A1","KO",FALSE,"Activated",1.08679705480569e-13
"EPDR1",1.6225552734891e-08,-0.0547518831906555,2.82081468302214e-06,0.998659931079059,0.99999999999975,"COL1A1","KO",FALSE,"Activated",1.08679705480569e-13
"FBXO5",1.6170999980231e-08,-0.0557458440493606,2.80187856114384e-06,0.998664436588602,0.99999999999975,"COL1A1","KO",FALSE,"Activated",1.08679705480569e-13
"NID1",1.61466940119661e-08,-0.0561896686537276,2.79346211311604e-06,0.998666444017436,0.99999999999975,"COL1A1","KO",FALSE,"Activated",1.08679705480569e-13
"DPYSL3",1.58902788501564e-08,-0.0609085254372018,2.70544426841054e-06,0.998687621334721,0.99999999999975,"COL1A1","KO",FALSE,"Activated",1.08679705480569e-13
"NFKBIA",1.58668443374167e-08,-0.0613431830209741,2.69747033441174e-06,0.998689556790176,0.99999999999975,"COL1A1","KO",FALSE,"Activated",1.08679705480569e-13
"BCL2A1",1.58018770430747e-08,-0.062551188023385,2.67542580336606e-06,0.998694922436415,0.99999999999975,"COL1A1","KO",FALSE,"Activated",1.08679705480569e-13
"NREP",1.56559212709782e-08,-0.0652813701113284,2.6262303289105e-06,0.998706976918006,0.99999999999975,"COL1A1","KO",FALSE,"Activated",1.08679705480569e-13
"DHCR7",1.53685181671962e-08,-0.0707245768257656,2.53069347134428e-06,0.998730713530127,0.99999999999975,"COL1A1","KO",FALSE,"Activated",1.08679705480569e-13
"FCER1G",1.52993803881436e-08,-0.0720475656788089,2.50797521490834e-06,0.998736423617009,0.99999999999975,"COL1A1","KO",FALSE,"Activated",1.08679705480569e-13
"GINS2",1.48274631625307e-08,-0.0812234130978426,2.3556418563907e-06,0.998775399246754,0.99999999999975,"COL1A1","KO",FALSE,"Activated",1.08679705480569e-13
"AC023157.3",1.48114376400746e-08,-0.0815395692220046,2.35055265256094e-06,0.998776722794233,0.99999999999975,"COL1A1","KO",FALSE,"Activated",1.08679705480569e-13
"HIST1H1E",1.47828182995567e-08,-0.0821049412347634,2.34147773679847e-06,0.998779086464823,0.99999999999975,"COL1A1","KO",FALSE,"Activated",1.08679705480569e-13
"TGM2",1.47782164431482e-08,-0.0821959417123106,2.34002017072799e-06,0.998779466532025,0.99999999999975,"COL1A1","KO",FALSE,"Activated",1.08679705480569e-13
"IKZF2",1.47173503494981e-08,-0.0834019416200426,2.3207844824305e-06,0.998784493461158,0.99999999999975,"COL1A1","KO",FALSE,"Activated",1.08679705480569e-13
"IRX1",1.4620569719488e-08,-0.085328763513548,2.29036209302919e-06,0.99879248657104,0.99999999999975,"COL1A1","KO",FALSE,"Activated",1.08679705480569e-13
"PLXNC1",1.45942741815194e-08,-0.0858542553589523,2.28213093034304e-06,0.998794658318903,0.99999999999975,"COL1A1","KO",FALSE,"Activated",1.08679705480569e-13
"GXYLT2",1.45437123354445e-08,-0.086867069499074,2.2663454422414e-06,0.998798834220607,0.99999999999975,"COL1A1","KO",FALSE,"Activated",1.08679705480569e-13
"HIST1H2AH",1.45112119180194e-08,-0.0875197547490837,2.25622768531414e-06,0.998801518429352,0.99999999999975,"COL1A1","KO",FALSE,"Activated",1.08679705480569e-13
"CXCL13",1.44557484190023e-08,-0.088636616761153,2.23901352892892e-06,0.998806099158521,0.99999999999975,"COL1A1","KO",FALSE,"Activated",1.08679705480569e-13
"HSPA1B",1.44367100581981e-08,-0.0890208732119882,2.23311980748448e-06,0.998807671536332,0.99999999999975,"COL1A1","KO",FALSE,"Activated",1.08679705480569e-13
"IL1RN",1.43833413492163e-08,-0.0901004481550405,2.21663981522865e-06,0.998812079256888,0.99999999999975,"COL1A1","KO",FALSE,"Activated",1.08679705480569e-13
"CX3CL1",1.42435054978476e-08,-0.0929462090623508,2.17374867414274e-06,0.998823628297092,0.99999999999975,"COL1A1","KO",FALSE,"Activated",1.08679705480569e-13
"CPXM1",1.42371839335341e-08,-0.0930754465961278,2.17181959247576e-06,0.99882415039497,0.99999999999975,"COL1A1","KO",FALSE,"Activated",1.08679705480569e-13
"SMOX",1.41864261326364e-08,-0.0941149983107278,2.15636143990433e-06,0.998828342480809,0.99999999999975,"COL1A1","KO",FALSE,"Activated",1.08679705480569e-13
"AIF1",1.41014611197712e-08,-0.0958625993823041,2.13060912971146e-06,0.998835359739726,0.99999999999975,"COL1A1","KO",FALSE,"Activated",1.08679705480569e-13
"MAFB",1.39928640440587e-08,-0.0981100312783513,2.09791932768456e-06,0.998844328770429,0.99999999999975,"COL1A1","KO",FALSE,"Activated",1.08679705480569e-13
"PIF1",1.39772913080693e-08,-0.0984335885348785,2.09325235397412e-06,0.998845614922451,0.99999999999975,"COL1A1","KO",FALSE,"Activated",1.08679705480569e-13
"TYROBP",1.39118596305064e-08,-0.0997966042120942,2.07370000667407e-06,0.998851018923711,0.99999999999975,"COL1A1","KO",FALSE,"Activated",1.08679705480569e-13
"HIST1H3G",1.36936961716781e-08,-0.104382979609618,2.00917113653127e-06,0.998869037040855,0.99999999999975,"COL1A1","KO",FALSE,"Activated",1.08679705480569e-13
"BMP8A",1.36700194360257e-08,-0.104884649230784,2.00222933091407e-06,0.998870992502171,0.99999999999975,"COL1A1","KO",FALSE,"Activated",1.08679705480569e-13
"MSX2",1.35767288416081e-08,-0.106868907380597,1.97499428606535e-06,0.998878697371318,0.99999999999975,"COL1A1","KO",FALSE,"Activated",1.08679705480569e-13
"RAP2B",1.32825490826931e-08,-0.11320682651691,1.89033342606393e-06,0.998902993674991,0.99999999999975,"COL1A1","KO",FALSE,"Activated",1.08679705480569e-13
"SGIP1",1.31586956079423e-08,-0.115912776010138,1.85524485798196e-06,0.998913222732675,0.99999999999975,"COL1A1","KO",FALSE,"Activated",1.08679705480569e-13
"LTB",1.31526799152683e-08,-0.116044785727375,1.85354894037429e-06,0.998913719568699,0.99999999999975,"COL1A1","KO",FALSE,"Activated",1.08679705480569e-13
"TSPYL2",1.3000812634131e-08,-0.119395405264929,1.81099209122827e-06,0.998926262286727,0.99999999999975,"COL1A1","KO",FALSE,"Activated",1.08679705480569e-13
"EPHA2",1.2945239010737e-08,-0.120630264626256,1.7955425514499e-06,0.998930852112085,0.99999999999975,"COL1A1","KO",FALSE,"Activated",1.08679705480569e-13
"CDCA7",1.29328099219064e-08,-0.120907090294518,1.79209630464326e-06,0.998931878630493,0.99999999999975,"COL1A1","KO",FALSE,"Activated",1.08679705480569e-13
"ITGB6",1.29313542457297e-08,-0.120939527255754,1.79169290196456e-06,0.998931998854783,0.99999999999975,"COL1A1","KO",FALSE,"Activated",1.08679705480569e-13
"ABCA6",1.29129846803291e-08,-0.121349138637135,1.78660615816445e-06,0.998933515997135,0.99999999999975,"COL1A1","KO",FALSE,"Activated",1.08679705480569e-13
"PLAUR",1.28877998984607e-08,-0.121911565652332,1.77964395549585e-06,0.998935596008201,0.99999999999975,"COL1A1","KO",FALSE,"Activated",1.08679705480569e-13
"BATF",1.28082728317965e-08,-0.123694037830229,1.75774833426052e-06,0.998942164148468,0.99999999999975,"COL1A1","KO",FALSE,"Activated",1.08679705480569e-13
"OVOL1",1.27120740381453e-08,-0.12586344940934,1.73144373112016e-06,0.998950109206727,0.99999999999975,"COL1A1","KO",FALSE,"Activated",1.08679705480569e-13
"FAM111B",1.25978598139259e-08,-0.128458269955144,1.70047048244371e-06,0.998959542159511,0.99999999999975,"COL1A1","KO",FALSE,"Activated",1.08679705480569e-13
"RAMP3",1.25740462857947e-08,-0.129001934995033,1.694047815498e-06,0.998961508918819,0.99999999999975,"COL1A1","KO",FALSE,"Activated",1.08679705480569e-13
"MEDAG",1.25019003057525e-08,-0.130654670917183,1.67466374286224e-06,0.998967467455409,0.99999999999975,"COL1A1","KO",FALSE,"Activated",1.08679705480569e-13
"SGK1",1.24410782132028e-08,-0.132054633483613,1.65840880830163e-06,0.99897249075216,0.99999999999975,"COL1A1","KO",FALSE,"Activated",1.08679705480569e-13
"SORL1",1.24300655459709e-08,-0.132308769681689,1.6554741075098e-06,0.998973400288374,0.99999999999975,"COL1A1","KO",FALSE,"Activated",1.08679705480569e-13
"HIST1H1A",1.2412391735105e-08,-0.132717044203035,1.65076975009626e-06,0.99897485996846,0.99999999999975,"COL1A1","KO",FALSE,"Activated",1.08679705480569e-13
"PHGDH",1.23214763609985e-08,-0.1348254861226,1.62667597092408e-06,0.998982368669502,0.99999999999975,"COL1A1","KO",FALSE,"Activated",1.08679705480569e-13
"PRXL2A",1.2268132512758e-08,-0.136069079616319,1.61262159653131e-06,0.998986774338143,0.99999999999975,"COL1A1","KO",FALSE,"Activated",1.08679705480569e-13
"LCP2",1.20942009201778e-08,-0.140157759234674,1.56721981324222e-06,0.999001139349289,0.99999999999975,"COL1A1","KO",FALSE,"Activated",1.08679705480569e-13
"SFRP4",1.20101048955112e-08,-0.142153521984859,1.54550052193415e-06,0.999008084840525,0.99999999999975,"COL1A1","KO",FALSE,"Activated",1.08679705480569e-13
"MMP19",1.1997689094911e-08,-0.142449230760251,1.54230676000281e-06,0.999009110261585,0.99999999999975,"COL1A1","KO",FALSE,"Activated",1.08679705480569e-13
"MCM10",1.19630520255554e-08,-0.143275634838343,1.53341440195368e-06,0.9990119709374,0.99999999999975,"COL1A1","KO",FALSE,"Activated",1.08679705480569e-13
"CCL5",1.18460096730605e-08,-0.1460840569864,1.50355639067276e-06,0.999021637466253,0.99999999999975,"COL1A1","KO",FALSE,"Activated",1.08679705480569e-13
"SHOX2",1.17533559530697e-08,-0.148324920639257,1.48012820028921e-06,0.999029289737849,0.99999999999975,"COL1A1","KO",FALSE,"Activated",1.08679705480569e-13
"SDR16C5",1.1714959392924e-08,-0.149258185974116,1.47047325562592e-06,0.999032460910135,0.99999999999975,"COL1A1","KO",FALSE,"Activated",1.08679705480569e-13
"VMO1",1.1655971518378e-08,-0.150697283752764,1.45570210541765e-06,0.999037332719313,0.99999999999975,"COL1A1","KO",FALSE,"Activated",1.08679705480569e-13
"ARRDC3",1.14656336795613e-08,-0.155385676626287,1.4085480911925e-06,0.999053052723662,0.99999999999975,"COL1A1","KO",FALSE,"Activated",1.08679705480569e-13
"SQLE",1.14034298230296e-08,-0.156932968675023,1.39330611613861e-06,0.999058190140985,0.99999999999975,"COL1A1","KO",FALSE,"Activated",1.08679705480569e-13
"NEAT1",1.13713957348116e-08,-0.157732747174388,1.38548906448916e-06,0.999060835836765,0.99999999999975,"COL1A1","KO",FALSE,"Activated",1.08679705480569e-13
"KRT6C",1.13385702761733e-08,-0.158554375358701,1.37750171215875e-06,0.999063546891849,0.99999999999975,"COL1A1","KO",FALSE,"Activated",1.08679705480569e-13
"ADAM12",1.12851168731975e-08,-0.159896886833273,1.36454441853887e-06,0.999067961609165,0.99999999999975,"COL1A1","KO",FALSE,"Activated",1.08679705480569e-13
"CDC6",1.1185868756757e-08,-0.162404703623844,1.34064870791273e-06,0.999076158512596,0.99999999999975,"COL1A1","KO",FALSE,"Activated",1.08679705480569e-13
"FAM20C",1.11534675364022e-08,-0.16322773019408,1.3328932545829e-06,0.999078834529894,0.99999999999975,"COL1A1","KO",FALSE,"Activated",1.08679705480569e-13
"CH25H",1.10881945145916e-08,-0.164892246715337,1.3173380219161e-06,0.999084225429822,0.99999999999975,"COL1A1","KO",FALSE,"Activated",1.08679705480569e-13
"CADM1",1.10254094696753e-08,-0.166501602848627,1.30246184645289e-06,0.999089410847738,0.99999999999975,"COL1A1","KO",FALSE,"Activated",1.08679705480569e-13
"TNFAIP8L1",1.07068340212083e-08,-0.174796040327497,1.22828089139318e-06,0.999115721999973,0.99999999999975,"COL1A1","KO",FALSE,"Activated",1.08679705480569e-13
"C1QBP",1.06704273695722e-08,-0.175757924912558,1.21994199916944e-06,0.999118728826073,0.99999999999975,"COL1A1","KO",FALSE,"Activated",1.08679705480569e-13
"CDK6",1.0645193012515e-08,-0.176426353954285,1.21417877150238e-06,0.999120812932143,0.99999999999975,"COL1A1","KO",FALSE,"Activated",1.08679705480569e-13
"NPTX2",1.06424592418757e-08,-0.17649885339883,1.21355522995401e-06,0.999121038714317,0.99999999999975,"COL1A1","KO",FALSE,"Activated",1.08679705480569e-13
"CHAF1A",1.06198145130956e-08,-0.177100031229491,1.20839638608926e-06,0.999122908942941,0.99999999999975,"COL1A1","KO",FALSE,"Activated",1.08679705480569e-13
"FRMD4B",1.05349293634459e-08,-0.179363829278783,1.18915594405934e-06,0.999129919609268,0.99999999999975,"COL1A1","KO",FALSE,"Activated",1.08679705480569e-13
"TRIM72",1.04633093083888e-08,-0.181286579135726,1.17304232570594e-06,0.9991358347112,0.99999999999975,"COL1A1","KO",FALSE,"Activated",1.08679705480569e-13
"EFEMP2",1.04419924757968e-08,-0.181861134037846,1.16826753136041e-06,0.999137595268885,0.99999999999975,"COL1A1","KO",FALSE,"Activated",1.08679705480569e-13
"DTL",1.04241512174179e-08,-0.182342817965746,1.16427872244752e-06,0.99913906877882,0.99999999999975,"COL1A1","KO",FALSE,"Activated",1.08679705480569e-13
"PRSS23",1.03502998422162e-08,-0.184344552183892,1.14784016518877e-06,0.99914516816561,0.99999999999975,"COL1A1","KO",FALSE,"Activated",1.08679705480569e-13
"HGF",1.03281788299922e-08,-0.184946624987302,1.14293900231514e-06,0.999146995140532,0.99999999999975,"COL1A1","KO",FALSE,"Activated",1.08679705480569e-13
"TTN",1.02510095026848e-08,-0.187056024571073,1.1259233535951e-06,0.999153368557131,0.99999999999975,"COL1A1","KO",FALSE,"Activated",1.08679705480569e-13
"HSPA1A",1.00611209335556e-08,-0.192307638602362,1.08459673675084e-06,0.999169051458855,0.99999999999975,"COL1A1","KO",FALSE,"Activated",1.08679705480569e-13
"CTSC",9.96978299206128e-09,-0.19486533799107,1.06499352087299e-06,0.999176595061866,0.99999999999975,"COL1A1","KO",FALSE,"Activated",1.08679705480569e-13
"S100A2",9.92935590011327e-09,-0.196004094511385,1.0563740155819e-06,0.999179933936486,0.99999999999975,"COL1A1","KO",FALSE,"Activated",1.08679705480569e-13
"NMU",9.91686756428764e-09,-0.196356705782696,1.05371844407004e-06,0.999180965348483,0.99999999999975,"COL1A1","KO",FALSE,"Activated",1.08679705480569e-13
"EPPK1",9.90286092610054e-09,-0.196752659259396,1.05074399069193e-06,0.999182122157115,0.99999999999975,"COL1A1","KO",FALSE,"Activated",1.08679705480569e-13
"LDLRAD4",9.88657926345094e-09,-0.197213555049545,1.04729169635382e-06,0.999183466860083,0.99999999999975,"COL1A1","KO",FALSE,"Activated",1.08679705480569e-13
"PTPRZ1",9.67503190450953e-09,-0.203264471232054,1.00295250331198e-06,0.999200938562504,0.99999999999975,"COL1A1","KO",FALSE,"Activated",1.08679705480569e-13
"INSIG1",9.56599297028245e-09,-0.20642966053819,9.8047307024876e-07,0.999209944091349,0.99999999999975,"COL1A1","KO",FALSE,"Activated",1.08679705480569e-13
"ICAM1",9.36783012500625e-09,-0.212265428636573,9.40272140310239e-07,0.999226310366934,0.99999999999975,"COL1A1","KO",FALSE,"Activated",1.08679705480569e-13
"ITGB2",9.30980341015065e-09,-0.21399516625851,9.28659649346511e-07,0.99923110279519,0.99999999999975,"COL1A1","KO",FALSE,"Activated",1.08679705480569e-13
"BMP4",9.21616742972582e-09,-0.216806821859257,9.10073077563264e-07,0.999238836193898,0.99999999999975,"COL1A1","KO",FALSE,"Activated",1.08679705480569e-13
"CDC45",9.06143282427355e-09,-0.221509576204109,8.79770317882449e-07,0.999251615730217,0.99999999999975,"COL1A1","KO",FALSE,"Activated",1.08679705480569e-13
"POSTN",9.02310743491125e-09,-0.222685463117747,8.72344067231619e-07,0.999254781025455,0.99999999999975,"COL1A1","KO",FALSE,"Activated",1.08679705480569e-13
"SLC7A5",8.91821811721173e-09,-0.225926622942715,8.52180779755046e-07,0.999263443837907,0.99999999999975,"COL1A1","KO",FALSE,"Activated",1.08679705480569e-13
"RHOD",8.90284487773369e-09,-0.22640452783444,8.49245330663973e-07,0.999264713514306,0.99999999999975,"COL1A1","KO",FALSE,"Activated",1.08679705480569e-13
"C1QB",8.85522844484105e-09,-0.227889465850506,8.40185329411902e-07,0.999268646157214,0.99999999999975,"COL1A1","KO",FALSE,"Activated",1.08679705480569e-13
"AMIGO2",8.78143127875035e-09,-0.230205024481414,8.26239910153693e-07,0.999274741067855,0.99999999999975,"COL1A1","KO",FALSE,"Activated",1.08679705480569e-13
"CITED2",8.54376254378591e-09,-0.237782529427055,7.82120904939693e-07,0.999294370137638,0.99999999999975,"COL1A1","KO",FALSE,"Activated",1.08679705480569e-13
"PRRX2",8.51642639308954e-09,-0.238666123409232,7.77124049889596e-07,0.999296627831382,0.99999999999975,"COL1A1","KO",FALSE,"Activated",1.08679705480569e-13
"CXCL14",8.44372170471912e-09,-0.241028575034737,7.63912078865037e-07,0.999302632514437,0.99999999999975,"COL1A1","KO",FALSE,"Activated",1.08679705480569e-13
"HIST1H2BH",8.43725040230641e-09,-0.241239732543334,7.62741596963724e-07,0.999303166979558,0.99999999999975,"COL1A1","KO",FALSE,"Activated",1.08679705480569e-13
"CEMIP",8.40404412632985e-09,-0.242325530469612,7.56749605319241e-07,0.999305909487204,0.99999999999975,"COL1A1","KO",FALSE,"Activated",1.08679705480569e-13
"GMFG",8.39219831585313e-09,-0.24271379981068,7.54617775808677e-07,0.999306887833162,0.99999999999975,"COL1A1","KO",FALSE,"Activated",1.08679705480569e-13
"FGF2",8.24941399019648e-09,-0.247432782107538,7.29158180856226e-07,0.999318680396369,0.99999999999975,"COL1A1","KO",FALSE,"Activated",1.08679705480569e-13
"TNFAIP2",8.23257181041342e-09,-0.247994216402611,7.26183890317338e-07,0.999320071392685,0.99999999999975,"COL1A1","KO",FALSE,"Activated",1.08679705480569e-13
"FCGRT",8.2144991413242e-09,-0.248597812196631,7.22999059127853e-07,0.999321564015166,0.99999999999975,"COL1A1","KO",FALSE,"Activated",1.08679705480569e-13
"PMP22",8.21173822009769e-09,-0.248690126679825,7.22513135893962e-07,0.999321792039763,0.99999999999975,"COL1A1","KO",FALSE,"Activated",1.08679705480569e-13
"AC092807.3",8.00057146608129e-09,-0.255834288413946,6.85831728514473e-07,0.999339232310812,0.99999999999975,"COL1A1","KO",FALSE,"Activated",1.08679705480569e-13
"C10orf99",7.94622071623167e-09,-0.25770033515248,6.76545177906795e-07,0.999343721141567,0.99999999999975,"COL1A1","KO",FALSE,"Activated",1.08679705480569e-13
"GJB6",7.92030920961769e-09,-0.258593985043307,6.72140134666893e-07,0.999345861174014,0.99999999999975,"COL1A1","KO",FALSE,"Activated",1.08679705480569e-13
"CXCL2",7.74677328441122e-09,-0.264647250801879,6.43009289776337e-07,0.999360193513671,0.99999999999975,"COL1A1","KO",FALSE,"Activated",1.08679705480569e-13
"ACKR3",7.73760692810282e-09,-0.264970349981585,6.41488510742335e-07,0.999360950563446,0.99999999999975,"COL1A1","KO",FALSE,"Activated",1.08679705480569e-13
"KDM7A",7.68501762477061e-09,-0.266830677066192,6.32798280981194e-07,0.999365293916353,0.99999999999975,"COL1A1","KO",FALSE,"Activated",1.08679705480569e-13
"BNIP3",7.63728889184882e-09,-0.268528940197936,6.24962548396931e-07,0.99936923583455,0.99999999999975,"COL1A1","KO",FALSE,"Activated",1.08679705480569e-13
"CXCL3",7.56703228310682e-09,-0.271046122024228,6.13517180085799e-07,0.999375038331052,0.99999999999975,"COL1A1","KO",FALSE,"Activated",1.08679705480569e-13
"LRRN3",7.56225551067551e-09,-0.271218023628061,6.12742845618728e-07,0.999375432844905,0.99999999999975,"COL1A1","KO",FALSE,"Activated",1.08679705480569e-13
"IMPA2",7.40665323255487e-09,-0.276871450847426,5.87786462342447e-07,0.999388284044232,0.99999999999975,"COL1A1","KO",FALSE,"Activated",1.08679705480569e-13
"MANCR",7.40541135025341e-09,-0.276916997053645,5.87589369165558e-07,0.999388386611349,0.99999999999975,"COL1A1","KO",FALSE,"Activated",1.08679705480569e-13
"IRF8",7.38136922873963e-09,-0.277800093470055,5.83780272700377e-07,0.999390372251288,0.99999999999975,"COL1A1","KO",FALSE,"Activated",1.08679705480569e-13
"CD248",7.31358129149653e-09,-0.28030394438966,5.73107036959671e-07,0.999395970860213,0.99999999999975,"COL1A1","KO",FALSE,"Activated",1.08679705480569e-13
"SNHG3",7.22405831195196e-09,-0.283642594299603,5.59162503734419e-07,0.999403364567349,0.99999999999975,"COL1A1","KO",FALSE,"Activated",1.08679705480569e-13
"AGPAT4",7.2228051266207e-09,-0.283689592226027,5.5896852039772e-07,0.999403468067985,0.99999999999975,"COL1A1","KO",FALSE,"Activated",1.08679705480569e-13
"FLT1",7.19047383286714e-09,-0.284904632348849,5.53975521953869e-07,0.999406138311086,0.99999999999975,"COL1A1","KO",FALSE,"Activated",1.08679705480569e-13
"CCNE2",7.16793539679128e-09,-0.28575453992919,5.50508108264492e-07,0.999407999761606,0.99999999999975,"COL1A1","KO",FALSE,"Activated",1.08679705480569e-13
"DCBLD2",7.0957571573874e-09,-0.288492495625662,5.39477135591438e-07,0.999413960965892,0.99999999999975,"COL1A1","KO",FALSE,"Activated",1.08679705480569e-13
"CMYA5",7.09525050151906e-09,-0.288511802562914,5.39400098147145e-07,0.999414002810625,0.99999999999975,"COL1A1","KO",FALSE,"Activated",1.08679705480569e-13
"DSP",7.02139248009765e-09,-0.291339552629097,5.28228773948458e-07,0.999420102748223,0.99999999999975,"COL1A1","KO",FALSE,"Activated",1.08679705480569e-13
"PDE4DIP",7.01059781336184e-09,-0.291755065325942,5.26605827949764e-07,0.999420994280279,0.99999999999975,"COL1A1","KO",FALSE,"Activated",1.08679705480569e-13
"HIST1H2BG",6.98766199922853e-09,-0.292639821899501,5.23165785787462e-07,0.999422888550298,0.99999999999975,"COL1A1","KO",FALSE,"Activated",1.08679705480569e-13
"TNFSF9",6.94864121564039e-09,-0.294151044045146,5.17339133146454e-07,0.999426111278743,0.99999999999975,"COL1A1","KO",FALSE,"Activated",1.08679705480569e-13
"C3orf80",6.79561393548096e-09,-0.300151750125084,4.94803714874192e-07,0.999438749809465,0.99999999999975,"COL1A1","KO",FALSE,"Activated",1.08679705480569e-13
"GNLY",6.78885877997207e-09,-0.300419416155048,4.93820488109416e-07,0.9994393077181,0.99999999999975,"COL1A1","KO",FALSE,"Activated",1.08679705480569e-13
"HMGA1",6.745518743526e-09,-0.302142405758568,4.87535519490107e-07,0.999442887173905,0.99999999999975,"COL1A1","KO",FALSE,"Activated",1.08679705480569e-13
"EGR3",6.63810078781231e-09,-0.306455862377469,4.72131785146983e-07,0.999451758828356,0.99999999999975,"COL1A1","KO",FALSE,"Activated",1.08679705480569e-13
"RBM38",6.62981992476292e-09,-0.306790972021398,4.70954574924132e-07,0.999452442745262,0.99999999999975,"COL1A1","KO",FALSE,"Activated",1.08679705480569e-13
"NFKBID",6.61458686015389e-09,-0.307408401469948,4.68792875284302e-07,0.999453700844852,0.99999999999975,"COL1A1","KO",FALSE,"Activated",1.08679705480569e-13
"SCN1B",6.57056256062488e-09,-0.309199974567636,4.6257340975035e-07,0.999457336814026,0.99999999999975,"COL1A1","KO",FALSE,"Activated",1.08679705480569e-13
"MMP3",6.5324325474891e-09,-0.310760371754248,4.5722021444041e-07,0.99946048597379,0.99999999999975,"COL1A1","KO",FALSE,"Activated",1.08679705480569e-13
"MMP12",6.52786651530137e-09,-0.310947773316026,4.56581263306056e-07,0.999460863082626,0.99999999999975,"COL1A1","KO",FALSE,"Activated",1.08679705480569e-13
"WEE1",6.50406782991005e-09,-0.311926432887118,4.53258209248359e-07,0.999462828617293,0.99999999999975,"COL1A1","KO",FALSE,"Activated",1.08679705480569e-13
"FXYD3",6.4178030238028e-09,-0.315500889498632,4.41314627079078e-07,0.999469953232153,0.99999999999975,"COL1A1","KO",FALSE,"Activated",1.08679705480569e-13
"AC245041.2",6.41274578534902e-09,-0.315711770622501,4.40619387929479e-07,0.999470370909744,0.99999999999975,"COL1A1","KO",FALSE,"Activated",1.08679705480569e-13
"TRAF1",6.37047197684156e-09,-0.317480379145397,4.34829273882866e-07,0.999473862305822,0.99999999999975,"COL1A1","KO",FALSE,"Activated",1.08679705480569e-13
"MTSS1",6.3695355839847e-09,-0.317519673626909,4.34701452552656e-07,0.999473939642558,0.99999999999975,"COL1A1","KO",FALSE,"Activated",1.08679705480569e-13
"KLF5",6.3251229241306e-09,-0.319389348510234,4.28660528700588e-07,0.999477607686493,0.99999999999975,"COL1A1","KO",FALSE,"Activated",1.08679705480569e-13
"C1QA",6.27234691172187e-09,-0.321626421117454,4.2153699545765e-07,0.999481966460174,0.99999999999975,"COL1A1","KO",FALSE,"Activated",1.08679705480569e-13
"GALNT3",6.18401485130046e-09,-0.325408572522697,4.09747773926928e-07,0.999489261809792,0.99999999999975,"COL1A1","KO",FALSE,"Activated",1.08679705480569e-13
"TNS4",6.13577291126238e-09,-0.327494604601591,4.0337976672787e-07,0.99949324611423,0.99999999999975,"COL1A1","KO",FALSE,"Activated",1.08679705480569e-13
"CD74",6.07147029618081e-09,-0.330298030648384,3.94969267262477e-07,0.99949855687071,0.99999999999975,"COL1A1","KO",FALSE,"Activated",1.08679705480569e-13
"FGF18",6.07104767636109e-09,-0.330316543392107,3.94914283536007e-07,0.999498591774904,0.99999999999975,"COL1A1","KO",FALSE,"Activated",1.08679705480569e-13
"SNAI1",6.0408626934509e-09,-0.33164177695707,3.90997052942813e-07,0.999501084754293,0.99999999999975,"COL1A1","KO",FALSE,"Activated",1.08679705480569e-13
"SLC7A1",5.991129154083e-09,-0.333838231625217,3.84585511532275e-07,0.99950519225004,0.99999999999975,"COL1A1","KO",FALSE,"Activated",1.08679705480569e-13
"OASL",5.98758225942935e-09,-0.33399550021723,3.84130278311939e-07,0.999505485188264,0.99999999999975,"COL1A1","KO",FALSE,"Activated",1.08679705480569e-13
"RTKN2",5.96213597204249e-09,-0.335126231607654,3.80872229041563e-07,0.999507586798542,0.99999999999975,"COL1A1","KO",FALSE,"Activated",1.08679705480569e-13
"RCAN1",5.9556712797785e-09,-0.335414183835903,3.80046723926833e-07,0.999508120717833,0.99999999999975,"COL1A1","KO",FALSE,"Activated",1.08679705480569e-13
"GBP4",5.9050244181931e-09,-0.33767983039173,3.73610394600693e-07,0.999512303644935,0.99999999999975,"COL1A1","KO",FALSE,"Activated",1.08679705480569e-13
"ARHGAP45",5.64651101093673e-09,-0.349522107165922,3.41614199133407e-07,0.999533654281755,0.99999999999975,"COL1A1","KO",FALSE,"Activated",1.08679705480569e-13
"GASK1B",5.64489296692679e-09,-0.349597742246833,3.41418443697538e-07,0.999533787916102,0.99999999999975,"COL1A1","KO",FALSE,"Activated",1.08679705480569e-13
"HLA-DQA1",5.64416688066373e-09,-0.349631689275472,3.41330618011526e-07,0.999533847883608,0.99999999999975,"COL1A1","KO",FALSE,"Activated",1.08679705480569e-13
"FADS1",5.59823787897247e-09,-0.351787002120075,3.35798113485639e-07,0.999537641162472,0.99999999999975,"COL1A1","KO",FALSE,"Activated",1.08679705480569e-13
"ZBTB20",5.56069863738593e-09,-0.353560379458975,3.31309793038764e-07,0.99954074153058,0.99999999999975,"COL1A1","KO",FALSE,"Activated",1.08679705480569e-13
"SERPINE1",5.53294722656119e-09,-0.354878266548529,3.28011153048652e-07,0.99954303352119,0.99999999999975,"COL1A1","KO",FALSE,"Activated",1.08679705480569e-13
"UPP1",5.49899823509403e-09,-0.356498529829983,3.23998288152622e-07,0.999545837370345,0.99999999999975,"COL1A1","KO",FALSE,"Activated",1.08679705480569e-13
"SERPINB3",5.46980731074499e-09,-0.357898873196939,3.20567588173764e-07,0.999548248250469,0.99999999999975,"COL1A1","KO",FALSE,"Activated",1.08679705480569e-13
"HBEGF",5.37870320099199e-09,-0.362312681746896,3.09977888640776e-07,0.999555772544168,0.99999999999975,"COL1A1","KO",FALSE,"Activated",1.08679705480569e-13
"TMEM204",5.34954027810235e-09,-0.363739690432928,3.06625647699339e-07,0.999558181111666,0.99999999999975,"COL1A1","KO",FALSE,"Activated",1.08679705480569e-13
"MMP10",5.32556358926683e-09,-0.364918143198175,3.03883209361448e-07,0.999560161347795,0.99999999999975,"COL1A1","KO",FALSE,"Activated",1.08679705480569e-13
"AQP1",5.31228511596935e-09,-0.365572821412366,3.02369726494625e-07,0.99956125801768,0.99999999999975,"COL1A1","KO",FALSE,"Activated",1.08679705480569e-13
"HPGD",5.30211280414653e-09,-0.366075344568283,3.01212840444394e-07,0.999562098149508,0.99999999999975,"COL1A1","KO",FALSE,"Activated",1.08679705480569e-13
"ADAM8",5.28473837246301e-09,-0.366935656703817,2.99241993171012e-07,0.999563533104837,0.99999999999975,"COL1A1","KO",FALSE,"Activated",1.08679705480569e-13
"KRT18",5.28132398778338e-09,-0.367105020521794,2.98855447179821e-07,0.999563815099068,0.99999999999975,"COL1A1","KO",FALSE,"Activated",1.08679705480569e-13
"TIMP1",5.27597316082572e-09,-0.36737063472373,2.98250177098807e-07,0.99956425702418,0.99999999999975,"COL1A1","KO",FALSE,"Activated",1.08679705480569e-13
"PDZK1IP1",5.27473377040625e-09,-0.367432192213578,2.98110068351709e-07,0.999564359385507,0.99999999999975,"COL1A1","KO",FALSE,"Activated",1.08679705480569e-13
"HMGA2",5.27244842873209e-09,-0.367545733451481,2.97851804786098e-07,0.99956454813201,0.99999999999975,"COL1A1","KO",FALSE,"Activated",1.08679705480569e-13
"PRRX1",5.13318889250679e-09,-0.374548901238425,2.82325461489673e-07,0.999576049585314,0.99999999999975,"COL1A1","KO",FALSE,"Activated",1.08679705480569e-13
"LAMC2",5.12561816964533e-09,-0.374934470148427,2.8149329587712e-07,0.999576674851764,0.99999999999975,"COL1A1","KO",FALSE,"Activated",1.08679705480569e-13
"ADRB2",5.08214568557504e-09,-0.377158382502959,2.76738623176088e-07,0.999580265246805,0.99999999999975,"COL1A1","KO",FALSE,"Activated",1.08679705480569e-13
"HLA-DPB1",5.02613733009261e-09,-0.380048792828478,2.70672576201664e-07,0.999584890980222,0.99999999999975,"COL1A1","KO",FALSE,"Activated",1.08679705480569e-13
"EREG",5.00802816062264e-09,-0.380989509526901,2.68725623740512e-07,0.999586386617611,0.99999999999975,"COL1A1","KO",FALSE,"Activated",1.08679705480569e-13
"LUCAT1",4.90720247261856e-09,-0.386283373303286,2.58014141556761e-07,0.999594713817237,0.99999999999975,"COL1A1","KO",FALSE,"Activated",1.08679705480569e-13
"NEFM",4.88365972385485e-09,-0.3875334797472,2.55544387763438e-07,0.999596658214277,0.99999999999975,"COL1A1","KO",FALSE,"Activated",1.08679705480569e-13
"DHCR24",4.86005024761365e-09,-0.388792551028592,2.5307956182217e-07,0.999598608122346,0.99999999999975,"COL1A1","KO",FALSE,"Activated",1.08679705480569e-13
"NRG1",4.81286451822517e-09,-0.391325391198622,2.48189170764486e-07,0.999602505194594,0.99999999999975,"COL1A1","KO",FALSE,"Activated",1.08679705480569e-13
"LYZ",4.77889760094438e-09,-0.393162448023241,2.44698329603775e-07,0.999605310524355,0.99999999999975,"COL1A1","KO",FALSE,"Activated",1.08679705480569e-13
"BCAT1",4.77216515374789e-09,-0.393527949125819,2.44009359765987e-07,0.999605866557579,0.99999999999975,"COL1A1","KO",FALSE,"Activated",1.08679705480569e-13
"CCL3L1",4.7613806442019e-09,-0.394114396275546,2.42907743318558e-07,0.999606757250878,0.99999999999975,"COL1A1","KO",FALSE,"Activated",1.08679705480569e-13
"HLA-DRB1",4.75289058322046e-09,-0.394576910294231,2.42042253640957e-07,0.999607458445532,0.99999999999975,"COL1A1","KO",FALSE,"Activated",1.08679705480569e-13
"SOX4",4.71828317389706e-09,-0.396469895548211,2.38530302632561e-07,0.999610316673579,0.99999999999975,"COL1A1","KO",FALSE,"Activated",1.08679705480569e-13
"MET",4.70326208843439e-09,-0.397295396732012,2.37013954185078e-07,0.999611557265945,0.99999999999975,"COL1A1","KO",FALSE,"Activated",1.08679705480569e-13
"RTTN",4.62785626725745e-09,-0.401475364856215,2.29474947526494e-07,0.999617785037337,0.99999999999975,"COL1A1","KO",FALSE,"Activated",1.08679705480569e-13
"VEGFC",4.60799694529237e-09,-0.402586351588284,2.27509701197233e-07,0.999619425219959,0.99999999999975,"COL1A1","KO",FALSE,"Activated",1.08679705480569e-13
"KRT8",4.57885074992707e-09,-0.404224647475047,2.24640744831226e-07,0.999621832406028,0.99999999999975,"COL1A1","KO",FALSE,"Activated",1.08679705480569e-13
"DKK1",4.55844334003278e-09,-0.405377297367066,2.22642811253317e-07,0.99962351785527,0.99999999999975,"COL1A1","KO",FALSE,"Activated",1.08679705480569e-13
"HLA-DMA",4.42921687579607e-09,-0.412785208902447,2.10198419852704e-07,0.99963419067696,0.99999999999975,"COL1A1","KO",FALSE,"Activated",1.08679705480569e-13
"LINP1",4.41745354467729e-09,-0.413469101207447,2.09083391976722e-07,0.99963516221121,0.99999999999975,"COL1A1","KO",FALSE,"Activated",1.08679705480569e-13
"HMCN1",4.39380873456976e-09,-0.414848693641071,2.06851107627646e-07,0.99963711503755,0.99999999999975,"COL1A1","KO",FALSE,"Activated",1.08679705480569e-13
"SEMA7A",4.36612197169018e-09,-0.416472580302226,2.0425245393751e-07,0.999639401689025,0.99999999999975,"COL1A1","KO",FALSE,"Activated",1.08679705480569e-13
"DDX60L",4.35049219512536e-09,-0.417393368810272,2.02792711791037e-07,0.999640692553248,0.99999999999975,"COL1A1","KO",FALSE,"Activated",1.08679705480569e-13
"CD24",4.33285003594397e-09,-0.418436271149603,2.01151312621855e-07,0.999642149620279,0.99999999999975,"COL1A1","KO",FALSE,"Activated",1.08679705480569e-13
"KLK8",4.31663322131521e-09,-0.419398269001097,1.99648408519954e-07,0.999643488968015,0.99999999999975,"COL1A1","KO",FALSE,"Activated",1.08679705480569e-13
"PLK3",4.28027930220041e-09,-0.421566613433341,1.96299762053493e-07,0.999646491440475,0.99999999999975,"COL1A1","KO",FALSE,"Activated",1.08679705480569e-13
"NQO1",4.26947492559099e-09,-0.422214218374353,1.95310004329389e-07,0.999647383774618,0.99999999999975,"COL1A1","KO",FALSE,"Activated",1.08679705480569e-13
"HEPHL1",4.25473481478031e-09,-0.423100094457908,1.93963739715912e-07,0.999648601161297,0.99999999999975,"COL1A1","KO",FALSE,"Activated",1.08679705480569e-13
"TP53AIP1",4.24786829554889e-09,-0.423513707143683,1.93338186727642e-07,0.999649168267552,0.99999999999975,"COL1A1","KO",FALSE,"Activated",1.08679705480569e-13
"HIST2H2AC",4.14621312713521e-09,-0.429707994649152,1.84195408260521e-07,0.999657563974328,0.99999999999975,"COL1A1","KO",FALSE,"Activated",1.08679705480569e-13
"SNHG9",4.12636052879892e-09,-0.430933520842906,1.82435728845733e-07,0.999659203601682,0.99999999999975,"COL1A1","KO",FALSE,"Activated",1.08679705480569e-13
"HLA-DRA",4.086286289126e-09,-0.433423497134207,1.78909390393692e-07,0.999662513335679,0.99999999999975,"COL1A1","KO",FALSE,"Activated",1.08679705480569e-13
"NGFR",4.07516783967323e-09,-0.434118199722364,1.77937119409714e-07,0.999663431609126,0.99999999999975,"COL1A1","KO",FALSE,"Activated",1.08679705480569e-13
"CDC42EP3",4.06733266059378e-09,-0.434608775514119,1.77253550540556e-07,0.999664078717064,0.99999999999975,"COL1A1","KO",FALSE,"Activated",1.08679705480569e-13
"AIFM1",4.02928772131902e-09,-0.437002919711768,1.73953077210753e-07,0.999667220851021,0.99999999999975,"COL1A1","KO",FALSE,"Activated",1.08679705480569e-13
"SNCA",3.97791248846516e-09,-0.440268203121042,1.69545397322728e-07,0.999671463934781,0.99999999999975,"COL1A1","KO",FALSE,"Activated",1.08679705480569e-13
"CA2",3.90992446576206e-09,-0.444647800693787,1.63799393762873e-07,0.999677079069929,0.99999999999975,"COL1A1","KO",FALSE,"Activated",1.08679705480569e-13
"FBXO32",3.88755482447488e-09,-0.446103680400023,1.61930481967926e-07,0.999678926580039,0.99999999999975,"COL1A1","KO",FALSE,"Activated",1.08679705480569e-13
"GRIA3",3.8827035848916e-09,-0.446420400665137,1.61526591372951e-07,0.999679327244228,0.99999999999975,"COL1A1","KO",FALSE,"Activated",1.08679705480569e-13
"IRF6",3.88215326294407e-09,-0.446456351574391,1.61480806096382e-07,0.999679372695353,0.99999999999975,"COL1A1","KO",FALSE,"Activated",1.08679705480569e-13
"CTSV",3.85665906573176e-09,-0.448126826768313,1.59366873133208e-07,0.99968147826274,0.99999999999975,"COL1A1","KO",FALSE,"Activated",1.08679705480569e-13
"MIR205HG",3.7988314948762e-09,-0.451952798487914,1.54623541062345e-07,0.999686254245542,0.99999999999975,"COL1A1","KO",FALSE,"Activated",1.08679705480569e-13
"DCLK1",3.7953457147794e-09,-0.452185083703932,1.54339908382708e-07,0.999686542136345,0.99999999999975,"COL1A1","KO",FALSE,"Activated",1.08679705480569e-13
"IL6",3.74940593632338e-09,-0.455264368677846,1.5062618629833e-07,0.999690336305616,0.99999999999975,"COL1A1","KO",FALSE,"Activated",1.08679705480569e-13
"HLA-DQB1",3.74564355530821e-09,-0.455518048030275,1.50324043091534e-07,0.999690647040908,0.99999999999975,"COL1A1","KO",FALSE,"Activated",1.08679705480569e-13
"S1PR3",3.73910287672307e-09,-0.455959597371011,1.49799506904467e-07,0.999691187235975,0.99999999999975,"COL1A1","KO",FALSE,"Activated",1.08679705480569e-13
"ANXA3",3.73551769935859e-09,-0.456201919217068,1.49512379032067e-07,0.999691483336006,0.99999999999975,"COL1A1","KO",FALSE,"Activated",1.08679705480569e-13
"MEST",3.69688206560047e-09,-0.458826574712229,1.46435625863537e-07,0.999694674255502,0.99999999999975,"COL1A1","KO",FALSE,"Activated",1.08679705480569e-13
"TWIST1",3.64611665805498e-09,-0.462312777496898,1.42441544710123e-07,0.999698866973808,0.99999999999975,"COL1A1","KO",FALSE,"Activated",1.08679705480569e-13
"DSE",3.63573466029366e-09,-0.463031078374694,1.41631519952008e-07,0.999699724423679,0.99999999999975,"COL1A1","KO",FALSE,"Activated",1.08679705480569e-13
"HYMAI",3.63536529613658e-09,-0.463056667389861,1.41602743952366e-07,0.999699754929488,0.99999999999975,"COL1A1","KO",FALSE,"Activated",1.08679705480569e-13
"CCL3",3.62622669257172e-09,-0.463690517877127,1.40891715079997e-07,0.999700509687351,0.99999999999975,"COL1A1","KO",FALSE,"Activated",1.08679705480569e-13
"FMO1",3.6051077931118e-09,-0.465160798065515,1.39255406197165e-07,0.999702253898633,0.99999999999975,"COL1A1","KO",FALSE,"Activated",1.08679705480569e-13
"AKAP12",3.60330659376409e-09,-0.465286552116052,1.39116290197515e-07,0.999702402659805,0.99999999999975,"COL1A1","KO",FALSE,"Activated",1.08679705480569e-13
"ATP1B1",3.59826537642747e-09,-0.465638812944593,1.38727300336716e-07,0.999702819014273,0.99999999999975,"COL1A1","KO",FALSE,"Activated",1.08679705480569e-13
"EFNA1",3.59689524689509e-09,-0.465734628555205,1.38621672672565e-07,0.99970293217336,0.99999999999975,"COL1A1","KO",FALSE,"Activated",1.08679705480569e-13
"OLR1",3.59511887069005e-09,-0.465858902304318,1.38484786042076e-07,0.999703078884387,0.99999999999975,"COL1A1","KO",FALSE,"Activated",1.08679705480569e-13
"EHF",3.58547111921936e-09,-0.466534810823733,1.37742516241205e-07,0.99970387569281,0.99999999999975,"COL1A1","KO",FALSE,"Activated",1.08679705480569e-13
"THBS1",3.5472294571938e-09,-0.469230064522322,1.34819936919865e-07,0.999707034074173,0.99999999999975,"COL1A1","KO",FALSE,"Activated",1.08679705480569e-13
"C6orf141",3.51186507376635e-09,-0.471745745253446,1.32145141053396e-07,0.999709954820914,0.99999999999975,"COL1A1","KO",FALSE,"Activated",1.08679705480569e-13
"AREG",3.49409647411631e-09,-0.473018291093321,1.30811323260179e-07,0.999711422330722,0.99999999999975,"COL1A1","KO",FALSE,"Activated",1.08679705480569e-13
"C12orf75",3.48668663643392e-09,-0.473550676293737,1.30257095347444e-07,0.999712034309702,0.99999999999975,"COL1A1","KO",FALSE,"Activated",1.08679705480569e-13
"ACP5",3.46874471856102e-09,-0.474843976186977,1.28919981186694e-07,0.999713516133875,0.99999999999975,"COL1A1","KO",FALSE,"Activated",1.08679705480569e-13
"AKR1B10",3.4627619654792e-09,-0.475276558118277,1.28475652574143e-07,0.999714010249845,0.99999999999975,"COL1A1","KO",FALSE,"Activated",1.08679705480569e-13
"TGFBI",3.45042339081063e-09,-0.476170810428253,1.27561710333608e-07,0.999715029293536,0.99999999999975,"COL1A1","KO",FALSE,"Activated",1.08679705480569e-13
"TRIB1",3.44840649277496e-09,-0.476317259160551,1.27412624995719e-07,0.999715195869278,0.99999999999975,"COL1A1","KO",FALSE,"Activated",1.08679705480569e-13
"MCM6",3.43109104235953e-09,-0.477577709198889,1.26136285914446e-07,0.999716625953465,0.99999999999975,"COL1A1","KO",FALSE,"Activated",1.08679705480569e-13
"ITGAV",3.35293001883194e-09,-0.483339043670432,1.2045491713428e-07,0.999723081277542,0.99999999999975,"COL1A1","KO",FALSE,"Activated",1.08679705480569e-13
"HLA-DPA1",3.31287571777457e-09,-0.486338169107464,1.17594183872679e-07,0.99972638936491,0.99999999999975,"COL1A1","KO",FALSE,"Activated",1.08679705480569e-13
"ISG15",3.29222305618724e-09,-0.48789725490642,1.16132575910008e-07,0.999728095069595,0.99999999999975,"COL1A1","KO",FALSE,"Activated",1.08679705480569e-13
"KCNMA1",3.28351094155252e-09,-0.488557562575362,1.15518752605279e-07,0.999728814603719,0.99999999999975,"COL1A1","KO",FALSE,"Activated",1.08679705480569e-13
"HLA-DRB5",3.26796479925914e-09,-0.489739734557065,1.14427469753766e-07,0.99973009856064,0.99999999999975,"COL1A1","KO",FALSE,"Activated",1.08679705480569e-13
"METTL7A",3.24662476493466e-09,-0.491370703381389,1.12937910691942e-07,0.999731861035488,0.99999999999975,"COL1A1","KO",FALSE,"Activated",1.08679705480569e-13
"KHDC1L",3.24457245560977e-09,-0.491528061281653,1.12795171518411e-07,0.999732030535851,0.99999999999975,"COL1A1","KO",FALSE,"Activated",1.08679705480569e-13
"KC877982.1",3.19046367796158e-09,-0.495709208872826,1.09064437665795e-07,0.999736499383386,0.99999999999975,"COL1A1","KO",FALSE,"Activated",1.08679705480569e-13
"IGKC",3.1620477248809e-09,-0.497930444061101,1.07130318469679e-07,0.999738846258839,0.99999999999975,"COL1A1","KO",FALSE,"Activated",1.08679705480569e-13
"MIR155HG",3.15512458471025e-09,-0.498474318691994,1.06661719420781e-07,0.999739418041446,0.99999999999975,"COL1A1","KO",FALSE,"Activated",1.08679705480569e-13
"ITGA6",3.09737573980465e-09,-0.503053038807524,1.0279295237521e-07,0.999744187522392,0.99999999999975,"COL1A1","KO",FALSE,"Activated",1.08679705480569e-13
"ADAM19",3.08344071749592e-09,-0.504169323944624,1.01870106722915e-07,0.999745338416814,0.99999999999975,"COL1A1","KO",FALSE,"Activated",1.08679705480569e-13
"FGF7",3.04669180128432e-09,-0.507134922359401,9.94563696905714e-08,0.999748373512257,0.99999999999975,"COL1A1","KO",FALSE,"Activated",1.08679705480569e-13
"SCD",2.97682247614016e-09,-0.51286259036916,9.49470393918855e-08,0.999754144024495,0.99999999999975,"COL1A1","KO",FALSE,"Activated",1.08679705480569e-13
"DAPP1",2.96414095985127e-09,-0.513915045783306,9.41397976360085e-08,0.999755191391775,0.99999999999975,"COL1A1","KO",FALSE,"Activated",1.08679705480569e-13
"CYP24A1",2.94902163631846e-09,-0.515175090738766,9.31818809538807e-08,0.999756440097719,0.99999999999975,"COL1A1","KO",FALSE,"Activated",1.08679705480569e-13
"CXCL12",2.90508465003645e-09,-0.518869854914556,9.04259621201965e-08,0.999760068856365,0.99999999999975,"COL1A1","KO",FALSE,"Activated",1.08679705480569e-13
"COL15A1",2.9018680456918e-09,-0.519142304954193,9.02258278382065e-08,0.999760334515934,0.99999999999975,"COL1A1","KO",FALSE,"Activated",1.08679705480569e-13
"NES",2.89415178853879e-09,-0.5197969828663,8.97466330228419e-08,0.999760971802131,0.99999999999975,"COL1A1","KO",FALSE,"Activated",1.08679705480569e-13
"ABI3BP",2.86106469485915e-09,-0.5226220325769,8.77063245155032e-08,0.999763704467423,0.99999999999975,"COL1A1","KO",FALSE,"Activated",1.08679705480569e-13
"NEDD9",2.84515572776912e-09,-0.523990786871098,8.67336532588753e-08,0.999765018390086,0.99999999999975,"COL1A1","KO",FALSE,"Activated",1.08679705480569e-13
"CCL4L2",2.82902240171734e-09,-0.525385848995328,8.5752803631527e-08,0.999766350842571,0.99999999999975,"COL1A1","KO",FALSE,"Activated",1.08679705480569e-13
"CALML3",2.79449061043078e-09,-0.528395903255407,8.36721376493395e-08,0.999769202825541,0.99999999999975,"COL1A1","KO",FALSE,"Activated",1.08679705480569e-13
"CTSH",2.78410434306758e-09,-0.52930775417335,8.30513259643693e-08,0.999770060628064,0.99999999999975,"COL1A1","KO",FALSE,"Activated",1.08679705480569e-13
"VCAM1",2.77216808773915e-09,-0.530359447500275,8.23407227186513e-08,0.999771046444197,0.99999999999975,"COL1A1","KO",FALSE,"Activated",1.08679705480569e-13
"DSC2",2.74168255678418e-09,-0.533063986931176,8.05396787453543e-08,0.999773564246258,0.99999999999975,"COL1A1","KO",FALSE,"Activated",1.08679705480569e-13
"CYBRD1",2.74120942737177e-09,-0.533106172275882,8.05118838404658e-08,0.999773603322048,0.99999999999975,"COL1A1","KO",FALSE,"Activated",1.08679705480569e-13
"FAM49A",2.73984324795351e-09,-0.533228020626054,8.04316519049597e-08,0.999773716154898,0.99999999999975,"COL1A1","KO",FALSE,"Activated",1.08679705480569e-13
"NECTIN1",2.7354468703136e-09,-0.533620498648841,8.01737362632633e-08,0.999774079252025,0.99999999999975,"COL1A1","KO",FALSE,"Activated",1.08679705480569e-13
"APOBEC3G",2.70635362880686e-09,-0.536232044686901,7.84774064955948e-08,0.999776482064808,0.99999999999975,"COL1A1","KO",FALSE,"Activated",1.08679705480569e-13
"FGFR3",2.63643587429367e-09,-0.542612312868882,7.44749087951884e-08,0.999782256576891,0.99999999999975,"COL1A1","KO",FALSE,"Activated",1.08679705480569e-13
"MIR99AHG",2.5983493233503e-09,-0.546151770594257,7.23386883554845e-08,0.999785402147719,0.99999999999975,"COL1A1","KO",FALSE,"Activated",1.08679705480569e-13
"LINC00707",2.57782981800799e-09,-0.54807795633987,7.12006635184225e-08,0.999787096855059,0.99999999999975,"COL1A1","KO",FALSE,"Activated",1.08679705480569e-13
"KRT5",2.55717416599648e-09,-0.550030814612862,7.00642006561319e-08,0.999788802806763,0.99999999999975,"COL1A1","KO",FALSE,"Activated",1.08679705480569e-13
"IL32",2.55124187228231e-09,-0.550594280919108,6.97394990326834e-08,0.999789292755304,0.99999999999975,"COL1A1","KO",FALSE,"Activated",1.08679705480569e-13
"KLF4",2.51513639988631e-09,-0.554049155338774,6.77795435863319e-08,0.999792274708728,0.99999999999975,"COL1A1","KO",FALSE,"Activated",1.08679705480569e-13
"CDCP1",2.49547598628535e-09,-0.555949114739897,6.67240417028518e-08,0.999793898463626,0.99999999999975,"COL1A1","KO",FALSE,"Activated",1.08679705480569e-13
"SLCO1B3",2.47716389735391e-09,-0.557730847562094,6.5748377316295e-08,0.9997954108603,0.99999999999975,"COL1A1","KO",FALSE,"Activated",1.08679705480569e-13
"PPP1R14C",2.45872616077678e-09,-0.559536740720542,6.47732784790935e-08,0.999796933634221,0.99999999999975,"COL1A1","KO",FALSE,"Activated",1.08679705480569e-13
"IGFBP5",2.45815429487424e-09,-0.559592945720761,6.4743151234944e-08,0.999796980864665,0.99999999999975,"COL1A1","KO",FALSE,"Activated",1.08679705480569e-13
"TGFA",2.44596456848963e-09,-0.560793783569438,6.41026344718492e-08,0.999797987614999,0.99999999999975,"COL1A1","KO",FALSE,"Activated",1.08679705480569e-13
"KCTD14",2.40709840989875e-09,-0.56465862725311,6.20816494227918e-08,0.999801197573692,0.99999999999975,"COL1A1","KO",FALSE,"Activated",1.08679705480569e-13
"CDH3",2.32829857301966e-09,-0.572668769018235,5.80835161507569e-08,0.999807705657612,0.99999999999975,"COL1A1","KO",FALSE,"Activated",1.08679705480569e-13
"GPX2",2.29077883329279e-09,-0.576568224213543,5.62266071888029e-08,0.999810804415488,0.99999999999975,"COL1A1","KO",FALSE,"Activated",1.08679705480569e-13
"VGLL3",2.26026264452743e-09,-0.57978212514906,5.47385602137742e-08,0.999813324749613,0.99999999999975,"COL1A1","KO",FALSE,"Activated",1.08679705480569e-13
"SLPI",2.25903300603355e-09,-0.579912439311286,5.46790181670809e-08,0.99981342630554,0.99999999999975,"COL1A1","KO",FALSE,"Activated",1.08679705480569e-13
"FZD10",2.24940681195556e-09,-0.580934797266145,5.42140144278179e-08,0.99981422133357,0.99999999999975,"COL1A1","KO",FALSE,"Activated",1.08679705480569e-13
"SGCD",2.24841494352425e-09,-0.581040361612257,5.4166213991178e-08,0.999814303252052,0.99999999999975,"COL1A1","KO",FALSE,"Activated",1.08679705480569e-13
"PLPP3",2.22028826898557e-09,-0.584051341555711,5.28194997429158e-08,0.999816626236035,0.99999999999975,"COL1A1","KO",FALSE,"Activated",1.08679705480569e-13
"HK2",2.21794405640925e-09,-0.584303827864682,5.27080234344085e-08,0.999816819844712,0.99999999999975,"COL1A1","KO",FALSE,"Activated",1.08679705480569e-13
"SOWAHC",2.184610946891e-09,-0.587920065618085,5.11356482727749e-08,0.99981957282852,0.99999999999975,"COL1A1","KO",FALSE,"Activated",1.08679705480569e-13
"ARC",2.18349915914438e-09,-0.588041528974,5.10836138171687e-08,0.999819664651146,0.99999999999975,"COL1A1","KO",FALSE,"Activated",1.08679705480569e-13
"MSX1",2.14173060657094e-09,-0.592645303359234,4.91479311385106e-08,0.999823114318779,0.99999999999975,"COL1A1","KO",FALSE,"Activated",1.08679705480569e-13
"SERPINF1",2.13999930084411e-09,-0.592837856710674,4.90685040599214e-08,0.999823257307438,0.99999999999975,"COL1A1","KO",FALSE,"Activated",1.08679705480569e-13
"HSBP1L1",2.13613670284707e-09,-0.593267951740092,4.88915312381629e-08,0.999823576319673,0.99999999999975,"COL1A1","KO",FALSE,"Activated",1.08679705480569e-13
"AC015912.3",2.11725090448137e-09,-0.5953809217129,4.80308430060914e-08,0.999825136099061,0.99999999999975,"COL1A1","KO",FALSE,"Activated",1.08679705480569e-13
"PPP1R14B-AS1",2.11208097387376e-09,-0.595962277892618,4.77965647218497e-08,0.999825563083986,0.99999999999975,"COL1A1","KO",FALSE,"Activated",1.08679705480569e-13
"HIST1H2AL",2.08272393865937e-09,-0.599287784785288,4.64770947328839e-08,0.999827987683549,0.99999999999975,"COL1A1","KO",FALSE,"Activated",1.08679705480569e-13
"SVEP1",2.07931651709953e-09,-0.599676480484392,4.63251422785003e-08,0.999828269102731,0.99999999999975,"COL1A1","KO",FALSE,"Activated",1.08679705480569e-13
"DUSP6",2.06915358714818e-09,-0.600839190176172,4.58734086189116e-08,0.999829108459817,0.99999999999975,"COL1A1","KO",FALSE,"Activated",1.08679705480569e-13
"SCG5",2.06879763992366e-09,-0.600880005461953,4.58576271823687e-08,0.999829137857523,0.99999999999975,"COL1A1","KO",FALSE,"Activated",1.08679705480569e-13
"ZEB1",2.04538324028171e-09,-0.60357874353195,4.48254792110534e-08,0.999831071654406,0.99999999999975,"COL1A1","KO",FALSE,"Activated",1.08679705480569e-13
"CFB",2.04232613936795e-09,-0.603933140092633,4.46915839083407e-08,0.999831324140581,0.99999999999975,"COL1A1","KO",FALSE,"Activated",1.08679705480569e-13
"KRT7",2.04037545916758e-09,-0.604159521962972,4.4606252429999e-08,0.999831485247394,0.99999999999975,"COL1A1","KO",FALSE,"Activated",1.08679705480569e-13
"DUSP5",2.01573960014175e-09,-0.607035357730897,4.35355876136128e-08,0.999833519924693,0.99999999999975,"COL1A1","KO",FALSE,"Activated",1.08679705480569e-13
"TMEM176A",1.94526908929992e-09,-0.615438644120946,4.054477798684e-08,0.999839340089058,0.99999999999975,"COL1A1","KO",FALSE,"Activated",1.08679705480569e-13
"PTGDS",1.9115130617529e-09,-0.619560716171416,3.91498493302908e-08,0.999842128001711,0.99999999999975,"COL1A1","KO",FALSE,"Activated",1.08679705480569e-13
"SOX2",1.903855926135e-09,-0.620504804805955,3.88368247517674e-08,0.999842760405073,0.99999999999975,"COL1A1","KO",FALSE,"Activated",1.08679705480569e-13
"RARRES1",1.89465435828773e-09,-0.6216438151283,3.84623257242077e-08,0.999843520363199,0.99999999999975,"COL1A1","KO",FALSE,"Activated",1.08679705480569e-13
"HES1",1.88991457992931e-09,-0.622232456497463,3.82701272174156e-08,0.999843911821822,0.99999999999975,"COL1A1","KO",FALSE,"Activated",1.08679705480569e-13
"FOSL1",1.86040744060807e-09,-0.625926961138028,3.70844370396204e-08,0.999846348818505,0.99999999999975,"COL1A1","KO",FALSE,"Activated",1.08679705480569e-13
"CAPNS2",1.83683267945213e-09,-0.628916524876934,3.61505367425669e-08,0.999848295859665,0.99999999999975,"COL1A1","KO",FALSE,"Activated",1.08679705480569e-13
"IL20",1.83493935292058e-09,-0.629158106841978,3.60760503767954e-08,0.999848452229635,0.99999999999975,"COL1A1","KO",FALSE,"Activated",1.08679705480569e-13
"PI3",1.81437613843321e-09,-0.631796353841684,3.52720097911461e-08,0.999850150546947,0.99999999999975,"COL1A1","KO",FALSE,"Activated",1.08679705480569e-13
"EPCAM",1.8089039081198e-09,-0.632502939428328,3.50595670850129e-08,0.999850602498829,0.99999999999975,"COL1A1","KO",FALSE,"Activated",1.08679705480569e-13
"FAM43A",1.80196727621583e-09,-0.633401362812093,3.47911957048936e-08,0.99985117539574,0.99999999999975,"COL1A1","KO",FALSE,"Activated",1.08679705480569e-13
"CD274",1.79467916985097e-09,-0.634348645294589,3.4510336924518e-08,0.999851777320951,0.99999999999975,"COL1A1","KO",FALSE,"Activated",1.08679705480569e-13
"CTSS",1.76745549585416e-09,-0.63791776651127,3.34712960695186e-08,0.999854025726079,0.99999999999975,"COL1A1","KO",FALSE,"Activated",1.08679705480569e-13
"PSAT1",1.75492246440311e-09,-0.639577438496962,3.29982889914197e-08,0.999855060830018,0.99999999999975,"COL1A1","KO",FALSE,"Activated",1.08679705480569e-13
"GAS7",1.73248588052955e-09,-0.642575218557299,3.2159920224065e-08,0.999856913869041,0.99999999999975,"COL1A1","KO",FALSE,"Activated",1.08679705480569e-13
"ITGA2",1.71889707329914e-09,-0.644407753858718,3.16574040522248e-08,0.999858036169575,0.99999999999975,"COL1A1","KO",FALSE,"Activated",1.08679705480569e-13
"KLK9",1.68734511139654e-09,-0.648713187967905,3.05058682447571e-08,0.999860642048306,0.99999999999975,"COL1A1","KO",FALSE,"Activated",1.08679705480569e-13
"ANK3",1.65339833424531e-09,-0.65342652977595,2.92907536717376e-08,0.999863445714996,0.99999999999975,"COL1A1","KO",FALSE,"Activated",1.08679705480569e-13
"MDK",1.641340416424e-09,-0.655121549862392,2.88650877735007e-08,0.99986444157927,0.99999999999975,"COL1A1","KO",FALSE,"Activated",1.08679705480569e-13
"FERMT1",1.6370450590799e-09,-0.655728051633654,2.87142066629602e-08,0.999864796333132,0.99999999999975,"COL1A1","KO",FALSE,"Activated",1.08679705480569e-13
"IGHG1",1.57380905592692e-09,-0.664825609273233,2.65386993809568e-08,0.999870018999044,0.99999999999975,"COL1A1","KO",FALSE,"Activated",1.08679705480569e-13
"IL1R2",1.57057748576386e-09,-0.665299248097154,2.64298251567401e-08,0.99987028589465,0.99999999999975,"COL1A1","KO",FALSE,"Activated",1.08679705480569e-13
"KRTDAP",1.55739655973872e-09,-0.667240193435703,2.59880669579591e-08,0.999871374508251,0.99999999999975,"COL1A1","KO",FALSE,"Activated",1.08679705480569e-13
"SPINT2",1.54599495512685e-09,-0.66893100741095,2.56089457322873e-08,0.999872316167572,0.99999999999975,"COL1A1","KO",FALSE,"Activated",1.08679705480569e-13
"TNFRSF11B",1.50416529228491e-09,-0.675231177149008,2.42419014721808e-08,0.999875770882349,0.99999999999975,"COL1A1","KO",FALSE,"Activated",1.08679705480569e-13
"CDKN1C",1.49608558293928e-09,-0.676466118381475,2.39821674361264e-08,0.999876438186109,0.99999999999975,"COL1A1","KO",FALSE,"Activated",1.08679705480569e-13
"IFIT1",1.49191077643525e-09,-0.677106553528338,2.38485103556553e-08,0.99987678298367,0.99999999999975,"COL1A1","KO",FALSE,"Activated",1.08679705480569e-13
"TRIM59",1.48581232287686e-09,-0.678044970486895,2.36539386948909e-08,0.999877286655376,0.99999999999975,"COL1A1","KO",FALSE,"Activated",1.08679705480569e-13
"TCEAL7",1.47662507028579e-09,-0.67946520615772,2.33623233366566e-08,0.99987804543121,0.99999999999975,"COL1A1","KO",FALSE,"Activated",1.08679705480569e-13
"ADAMTS5",1.46844041215292e-09,-0.680737121709884,2.31040550659688e-08,0.999878721402698,0.99999999999975,"COL1A1","KO",FALSE,"Activated",1.08679705480569e-13
"ID1",1.45769888678787e-09,-0.682416031118256,2.27672826517652e-08,0.999879608546029,0.99999999999975,"COL1A1","KO",FALSE,"Activated",1.08679705480569e-13
"GJB5",1.44157307119244e-09,-0.684957390648269,2.22663420891185e-08,0.999880940378268,0.99999999999975,"COL1A1","KO",FALSE,"Activated",1.08679705480569e-13
"TMEM265",1.42385008858503e-09,-0.687779937476437,2.17222140158923e-08,0.999882404120642,0.99999999999975,"COL1A1","KO",FALSE,"Activated",1.08679705480569e-13
"HEY1",1.40798824637023e-09,-0.690332839460157,2.12409342126612e-08,0.999883714151301,0.99999999999975,"COL1A1","KO",FALSE,"Activated",1.08679705480569e-13
"STC1",1.39301477293908e-09,-0.692766461258517,2.07915563355123e-08,0.999884950811521,0.99999999999975,"COL1A1","KO",FALSE,"Activated",1.08679705480569e-13
"SEMA3B",1.38483006274907e-09,-0.694106614363026,2.05479509728072e-08,0.999885626787309,0.99999999999975,"COL1A1","KO",FALSE,"Activated",1.08679705480569e-13
"IGFBP3",1.37538556432873e-09,-0.695661870673538,2.02686339118433e-08,0.999886406809095,0.99999999999975,"COL1A1","KO",FALSE,"Activated",1.08679705480569e-13
"ANGPTL4",1.36766132603641e-09,-0.696940958980653,2.00416137390421e-08,0.999887044754477,0.99999999999975,"COL1A1","KO",FALSE,"Activated",1.08679705480569e-13
"RNF144B",1.3593030962161e-09,-0.698332327406478,1.97974004260026e-08,0.999887735061264,0.99999999999975,"COL1A1","KO",FALSE,"Activated",1.08679705480569e-13
"TNFSF10",1.35611331051299e-09,-0.698865337995933,1.97045949719441e-08,0.999887998505888,0.99999999999975,"COL1A1","KO",FALSE,"Activated",1.08679705480569e-13
"KRT14",1.34215849396719e-09,-0.701210433003351,1.93011490018686e-08,0.999889151035165,0.99999999999975,"COL1A1","KO",FALSE,"Activated",1.08679705480569e-13
"SNHG1",1.33972166147798e-09,-0.701622174223657,1.92311260204575e-08,0.999889352293331,0.99999999999975,"COL1A1","KO",FALSE,"Activated",1.08679705480569e-13
"ALPK2",1.33661950361244e-09,-0.702147302313715,1.91421688574826e-08,0.999889608500767,0.99999999999975,"COL1A1","KO",FALSE,"Activated",1.08679705480569e-13
"BARX1",1.33557059047675e-09,-0.702325107051646,1.91121369837772e-08,0.999889695130576,0.99999999999975,"COL1A1","KO",FALSE,"Activated",1.08679705480569e-13
"CUL2",1.32421673914241e-09,-0.704257766252875,1.87885689042842e-08,0.999890632845954,0.99999999999975,"COL1A1","KO",FALSE,"Activated",1.08679705480569e-13
"TJP2",1.32335059334939e-09,-0.704405809483378,1.87639984283366e-08,0.999890704380996,0.99999999999975,"COL1A1","KO",FALSE,"Activated",1.08679705480569e-13
"FSTL3",1.30392701945284e-09,-0.707748682833157,1.82172208937873e-08,0.999892308575327,0.99999999999975,"COL1A1","KO",FALSE,"Activated",1.08679705480569e-13
"HIST1H1C",1.28925487268737e-09,-0.710303458170111,1.78095570472825e-08,0.999893520348958,0.99999999999975,"COL1A1","KO",FALSE,"Activated",1.08679705480569e-13
"COL23A1",1.28638788867649e-09,-0.710805702651676,1.77304370155714e-08,0.999893757133368,0.99999999999975,"COL1A1","KO",FALSE,"Activated",1.08679705480569e-13
"BMP8B",1.26638413053921e-09,-0.714338115486271,1.71832961150652e-08,0.999895409245157,0.99999999999975,"COL1A1","KO",FALSE,"Activated",1.08679705480569e-13
"TMEM40",1.24972098711479e-09,-0.717318904247835,1.67340738549471e-08,0.999896785455342,0.99999999999975,"COL1A1","KO",FALSE,"Activated",1.08679705480569e-13
"IGHG3",1.24004446683045e-09,-0.719066235957857,1.64759351047333e-08,0.999897584639832,0.99999999999975,"COL1A1","KO",FALSE,"Activated",1.08679705480569e-13
"GLDC",1.23946551996484e-09,-0.719171164921036,1.64605542622723e-08,0.999897632455094,0.99999999999975,"COL1A1","KO",FALSE,"Activated",1.08679705480569e-13
"CCL20",1.23492718263761e-09,-0.719995219328759,1.63402333948024e-08,0.999898007276693,0.99999999999975,"COL1A1","KO",FALSE,"Activated",1.08679705480569e-13
"HLA-DMB",1.23394120161159e-09,-0.720174607982428,1.63141513251217e-08,0.999898088708935,0.99999999999975,"COL1A1","KO",FALSE,"Activated",1.08679705480569e-13
"G0S2",1.23340243720278e-09,-0.720272684520481,1.62999082392331e-08,0.999898133205526,0.99999999999975,"COL1A1","KO",FALSE,"Activated",1.08679705480569e-13
"SOX15",1.19309030167533e-09,-0.727722013606833,1.52518380784874e-08,0.999901462587631,0.99999999999975,"COL1A1","KO",FALSE,"Activated",1.08679705480569e-13
"AC007952.4",1.18990826531033e-09,-0.72831956410873,1.51705916133621e-08,0.999901725392238,0.99999999999975,"COL1A1","KO",FALSE,"Activated",1.08679705480569e-13
"BCAR3",1.18848414263962e-09,-0.728587461087493,1.51342999841594e-08,0.99990184301063,0.99999999999975,"COL1A1","KO",FALSE,"Activated",1.08679705480569e-13
"ITGBL1",1.17686295344566e-09,-0.730784354992215,1.48397757701506e-08,0.999902802805462,0.99999999999975,"COL1A1","KO",FALSE,"Activated",1.08679705480569e-13
"DSC3",1.17272792954673e-09,-0.731570728006839,1.47356769451922e-08,0.999903144317376,0.99999999999975,"COL1A1","KO",FALSE,"Activated",1.08679705480569e-13
"KCTD11",1.1417873301526e-09,-0.737534759315372,1.39683784857246e-08,0.999905699703656,0.99999999999975,"COL1A1","KO",FALSE,"Activated",1.08679705480569e-13
"ZNF275",1.12694216698835e-09,-0.740447730086436,1.36075147439721e-08,0.999906925766726,0.99999999999975,"COL1A1","KO",FALSE,"Activated",1.08679705480569e-13
"TMCC3",1.1049337159857e-09,-0.744830062102939,1.30812126820005e-08,0.999908743446243,0.99999999999975,"COL1A1","KO",FALSE,"Activated",1.08679705480569e-13
"RBP1",1.08386747551518e-09,-0.749098489940506,1.25871649512825e-08,0.999910483308526,0.99999999999975,"COL1A1","KO",FALSE,"Activated",1.08679705480569e-13
"EFNB2",1.07794565994851e-09,-0.750311716193486,1.24499982849879e-08,0.999910972391691,0.99999999999975,"COL1A1","KO",FALSE,"Activated",1.08679705480569e-13
"TAF4B",1.06838501717762e-09,-0.752283075700483,1.22301316755494e-08,0.99991176200585,0.99999999999975,"COL1A1","KO",FALSE,"Activated",1.08679705480569e-13
"FGL2",1.05886967528451e-09,-0.754260814402432,1.20132517064113e-08,0.999912547878607,0.99999999999975,"COL1A1","KO",FALSE,"Activated",1.08679705480569e-13
"TMEM154",1.05796633642114e-09,-0.754449395781744,1.19927630506856e-08,0.999912622485427,0.99999999999975,"COL1A1","KO",FALSE,"Activated",1.08679705480569e-13
"PAMR1",1.05127511401442e-09,-0.755850756966875,1.18415437177705e-08,0.999913175113957,0.99999999999975,"COL1A1","KO",FALSE,"Activated",1.08679705480569e-13
"TNFSF13B",1.04961178578916e-09,-0.756200349507145,1.18041019637981e-08,0.999913312488353,0.99999999999975,"COL1A1","KO",FALSE,"Activated",1.08679705480569e-13
"AHNAK2",1.04719981359114e-09,-0.75670817017217,1.17499134471316e-08,0.999913511693306,0.99999999999975,"COL1A1","KO",FALSE,"Activated",1.08679705480569e-13
"F11R",1.01633373000485e-09,-0.763300782264043,1.10674669391393e-08,0.999916060925324,0.99999999999975,"COL1A1","KO",FALSE,"Activated",1.08679705480569e-13
"PCSK1",1.00263596612438e-09,-0.766283962921716,1.07711509878294e-08,0.999917192224608,0.99999999999975,"COL1A1","KO",FALSE,"Activated",1.08679705480569e-13
"CREB5",9.94917286837836e-10,-0.767981069336646,1.06059483729076e-08,0.999917829710874,0.99999999999975,"COL1A1","KO",FALSE,"Activated",1.08679705480569e-13
"TNNT1",9.82870305144185e-10,-0.770653506619002,1.03506585786289e-08,0.999918824671941,0.99999999999975,"COL1A1","KO",FALSE,"Activated",1.08679705480569e-13
"ODC1",9.45421361081038e-10,-0.779152148875552,9.5769313940802e-09,0.999921917582872,0.99999999999975,"COL1A1","KO",FALSE,"Activated",1.08679705480569e-13
"RAB3IP",9.35740456680942e-10,-0.781398042674376,9.38180427088701e-09,0.999922717129449,0.99999999999975,"COL1A1","KO",FALSE,"Activated",1.08679705480569e-13
"GBP6",9.33378359611725e-10,-0.781949181828561,9.33449892685104e-09,0.999922912215212,0.99999999999975,"COL1A1","KO",FALSE,"Activated",1.08679705480569e-13
"ANKRD37",9.23213140828034e-10,-0.784335313449305,9.13228612666119e-09,0.999923751761349,0.99999999999975,"COL1A1","KO",FALSE,"Activated",1.08679705480569e-13
"PODN",9.2199445296774e-10,-0.784622956729509,9.10819188436989e-09,0.999923852412865,0.99999999999975,"COL1A1","KO",FALSE,"Activated",1.08679705480569e-13
"HMGCS1",9.20786717814022e-10,-0.784908350366092,9.08434558297997e-09,0.999923952159796,0.99999999999975,"COL1A1","KO",FALSE,"Activated",1.08679705480569e-13
"SNHG4",9.15647490235665e-10,-0.786126528327583,8.98322285459044e-09,0.999924376608965,0.99999999999975,"COL1A1","KO",FALSE,"Activated",1.08679705480569e-13
"LYPD3",9.01707034778183e-10,-0.789461948509847,8.71177139900028e-09,0.999925527952164,0.99999999999975,"COL1A1","KO",FALSE,"Activated",1.08679705480569e-13
"CYB5D2",8.95051850600825e-10,-0.791070565992257,8.58364888993626e-09,0.999926077604295,0.99999999999975,"COL1A1","KO",FALSE,"Activated",1.08679705480569e-13
"ACKR4",8.8916454636981e-10,-0.792502517491372,8.4711004291027e-09,0.999926563837167,0.99999999999975,"COL1A1","KO",FALSE,"Activated",1.08679705480569e-13
"WNT10A",8.76247204764657e-10,-0.795674300478301,8.22676034842639e-09,0.999927630681322,0.99999999999975,"COL1A1","KO",FALSE,"Activated",1.08679705480569e-13
"STARD4-AS1",8.54568425220635e-10,-0.801092575123257,7.82472782078933e-09,0.999929421133254,0.99999999999975,"COL1A1","KO",FALSE,"Activated",1.08679705480569e-13
"VEGFA",8.36925919694388e-10,-0.805593500848692,7.50498090258468e-09,0.999930878229031,0.99999999999975,"COL1A1","KO",FALSE,"Activated",1.08679705480569e-13
"SGPP2",8.30662886240153e-10,-0.807211731371426,7.39307596284617e-09,0.999931395493406,0.99999999999975,"COL1A1","KO",FALSE,"Activated",1.08679705480569e-13
"CDH1",8.18660509760572e-10,-0.810343598244379,7.18097207957625e-09,0.999932386770527,0.99999999999975,"COL1A1","KO",FALSE,"Activated",1.08679705480569e-13
"AL161431.1",8.03544516668631e-10,-0.814346850787758,6.91823704826678e-09,0.999933635201464,0.99999999999975,"COL1A1","KO",FALSE,"Activated",1.08679705480569e-13
"KBTBD7",7.97362249115025e-10,-0.816003558798341,6.81219224483348e-09,0.999934145795378,0.99999999999975,"COL1A1","KO",FALSE,"Activated",1.08679705480569e-13
"PLIN2",7.95413975801427e-10,-0.816528031706343,6.77894312131831e-09,0.999934306703409,0.99999999999975,"COL1A1","KO",FALSE,"Activated",1.08679705480569e-13
"FAT2",7.9351024296215e-10,-0.817041624796673,6.74653269517974e-09,0.999934463932838,0.99999999999975,"COL1A1","KO",FALSE,"Activated",1.08679705480569e-13
"SERPINB5",7.8049989572551e-10,-0.820581364603073,6.52711483863204e-09,0.999935538458336,0.99999999999975,"COL1A1","KO",FALSE,"Activated",1.08679705480569e-13
"HELLPAR",7.77128508883148e-10,-0.821507223485872,6.47084858482974e-09,0.999935816901413,0.99999999999975,"COL1A1","KO",FALSE,"Activated",1.08679705480569e-13
"LINC02577",7.76939192336782e-10,-0.821559320480863,6.46769623749958e-09,0.99993583253708,0.99999999999975,"COL1A1","KO",FALSE,"Activated",1.08679705480569e-13
"PTHLH",7.66675072998246e-10,-0.824400975464216,6.29793597765265e-09,0.999936680251421,0.99999999999975,"COL1A1","KO",FALSE,"Activated",1.08679705480569e-13
"PRRG4",7.56825792129125e-10,-0.827159936517878,6.13715939903799e-09,0.999937493704224,0.99999999999975,"COL1A1","KO",FALSE,"Activated",1.08679705480569e-13
"TP63",7.55403600653046e-10,-0.827560966590096,6.11411574738449e-09,0.999937611163119,0.99999999999975,"COL1A1","KO",FALSE,"Activated",1.08679705480569e-13
"CD302",7.54298574235152e-10,-0.827873028532003,6.0962410171332e-09,0.999937702427329,0.99999999999975,"COL1A1","KO",FALSE,"Activated",1.08679705480569e-13
"DSG2",7.43038939820014e-10,-0.831076286452608,5.91559867716618e-09,0.999938632361331,0.99999999999975,"COL1A1","KO",FALSE,"Activated",1.08679705480569e-13
"ABCA8",7.22816076269394e-10,-0.836940045734749,5.59797766595806e-09,0.99994030256906,0.99999999999975,"COL1A1","KO",FALSE,"Activated",1.08679705480569e-13
"LAMB3",7.10360757562578e-10,-0.840624953191412,5.40671501131784e-09,0.999941331254713,0.99999999999975,"COL1A1","KO",FALSE,"Activated",1.08679705480569e-13
"CXXC5",7.09119711473478e-10,-0.840995274196826,5.38783975374753e-09,0.999941433752797,0.99999999999975,"COL1A1","KO",FALSE,"Activated",1.08679705480569e-13
"PLAT",7.02834302268083e-10,-0.842879748468032,5.29275088853097e-09,0.999941952865188,0.99999999999975,"COL1A1","KO",FALSE,"Activated",1.08679705480569e-13
"MMP9",6.97256200348071e-10,-0.844564819606041,5.20907157479522e-09,0.99994241356102,0.99999999999975,"COL1A1","KO",FALSE,"Activated",1.08679705480569e-13
"ERAP2",6.95574606874282e-10,-0.845075170907361,5.18397612799078e-09,0.999942552443944,0.99999999999975,"COL1A1","KO",FALSE,"Activated",1.08679705480569e-13
"CNKSR3",6.91827460345299e-10,-0.846216381181116,5.1282731301971e-09,0.99994286192104,0.99999999999975,"COL1A1","KO",FALSE,"Activated",1.08679705480569e-13
"SLC2A13",6.85898303650102e-10,-0.848033470777974,5.04074830280397e-09,0.999943351610511,0.99999999999975,"COL1A1","KO",FALSE,"Activated",1.08679705480569e-13
"AC110995.1",6.67297629533827e-10,-0.85382652014501,4.77105825334679e-09,0.999944887841501,0.99999999999975,"COL1A1","KO",FALSE,"Activated",1.08679705480569e-13
"AQP3",6.65760944080466e-10,-0.854311541745275,4.74910950457232e-09,0.999945014756462,0.99999999999975,"COL1A1","KO",FALSE,"Activated",1.08679705480569e-13
"TNFRSF6B",6.62318253593788e-10,-0.855401795393159,4.70012062478997e-09,0.999945299088512,0.99999999999975,"COL1A1","KO",FALSE,"Activated",1.08679705480569e-13
"OTUD1",6.56361809234759e-10,-0.857300142309758,4.61596133063161e-09,0.999945791031673,0.99999999999975,"COL1A1","KO",FALSE,"Activated",1.08679705480569e-13
"FLNB",6.52391698927926e-10,-0.858574006350716,4.56028943781352e-09,0.999946118923364,0.99999999999975,"COL1A1","KO",FALSE,"Activated",1.08679705480569e-13
"RRAD",6.44114586506868e-10,-0.861252269229902,4.44530765571381e-09,0.999946802530665,0.99999999999975,"COL1A1","KO",FALSE,"Activated",1.08679705480569e-13
"SFTA1P",6.41899076415876e-10,-0.861974370386441,4.4147799005361e-09,0.9999469855098,0.99999999999975,"COL1A1","KO",FALSE,"Activated",1.08679705480569e-13
"ZFAND2A",6.28655861847611e-10,-0.866337775379469,4.23449372785513e-09,0.999948079267828,0.99999999999975,"COL1A1","KO",FALSE,"Activated",1.08679705480569e-13
"PLPP1",6.28412788120169e-10,-0.866418629010737,4.23121977386792e-09,0.999948099343304,0.99999999999975,"COL1A1","KO",FALSE,"Activated",1.08679705480569e-13
"S100A7",6.2541559779239e-10,-0.867417888981905,4.19095474866909e-09,0.999948346881465,0.99999999999975,"COL1A1","KO",FALSE,"Activated",1.08679705480569e-13
"AC108134.2",6.16925009622185e-10,-0.870272061594081,4.07793508458019e-09,0.999949048119743,0.99999999999975,"COL1A1","KO",FALSE,"Activated",1.08679705480569e-13
"ST14",6.14796234198773e-10,-0.870993168421088,4.0498408092317e-09,0.999949223935456,0.99999999999975,"COL1A1","KO",FALSE,"Activated",1.08679705480569e-13
"CLCA2",6.14589966783434e-10,-0.871063158531646,4.04712377871794e-09,0.999949240971096,0.99999999999975,"COL1A1","KO",FALSE,"Activated",1.08679705480569e-13
"WARS",6.05583607403508e-10,-0.874139836904038,3.92937770274387e-09,0.999949984806954,0.99999999999975,"COL1A1","KO",FALSE,"Activated",1.08679705480569e-13
"ARL14",6.01658579982383e-10,-0.875493486868772,3.87860706090497e-09,0.999950308975247,0.99999999999975,"COL1A1","KO",FALSE,"Activated",1.08679705480569e-13
"AATK",5.98879742567997e-10,-0.876456623611903,3.84286210872364e-09,0.999950538479625,0.99999999999975,"COL1A1","KO",FALSE,"Activated",1.08679705480569e-13
"LMO7",5.96537351520968e-10,-0.877271597323559,3.81285981791646e-09,0.999950731937868,0.99999999999975,"COL1A1","KO",FALSE,"Activated",1.08679705480569e-13
"ITGB8",5.86333521648823e-10,-0.880855465200658,3.68353671926931e-09,0.999951574672899,0.99999999999975,"COL1A1","KO",FALSE,"Activated",1.08679705480569e-13
"HAS3",5.8137613442388e-10,-0.882616803282531,3.62151221957795e-09,0.99995198410386,0.99999999999975,"COL1A1","KO",FALSE,"Activated",1.08679705480569e-13
"DDIT4",5.70187578052719e-10,-0.88664192097089,3.48346184782466e-09,0.999952908167523,0.99999999999975,"COL1A1","KO",FALSE,"Activated",1.08679705480569e-13
"MBOAT2",5.6876187803619e-10,-0.887159882215959,3.46606349390007e-09,0.999953025916188,0.99999999999975,"COL1A1","KO",FALSE,"Activated",1.08679705480569e-13
"CPVL",5.63430451963306e-10,-0.889107147258241,3.40138808919299e-09,0.999953466239045,0.99999999999975,"COL1A1","KO",FALSE,"Activated",1.08679705480569e-13
"PAG1",5.61434542573288e-10,-0.889840378183287,3.37733245681067e-09,0.999953631081343,0.99999999999975,"COL1A1","KO",FALSE,"Activated",1.08679705480569e-13
"UBD",5.55438858911919e-10,-0.89205709241649,3.30558306662773e-09,0.999954126265281,0.99999999999975,"COL1A1","KO",FALSE,"Activated",1.08679705480569e-13
"TRIB3",5.54963900360524e-10,-0.892233606298908,3.29993224239806e-09,0.999954165492141,0.99999999999975,"COL1A1","KO",FALSE,"Activated",1.08679705480569e-13
"IL18BP",5.50233142028202e-10,-0.893999157907045,3.24391186477133e-09,0.999954556205807,0.99999999999975,"COL1A1","KO",FALSE,"Activated",1.08679705480569e-13
"IVNS1ABP",5.48122267717239e-10,-0.894791332496219,3.21907019278099e-09,0.999954730543065,0.99999999999975,"COL1A1","KO",FALSE,"Activated",1.08679705480569e-13
"IGFBP6",5.42658952262413e-10,-0.896854354208262,3.15521893087551e-09,0.999955181758675,0.99999999999975,"COL1A1","KO",FALSE,"Activated",1.08679705480569e-13
"IGLC2",5.42415156641167e-10,-0.896946846782982,3.15238453271831e-09,0.999955201893773,0.99999999999975,"COL1A1","KO",FALSE,"Activated",1.08679705480569e-13
"COL17A1",5.40662950769497e-10,-0.897612704124325,3.13205064300302e-09,0.99995534660858,0.99999999999975,"COL1A1","KO",FALSE,"Activated",1.08679705480569e-13
"TRIML2",5.38788560973382e-10,-0.898327131522698,3.11037167495526e-09,0.999955501414566,0.99999999999975,"COL1A1","KO",FALSE,"Activated",1.08679705480569e-13
"CPA4",5.30920087290807e-10,-0.901350664937785,3.02018724623238e-09,0.999956151272364,0.99999999999975,"COL1A1","KO",FALSE,"Activated",1.08679705480569e-13
"HIST1H2BN",5.30214366847389e-10,-0.901623798229538,3.01216347257288e-09,0.999956209557866,0.99999999999975,"COL1A1","KO",FALSE,"Activated",1.08679705480569e-13
"IQCG",5.28993884275121e-10,-0.902096926575141,2.99831223773193e-09,0.999956310357608,0.99999999999975,"COL1A1","KO",FALSE,"Activated",1.08679705480569e-13
"MMP28",5.28435965530992e-10,-0.902313532615663,2.9919910589559e-09,0.999956356436156,0.99999999999975,"COL1A1","KO",FALSE,"Activated",1.08679705480569e-13
"AC103858.1",5.24915217083515e-10,-0.90368516027731,2.95225509631635e-09,0.99995664721502,0.99999999999975,"COL1A1","KO",FALSE,"Activated",1.08679705480569e-13
"MAB21L2",5.23752738244686e-10,-0.904139849782779,2.93919342929321e-09,0.99995674322423,0.99999999999975,"COL1A1","KO",FALSE,"Activated",1.08679705480569e-13
"RETREG1",5.22954157009252e-10,-0.90445272816235,2.93023731264571e-09,0.99995680917911,0.99999999999975,"COL1A1","KO",FALSE,"Activated",1.08679705480569e-13
"TNIP3",5.16798749159608e-10,-0.90687880907542,2.8616628312346e-09,0.99995731755468,0.99999999999975,"COL1A1","KO",FALSE,"Activated",1.08679705480569e-13
"RGS4",5.14585173072956e-10,-0.907757581756599,2.83720092108797e-09,0.999957500374086,0.99999999999975,"COL1A1","KO",FALSE,"Activated",1.08679705480569e-13
"ELF3",5.1037560756124e-10,-0.909438111099828,2.79097132750747e-09,0.9999578480424,0.99999999999975,"COL1A1","KO",FALSE,"Activated",1.08679705480569e-13
"FRMD6-AS1",5.10113169529846e-10,-0.909543290589083,2.78810179889662e-09,0.999957869717175,0.99999999999975,"COL1A1","KO",FALSE,"Activated",1.08679705480569e-13
"ICAM4",5.02091249604617e-10,-0.912781871004173,2.70110122716948e-09,0.99995853224811,0.99999999999975,"COL1A1","KO",FALSE,"Activated",1.08679705480569e-13
"DAPL1",5.01815100394814e-10,-0.912894178353076,2.69813084341402e-09,0.999958555055293,0.99999999999975,"COL1A1","KO",FALSE,"Activated",1.08679705480569e-13
"RHOV",4.94418980143721e-10,-0.915922858151731,2.61918288326729e-09,0.999959165901388,0.99999999999975,"COL1A1","KO",FALSE,"Activated",1.08679705480569e-13
"AKR1C3",4.85764593823299e-10,-0.919518645321164,2.52829222412916e-09,0.999959880667767,0.99999999999975,"COL1A1","KO",FALSE,"Activated",1.08679705480569e-13
"TNFRSF19",4.83362428597767e-10,-0.920526866319856,2.50334862409846e-09,0.999960079062763,0.99999999999975,"COL1A1","KO",FALSE,"Activated",1.08679705480569e-13
"LINC01127",4.78161830596056e-10,-0.922725062786246,2.44977030484266e-09,0.99996050858052,0.99999999999975,"COL1A1","KO",FALSE,"Activated",1.08679705480569e-13
"TACSTD2",4.76915903619619e-10,-0.923254865242335,2.43702040231512e-09,0.999960611481717,0.99999999999975,"COL1A1","KO",FALSE,"Activated",1.08679705480569e-13
"SDC1",4.71684395912837e-10,-0.925493038160305,2.38384807347961e-09,0.999961043552309,0.99999999999975,"COL1A1","KO",FALSE,"Activated",1.08679705480569e-13
"NCF2",4.71666429769859e-10,-0.925500762692664,2.38366647858251e-09,0.999961045036134,0.99999999999975,"COL1A1","KO",FALSE,"Activated",1.08679705480569e-13
"DSG3",4.68484543663797e-10,-0.926872978567392,2.3516142829129e-09,0.999961307828333,0.99999999999975,"COL1A1","KO",FALSE,"Activated",1.08679705480569e-13
"TH",4.6315561709389e-10,-0.929189895660786,2.29842017958133e-09,0.999961747944756,0.99999999999975,"COL1A1","KO",FALSE,"Activated",1.08679705480569e-13
"RSPO3",4.60841563969002e-10,-0.930203430769055,2.27551047303179e-09,0.999961939062567,0.99999999999975,"COL1A1","KO",FALSE,"Activated",1.08679705480569e-13
"SRPX",4.53303910047084e-10,-0.933536701603609,2.20168146009607e-09,0.999962561597939,0.99999999999975,"COL1A1","KO",FALSE,"Activated",1.08679705480569e-13
"BIN1",4.51100770461236e-10,-0.934520322327479,2.1803323208324e-09,0.999962743555393,0.99999999999975,"COL1A1","KO",FALSE,"Activated",1.08679705480569e-13
"AL355075.4",4.50629548104222e-10,-0.934731263090667,2.17577952563657e-09,0.999962782473681,0.99999999999975,"COL1A1","KO",FALSE,"Activated",1.08679705480569e-13
"TLR2",4.49823654545431e-10,-0.935092475439382,2.16800427519254e-09,0.999962849032487,0.99999999999975,"COL1A1","KO",FALSE,"Activated",1.08679705480569e-13
"CDA",4.4704806204709e-10,-0.936340976320258,2.14133190633009e-09,0.999963078268868,0.99999999999975,"COL1A1","KO",FALSE,"Activated",1.08679705480569e-13
"NFATC1",4.27291150823582e-10,-0.945433647054512,1.95624548442394e-09,0.999964709993565,0.99999999999975,"COL1A1","KO",FALSE,"Activated",1.08679705480569e-13
"PLSCR3",4.20403313135405e-10,-0.948692128918984,1.89368533082174e-09,0.999965278860568,0.99999999999975,"COL1A1","KO",FALSE,"Activated",1.08679705480569e-13
"VSTM4",4.17311798943467e-10,-0.950170197278266,1.86593659836912e-09,0.999965534188944,0.99999999999975,"COL1A1","KO",FALSE,"Activated",1.08679705480569e-13
"TGM1",4.13548531926946e-10,-0.951982700801635,1.83243476198234e-09,0.999965844997433,0.99999999999975,"COL1A1","KO",FALSE,"Activated",1.08679705480569e-13
"EGR2",4.08948613860295e-10,-0.954218293459579,1.79189697364872e-09,0.999966224904992,0.99999999999975,"COL1A1","KO",FALSE,"Activated",1.08679705480569e-13
"MISP",4.0636634027624e-10,-0.955483166866072,1.76933883739041e-09,0.99996643817515,0.99999999999975,"COL1A1","KO",FALSE,"Activated",1.08679705480569e-13
"CADM3",4.0259928397826e-10,-0.957341328215108,1.73668699187567e-09,0.999966749296597,0.99999999999975,"COL1A1","KO",FALSE,"Activated",1.08679705480569e-13
"ERRFI1",3.96982661532709e-10,-0.960140885581769,1.68856830520011e-09,0.999967213173843,0.99999999999975,"COL1A1","KO",FALSE,"Activated",1.08679705480569e-13
"BHLHE41",3.92382260694169e-10,-0.962460418104696,1.64965939630177e-09,0.999967593121274,0.99999999999975,"COL1A1","KO",FALSE,"Activated",1.08679705480569e-13
"AC116366.1",3.88962264953906e-10,-0.964200594148393,1.62102792316008e-09,0.999967875578964,0.99999999999975,"COL1A1","KO",FALSE,"Activated",1.08679705480569e-13
"TDO2",3.87810930032215e-10,-0.964789499048663,1.61144558565929e-09,0.999967970667797,0.99999999999975,"COL1A1","KO",FALSE,"Activated",1.08679705480569e-13
"FAM83A",3.86202476516844e-10,-0.96561484114883,1.59810630063538e-09,0.999968103510087,0.99999999999975,"COL1A1","KO",FALSE,"Activated",1.08679705480569e-13
"FBN2",3.81219883193626e-10,-0.968191195024377,1.55713634954968e-09,0.999968515022822,0.99999999999975,"COL1A1","KO",FALSE,"Activated",1.08679705480569e-13
"AGR2",3.75936262354918e-10,-0.970956295407441,1.51427235400689e-09,0.999968951397442,0.99999999999975,"COL1A1","KO",FALSE,"Activated",1.08679705480569e-13
"LINC02605",3.74180437290449e-10,-0.971882872143693,1.50016044935424e-09,0.999969096411158,0.99999999999975,"COL1A1","KO",FALSE,"Activated",1.08679705480569e-13
"STC2",3.69250938506501e-10,-0.974505176164946,1.46089421945847e-09,0.999969503538812,0.99999999999975,"COL1A1","KO",FALSE,"Activated",1.08679705480569e-13
"NPHP1",3.68348628731675e-10,-0.974988555478029,1.45376319591301e-09,0.99996957806064,0.99999999999975,"COL1A1","KO",FALSE,"Activated",1.08679705480569e-13
"F2R",3.67908349938762e-10,-0.975224803020939,1.45028997228793e-09,0.999969614423297,0.99999999999975,"COL1A1","KO",FALSE,"Activated",1.08679705480569e-13
"FOXD1",3.6207144708012e-10,-0.978380925212982,1.40463702067771e-09,0.999970096493518,0.99999999999975,"COL1A1","KO",FALSE,"Activated",1.08679705480569e-13
"ARTN",3.5502728697296e-10,-0.982250970405657,1.35051378786715e-09,0.9999706782712,0.99999999999975,"COL1A1","KO",FALSE,"Activated",1.08679705480569e-13
"IGLC3",3.50441572046727e-10,-0.984807406031666,1.31585124211253e-09,0.999971057005721,0.99999999999975,"COL1A1","KO",FALSE,"Activated",1.08679705480569e-13
"APOC1",3.43881760643808e-10,-0.988516835953,1.26705024806819e-09,0.999971598781009,0.99999999999975,"COL1A1","KO",FALSE,"Activated",1.08679705480569e-13
"LGALS7B",3.42606146461922e-10,-0.989245505344133,1.25766754904624e-09,0.999971704134075,0.99999999999975,"COL1A1","KO",FALSE,"Activated",1.08679705480569e-13
"KDM7A-DT",3.39551451390552e-10,-0.991000345884829,1.23534066381872e-09,0.999971956421557,0.99999999999975,"COL1A1","KO",FALSE,"Activated",1.08679705480569e-13
"LEPR",3.37421021567324e-10,-0.99223259322709,1.219887628478e-09,0.999972132373907,0.99999999999975,"COL1A1","KO",FALSE,"Activated",1.08679705480569e-13
"MIR3945HG",3.35322937387445e-10,-0.993452947739492,1.20476426916071e-09,0.999972305654828,0.99999999999975,"COL1A1","KO",FALSE,"Activated",1.08679705480569e-13
"WFDC2",3.29256559007077e-10,-0.997020265679742,1.16156742809359e-09,0.999972806677449,0.99999999999975,"COL1A1","KO",FALSE,"Activated",1.08679705480569e-13
"KRT75",3.2049840759128e-10,-1.00227553044022,1.10059442130313e-09,0.999973530013795,0.99999999999975,"COL1A1","KO",FALSE,"Activated",1.08679705480569e-13
"HIST1H2AC",3.1913060831072e-10,-1.00310783154428,1.091220396837e-09,0.999973642980434,0.99999999999975,"COL1A1","KO",FALSE,"Activated",1.08679705480569e-13
"SUGCT",3.14320505408898e-10,-1.00606031030707,1.05857341584716e-09,0.999974040247174,0.99999999999975,"COL1A1","KO",FALSE,"Activated",1.08679705480569e-13
"MMP16",3.12428696207694e-10,-1.00723259468158,1.04586923469487e-09,0.99997419649183,0.99999999999975,"COL1A1","KO",FALSE,"Activated",1.08679705480569e-13
"MTURN",3.06644001626624e-10,-1.01085694278935,1.00749871861605e-09,0.999974674250165,0.99999999999975,"COL1A1","KO",FALSE,"Activated",1.08679705480569e-13
"HEG1",3.06149640917957e-10,-1.01116950784431,1.00425282895788e-09,0.999974715079451,0.99999999999975,"COL1A1","KO",FALSE,"Activated",1.08679705480569e-13
"GBP1",3.04296907044032e-10,-1.01234494749945,9.92134681325958e-10,0.999974868096873,0.99999999999975,"COL1A1","KO",FALSE,"Activated",1.08679705480569e-13
"PCSK5",3.03754301638651e-10,-1.01269040664325,9.88599596600763e-10,0.999974912910692,0.99999999999975,"COL1A1","KO",FALSE,"Activated",1.08679705480569e-13
"CXCL9",3.02845173868112e-10,-1.01327045693875,9.82690752800874e-10,0.999974987995619,0.99999999999975,"COL1A1","KO",FALSE,"Activated",1.08679705480569e-13
"GADD45G",2.99519111720649e-10,-1.01540593199809,9.61224060599083e-10,0.999975262695327,0.99999999999975,"COL1A1","KO",FALSE,"Activated",1.08679705480569e-13
"TSLP",2.99475420784821e-10,-1.0154341242391,9.60943653011959e-10,0.999975266303765,0.99999999999975,"COL1A1","KO",FALSE,"Activated",1.08679705480569e-13
"ENC1",2.97620817737499e-10,-1.01663423866482,9.4907856785973e-10,0.999975419475562,0.99999999999975,"COL1A1","KO",FALSE,"Activated",1.08679705480569e-13
"CHI3L1",2.92367556115483e-10,-1.02007027926367,9.15870161197915e-10,0.999975853342812,0.99999999999975,"COL1A1","KO",FALSE,"Activated",1.08679705480569e-13
"DACT1",2.91917693785631e-10,-1.02036708354482,9.1305385347573e-10,0.999975890496974,0.99999999999975,"COL1A1","KO",FALSE,"Activated",1.08679705480569e-13
"LINC02802",2.88162366838061e-10,-1.02286080235742,8.89713294844084e-10,0.999976200649692,0.99999999999975,"COL1A1","KO",FALSE,"Activated",1.08679705480569e-13
"MIR503HG",2.86703586951271e-10,-1.02383734321388,8.8072800873862e-10,0.999976321130427,0.99999999999975,"COL1A1","KO",FALSE,"Activated",1.08679705480569e-13
"KLHDC7B",2.86122199954696e-10,-1.02422777529861,8.77159691735208e-10,0.99997636914722,0.99999999999975,"COL1A1","KO",FALSE,"Activated",1.08679705480569e-13
"KCNK1",2.79985998965877e-10,-1.02839237779684,8.39939845369396e-10,0.999976875936494,0.99999999999975,"COL1A1","KO",FALSE,"Activated",1.08679705480569e-13
"OCIAD2",2.79765845844167e-10,-1.02854330517385,8.38619474492536e-10,0.999976894118956,0.99999999999975,"COL1A1","KO",FALSE,"Activated",1.08679705480569e-13
"GALNT6",2.76900324636282e-10,-1.03051752726156,8.21528217228606e-10,0.999977130782556,0.99999999999975,"COL1A1","KO",FALSE,"Activated",1.08679705480569e-13
"CD14",2.76064277788216e-10,-1.03109696940973,8.1657481608454e-10,0.999977199831724,0.99999999999975,"COL1A1","KO",FALSE,"Activated",1.08679705480569e-13
"KLK10",2.66434851567136e-10,-1.03788644135782,7.60602276701965e-10,0.999977995126718,0.99999999999975,"COL1A1","KO",FALSE,"Activated",1.08679705480569e-13
"CNFN",2.65392966416002e-10,-1.03863414553432,7.54665284841342e-10,0.999978081176087,0.99999999999975,"COL1A1","KO",FALSE,"Activated",1.08679705480569e-13
"NAV3",2.64283977298481e-10,-1.03943289493547,7.4837147077904e-10,0.999978172767577,0.99999999999975,"COL1A1","KO",FALSE,"Activated",1.08679705480569e-13
"RSAD2",2.520346520906e-10,-1.04846065660788,6.80606459474184e-10,0.999979184440214,0.99999999999975,"COL1A1","KO",FALSE,"Activated",1.08679705480569e-13
"LDLR",2.51498758852827e-10,-1.04886449853828,6.77715232916537e-10,0.999979228699674,0.99999999999975,"COL1A1","KO",FALSE,"Activated",1.08679705480569e-13
"SFRP1",2.48925691839321e-10,-1.05081430587724,6.63918852105301e-10,0.999979441209462,0.99999999999975,"COL1A1","KO",FALSE,"Activated",1.08679705480569e-13
"SLAMF7",2.47076284227802e-10,-1.05222690122419,6.54090253423753e-10,0.999979593952167,0.99999999999975,"COL1A1","KO",FALSE,"Activated",1.08679705480569e-13
"CCL2",2.44770386150659e-10,-1.05400146749154,6.41938319541301e-10,0.999979784396453,0.99999999999975,"COL1A1","KO",FALSE,"Activated",1.08679705480569e-13
"SOX9",2.44033840700794e-10,-1.05457144550116,6.38080782911225e-10,0.999979845227794,0.99999999999975,"COL1A1","KO",FALSE,"Activated",1.08679705480569e-13
"CXADR",2.42354678728568e-10,-1.05587664127077,6.29329908305652e-10,0.9999799839099,0.99999999999975,"COL1A1","KO",FALSE,"Activated",1.08679705480569e-13
"KRT15",2.39996107390103e-10,-1.05772365336617,6.17140361415023e-10,0.999980178704474,0.99999999999975,"COL1A1","KO",FALSE,"Activated",1.08679705480569e-13
"CITED4",2.39154471549148e-10,-1.05838667334631,6.12819485507825e-10,0.999980248215238,0.99999999999975,"COL1A1","KO",FALSE,"Activated",1.08679705480569e-13
"BAMBI",2.361120078076e-10,-1.06080097879696,5.97326391689086e-10,0.999980499492534,0.99999999999975,"COL1A1","KO",FALSE,"Activated",1.08679705480569e-13
"RGS12",2.34843120110604e-10,-1.06181611328124,5.9092346880081e-10,0.999980604290059,0.99999999999975,"COL1A1","KO",FALSE,"Activated",1.08679705480569e-13
"IGHG4",2.33528011970166e-10,-1.06287341226919,5.84323724028639e-10,0.999980712904933,0.99999999999975,"COL1A1","KO",FALSE,"Activated",1.08679705480569e-13
"ANXA8",2.2571038741776e-10,-1.06927061658116,5.45856702645201e-10,0.999981358563099,0.99999999999975,"COL1A1","KO",FALSE,"Activated",1.08679705480569e-13
"NT5C3A",2.23943967462741e-10,-1.07074348270916,5.37346335013979e-10,0.999981504451849,0.99999999999975,"COL1A1","KO",FALSE,"Activated",1.08679705480569e-13
"SLC47A2",2.19471902967364e-10,-1.07451930641688,5.16099470608788e-10,0.999981873799972,0.99999999999975,"COL1A1","KO",FALSE,"Activated",1.08679705480569e-13
"SERPINB4",2.14773250871691e-10,-1.07856126658694,4.94237775910751e-10,0.999982261861982,0.99999999999975,"COL1A1","KO",FALSE,"Activated",1.08679705480569e-13
"IFIH1",2.13946149761197e-10,-1.07928093948938,4.90438443470567e-10,0.999982330172321,0.99999999999975,"COL1A1","KO",FALSE,"Activated",1.08679705480569e-13
"SLC7A8",2.13921339313751e-10,-1.07930256582191,4.90324701842548e-10,0.999982332221418,0.99999999999975,"COL1A1","KO",FALSE,"Activated",1.08679705480569e-13
"TENM2",2.11025410968233e-10,-1.0818423739955,4.77139163097336e-10,0.999982571396345,0.99999999999975,"COL1A1","KO",FALSE,"Activated",1.08679705480569e-13
"MSMO1",2.10042835002319e-10,-1.08271120182286,4.7270619931409e-10,0.999982652547364,0.99999999999975,"COL1A1","KO",FALSE,"Activated",1.08679705480569e-13
"CMPK2",2.08581302119137e-10,-1.08401028502873,4.66150660223347e-10,0.999982773255468,0.99999999999975,"COL1A1","KO",FALSE,"Activated",1.08679705480569e-13
"H19",2.04356749416749e-10,-1.08781156275284,4.47459287764849e-10,0.999983122161576,0.99999999999975,"COL1A1","KO",FALSE,"Activated",1.08679705480569e-13
"ZBP1",2.03655896882533e-10,-1.08844897643787,4.44395379012224e-10,0.999983180045036,0.99999999999975,"COL1A1","KO",FALSE,"Activated",1.08679705480569e-13
"TM4SF1",2.03545127153292e-10,-1.08854989905011,4.43912091569858e-10,0.999983189193516,0.99999999999975,"COL1A1","KO",FALSE,"Activated",1.08679705480569e-13
"SPRR1B",1.98944757248959e-10,-1.09278529274434,4.24072931633623e-10,0.999983569138392,0.99999999999975,"COL1A1","KO",FALSE,"Activated",1.08679705480569e-13
"LINC00958",1.98326286617062e-10,-1.09336135715387,4.21440351809875e-10,0.999983620217926,0.99999999999975,"COL1A1","KO",FALSE,"Activated",1.08679705480569e-13
"LINC01322",1.94589707061462e-10,-1.09687628354102,4.05709599406943e-10,0.999983928822296,0.99999999999975,"COL1A1","KO",FALSE,"Activated",1.08679705480569e-13
"ALDH1A3",1.83185327037806e-10,-1.10799027131136,3.59548038122833e-10,0.999984870710851,0.99999999999975,"COL1A1","KO",FALSE,"Activated",1.08679705480569e-13
"KLK5",1.77881270596804e-10,-1.11337151284124,3.39028338200898e-10,0.999985308773248,0.99999999999975,"COL1A1","KO",FALSE,"Activated",1.08679705480569e-13
"NEFL",1.77455153353798e-10,-1.11381003101042,3.37405988807122e-10,0.999985343966302,0.99999999999975,"COL1A1","KO",FALSE,"Activated",1.08679705480569e-13
"HILPDA",1.75264681145396e-10,-1.11607921673203,3.29127650233836e-10,0.999985524877557,0.99999999999975,"COL1A1","KO",FALSE,"Activated",1.08679705480569e-13
"SEMA3C",1.74513715143367e-10,-1.11686300617945,3.2631323085057e-10,0.999985586899892,0.99999999999975,"COL1A1","KO",FALSE,"Activated",1.08679705480569e-13
"MAL2",1.7217514902885e-10,-1.11932324945381,3.17626325299063e-10,0.999985780042233,0.99999999999975,"COL1A1","KO",FALSE,"Activated",1.08679705480569e-13
"TPD52",1.71044308864321e-10,-1.12052366027268,3.13467710630044e-10,0.999985873438403,0.99999999999975,"COL1A1","KO",FALSE,"Activated",1.08679705480569e-13
"ALG9",1.64075290249637e-10,-1.12808194948112,2.88444270918201e-10,0.999986449010144,0.99999999999975,"COL1A1","KO",FALSE,"Activated",1.08679705480569e-13
"NFATC2",1.63846179512735e-10,-1.12833527198871,2.87639280244119e-10,0.999986467932416,0.99999999999975,"COL1A1","KO",FALSE,"Activated",1.08679705480569e-13
"SAA1",1.60913023476704e-10,-1.13160668434067,2.77432889550042e-10,0.999986710181981,0.99999999999975,"COL1A1","KO",FALSE,"Activated",1.08679705480569e-13
"CHRDL2",1.6083349344389e-10,-1.13169612591428,2.77158719146799e-10,0.999986716750372,0.99999999999975,"COL1A1","KO",FALSE,"Activated",1.08679705480569e-13
"LAMA3",1.59221022139561e-10,-1.13351813396108,2.71629147257969e-10,0.999986849924491,0.99999999999975,"COL1A1","KO",FALSE,"Activated",1.08679705480569e-13
"GCLC",1.55600571226449e-10,-1.13766990926565,2.59416699153389e-10,0.999987148937789,0.99999999999975,"COL1A1","KO",FALSE,"Activated",1.08679705480569e-13
"SYT8",1.51203885302313e-10,-1.14282955329077,2.44963544100807e-10,0.999987512060391,0.99999999999975,"COL1A1","KO",FALSE,"Activated",1.08679705480569e-13
"CYB5R1",1.45681233164919e-10,-1.14950404171466,2.27395974917641e-10,0.999987968176623,0.99999999999975,"COL1A1","KO",FALSE,"Activated",1.08679705480569e-13
"SAMD9",1.45182288760095e-10,-1.1501181363708,2.25841022978441e-10,0.999988009384477,0.99999999999975,"COL1A1","KO",FALSE,"Activated",1.08679705480569e-13
"MGST1",1.37387621783384e-10,-1.15996513632372,2.02241727711758e-10,0.999988653146575,0.99999999999975,"COL1A1","KO",FALSE,"Activated",1.08679705480569e-13
"AC036176.3",1.3734844718044e-10,-1.16001587420842,2.02126410047226e-10,0.999988656382008,0.99999999999975,"COL1A1","KO",FALSE,"Activated",1.08679705480569e-13
"SHISA2",1.36651204119334e-10,-1.16092109543855,2.00079448115096e-10,0.999988713967362,0.99999999999975,"COL1A1","KO",FALSE,"Activated",1.08679705480569e-13
"MALL",1.35853756004239e-10,-1.16196148684107,1.97751075929774e-10,0.999988779828658,0.99999999999975,"COL1A1","KO",FALSE,"Activated",1.08679705480569e-13
"KANK4",1.35573680725662e-10,-1.16232818292299,1.96936551570288e-10,0.999988802960095,0.99999999999975,"COL1A1","KO",FALSE,"Activated",1.08679705480569e-13
"CYP27B1",1.32021575066731e-10,-1.16703859526851,1.86752048577357e-10,0.999989096328754,0.99999999999975,"COL1A1","KO",FALSE,"Activated",1.08679705480569e-13
"IGHA1",1.31971095692381e-10,-1.16710634808718,1.86609263971097e-10,0.999989100497849,0.99999999999975,"COL1A1","KO",FALSE,"Activated",1.08679705480569e-13
"AC103591.3",1.31874754976419e-10,-1.16723571977706,1.86336908757518e-10,0.999989108454635,0.99999999999975,"COL1A1","KO",FALSE,"Activated",1.08679705480569e-13
"RAET1G",1.31800590713706e-10,-1.16733536925195,1.8612738186949e-10,0.999989114579867,0.99999999999975,"COL1A1","KO",FALSE,"Activated",1.08679705480569e-13
"AKR1C2",1.31249854984167e-10,-1.16807692747073,1.84575145518628e-10,0.99998916006517,0.99999999999975,"COL1A1","KO",FALSE,"Activated",1.08679705480569e-13
"MEG8",1.29958535496765e-10,-1.16982663819732,1.80961076990161e-10,0.999989266715338,0.99999999999975,"COL1A1","KO",FALSE,"Activated",1.08679705480569e-13
"CES1",1.29589295609173e-10,-1.17032980762699,1.7993423984835e-10,0.999989297210887,0.99999999999975,"COL1A1","KO",FALSE,"Activated",1.08679705480569e-13
"GPRC5A",1.28167240783907e-10,-1.17227971525939,1.76006871980185e-10,0.999989414658495,0.99999999999975,"COL1A1","KO",FALSE,"Activated",1.08679705480569e-13
"DSG1",1.25982940225334e-10,-1.17531280590938,1.70058770420291e-10,0.999989595060033,0.99999999999975,"COL1A1","KO",FALSE,"Activated",1.08679705480569e-13
"SLC6A8",1.2420100871193e-10,-1.17782219114281,1.65282091974744e-10,0.999989742229883,0.99999999999975,"COL1A1","KO",FALSE,"Activated",1.08679705480569e-13
"AC025263.1",1.23475416375443e-10,-1.17885322857928,1.63356550343565e-10,0.999989802156606,0.99999999999975,"COL1A1","KO",FALSE,"Activated",1.08679705480569e-13
"USP18",1.22846307297368e-10,-1.17975156015007,1.61696182850548e-10,0.999989854114769,0.99999999999975,"COL1A1","KO",FALSE,"Activated",1.08679705480569e-13
"IL4I1",1.22457721287479e-10,-1.18030849530391,1.60674849775429e-10,0.999989886208115,0.99999999999975,"COL1A1","KO",FALSE,"Activated",1.08679705480569e-13
"POLM",1.22422260322644e-10,-1.18035939783554,1.60581807700534e-10,0.999989889136839,0.99999999999975,"COL1A1","KO",FALSE,"Activated",1.08679705480569e-13
"ASPN",1.2095822367902e-10,-1.18247254481357,1.56764007008448e-10,0.999990010051729,0.99999999999975,"COL1A1","KO",FALSE,"Activated",1.08679705480569e-13
"CXCL10",1.17349565838297e-10,-1.18778046075729,1.47549767450321e-10,0.999990308091036,0.99999999999975,"COL1A1","KO",FALSE,"Activated",1.08679705480569e-13
"LXN",1.17064770610315e-10,-1.18820554802488,1.4683446052123e-10,0.999990331612294,0.99999999999975,"COL1A1","KO",FALSE,"Activated",1.08679705480569e-13
"OBSCN",1.14116053439557e-10,-1.19266201359236,1.39530465285814e-10,0.999990575147054,0.99999999999975,"COL1A1","KO",FALSE,"Activated",1.08679705480569e-13
"GMPR",1.13580996467273e-10,-1.19348167200508,1.38225097212407e-10,0.999990619337448,0.99999999999975,"COL1A1","KO",FALSE,"Activated",1.08679705480569e-13
"EGLN3",1.09366913426928e-10,-1.20006070062359,1.2815851488672e-10,0.999990967378865,0.99999999999975,"COL1A1","KO",FALSE,"Activated",1.08679705480569e-13
"CLDN7",1.07594171634345e-10,-1.20289624067237,1.24037512343326e-10,0.999991113789735,0.99999999999975,"COL1A1","KO",FALSE,"Activated",1.08679705480569e-13
"NSG1",1.04834563858214e-10,-1.20739451461411,1.17756405528003e-10,0.999991341705937,0.99999999999975,"COL1A1","KO",FALSE,"Activated",1.08679705480569e-13
"ULBP2",1.03800068240971e-10,-1.20910810064187,1.15443858302301e-10,0.999991427145003,0.99999999999975,"COL1A1","KO",FALSE,"Activated",1.08679705480569e-13
"GPC6",1.03472112096643e-10,-1.20965452971101,1.14715521352889e-10,0.999991454230925,0.99999999999975,"COL1A1","KO",FALSE,"Activated",1.08679705480569e-13
"SNED1",9.87810412251165e-11,-1.21764498979495,1.04549691170669e-10,0.9999918416668,0.99999999999975,"COL1A1","KO",FALSE,"Activated",1.08679705480569e-13
"AIM2",9.86971364887105e-11,-1.21779097053744,1.0437215733208e-10,0.999991848596499,0.99999999999975,"COL1A1","KO",FALSE,"Activated",1.08679705480569e-13
"APOD",9.32848809691975e-11,-1.22745020336053,9.32391012139247e-11,0.999992295595066,0.99999999999975,"COL1A1","KO",FALSE,"Activated",1.08679705480569e-13
"TREM2",9.28414918632773e-11,-1.22826355409727,9.23548646134091e-11,0.999992332214604,0.99999999999975,"COL1A1","KO",FALSE,"Activated",1.08679705480569e-13
"SBSN",9.15181594181452e-11,-1.23071188416309,8.97408356601883e-11,0.999992441508724,0.99999999999975,"COL1A1","KO",FALSE,"Activated",1.08679705480569e-13
"GJB2",8.89920204463181e-11,-1.23547474327102,8.48550490729398e-11,0.999992650142721,0.99999999999975,"COL1A1","KO",FALSE,"Activated",1.08679705480569e-13
"LAMP3",8.88857564807846e-11,-1.23567773372082,8.46525219156527e-11,0.999992658919069,0.99999999999975,"COL1A1","KO",FALSE,"Activated",1.08679705480569e-13
"SPRR2D",8.78719523635025e-11,-1.23762533419128,8.27324921158085e-11,0.999992742649223,0.99999999999975,"COL1A1","KO",FALSE,"Activated",1.08679705480569e-13
"CFD",8.55118346906174e-11,-1.24223829682326,7.83480161216444e-11,0.999992937571509,0.99999999999975,"COL1A1","KO",FALSE,"Activated",1.08679705480569e-13
"NEDD4L",8.38885400923091e-11,-1.24547762716611,7.54016462473199e-11,0.999993071639525,0.99999999999975,"COL1A1","KO",FALSE,"Activated",1.08679705480569e-13
"SLITRK6",8.2629909790651e-11,-1.24802805553793,7.31560271259621e-11,0.999993175589891,0.99999999999975,"COL1A1","KO",FALSE,"Activated",1.08679705480569e-13
"WNT4",8.14660994960007e-11,-1.25041743622916,7.11097909004598e-11,0.999993271709066,0.99999999999975,"COL1A1","KO",FALSE,"Activated",1.08679705480569e-13
"PLTP",7.06019939175794e-11,-1.27432689920927,5.34083901898443e-11,0.999994168976316,0.99999999999975,"COL1A1","KO",FALSE,"Activated",1.08679705480569e-13
"CXCL11",7.02569957557652e-11,-1.27513877893444,5.28877029855395e-11,0.999994197469738,0.99999999999975,"COL1A1","KO",FALSE,"Activated",1.08679705480569e-13
"POU3F1",6.93612432159353e-11,-1.27726350028373,5.15477000210828e-11,0.999994271450004,0.99999999999975,"COL1A1","KO",FALSE,"Activated",1.08679705480569e-13
"ITPKC",6.90385463071865e-11,-1.27803494919442,5.1069173745282e-11,0.999994298101565,0.99999999999975,"COL1A1","KO",FALSE,"Activated",1.08679705480569e-13
"CYP7B1",6.89972521756597e-11,-1.27813390069647,5.10080998495127e-11,0.99999430151205,0.99999999999975,"COL1A1","KO",FALSE,"Activated",1.08679705480569e-13
"CALHM6",6.78348324177114e-11,-1.28094131206065,4.93038766166419e-11,0.99999439751638,0.99999999999975,"COL1A1","KO",FALSE,"Activated",1.08679705480569e-13
"MMP11",6.72387417182103e-11,-1.28239767780103,4.84411796071651e-11,0.999994446747554,0.99999999999975,"COL1A1","KO",FALSE,"Activated",1.08679705480569e-13
"MFAP5",6.49172098253354e-11,-1.28818190822761,4.51538978064149e-11,0.999994638483037,0.99999999999975,"COL1A1","KO",FALSE,"Activated",1.08679705480569e-13
"NRCAM",6.32552523338053e-11,-1.29243745398868,4.28715060314381e-11,0.999994775744224,0.99999999999975,"COL1A1","KO",FALSE,"Activated",1.08679705480569e-13
"F3",6.30208325185615e-11,-1.29304572373897,4.25543368490725e-11,0.999994795104973,0.99999999999975,"COL1A1","KO",FALSE,"Activated",1.08679705480569e-13
"IL1A",5.90673291544855e-11,-1.30362133558868,3.73826618829363e-11,0.999995121625097,0.99999999999975,"COL1A1","KO",FALSE,"Activated",1.08679705480569e-13
"SPRR2A",5.43616206493718e-11,-1.31706725495554,3.16636040607323e-11,0.999995510269896,0.99999999999975,"COL1A1","KO",FALSE,"Activated",1.08679705480569e-13
"FAM83G",5.31607483862435e-11,-1.32066497437627,3.02801294496953e-11,0.999995609450021,0.99999999999975,"COL1A1","KO",FALSE,"Activated",1.08679705480569e-13
"CCL19",5.16990066197344e-11,-1.32514359373407,2.86378197798263e-11,0.999995730175377,0.99999999999975,"COL1A1","KO",FALSE,"Activated",1.08679705480569e-13
"HCAR2",4.85122906275951e-11,-1.33531356458573,2.52161696581844e-11,0.999995993366477,0.99999999999975,"COL1A1","KO",FALSE,"Activated",1.08679705480569e-13
"CSF2",4.7911673321147e-11,-1.33729696930788,2.45956459513282e-11,0.999996042971503,0.99999999999975,"COL1A1","KO",FALSE,"Activated",1.08679705480569e-13
"DENND2C",4.70752161525996e-11,-1.3400965392389,2.37443453726496e-11,0.99999611205456,0.99999999999975,"COL1A1","KO",FALSE,"Activated",1.08679705480569e-13
"HMOX1",4.65344332732265e-11,-1.34193026820311,2.32019460885467e-11,0.999996156717856,0.99999999999975,"COL1A1","KO",FALSE,"Activated",1.08679705480569e-13
"GPC3",4.49969507054524e-11,-1.34724974468175,2.1694104268008e-11,0.99999628369865,0.99999999999975,"COL1A1","KO",FALSE,"Activated",1.08679705480569e-13
"TRPV3",4.39416403563669e-11,-1.35099582571287,2.06884562607233e-11,0.999996370856807,0.99999999999975,"COL1A1","KO",FALSE,"Activated",1.08679705480569e-13
"SERPINE2",4.37709759547869e-11,-1.35160918038222,2.05280650510998e-11,0.999996384951992,0.99999999999975,"COL1A1","KO",FALSE,"Activated",1.08679705480569e-13
"GCNA",4.33963672550887e-11,-1.3529630264425,2.01781946336154e-11,0.999996415890951,0.99999999999975,"COL1A1","KO",FALSE,"Activated",1.08679705480569e-13
"AC124319.1",3.53742378007211e-11,-1.3847960164651,1.34075596261676e-11,0.999997078439192,0.99999999999975,"COL1A1","KO",FALSE,"Activated",1.08679705480569e-13
"CRADD",3.17903026287909e-11,-1.40116040304824,1.08284146923324e-11,0.999997374436652,0.99999999999975,"COL1A1","KO",FALSE,"Activated",1.08679705480569e-13
"TSPAN1",3.15517624146981e-11,-1.40230723888557,1.06665212052372e-11,0.999997394137705,0.99999999999975,"COL1A1","KO",FALSE,"Activated",1.08679705480569e-13
"PPP2R2C",2.66857148986555e-11,-1.42757636271769,7.63015286313638e-12,0.999997796024914,0.99999999999975,"COL1A1","KO",FALSE,"Activated",1.08679705480569e-13
"MIR193BHG",2.35052425229218e-11,-1.44642436668874,5.91977265253157e-12,0.999998058700353,0.99999999999975,"COL1A1","KO",FALSE,"Activated",1.08679705480569e-13
"TINCR",1.95593044126841e-11,-1.47327240427276,4.09904198686704e-12,0.999998384595662,0.99999999999975,"COL1A1","KO",FALSE,"Activated",1.08679705480569e-13
"HBB",1.85221750346086e-11,-1.48113186982732,3.67586474503892e-12,0.99999847025225,0.99999999999975,"COL1A1","KO",FALSE,"Activated",1.08679705480569e-13
"ASS1",1.62079113270659e-11,-1.50019481515267,2.81468409501968e-12,0.999998661387454,0.99999999999975,"COL1A1","KO",FALSE,"Activated",1.08679705480569e-13
"NR2F1",1.37374152591453e-11,-1.52344351493478,2.0220207495291e-12,0.9999988654259,0.99999999999975,"COL1A1","KO",FALSE,"Activated",1.08679705480569e-13
"TMPRSS11D",1.22849033928875e-11,-1.53892428024664,1.617033607757e-12,0.999998985388958,0.99999999999975,"COL1A1","KO",FALSE,"Activated",1.08679705480569e-13
"DNAH5",6.59638441316756e-12,-1.6217940113322,4.66216316365087e-13,0.999999455204144,0.99999999999975,"COL1A1","KO",FALSE,"Activated",1.08679705480569e-13
"SERPINB13",6.32694184999415e-12,-1.62715850028228,4.28907105357433e-13,0.999999477457424,0.99999999999975,"COL1A1","KO",FALSE,"Activated",1.08679705480569e-13
"ISG20",3.97802702538004e-12,-1.68527260871332,1.69555160979604e-13,0.999999671454466,0.99999999999975,"COL1A1","KO",FALSE,"Activated",1.08679705480569e-13
"SERPINB2",3.31503006292133e-12,-1.70733424584086,1.17747175323742e-13,0.999999726211432,0.99999999999975,"COL1A1","KO",FALSE,"Activated",1.08679705480569e-13
"CYP1B1",2.75559642724746e-12,-1.72926860283047,8.13592208836966e-14,0.999999772415096,0.99999999999975,"COL1A1","KO",FALSE,"Activated",1.08679705480569e-13
"NRN1",2.35897774358053e-12,-1.74738079654686,5.96242929312254e-14,0.999999805171861,0.99999999999975,"COL1A1","KO",FALSE,"Activated",1.08679705480569e-13
"HIST1H2BF",2.0649142835632e-12,-1.76266216975185,4.56856293362192e-14,0.999999829458583,0.99999999999975,"COL1A1","KO",FALSE,"Activated",1.08679705480569e-13
"NELL2",1.99950722219583e-12,-1.76632431617583,4.28372427421274e-14,0.999999834860557,0.99999999999975,"COL1A1","KO",FALSE,"Activated",1.08679705480569e-13
"HERC5",1.7902950898394e-12,-1.77880385571743,3.43419377072973e-14,0.999999852139402,0.99999999999975,"COL1A1","KO",FALSE,"Activated",1.08679705480569e-13
"HYOU1",1.66398848735956e-12,-1.78698501126051,2.96671747282936e-14,0.999999862571073,0.99999999999975,"COL1A1","KO",FALSE,"Activated",1.08679705480569e-13
"ANXA8L1",1.44124414456897e-12,-1.80287114504839,2.22561821363535e-14,0.999999880967544,0.99999999999975,"COL1A1","KO",FALSE,"Activated",1.08679705480569e-13
"WNT7B",1.40263341596084e-12,-1.80584583697553,2.10796753229758e-14,0.999999884156407,0.99999999999975,"COL1A1","KO",FALSE,"Activated",1.08679705480569e-13
"BMP7",1.53372385351463e-13,-2.02161707004582,2.52040248515935e-16,0.999999987332964,0.99999999999975,"COL1A1","KO",FALSE,"Activated",1.08679705480569e-13
"CSAG1",5.73030614471607e-14,-2.10247253079075,3.51828652546092e-17,0.999999995267336,0.99999999999975,"COL1A1","KO",FALSE,"Activated",1.08679705480569e-13
"MMP23B",1.54810632914239e-16,-2.44470568280824,2.56789420596355e-22,0.999999999987214,0.99999999999975,"COL1A1","KO",FALSE,"Activated",1.08679705480569e-13
"DMKN",1.5266511793855e-16,-2.44528580772495,2.49721071737407e-22,0.999999999987391,0.99999999999975,"COL1A1","KO",FALSE,"Activated",1.08679705480569e-13
"IDO1",1.40951791234113e-16,-2.44858770783333,2.12871124162909e-22,0.999999999988359,0.99999999999975,"COL1A1","KO",FALSE,"Activated",1.08679705480569e-13
"GDNF",1.20831602585953e-16,-2.45487982782643,1.56435972421711e-22,0.99999999999002,0.99999999999975,"COL1A1","KO",FALSE,"Activated",1.08679705480569e-13
"GPNMB",1.1087696719846e-16,-2.45834773414131,1.31721974310622e-22,0.999999999990843,0.99999999999975,"COL1A1","KO",FALSE,"Activated",1.08679705480569e-13
"TMEM171",1.03189191816136e-16,-2.46122194829724,1.1408905348544e-22,0.999999999991478,0.99999999999975,"COL1A1","KO",FALSE,"Activated",1.08679705480569e-13
"NPR3",1.0312355790789e-16,-2.46124730019693,1.13943966022017e-22,0.999999999991483,0.99999999999975,"COL1A1","KO",FALSE,"Activated",1.08679705480569e-13
"LRRC75A",9.93838432290406e-17,-2.46271619189477,1.05829593828167e-22,0.999999999991792,0.99999999999975,"COL1A1","KO",FALSE,"Activated",1.08679705480569e-13
"CLDN1",9.47657154982943e-17,-2.46459987166937,9.62228125392085e-23,0.999999999992173,0.99999999999975,"COL1A1","KO",FALSE,"Activated",1.08679705480569e-13
"LRRC17",9.42327392123808e-17,-2.46482252011984,9.51435137386515e-23,0.999999999992217,0.99999999999975,"COL1A1","KO",FALSE,"Activated",1.08679705480569e-13
"TFPI2",9.13053559216725e-17,-2.46606587343115,8.9323979359913e-23,0.999999999992459,0.99999999999975,"COL1A1","KO",FALSE,"Activated",1.08679705480569e-13
"QPCT",8.59904051564505e-17,-2.46841731738923,7.92274258077106e-23,0.999999999992898,0.99999999999975,"COL1A1","KO",FALSE,"Activated",1.08679705480569e-13
"TSPAN7",8.07345211071539e-17,-2.47087404972957,6.98383712063175e-23,0.999999999993332,0.99999999999975,"COL1A1","KO",FALSE,"Activated",1.08679705480569e-13
"CYP26B1",8.073224178795e-17,-2.47087514579395,6.98344278697766e-23,0.999999999993332,0.99999999999975,"COL1A1","KO",FALSE,"Activated",1.08679705480569e-13
"AKR1C1",8.00115708608466e-17,-2.47122309228858,6.85932134211799e-23,0.999999999993392,0.99999999999975,"COL1A1","KO",FALSE,"Activated",1.08679705480569e-13
"IGLC1",7.79227046749858e-17,-2.47224768292542,6.505843197057e-23,0.999999999993564,0.99999999999975,"COL1A1","KO",FALSE,"Activated",1.08679705480569e-13
"H1F0",7.4327051158758e-17,-2.47407029870125,5.9192865030237e-23,0.999999999993861,0.99999999999975,"COL1A1","KO",FALSE,"Activated",1.08679705480569e-13
"IGFBP2",6.94727424151415e-17,-2.47666019942154,5.17135605686475e-23,0.999999999994262,0.99999999999975,"COL1A1","KO",FALSE,"Activated",1.08679705480569e-13
"JPH1",6.81790640416817e-17,-2.4773776896591,4.98055367658491e-23,0.999999999994369,0.99999999999975,"COL1A1","KO",FALSE,"Activated",1.08679705480569e-13
"CYP2S1",6.79724304489134e-17,-2.47749341662143,4.9504098144571e-23,0.999999999994386,0.99999999999975,"COL1A1","KO",FALSE,"Activated",1.08679705480569e-13
"EDN1",6.64376882890172e-17,-2.47836294150072,4.72938402865282e-23,0.999999999994513,0.99999999999975,"COL1A1","KO",FALSE,"Activated",1.08679705480569e-13
"AC239799.2",6.35714168489856e-17,-2.48003607885102,4.33011406488909e-23,0.99999999999475,0.99999999999975,"COL1A1","KO",FALSE,"Activated",1.08679705480569e-13
"CCR1",5.52007136938594e-17,-2.48534028210957,3.26486283799718e-23,0.999999999995441,0.99999999999975,"COL1A1","KO",FALSE,"Activated",1.08679705480569e-13
"CCL13",5.42391619873544e-17,-2.48599491593538,3.15211095875379e-23,0.99999999999552,0.99999999999975,"COL1A1","KO",FALSE,"Activated",1.08679705480569e-13
"LINC01133",4.34880374995278e-17,-2.49412144042364,2.02635332848342e-23,0.999999999996408,0.99999999999975,"COL1A1","KO",FALSE,"Activated",1.08679705480569e-13
"DLK2",4.23830549830846e-17,-2.49505586581823,1.92468681045764e-23,0.9999999999965,0.99999999999975,"COL1A1","KO",FALSE,"Activated",1.08679705480569e-13
"NLRP1",4.1686768057145e-17,-2.49565592699887,1.86196711673992e-23,0.999999999996557,0.99999999999975,"COL1A1","KO",FALSE,"Activated",1.08679705480569e-13
"IFIT2",3.65675060468127e-17,-2.50036527051265,1.4327362155802e-23,0.99999999999698,0.99999999999975,"COL1A1","KO",FALSE,"Activated",1.08679705480569e-13
"AUXG01000058.1",3.53241335852492e-17,-2.50159777178715,1.33696054795579e-23,0.999999999997083,0.99999999999975,"COL1A1","KO",FALSE,"Activated",1.08679705480569e-13
"FAM110C",3.47353380894077e-17,-2.50219500579225,1.29276211294188e-23,0.999999999997131,0.99999999999975,"COL1A1","KO",FALSE,"Activated",1.08679705480569e-13
"ALDH3A1",3.16726261795534e-17,-2.5054557632267,1.07483971475748e-23,0.999999999997384,0.99999999999975,"COL1A1","KO",FALSE,"Activated",1.08679705480569e-13
"IFIT3",2.77661242590028e-17,-2.51005103524439,8.26049515460686e-24,0.999999999997707,0.99999999999975,"COL1A1","KO",FALSE,"Activated",1.08679705480569e-13
"SLC7A11",2.75818989541583e-17,-2.5102817233771,8.15124376911217e-24,0.999999999997722,0.99999999999975,"COL1A1","KO",FALSE,"Activated",1.08679705480569e-13
"UNG",2.13899990878177e-17,-2.51897104665493,4.9022684210563e-24,0.999999999998233,0.99999999999975,"COL1A1","KO",FALSE,"Activated",1.08679705480569e-13
"PCSK9",2.00796554471094e-17,-2.52109551961592,4.32004298095536e-24,0.999999999998342,0.99999999999975,"COL1A1","KO",FALSE,"Activated",1.08679705480569e-13
"PROSER2",1.87986196816765e-17,-2.52329585019686,3.78640860446085e-24,0.999999999998447,0.99999999999975,"COL1A1","KO",FALSE,"Activated",1.08679705480569e-13
"LGALS7",1.75868189111251e-17,-2.52550429471479,3.31398194892922e-24,0.999999999998547,0.99999999999975,"COL1A1","KO",FALSE,"Activated",1.08679705480569e-13
"SPOCD1",1.25153722582241e-17,-2.53653912127907,1.67827489725851e-24,0.999999999998966,0.99999999999975,"COL1A1","KO",FALSE,"Activated",1.08679705480569e-13
"OSR2",1.07131133663803e-17,-2.54145161431765,1.22972203849076e-24,0.999999999999115,0.99999999999975,"COL1A1","KO",FALSE,"Activated",1.08679705480569e-13
"ISM1",9.92323307521119e-18,-2.54384174487099,1.05507161510675e-24,0.99999999999918,0.99999999999975,"COL1A1","KO",FALSE,"Activated",1.08679705480569e-13
"SERPINB7",8.25352127507429e-18,-2.54951233445727,7.29884439939831e-25,0.999999999999318,0.99999999999975,"COL1A1","KO",FALSE,"Activated",1.08679705480569e-13
"CFI",7.15148785535862e-18,-2.55384746723996,5.47984615462861e-25,0.999999999999409,0.99999999999975,"COL1A1","KO",FALSE,"Activated",1.08679705480569e-13
"COL22A1",6.63190178872036e-18,-2.55610269952493,4.71250395114253e-25,0.999999999999452,0.99999999999975,"COL1A1","KO",FALSE,"Activated",1.08679705480569e-13
"A2ML1",5.82805638715083e-18,-2.55992417267832,3.63934347060223e-25,0.999999999999519,0.99999999999975,"COL1A1","KO",FALSE,"Activated",1.08679705480569e-13
"POPDC3",5.08007626648615e-18,-2.56392962503816,2.76513296462818e-25,0.99999999999958,0.99999999999975,"COL1A1","KO",FALSE,"Activated",1.08679705480569e-13
"LINC02657",3.38980112599323e-18,-2.57539322290034,1.2311869236951e-25,0.99999999999972,0.99999999999975,"COL1A1","KO",FALSE,"Activated",1.08679705480569e-13
"FOLR3",3.03046904583944e-18,-2.57848235393281,9.8400036544389e-26,0.99999999999975,0.99999999999975,"COL1A1","KO",FALSE,"Activated",1.08679705480569e-13
