"gene","distance","Z","FC","p.value","p.adj","target_gene","perturbation","significant","direction","minus_log10_fdr"
"S100A7A",3.12474475478123e-07,2.23459285382597,0.60258414948063,0.437593751149528,0.999999999996263,"SASH1","OE",FALSE,"Activated",1.62305955895887e-12
"IGFBP4",7.98858534139982e-08,1.60601710783223,0.0393847747898169,0.842688324971655,0.999999999996263,"SASH1","OE",FALSE,"Activated",1.62305955895887e-12
"DCN",7.81749672137021e-08,1.59683371314228,0.0377158607660107,0.846014806071372,0.999999999996263,"SASH1","OE",FALSE,"Activated",1.62305955895887e-12
"FSTL1",7.81363205887072e-08,1.5966242331481,0.0376785795111129,0.846089978761406,0.999999999996263,"SASH1","OE",FALSE,"Activated",1.62305955895887e-12
"FBN1",7.80343461286142e-08,1.59607105228736,0.037580296266074,0.846288339014602,0.999999999996263,"SASH1","OE",FALSE,"Activated",1.62305955895887e-12
"TIMP2",7.60335983141527e-08,1.58508655756842,0.0356779338917417,0.850182139688509,0.999999999996263,"SASH1","OE",FALSE,"Activated",1.62305955895887e-12
"SERPINF1",7.47242955847534e-08,1.57775941372247,0.0344597615263914,0.85273225444827,0.999999999996263,"SASH1","OE",FALSE,"Activated",1.62305955895887e-12
"PMP22",7.41731084798654e-08,1.57464093912683,0.0339532669688907,0.853806257791004,0.999999999996263,"SASH1","OE",FALSE,"Activated",1.62305955895887e-12
"NNMT",7.23948598474642e-08,1.56443880893951,0.0323447703235481,0.857273062270305,0.999999999996263,"SASH1","OE",FALSE,"Activated",1.62305955895887e-12
"LRP1",7.19383907495897e-08,1.56178433913766,0.0319381712517667,0.858163423751145,0.999999999996263,"SASH1","OE",FALSE,"Activated",1.62305955895887e-12
"AEBP1",7.19227067764823e-08,1.56169286965251,0.0319242464806145,0.858194019189557,0.999999999996263,"SASH1","OE",FALSE,"Activated",1.62305955895887e-12
"MRC2",7.17800332576708e-08,1.56085998385397,0.031797715454539,0.858472348676255,0.999999999996263,"SASH1","OE",FALSE,"Activated",1.62305955895887e-12
"CDH11",7.03728342311364e-08,1.55256601461587,0.0305631908246729,0.861218469184094,0.999999999996263,"SASH1","OE",FALSE,"Activated",1.62305955895887e-12
"IL1R1",6.98928048022945e-08,1.54970326657765,0.0301476556750776,0.862155622583013,0.999999999996263,"SASH1","OE",FALSE,"Activated",1.62305955895887e-12
"CTSK",6.9657496611084e-08,1.54829362248636,0.0299450010907257,0.862615081776949,0.999999999996263,"SASH1","OE",FALSE,"Activated",1.62305955895887e-12
"CCDC80",6.96110469945452e-08,1.54801486386887,0.0299050780349662,0.862705784089372,0.999999999996263,"SASH1","OE",FALSE,"Activated",1.62305955895887e-12
"FGFR1",6.94645970309359e-08,1.54713489682103,0.0297793798646446,0.862991769238225,0.999999999996263,"SASH1","OE",FALSE,"Activated",1.62305955895887e-12
"RUNX1T1",6.89477659013233e-08,1.5440163066378,0.0293378987248008,0.86400117205718,0.999999999996263,"SASH1","OE",FALSE,"Activated",1.62305955895887e-12
"PCOLCE",6.89031444773514e-08,1.54374609245292,0.029299937372729,0.864088330862627,0.999999999996263,"SASH1","OE",FALSE,"Activated",1.62305955895887e-12
"PRRX1",6.84542215692222e-08,1.54101892723165,0.0289193868436175,0.864965301587792,0.999999999996263,"SASH1","OE",FALSE,"Activated",1.62305955895887e-12
"BGN",6.81692941306323e-08,1.53927982588475,0.0286791451731774,0.86552199358331,0.999999999996263,"SASH1","OE",FALSE,"Activated",1.62305955895887e-12
"MXRA8",6.75515489081005e-08,1.53548719274131,0.0281617235759406,0.866729174686505,0.999999999996263,"SASH1","OE",FALSE,"Activated",1.62305955895887e-12
"MMP2",6.69856828573859e-08,1.53198613358607,0.0276918892589216,0.867835247832289,0.999999999996263,"SASH1","OE",FALSE,"Activated",1.62305955895887e-12
"LUM",6.68504263254582e-08,1.53114542940375,0.027580172029057,0.868099666144974,0.999999999996263,"SASH1","OE",FALSE,"Activated",1.62305955895887e-12
"COL1A2",6.66655804024952e-08,1.52999406692402,0.02742786083633,0.868461052564371,0.999999999996263,"SASH1","OE",FALSE,"Activated",1.62305955895887e-12
"BICC1",6.63829660055512e-08,1.52822827277543,0.0271958047175241,0.869013636145316,0.999999999996263,"SASH1","OE",FALSE,"Activated",1.62305955895887e-12
"DDR2",6.61504735221637e-08,1.52677066656104,0.0270056430427063,0.869468266518466,0.999999999996263,"SASH1","OE",FALSE,"Activated",1.62305955895887e-12
"COL6A3",6.61184291628646e-08,1.5265694110647,0.02697948543926,0.869530931454059,0.999999999996263,"SASH1","OE",FALSE,"Activated",1.62305955895887e-12
"DAB2",6.60003060161945e-08,1.52582679160687,0.0268831717489933,0.869761936418176,0.999999999996263,"SASH1","OE",FALSE,"Activated",1.62305955895887e-12
"COL3A1",6.59223621458939e-08,1.52533613005681,0.0268197132198729,0.869914371741832,0.999999999996263,"SASH1","OE",FALSE,"Activated",1.62305955895887e-12
"EFEMP2",6.58262590917538e-08,1.52473045052702,0.0267415734951491,0.870102327750751,0.999999999996263,"SASH1","OE",FALSE,"Activated",1.62305955895887e-12
"VCAN",6.57573450060063e-08,1.52429564637379,0.026685610830542,0.870237112756901,0.999999999996263,"SASH1","OE",FALSE,"Activated",1.62305955895887e-12
"COL5A2",6.56700447311059e-08,1.52374425968847,0.026614801562999,0.870407863640544,0.999999999996263,"SASH1","OE",FALSE,"Activated",1.62305955895887e-12
"RHOBTB3",6.49836118174918e-08,1.51938609690757,0.0260613134780991,0.871750669831702,0.999999999996263,"SASH1","OE",FALSE,"Activated",1.62305955895887e-12
"FKBP10",6.4481149580193e-08,1.51617015396516,0.0256598522476856,0.872733825520042,0.999999999996263,"SASH1","OE",FALSE,"Activated",1.62305955895887e-12
"ZBTB20",6.40707123459835e-08,1.5135267637536,0.0253342302533232,0.873537064070893,0.999999999996263,"SASH1","OE",FALSE,"Activated",1.62305955895887e-12
"SFRP2",6.40443786276923e-08,1.51335665409043,0.0253134092773549,0.87358860444345,0.999999999996263,"SASH1","OE",FALSE,"Activated",1.62305955895887e-12
"FBLN2",6.37191282556485e-08,1.51125051101626,0.0250569530588776,0.874225228871405,0.999999999996263,"SASH1","OE",FALSE,"Activated",1.62305955895887e-12
"ANTXR1",6.35438763523151e-08,1.51011174221023,0.0249193102508304,0.87456828960507,0.999999999996263,"SASH1","OE",FALSE,"Activated",1.62305955895887e-12
"FBLN5",6.30940824717009e-08,1.50717630124189,0.0245677772894599,0.875448882063429,0.999999999996263,"SASH1","OE",FALSE,"Activated",1.62305955895887e-12
"COL6A1",6.24317550566113e-08,1.50282005260487,0.0240546862057209,0.876745846535756,0.999999999996263,"SASH1","OE",FALSE,"Activated",1.62305955895887e-12
"COL1A1",6.22591340554573e-08,1.50167799898035,0.0239218498473939,0.877083926175713,0.999999999996263,"SASH1","OE",FALSE,"Activated",1.62305955895887e-12
"COL6A2",6.20897251944291e-08,1.50055447850401,0.0237918429073837,0.877415736615642,0.999999999996263,"SASH1","OE",FALSE,"Activated",1.62305955895887e-12
"EMILIN1",6.18807026907164e-08,1.49916450863784,0.0236319240220754,0.877825165474482,0.999999999996263,"SASH1","OE",FALSE,"Activated",1.62305955895887e-12
"MME",6.18625234950673e-08,1.49904342394922,0.0236180409778703,0.877860776044836,0.999999999996263,"SASH1","OE",FALSE,"Activated",1.62305955895887e-12
"CYBRD1",6.1640875155675e-08,1.49756457968958,0.0234491011687683,0.878294974834546,0.999999999996263,"SASH1","OE",FALSE,"Activated",1.62305955895887e-12
"CRISPLD2",6.14106109661098e-08,1.49602327538848,0.0232742365789016,0.878746090447218,0.999999999996263,"SASH1","OE",FALSE,"Activated",1.62305955895887e-12
"PDGFRA",6.12654221980932e-08,1.49504881287803,0.0231643154063096,0.879030553187106,0.999999999996263,"SASH1","OE",FALSE,"Activated",1.62305955895887e-12
"LOXL1",6.09436248090956e-08,1.49288172752916,0.0229216127767538,0.879661093980563,0.999999999996263,"SASH1","OE",FALSE,"Activated",1.62305955895887e-12
"ADAMTS2",6.07639492915814e-08,1.49166734179963,0.022786655869011,0.880013189553981,0.999999999996263,"SASH1","OE",FALSE,"Activated",1.62305955895887e-12
"THY1",6.06433251544533e-08,1.49085029300197,0.0226962768678402,0.880249580229608,0.999999999996263,"SASH1","OE",FALSE,"Activated",1.62305955895887e-12
"COL5A1",6.0506110165839e-08,1.48991912162049,0.0225936853261061,0.88051849745929,0.999999999996263,"SASH1","OE",FALSE,"Activated",1.62305955895887e-12
"TUBA1A",6.02957597704201e-08,1.4884880150824,0.0224368638281401,0.880930773957514,0.999999999996263,"SASH1","OE",FALSE,"Activated",1.62305955895887e-12
"BNC2",5.90972063128008e-08,1.48024870404706,0.0215537335823903,0.883280492698033,0.999999999996263,"SASH1","OE",FALSE,"Activated",1.62305955895887e-12
"RCN3",5.78702142673363e-08,1.47165980905478,0.0206680159953484,0.885687028263847,0.999999999996263,"SASH1","OE",FALSE,"Activated",1.62305955895887e-12
"CD302",5.76037965171695e-08,1.46977369649386,0.0204781548855002,0.886209701364054,0.999999999996263,"SASH1","OE",FALSE,"Activated",1.62305955895887e-12
"FERMT2",5.7301845616722e-08,1.46762670288535,0.0202640304202436,0.886802145204686,0.999999999996263,"SASH1","OE",FALSE,"Activated",1.62305955895887e-12
"OLFML3",5.7191662588692e-08,1.46684077160064,0.0201861758387522,0.88701834597969,0.999999999996263,"SASH1","OE",FALSE,"Activated",1.62305955895887e-12
"SRPX2",5.71331894335895e-08,1.46642314234369,0.0201449199654792,0.887133085228295,0.999999999996263,"SASH1","OE",FALSE,"Activated",1.62305955895887e-12
"GGT5",5.71243720158527e-08,1.4663601335351,0.0201387024771939,0.887150387456806,0.999999999996263,"SASH1","OE",FALSE,"Activated",1.62305955895887e-12
"S100A4",5.7124066007728e-08,1.46635794666296,0.020138486716745,0.88715098793091,0.999999999996263,"SASH1","OE",FALSE,"Activated",1.62305955895887e-12
"CPXM2",5.7123569947996e-08,1.46635440157434,0.0201381369570151,0.887151961339918,0.999999999996263,"SASH1","OE",FALSE,"Activated",1.62305955895887e-12
"ANXA6",5.70442323897029e-08,1.46578706636946,0.0200822370507176,0.887307646180332,0.999999999996263,"SASH1","OE",FALSE,"Activated",1.62305955895887e-12
"LTBP2",5.69577037141846e-08,1.46516751431241,0.0200213589785128,0.887477447175322,0.999999999996263,"SASH1","OE",FALSE,"Activated",1.62305955895887e-12
"SPON1",5.6950688834366e-08,1.46511725086089,0.0200164276428315,0.8874912131686,0.999999999996263,"SASH1","OE",FALSE,"Activated",1.62305955895887e-12
"ZEB1",5.57230083033074e-08,1.4562353523332,0.019162744861325,0.889900931323514,0.999999999996263,"SASH1","OE",FALSE,"Activated",1.62305955895887e-12
"FBLN1",5.56905093236784e-08,1.45599789608361,0.0191403990452312,0.889964734952428,0.999999999996263,"SASH1","OE",FALSE,"Activated",1.62305955895887e-12
"SPARC",5.55834881832857e-08,1.4552150732758,0.0190669050472708,0.890174849265276,0.999999999996263,"SASH1","OE",FALSE,"Activated",1.62305955895887e-12
"RARRES2",5.5564940164918e-08,1.45507926577759,0.0190541820494833,0.890211265323818,0.999999999996263,"SASH1","OE",FALSE,"Activated",1.62305955895887e-12
"THBS2",5.54834312701707e-08,1.45448198817465,0.0189983214224558,0.890371297707178,0.999999999996263,"SASH1","OE",FALSE,"Activated",1.62305955895887e-12
"PCDH18",5.53565931268928e-08,1.45355100798388,0.0189115583152237,0.890620337205219,0.999999999996263,"SASH1","OE",FALSE,"Activated",1.62305955895887e-12
"FARP1",5.53342798711394e-08,1.45338703621576,0.0188963155639068,0.890664149133826,0.999999999996263,"SASH1","OE",FALSE,"Activated",1.62305955895887e-12
"LAMA4",5.52261112088668e-08,1.4525913177325,0.0188225099098429,0.890876542309073,0.999999999996263,"SASH1","OE",FALSE,"Activated",1.62305955895887e-12
"MEG3",5.5179833824959e-08,1.45225046868092,0.0187909780296505,0.890967412059139,0.999999999996263,"SASH1","OE",FALSE,"Activated",1.62305955895887e-12
"AKAP12",5.47496170672378e-08,1.44906964966348,0.0184991076723093,0.891812249224377,0.999999999996263,"SASH1","OE",FALSE,"Activated",1.62305955895887e-12
"NOVA1",5.43043460850727e-08,1.44575422914674,0.0181994299530473,0.89268677841605,0.999999999996263,"SASH1","OE",FALSE,"Activated",1.62305955895887e-12
"BARX1",5.39060108673027e-08,1.44276790591504,0.0179334149427638,0.893469234609849,0.999999999996263,"SASH1","OE",FALSE,"Activated",1.62305955895887e-12
"ANGPTL2",5.38804112735553e-08,1.44257532068848,0.0179163860763811,0.893519523852633,0.999999999996263,"SASH1","OE",FALSE,"Activated",1.62305955895887e-12
"ADAM12",5.38798041273815e-08,1.44257075216057,0.0179159823005484,0.893520716568998,0.999999999996263,"SASH1","OE",FALSE,"Activated",1.62305955895887e-12
"STEAP2",5.37238047456728e-08,1.44139541313017,0.0178123874131913,0.89382717959799,0.999999999996263,"SASH1","OE",FALSE,"Activated",1.62305955895887e-12
"SPRY1",5.31563615095266e-08,1.43709461060148,0.017438097474836,0.894942063357223,0.999999999996263,"SASH1","OE",FALSE,"Activated",1.62305955895887e-12
"CERCAM",5.30660148368336e-08,1.43640611627975,0.0173788708772683,0.895119591138787,0.999999999996263,"SASH1","OE",FALSE,"Activated",1.62305955895887e-12
"PRRX2",5.30366233337748e-08,1.43618191303632,0.017359625049859,0.895177345459163,0.999999999996263,"SASH1","OE",FALSE,"Activated",1.62305955895887e-12
"CCN1",5.29921332946421e-08,1.43584232711556,0.0173305128472848,0.895264769468545,0.999999999996263,"SASH1","OE",FALSE,"Activated",1.62305955895887e-12
"FMOD",5.29343562699992e-08,1.43540094811922,0.0172927427275793,0.895378304626179,0.999999999996263,"SASH1","OE",FALSE,"Activated",1.62305955895887e-12
"CREB3L1",5.29033704111878e-08,1.4351640612028,0.0172725035598831,0.895439194493757,0.999999999996263,"SASH1","OE",FALSE,"Activated",1.62305955895887e-12
"TMEM45A",5.28743158238969e-08,1.4349418276765,0.0172535366149992,0.895496289806931,0.999999999996263,"SASH1","OE",FALSE,"Activated",1.62305955895887e-12
"FCGRT",5.27011290873505e-08,1.43361491366725,0.0171406958148171,0.895836631139279,0.999999999996263,"SASH1","OE",FALSE,"Activated",1.62305955895887e-12
"NID1",5.21636804022109e-08,1.42947248844238,0.0167928751465411,0.896892930810829,0.999999999996263,"SASH1","OE",FALSE,"Activated",1.62305955895887e-12
"OLFML2B",5.20301546400636e-08,1.42843749345702,0.0167070141950113,0.897155390270799,0.999999999996263,"SASH1","OE",FALSE,"Activated",1.62305955895887e-12
"NTM",5.10551134843264e-08,1.4208078650273,0.0160867050834685,0.899072279398704,0.999999999996263,"SASH1","OE",FALSE,"Activated",1.62305955895887e-12
"PDGFRL",5.09780875943025e-08,1.42019968052043,0.0160382022795723,0.899223734245039,0.999999999996263,"SASH1","OE",FALSE,"Activated",1.62305955895887e-12
"LXN",5.09664487329065e-08,1.42010771140329,0.0160308797175391,0.899246619882066,0.999999999996263,"SASH1","OE",FALSE,"Activated",1.62305955895887e-12
"CSGALNACT1",5.09046340488103e-08,1.41961894732972,0.0159920171773068,0.899368168263134,0.999999999996263,"SASH1","OE",FALSE,"Activated",1.62305955895887e-12
"COL14A1",5.08662494965758e-08,1.41931518006568,0.0159679087637911,0.8994436463424,0.999999999996263,"SASH1","OE",FALSE,"Activated",1.62305955895887e-12
"LSAMP",5.04409509205035e-08,1.41593585869353,0.0157020060003135,0.900279999724929,0.999999999996263,"SASH1","OE",FALSE,"Activated",1.62305955895887e-12
"PDGFRB",5.02864363996111e-08,1.41470189796629,0.0156059542071118,0.900583881358241,0.999999999996263,"SASH1","OE",FALSE,"Activated",1.62305955895887e-12
"SDC2",5.02831386876893e-08,1.41467552584946,0.0156039074423195,0.900590367082971,0.999999999996263,"SASH1","OE",FALSE,"Activated",1.62305955895887e-12
"TMEM47",5.02080412467742e-08,1.41407455120644,0.0155573336404057,0.900738065627614,0.999999999996263,"SASH1","OE",FALSE,"Activated",1.62305955895887e-12
"PSD3",4.99070420052417e-08,1.41165779125445,0.015371359087915,0.901330092945898,0.999999999996263,"SASH1","OE",FALSE,"Activated",1.62305955895887e-12
"VGLL3",4.93175180959566e-08,1.40688695307964,0.0150103574154784,0.902489770401107,0.999999999996263,"SASH1","OE",FALSE,"Activated",1.62305955895887e-12
"TWIST1",4.93167890132254e-08,1.40688102176514,0.0150099136092242,0.902491204739977,0.999999999996263,"SASH1","OE",FALSE,"Activated",1.62305955895887e-12
"MYADM",4.92742559562421e-08,1.40653486821989,0.0149840343002353,0.902574881414557,0.999999999996263,"SASH1","OE",FALSE,"Activated",1.62305955895887e-12
"WIPI1",4.91774950948311e-08,1.40574640125299,0.0149252431741007,0.902765246253257,0.999999999996263,"SASH1","OE",FALSE,"Activated",1.62305955895887e-12
"KCNQ1OT1",4.90684827162849e-08,1.40485646077586,0.0148591465614254,0.902979721109252,0.999999999996263,"SASH1","OE",FALSE,"Activated",1.62305955895887e-12
"SHOX2",4.88919578476495e-08,1.40341166645349,0.0147524267043678,0.903327037463711,0.999999999996263,"SASH1","OE",FALSE,"Activated",1.62305955895887e-12
"GASK1B",4.88868571134355e-08,1.40336985038528,0.0147493487223951,0.903337073539798,0.999999999996263,"SASH1","OE",FALSE,"Activated",1.62305955895887e-12
"LOX",4.88308482975619e-08,1.40291043411647,0.0147155719412666,0.903447276089886,0.999999999996263,"SASH1","OE",FALSE,"Activated",1.62305955895887e-12
"HEG1",4.88275311978648e-08,1.40288321079834,0.0147135727394102,0.90345380285016,0.999999999996263,"SASH1","OE",FALSE,"Activated",1.62305955895887e-12
"FAP",4.88094997637238e-08,1.40273519892979,0.0147027076465425,0.903489281803852,0.999999999996263,"SASH1","OE",FALSE,"Activated",1.62305955895887e-12
"SOX4",4.86774197424046e-08,1.40164954125519,0.014623243342174,0.903749170550827,0.999999999996263,"SASH1","OE",FALSE,"Activated",1.62305955895887e-12
"TMEM176B",4.85942517675998e-08,1.40096459207722,0.0145733168431416,0.903912822249356,0.999999999996263,"SASH1","OE",FALSE,"Activated",1.62305955895887e-12
"SGCD",4.82049242292905e-08,1.39774438252748,0.0143407352224857,0.904678965923651,0.999999999996263,"SASH1","OE",FALSE,"Activated",1.62305955895887e-12
"WNT5A",4.81938600387139e-08,1.39765253357775,0.014334152890041,0.904700740046905,0.999999999996263,"SASH1","OE",FALSE,"Activated",1.62305955895887e-12
"KLF9",4.74211923094235e-08,1.39119180210235,0.0138782129376177,0.906221512213398,0.999999999996263,"SASH1","OE",FALSE,"Activated",1.62305955895887e-12
"TNFAIP6",4.73536788813335e-08,1.39062288157564,0.0138387243162758,0.906354409219987,0.999999999996263,"SASH1","OE",FALSE,"Activated",1.62305955895887e-12
"PTGFR",4.73261919098347e-08,1.39039105010798,0.0138226632950164,0.906408516781382,0.999999999996263,"SASH1","OE",FALSE,"Activated",1.62305955895887e-12
"GLIS3",4.73142876975786e-08,1.39029061038101,0.0138157103915033,0.906431950123292,0.999999999996263,"SASH1","OE",FALSE,"Activated",1.62305955895887e-12
"PLPP3",4.71458888066312e-08,1.38886738124763,0.0137175408894846,0.906763450643441,0.999999999996263,"SASH1","OE",FALSE,"Activated",1.62305955895887e-12
"COLEC12",4.69259832948497e-08,1.3870020771504,0.0135898721677922,0.907196368626652,0.999999999996263,"SASH1","OE",FALSE,"Activated",1.62305955895887e-12
"ADGRA2",4.680199839126e-08,1.38594699920698,0.013518154413488,0.90744046423234,0.999999999996263,"SASH1","OE",FALSE,"Activated",1.62305955895887e-12
"STEAP1",4.67065189228425e-08,1.38513281348539,0.0134630546453321,0.907628445646541,0.999999999996263,"SASH1","OE",FALSE,"Activated",1.62305955895887e-12
"VSTM4",4.67059117070975e-08,1.38512763085607,0.013462704590316,0.907629641158604,0.999999999996263,"SASH1","OE",FALSE,"Activated",1.62305955895887e-12
"COL12A1",4.66604081762344e-08,1.38473908583161,0.0134364851180291,0.907719231031588,0.999999999996263,"SASH1","OE",FALSE,"Activated",1.62305955895887e-12
"CTHRC1",4.66366219592676e-08,1.38453584734709,0.013422789494684,0.90776606312087,0.999999999996263,"SASH1","OE",FALSE,"Activated",1.62305955895887e-12
"CASC15",4.66249437058181e-08,1.38443603044747,0.0134160679481956,0.907789056260153,0.999999999996263,"SASH1","OE",FALSE,"Activated",1.62305955895887e-12
"FNDC1",4.66050157568675e-08,1.38426565045121,0.0134046020863218,0.907828292280443,0.999999999996263,"SASH1","OE",FALSE,"Activated",1.62305955895887e-12
"C3",4.62891471546403e-08,1.3815564208326,0.0132235166631195,0.908450234064887,0.999999999996263,"SASH1","OE",FALSE,"Activated",1.62305955895887e-12
"MAP1B",4.62750135957062e-08,1.38143481553254,0.0132154427697344,0.908478064200735,0.999999999996263,"SASH1","OE",FALSE,"Activated",1.62305955895887e-12
"PDZRN3",4.6273434993411e-08,1.38142123118721,0.0132145411353174,0.908481172605002,0.999999999996263,"SASH1","OE",FALSE,"Activated",1.62305955895887e-12
"PKIG",4.62447328745937e-08,1.38117416956702,0.0131981529981588,0.908537689800345,0.999999999996263,"SASH1","OE",FALSE,"Activated",1.62305955895887e-12
"GNG11",4.59816316300123e-08,1.37890312801738,0.0130484030777795,0.909055782651835,0.999999999996263,"SASH1","OE",FALSE,"Activated",1.62305955895887e-12
"MAP1LC3A",4.5980961932575e-08,1.3788973327058,0.01304802299477,0.909057101453902,0.999999999996263,"SASH1","OE",FALSE,"Activated",1.62305955895887e-12
"F2R",4.58597510307892e-08,1.3778471908278,0.012979321602702,0.909295800216795,0.999999999996263,"SASH1","OE",FALSE,"Activated",1.62305955895887e-12
"COL8A1",4.58039202719878e-08,1.37736266305303,0.0129477381659317,0.909405749626482,0.999999999996263,"SASH1","OE",FALSE,"Activated",1.62305955895887e-12
"LINC00632",4.54536468266079e-08,1.37431087286002,0.0127504665014791,0.910095594530249,0.999999999996263,"SASH1","OE",FALSE,"Activated",1.62305955895887e-12
"COX7A1",4.54428393328175e-08,1.37421638215218,0.0127444038765957,0.910116880394588,0.999999999996263,"SASH1","OE",FALSE,"Activated",1.62305955895887e-12
"JAM2",4.52440142768421e-08,1.3724744946102,0.0126331272232057,0.910508487134191,0.999999999996263,"SASH1","OE",FALSE,"Activated",1.62305955895887e-12
"MMP14",4.51215432789961e-08,1.37139817504846,0.0125648265794431,0.91074971739825,0.999999999996263,"SASH1","OE",FALSE,"Activated",1.62305955895887e-12
"COL5A3",4.50744398425119e-08,1.3709835268673,0.0125386068384276,0.910842498897973,0.999999999996263,"SASH1","OE",FALSE,"Activated",1.62305955895887e-12
"KCNE4",4.50478594019236e-08,1.37074937246112,0.0125238231416351,0.910894855978554,0.999999999996263,"SASH1","OE",FALSE,"Activated",1.62305955895887e-12
"CD248",4.49392166059951e-08,1.36979103966083,0.0124634880909031,0.911108860199393,0.999999999996263,"SASH1","OE",FALSE,"Activated",1.62305955895887e-12
"HTRA3",4.49369195684308e-08,1.36977075555785,0.0124622139979922,0.911113384966069,0.999999999996263,"SASH1","OE",FALSE,"Activated",1.62305955895887e-12
"CELF2",4.4483809740771e-08,1.36575155321403,0.012212162018032,0.91200598912754,0.999999999996263,"SASH1","OE",FALSE,"Activated",1.62305955895887e-12
"CCN4",4.4479782065578e-08,1.36571566509266,0.0122099506788702,0.912013923949901,0.999999999996263,"SASH1","OE",FALSE,"Activated",1.62305955895887e-12
"TBX3",4.4478532451655e-08,1.36570452997373,0.0122092646363883,0.912016385784882,0.999999999996263,"SASH1","OE",FALSE,"Activated",1.62305955895887e-12
"SULF1",4.43345797015175e-08,1.36441993877044,0.0121303630630771,0.912299989355911,0.999999999996263,"SASH1","OE",FALSE,"Activated",1.62305955895887e-12
"GXYLT2",4.4270266397097e-08,1.36384483696934,0.0120951951248378,0.91242669761799,0.999999999996263,"SASH1","OE",FALSE,"Activated",1.62305955895887e-12
"ANPEP",4.41451409443972e-08,1.36272382700629,0.0120269200441395,0.91267322263958,0.999999999996263,"SASH1","OE",FALSE,"Activated",1.62305955895887e-12
"PXDN",4.4034994770046e-08,1.361734696311,0.0119669783809888,0.912890242101096,0.999999999996263,"SASH1","OE",FALSE,"Activated",1.62305955895887e-12
"CLEC11A",4.40049560214414e-08,1.36146456477998,0.0119506572505507,0.912949428153972,0.999999999996263,"SASH1","OE",FALSE,"Activated",1.62305955895887e-12
"TPM2",4.39919874646689e-08,1.36134789128202,0.0119436144102073,0.912974980555638,0.999999999996263,"SASH1","OE",FALSE,"Activated",1.62305955895887e-12
"PCSK5",4.39311514589673e-08,1.36080016613791,0.0119106038811708,0.913094849069107,0.999999999996263,"SASH1","OE",FALSE,"Activated",1.62305955895887e-12
"PLAC9",4.38929850695147e-08,1.36045620091868,0.0118899175451751,0.91317005140571,0.999999999996263,"SASH1","OE",FALSE,"Activated",1.62305955895887e-12
"P4HA3",4.36379576339171e-08,1.35815103550203,0.0117521531093589,0.913672572595012,0.999999999996263,"SASH1","OE",FALSE,"Activated",1.62305955895887e-12
"FIBIN",4.35700707446602e-08,1.35753541128531,0.0117156162692282,0.913806346774122,0.999999999996263,"SASH1","OE",FALSE,"Activated",1.62305955895887e-12
"SOD3",4.35674783041892e-08,1.35751188528168,0.0117142221409349,0.913811455343502,0.999999999996263,"SASH1","OE",FALSE,"Activated",1.62305955895887e-12
"GUCY1A1",4.34568969192793e-08,1.35650722474622,0.0116548323841179,0.914029366331714,0.999999999996263,"SASH1","OE",FALSE,"Activated",1.62305955895887e-12
"ITGA11",4.31726091759476e-08,1.35391401086645,0.0115028432353495,0.914589611612794,0.999999999996263,"SASH1","OE",FALSE,"Activated",1.62305955895887e-12
"CPE",4.29764163323932e-08,1.35211558371382,0.0113985341495266,0.914976273218883,0.999999999996263,"SASH1","OE",FALSE,"Activated",1.62305955895887e-12
"FGF7",4.29584941455986e-08,1.35195093696623,0.011389029212659,0.915011595702867,0.999999999996263,"SASH1","OE",FALSE,"Activated",1.62305955895887e-12
"LMCD1",4.29279762004281e-08,1.35167043661794,0.0113728533052744,0.915071743304443,0.999999999996263,"SASH1","OE",FALSE,"Activated",1.62305955895887e-12
"FYN",4.27294845741129e-08,1.34984173213115,0.0112679241940284,0.915462960894421,0.999999999996263,"SASH1","OE",FALSE,"Activated",1.62305955895887e-12
"PRKG1",4.27118688424285e-08,1.34967907658382,0.0112586354410401,0.915497681657569,0.999999999996263,"SASH1","OE",FALSE,"Activated",1.62305955895887e-12
"EPDR1",4.26221422944304e-08,1.34884966374943,0.0112113821862304,0.915674535978874,0.999999999996263,"SASH1","OE",FALSE,"Activated",1.62305955895887e-12
"DLC1",4.2505372694542e-08,1.3477679618384,0.0111500358887641,0.9159046993981,0.999999999996263,"SASH1","OE",FALSE,"Activated",1.62305955895887e-12
"PALM2-AKAP2",4.23765108465586e-08,1.34657119670877,0.0110825321275931,0.91615870591203,0.999999999996263,"SASH1","OE",FALSE,"Activated",1.62305955895887e-12
"MYL9",4.21496273624229e-08,1.34445626388188,0.0109641782425123,0.916605948929382,0.999999999996263,"SASH1","OE",FALSE,"Activated",1.62305955895887e-12
"VCAM1",4.21060168987607e-08,1.34404859161649,0.010941501622846,0.916691918882745,0.999999999996263,"SASH1","OE",FALSE,"Activated",1.62305955895887e-12
"TPM1",4.20099513567306e-08,1.34314925211482,0.0108916321595594,0.916881297744885,0.999999999996263,"SASH1","OE",FALSE,"Activated",1.62305955895887e-12
"DSEL",4.1952746207931e-08,1.34261285113994,0.0108619899815456,0.916994071389569,0.999999999996263,"SASH1","OE",FALSE,"Activated",1.62305955895887e-12
"IGFBP7",4.18965271840078e-08,1.34208506804786,0.0108328981400379,0.91710490262514,0.999999999996263,"SASH1","OE",FALSE,"Activated",1.62305955895887e-12
"TNS1",4.18347845765475e-08,1.34150470956102,0.0108009929401688,0.917226625012842,0.999999999996263,"SASH1","OE",FALSE,"Activated",1.62305955895887e-12
"ZNF469",4.1651038318395e-08,1.33977308021676,0.0107063213124215,0.917588882816754,0.999999999996263,"SASH1","OE",FALSE,"Activated",1.62305955895887e-12
"DPYSL3",4.16159384133506e-08,1.33944153168984,0.0106882841861201,0.917658084621008,0.999999999996263,"SASH1","OE",FALSE,"Activated",1.62305955895887e-12
"ID3",4.12783699010482e-08,1.3362402562555,0.0105155909809421,0.918323655235827,0.999999999996263,"SASH1","OE",FALSE,"Activated",1.62305955895887e-12
"TMEM176A",4.12760585937757e-08,1.33621825789168,0.0105144134111147,0.918328212547677,0.999999999996263,"SASH1","OE",FALSE,"Activated",1.62305955895887e-12
"ANKRD28",4.12264135922013e-08,1.33574548846389,0.0104891360868671,0.918426100549538,0.999999999996263,"SASH1","OE",FALSE,"Activated",1.62305955895887e-12
"GAS1",4.11258113492738e-08,1.33478591158527,0.0104380065794381,0.918624467764367,0.999999999996263,"SASH1","OE",FALSE,"Activated",1.62305955895887e-12
"PODN",4.06811182776087e-08,1.33051932769191,0.0102134948349157,0.91950137280179,0.999999999996263,"SASH1","OE",FALSE,"Activated",1.62305955895887e-12
"VAMP5",4.0360476095292e-08,1.32741734866241,0.0100531270093985,0.920133718580736,0.999999999996263,"SASH1","OE",FALSE,"Activated",1.62305955895887e-12
"EGR1",4.03150469904687e-08,1.32697609890169,0.0100305084689249,0.920223314451001,0.999999999996263,"SASH1","OE",FALSE,"Activated",1.62305955895887e-12
"LAMA2",4.02872583638437e-08,1.32670597369461,0.0100166854419581,0.920278120040426,0.999999999996263,"SASH1","OE",FALSE,"Activated",1.62305955895887e-12
"ITGAV",4.02844171002816e-08,1.3266783453345,0.0100152726359772,0.920283723689696,0.999999999996263,"SASH1","OE",FALSE,"Activated",1.62305955895887e-12
"MEG8",4.02810534024898e-08,1.32664563461832,0.0100136001806504,0.920290357708963,0.999999999996263,"SASH1","OE",FALSE,"Activated",1.62305955895887e-12
"GPM6B",4.01617732622072e-08,1.32548411924355,0.00995438349828424,0.920525610353277,0.999999999996263,"SASH1","OE",FALSE,"Activated",1.62305955895887e-12
"TMEM119",3.97402950300273e-08,1.32135537151519,0.00974654701781883,0.921356934803771,0.999999999996263,"SASH1","OE",FALSE,"Activated",1.62305955895887e-12
"TWIST2",3.9624894620776e-08,1.32021819056507,0.00969002391222481,0.921584565810286,0.999999999996263,"SASH1","OE",FALSE,"Activated",1.62305955895887e-12
"MXRA5",3.96062174512617e-08,1.32003386710604,0.00968089129153222,0.921621407730336,0.999999999996263,"SASH1","OE",FALSE,"Activated",1.62305955895887e-12
"C11orf96",3.9592956199022e-08,1.31990294635062,0.0096744095188774,0.92164756650678,0.999999999996263,"SASH1","OE",FALSE,"Activated",1.62305955895887e-12
"CYP7B1",3.94608104731935e-08,1.31859623027351,0.00960993853520674,0.921908238107444,0.999999999996263,"SASH1","OE",FALSE,"Activated",1.62305955895887e-12
"FILIP1L",3.94342734811183e-08,1.31833335542311,0.00959701771017024,0.921960586179525,0.999999999996263,"SASH1","OE",FALSE,"Activated",1.62305955895887e-12
"NR4A1",3.92857287335564e-08,1.31685898728379,0.00952485198069736,0.922253618510657,0.999999999996263,"SASH1","OE",FALSE,"Activated",1.62305955895887e-12
"GREM1",3.92558448262874e-08,1.31656178324881,0.00951036674432913,0.922312571390243,0.999999999996263,"SASH1","OE",FALSE,"Activated",1.62305955895887e-12
"ITGBL1",3.92296698577299e-08,1.31630130171153,0.00949768834905902,0.922364207885916,0.999999999996263,"SASH1","OE",FALSE,"Activated",1.62305955895887e-12
"ISLR",3.92266002177252e-08,1.3162707439916,0.0094962020585256,0.922370263519325,0.999999999996263,"SASH1","OE",FALSE,"Activated",1.62305955895887e-12
"TMEM204",3.87348624151708e-08,1.31134813882283,0.00925960889969095,0.9233403973055,0.999999999996263,"SASH1","OE",FALSE,"Activated",1.62305955895887e-12
"FN1",3.85396832778682e-08,1.30937898194238,0.00916652845214014,0.923725491681192,0.999999999996263,"SASH1","OE",FALSE,"Activated",1.62305955895887e-12
"MAP1A",3.83746941300233e-08,1.30770753972664,0.00908821226839557,0.924051034236332,0.999999999996263,"SASH1","OE",FALSE,"Activated",1.62305955895887e-12
"TFPI",3.83562845723886e-08,1.30752064668933,0.00907949455275535,0.924087359199691,0.999999999996263,"SASH1","OE",FALSE,"Activated",1.62305955895887e-12
"CYGB",3.82931894129395e-08,1.30687950661058,0.00904964802395355,0.924211857110052,0.999999999996263,"SASH1","OE",FALSE,"Activated",1.62305955895887e-12
"METTL7A",3.82140486596469e-08,1.30607400115713,0.00901228075893986,0.924368018439549,0.999999999996263,"SASH1","OE",FALSE,"Activated",1.62305955895887e-12
"HMCN1",3.81986986256851e-08,1.30591759608351,0.00900504200585206,0.924398307618452,0.999999999996263,"SASH1","OE",FALSE,"Activated",1.62305955895887e-12
"CCN2",3.81903889309183e-08,1.30583290354112,0.00900112454195904,0.92441470462018,0.999999999996263,"SASH1","OE",FALSE,"Activated",1.62305955895887e-12
"ZEB2",3.81719897628826e-08,1.3056453210819,0.00899245360073759,0.924451010663667,0.999999999996263,"SASH1","OE",FALSE,"Activated",1.62305955895887e-12
"COL4A2",3.80672815431734e-08,1.30457628348411,0.00894318750794229,0.924657628498484,0.999999999996263,"SASH1","OE",FALSE,"Activated",1.62305955895887e-12
"NID2",3.80480792631547e-08,1.30437995298618,0.00893416735882492,0.924695520378643,0.999999999996263,"SASH1","OE",FALSE,"Activated",1.62305955895887e-12
"DCLK1",3.80059111392696e-08,1.30394850523927,0.00891437512135998,0.924778731383052,0.999999999996263,"SASH1","OE",FALSE,"Activated",1.62305955895887e-12
"RORA",3.79129648607929e-08,1.30299602254039,0.00887082690385308,0.924962146602302,0.999999999996263,"SASH1","OE",FALSE,"Activated",1.62305955895887e-12
"ADAMTS12",3.77343968116941e-08,1.30116032330378,0.00878746144440715,0.925314534433158,0.999999999996263,"SASH1","OE",FALSE,"Activated",1.62305955895887e-12
"TAGLN",3.74206174096885e-08,1.29791599727115,0.0086419252546557,0.925933785048888,0.999999999996263,"SASH1","OE",FALSE,"Activated",1.62305955895887e-12
"ARRDC3",3.73876620101432e-08,1.29757386373181,0.00862671050342815,0.925998825872017,0.999999999996263,"SASH1","OE",FALSE,"Activated",1.62305955895887e-12
"NR2F1",3.73362906747265e-08,1.29704001043451,0.00860302027215218,0.926100213398411,0.999999999996263,"SASH1","OE",FALSE,"Activated",1.62305955895887e-12
"CHN1",3.71059597962843e-08,1.29463840908026,0.00849720209742963,0.926554813897706,0.999999999996263,"SASH1","OE",FALSE,"Activated",1.62305955895887e-12
"MIR100HG",3.70962703617861e-08,1.29453709194309,0.00849276494858221,0.926573938311616,0.999999999996263,"SASH1","OE",FALSE,"Activated",1.62305955895887e-12
"RASD1",3.70876858991224e-08,1.29444730939495,0.00848883477515402,0.926590881835062,0.999999999996263,"SASH1","OE",FALSE,"Activated",1.62305955895887e-12
"PTGIS",3.70377700975759e-08,1.29392489028237,0.0084660001421704,0.926689403460367,0.999999999996263,"SASH1","OE",FALSE,"Activated",1.62305955895887e-12
"RARRES1",3.69206421396044e-08,1.29269658620548,0.00841253918144044,0.926920589910455,0.999999999996263,"SASH1","OE",FALSE,"Activated",1.62305955895887e-12
"S1PR3",3.66045100680348e-08,1.28936411773354,0.0082690916438112,0.92754460021321,0.999999999996263,"SASH1","OE",FALSE,"Activated",1.62305955895887e-12
"GPC6",3.64937854130613e-08,1.28819092360303,0.00821914110307187,0.927763169188861,0.999999999996263,"SASH1","OE",FALSE,"Activated",1.62305955895887e-12
"DIO2",3.61661301562688e-08,1.28470073700042,0.00807221443257815,0.928409988113865,0.999999999996263,"SASH1","OE",FALSE,"Activated",1.62305955895887e-12
"GADD45B",3.61288939719856e-08,1.28430233410512,0.00805560089239458,0.928483498462354,0.999999999996263,"SASH1","OE",FALSE,"Activated",1.62305955895887e-12
"MSX1",3.60030860603391e-08,1.28295358759515,0.0079995962001088,0.928731868470529,0.999999999996263,"SASH1","OE",FALSE,"Activated",1.62305955895887e-12
"COL11A1",3.60005265670612e-08,1.28292610497069,0.00799845884289028,0.928736921494892,0.999999999996263,"SASH1","OE",FALSE,"Activated",1.62305955895887e-12
"EBF1",3.59926366921139e-08,1.28284137639289,0.00799495334278726,0.9287524979283,0.999999999996263,"SASH1","OE",FALSE,"Activated",1.62305955895887e-12
"HELLPAR",3.57880555613144e-08,1.28063866122786,0.0079043254618553,0.929156397792851,0.999999999996263,"SASH1","OE",FALSE,"Activated",1.62305955895887e-12
"GPX3",3.56894393269232e-08,1.27957289583104,0.00786082375008078,0.929351100102644,0.999999999996263,"SASH1","OE",FALSE,"Activated",1.62305955895887e-12
"UNC5B",3.5660200685942e-08,1.27925640883508,0.00784794903647195,0.929408828033336,0.999999999996263,"SASH1","OE",FALSE,"Activated",1.62305955895887e-12
"FAM20A",3.5384987850314e-08,1.27626616288255,0.00772728107820556,0.929952218492143,0.999999999996263,"SASH1","OE",FALSE,"Activated",1.62305955895887e-12
"ECM2",3.534731605505e-08,1.27585525618041,0.00771083650033666,0.930026601632677,0.999999999996263,"SASH1","OE",FALSE,"Activated",1.62305955895887e-12
"PAPPA",3.51650052226198e-08,1.27386121945019,0.00763150126866731,0.930386583871782,0.999999999996263,"SASH1","OE",FALSE,"Activated",1.62305955895887e-12
"NREP",3.51207491370406e-08,1.27337579065998,0.0076123044652812,0.930473971970198,0.999999999996263,"SASH1","OE",FALSE,"Activated",1.62305955895887e-12
"PDGFD",3.50944565803106e-08,1.273087141736,0.00760091108480975,0.930525889668636,0.999999999996263,"SASH1","OE",FALSE,"Activated",1.62305955895887e-12
"ABCA6",3.48300002801411e-08,1.27017319267157,0.00748678849263455,0.931048105667376,0.999999999996263,"SASH1","OE",FALSE,"Activated",1.62305955895887e-12
"HYMAI",3.44472517719453e-08,1.26592107838716,0.00732314725043437,0.931803963184871,0.999999999996263,"SASH1","OE",FALSE,"Activated",1.62305955895887e-12
"SGIP1",3.43311499887644e-08,1.26462301817546,0.00727386624293461,0.932033254923844,0.999999999996263,"SASH1","OE",FALSE,"Activated",1.62305955895887e-12
"TIMP1",3.43210025582911e-08,1.2645093823255,0.00726956693203797,0.932053295556006,0.999999999996263,"SASH1","OE",FALSE,"Activated",1.62305955895887e-12
"CXXC5",3.40408371160126e-08,1.26136019212639,0.0071513670849307,0.932606624279627,0.999999999996263,"SASH1","OE",FALSE,"Activated",1.62305955895887e-12
"PTN",3.40355722216207e-08,1.26130079376816,0.00714915513692907,0.932617022795768,0.999999999996263,"SASH1","OE",FALSE,"Activated",1.62305955895887e-12
"COL10A1",3.38746698613008e-08,1.25948157946485,0.0070817199909763,0.93293482118285,0.999999999996263,"SASH1","OE",FALSE,"Activated",1.62305955895887e-12
"SPON2",3.37879581706449e-08,1.258498026717,0.00704551110826805,0.933106089951998,0.999999999996263,"SASH1","OE",FALSE,"Activated",1.62305955895887e-12
"GEM",3.36100398236125e-08,1.25647294654509,0.00697150691312682,0.933457515417987,0.999999999996263,"SASH1","OE",FALSE,"Activated",1.62305955895887e-12
"AKR1B1",3.35918034603733e-08,1.25626484505605,0.00696394367058422,0.933493536734168,0.999999999996263,"SASH1","OE",FALSE,"Activated",1.62305955895887e-12
"SLC2A3",3.35782076118562e-08,1.25610963325878,0.00695830767887936,0.933520391977605,0.999999999996263,"SASH1","OE",FALSE,"Activated",1.62305955895887e-12
"MGP",3.32893178370318e-08,1.25279846343683,0.00683909127144643,0.934091040268839,0.999999999996263,"SASH1","OE",FALSE,"Activated",1.62305955895887e-12
"HES1",3.32741193555808e-08,1.25262356217518,0.00683284782277092,0.934121062996831,0.999999999996263,"SASH1","OE",FALSE,"Activated",1.62305955895887e-12
"ADAMTS14",3.30394396482364e-08,1.24991393057029,0.00673680465341149,0.934584655719169,0.999999999996263,"SASH1","OE",FALSE,"Activated",1.62305955895887e-12
"COL4A1",3.30222140448198e-08,1.24971437432768,0.00672978181794822,0.934618684523839,0.999999999996263,"SASH1","OE",FALSE,"Activated",1.62305955895887e-12
"EFEMP1",3.28433194351805e-08,1.24763645962229,0.00665706345777174,0.934972093982952,0.999999999996263,"SASH1","OE",FALSE,"Activated",1.62305955895887e-12
"RIPOR3",3.27646337985026e-08,1.24671934011395,0.00662520384002595,0.935127542909144,0.999999999996263,"SASH1","OE",FALSE,"Activated",1.62305955895887e-12
"NEGR1",3.2678906728255e-08,1.24571793576679,0.0065905801479359,0.935296905490172,0.999999999996263,"SASH1","OE",FALSE,"Activated",1.62305955895887e-12
"OMD",3.25484070266158e-08,1.24418907193386,0.0065380477022191,0.935554726595231,0.999999999996263,"SASH1","OE",FALSE,"Activated",1.62305955895887e-12
"SYTL2",3.22605389255403e-08,1.24079735835232,0.0064229101189465,0.936123475677704,0.999999999996263,"SASH1","OE",FALSE,"Activated",1.62305955895887e-12
"PID1",3.21963450722986e-08,1.24003737680652,0.00639737420770603,0.936250309729614,0.999999999996263,"SASH1","OE",FALSE,"Activated",1.62305955895887e-12
"NFKBIZ",3.21620302722322e-08,1.23963058072033,0.00638374485742134,0.936318109488022,0.999999999996263,"SASH1","OE",FALSE,"Activated",1.62305955895887e-12
"COL15A1",3.20710399166899e-08,1.23855004960037,0.00634767514738546,0.936497891995404,0.999999999996263,"SASH1","OE",FALSE,"Activated",1.62305955895887e-12
"ITGA1",3.20469390179778e-08,1.23826339310297,0.00633813836944789,0.936545512090525,0.999999999996263,"SASH1","OE",FALSE,"Activated",1.62305955895887e-12
"C1orf54",3.1961040167018e-08,1.23724016199973,0.00630420632096305,0.936715238372079,0.999999999996263,"SASH1","OE",FALSE,"Activated",1.62305955895887e-12
"GAS7",3.19266948584712e-08,1.23683036027153,0.00629066461055298,0.93678310156943,0.999999999996263,"SASH1","OE",FALSE,"Activated",1.62305955895887e-12
"AC104083.1",3.17556586590862e-08,1.23478378159868,0.00622344503729587,0.937121060329011,0.999999999996263,"SASH1","OE",FALSE,"Activated",1.62305955895887e-12
"GFPT2",3.17381293318857e-08,1.23457348098301,0.00621657617051655,0.937155698021729,0.999999999996263,"SASH1","OE",FALSE,"Activated",1.62305955895887e-12
"MMP19",3.16521193835825e-08,1.23354012666885,0.00618292813214202,0.937325654136637,0.999999999996263,"SASH1","OE",FALSE,"Activated",1.62305955895887e-12
"FBXO32",3.15648815192861e-08,1.23248948703774,0.00614889299368684,0.937498039536965,0.999999999996263,"SASH1","OE",FALSE,"Activated",1.62305955895887e-12
"SCN1B",3.15444886346208e-08,1.23224351834619,0.00614095042247881,0.937538337090038,0.999999999996263,"SASH1","OE",FALSE,"Activated",1.62305955895887e-12
"TNFRSF19",3.14765602503259e-08,1.23142318766131,0.00611453086614862,0.937672568771213,0.999999999996263,"SASH1","OE",FALSE,"Activated",1.62305955895887e-12
"PCDH9",3.13802807149279e-08,1.23025779832525,0.00607718219582704,0.937862827528246,0.999999999996263,"SASH1","OE",FALSE,"Activated",1.62305955895887e-12
"PRELP",3.13410895629137e-08,1.22978251652633,0.00606201196546218,0.937940274492549,0.999999999996263,"SASH1","OE",FALSE,"Activated",1.62305955895887e-12
"TSPAN11",3.13079418999229e-08,1.22938011646939,0.00604919586555344,0.938005779171576,0.999999999996263,"SASH1","OE",FALSE,"Activated",1.62305955895887e-12
"PDE4B",3.12608155423248e-08,1.22880737307802,0.00603099843741556,0.93809890853836,0.999999999996263,"SASH1","OE",FALSE,"Activated",1.62305955895887e-12
"C1QTNF1",3.12302372815043e-08,1.22843533713872,0.00601920557503428,0.938159336620691,0.999999999996263,"SASH1","OE",FALSE,"Activated",1.62305955895887e-12
"UCHL1",3.11399663719016e-08,1.22733516273597,0.00598445887308526,0.938337730070774,0.999999999996263,"SASH1","OE",FALSE,"Activated",1.62305955895887e-12
"TNFAIP2",3.10825593563602e-08,1.22663405225707,0.00596241432431451,0.938451179475264,0.999999999996263,"SASH1","OE",FALSE,"Activated",1.62305955895887e-12
"BMP8A",3.09383932995753e-08,1.22486830798516,0.00590723326150498,0.938736090109496,0.999999999996263,"SASH1","OE",FALSE,"Activated",1.62305955895887e-12
"CLU",3.09149933684901e-08,1.22458102169631,0.00589830089220512,0.938782335364071,0.999999999996263,"SASH1","OE",FALSE,"Activated",1.62305955895887e-12
"COL18A1",3.08973890266084e-08,1.2243647627462,0.00589158530666987,0.938817126939042,0.999999999996263,"SASH1","OE",FALSE,"Activated",1.62305955895887e-12
"SLIT3",3.08316501906032e-08,1.2235562382456,0.00586654151192395,0.938947048058571,0.999999999996263,"SASH1","OE",FALSE,"Activated",1.62305955895887e-12
"FADS1",3.08134272281371e-08,1.22333184420267,0.00585960875471264,0.938983062791267,0.999999999996263,"SASH1","OE",FALSE,"Activated",1.62305955895887e-12
"NOTCH3",3.06875800331203e-08,1.22177898342578,0.00581184324934315,0.939231782784631,0.999999999996263,"SASH1","OE",FALSE,"Activated",1.62305955895887e-12
"LRRC15",3.0643554279151e-08,1.22123441220531,0.00579517935867588,0.939318795145402,0.999999999996263,"SASH1","OE",FALSE,"Activated",1.62305955895887e-12
"IGFBP5",3.06108410119036e-08,1.22082932241995,0.00578281277368264,0.939383450012439,0.999999999996263,"SASH1","OE",FALSE,"Activated",1.62305955895887e-12
"CES1",3.05710942697952e-08,1.2203366227715,0.00576780510078132,0.93946200645543,0.999999999996263,"SASH1","OE",FALSE,"Activated",1.62305955895887e-12
"SVEP1",3.04304977868998e-08,1.21858924676533,0.00571487481551925,0.939739889539738,0.999999999996263,"SASH1","OE",FALSE,"Activated",1.62305955895887e-12
"SOD2",3.03160424045635e-08,1.21716149530976,0.00567196601478523,0.939966111248487,0.999999999996263,"SASH1","OE",FALSE,"Activated",1.62305955895887e-12
"FAM20C",3.0232468440426e-08,1.21611596223435,0.00564073665529107,0.940131298721111,0.999999999996263,"SASH1","OE",FALSE,"Activated",1.62305955895887e-12
"OLFM2",3.01732721804133e-08,1.21537385770643,0.00561866875104615,0.940248304189932,0.999999999996263,"SASH1","OE",FALSE,"Activated",1.62305955895887e-12
"EDNRA",2.99524590619011e-08,1.21259429365061,0.00553673292229921,0.94068476782511,0.999999999996263,"SASH1","OE",FALSE,"Activated",1.62305955895887e-12
"SMYD3",2.9943272619965e-08,1.21247826495176,0.00553333720273177,0.940702926317251,0.999999999996263,"SASH1","OE",FALSE,"Activated",1.62305955895887e-12
"SCARA5",2.9919909723882e-08,1.21218304006133,0.00552470592510795,0.940749107008704,0.999999999996263,"SASH1","OE",FALSE,"Activated",1.62305955895887e-12
"HSD11B1",2.96474046851209e-08,1.20872443524969,0.00542452819990864,0.941287773699624,0.999999999996263,"SASH1","OE",FALSE,"Activated",1.62305955895887e-12
"GREM2",2.9444806169381e-08,1.20613485988881,0.0053506433991671,0.941688272052916,0.999999999996263,"SASH1","OE",FALSE,"Activated",1.62305955895887e-12
"PLXDC1",2.94174781534118e-08,1.20578435655812,0.00534071603797766,0.941742295422518,0.999999999996263,"SASH1","OE",FALSE,"Activated",1.62305955895887e-12
"MMP16",2.93418746564113e-08,1.20481318393957,0.00531329982305347,0.941891753539348,0.999999999996263,"SASH1","OE",FALSE,"Activated",1.62305955895887e-12
"CFB",2.93132466644293e-08,1.20444486398249,0.00530293682461835,0.941948347828511,0.999999999996263,"SASH1","OE",FALSE,"Activated",1.62305955895887e-12
"F2RL2",2.92321991151218e-08,1.20340040529932,0.00527365341700489,0.942108571218296,0.999999999996263,"SASH1","OE",FALSE,"Activated",1.62305955895887e-12
"MFAP4",2.91572009068575e-08,1.20243162694488,0.00524662793122988,0.942256837716326,0.999999999996263,"SASH1","OE",FALSE,"Activated",1.62305955895887e-12
"EPS8",2.91444491322124e-08,1.20226668922331,0.0052420397550745,0.942282047330682,0.999999999996263,"SASH1","OE",FALSE,"Activated",1.62305955895887e-12
"FAT4",2.90441291573711e-08,1.20096687692324,0.00520601394383886,0.942480376868321,0.999999999996263,"SASH1","OE",FALSE,"Activated",1.62305955895887e-12
"XIST",2.8851943139126e-08,1.19846569023127,0.0051373451373305,0.942860332728358,0.999999999996263,"SASH1","OE",FALSE,"Activated",1.62305955895887e-12
"GSN",2.88275128372017e-08,1.19814669256283,0.00512864875553846,0.94290863288997,0.999999999996263,"SASH1","OE",FALSE,"Activated",1.62305955895887e-12
"GRIA3",2.87069033911476e-08,1.19656833719107,0.00508582372888357,0.943147088019616,0.999999999996263,"SASH1","OE",FALSE,"Activated",1.62305955895887e-12
"GUCY1B1",2.86760733724947e-08,1.19616394179841,0.0050749056690648,0.943208042406346,0.999999999996263,"SASH1","OE",FALSE,"Activated",1.62305955895887e-12
"PLPP1",2.86164173265234e-08,1.19538034728251,0.00505381255137017,0.943325990009408,0.999999999996263,"SASH1","OE",FALSE,"Activated",1.62305955895887e-12
"MEDAG",2.85869516939832e-08,1.19499277846352,0.00504341033257335,0.943384247777489,0.999999999996263,"SASH1","OE",FALSE,"Activated",1.62305955895887e-12
"CDKN1C",2.84500595331634e-08,1.19318756840012,0.00499522399184501,0.943654907117045,0.999999999996263,"SASH1","OE",FALSE,"Activated",1.62305955895887e-12
"ABI3BP",2.81561440325388e-08,1.18928565160266,0.00489254652923368,0.944236050536651,0.999999999996263,"SASH1","OE",FALSE,"Activated",1.62305955895887e-12
"CYP1B1",2.79742897977436e-08,1.18685339378704,0.00482955089888316,0.944595636084413,0.999999999996263,"SASH1","OE",FALSE,"Activated",1.62305955895887e-12
"RUNX2",2.79676360227434e-08,1.18676413695727,0.00482725372361338,0.944608792997394,0.999999999996263,"SASH1","OE",FALSE,"Activated",1.62305955895887e-12
"COL8A2",2.77767396964081e-08,1.18419535519244,0.00476158066622477,0.944986270306174,0.999999999996263,"SASH1","OE",FALSE,"Activated",1.62305955895887e-12
"CPXM1",2.77719209623979e-08,1.18413031104461,0.0047599287228572,0.944995799003569,0.999999999996263,"SASH1","OE",FALSE,"Activated",1.62305955895887e-12
"DACT1",2.76551790997474e-08,1.18255145884095,0.0047199952221555,0.945226649980795,0.999999999996263,"SASH1","OE",FALSE,"Activated",1.62305955895887e-12
"SFRP1",2.73237779853844e-08,1.17803724767226,0.00460755050146875,0.945882003489924,0.999999999996263,"SASH1","OE",FALSE,"Activated",1.62305955895887e-12
"TDO2",2.72152292232348e-08,1.17654814029152,0.00457101452561219,0.946096669207983,0.999999999996263,"SASH1","OE",FALSE,"Activated",1.62305955895887e-12
"TGFB3",2.70818957910376e-08,1.1747118437045,0.00452633541683595,0.946360354372404,0.999999999996263,"SASH1","OE",FALSE,"Activated",1.62305955895887e-12
"COMP",2.7039176332221e-08,1.1741218155905,0.00451206683725516,0.94644483921052,0.999999999996263,"SASH1","OE",FALSE,"Activated",1.62305955895887e-12
"AC092807.3",2.69443433058888e-08,1.17280906712106,0.00448047248799319,0.946632389450917,0.999999999996263,"SASH1","OE",FALSE,"Activated",1.62305955895887e-12
"ID2",2.68863241952759e-08,1.17200391355001,0.00446119770751728,0.946747134671188,0.999999999996263,"SASH1","OE",FALSE,"Activated",1.62305955895887e-12
"DIRAS3",2.68290092137193e-08,1.17120702557359,0.00444219764451757,0.946860488410049,0.999999999996263,"SASH1","OE",FALSE,"Activated",1.62305955895887e-12
"DPT",2.67683108679382e-08,1.17036145791439,0.00442212019518003,0.946980534713282,0.999999999996263,"SASH1","OE",FALSE,"Activated",1.62305955895887e-12
"F10",2.67617394852461e-08,1.17026981284281,0.00441994927917878,0.94699353135389,0.999999999996263,"SASH1","OE",FALSE,"Activated",1.62305955895887e-12
"PRSS23",2.67581146186977e-08,1.17021925164717,0.00441875199966496,0.947000700488555,0.999999999996263,"SASH1","OE",FALSE,"Activated",1.62305955895887e-12
"CCN5",2.66841447503856e-08,1.16918616661103,0.00439435545816822,0.947146996451333,0.999999999996263,"SASH1","OE",FALSE,"Activated",1.62305955895887e-12
"MRGPRF",2.66687407632087e-08,1.16897071229826,0.00438928345321192,0.947177462339433,0.999999999996263,"SASH1","OE",FALSE,"Activated",1.62305955895887e-12
"DUSP1",2.66131192241751e-08,1.16819182366521,0.00437099356770911,0.94728747083686,0.999999999996263,"SASH1","OE",FALSE,"Activated",1.62305955895887e-12
"TCEAL7",2.65239660776695e-08,1.16694037995076,0.00434175722713563,0.94746380037418,0.999999999996263,"SASH1","OE",FALSE,"Activated",1.62305955895887e-12
"PDE4DIP",2.64693104054635e-08,1.16617134228299,0.00432388228599933,0.947571901133978,0.999999999996263,"SASH1","OE",FALSE,"Activated",1.62305955895887e-12
"CD200",2.63271693941887e-08,1.16416475772708,0.00427756821296652,0.947853039347275,0.999999999996263,"SASH1","OE",FALSE,"Activated",1.62305955895887e-12
"LOXL2",2.62703363623204e-08,1.16335977922186,0.00425911998812565,0.947965450223255,0.999999999996263,"SASH1","OE",FALSE,"Activated",1.62305955895887e-12
"MMP23B",2.62512090014481e-08,1.16308851538343,0.00425292013850049,0.948003282740122,0.999999999996263,"SASH1","OE",FALSE,"Activated",1.62305955895887e-12
"ALPK2",2.60995610839544e-08,1.16093165692178,0.00420392554784109,0.948303235340378,0.999999999996263,"SASH1","OE",FALSE,"Activated",1.62305955895887e-12
"MYLIP",2.60634549930367e-08,1.16041649851933,0.00419230218556405,0.94837465260769,0.999999999996263,"SASH1","OE",FALSE,"Activated",1.62305955895887e-12
"CCDC71L",2.59304730153011e-08,1.158513680113,0.00414963106730334,0.948637692394128,0.999999999996263,"SASH1","OE",FALSE,"Activated",1.62305955895887e-12
"YPEL2",2.56537945606751e-08,1.15452699302783,0.004061550273875,0.949184983268052,0.999999999996263,"SASH1","OE",FALSE,"Activated",1.62305955895887e-12
"ITM2A",2.55188133716089e-08,1.15256825598034,0.00401892183694693,0.949451994968867,0.999999999996263,"SASH1","OE",FALSE,"Activated",1.62305955895887e-12
"RGS3",2.550644068672e-08,1.15238825682864,0.00401502566839714,0.94947647015725,0.999999999996263,"SASH1","OE",FALSE,"Activated",1.62305955895887e-12
"APCDD1",2.54486958629069e-08,1.15154715925717,0.00399686676414915,0.949590699465496,0.999999999996263,"SASH1","OE",FALSE,"Activated",1.62305955895887e-12
"PLAT",2.5444498298004e-08,1.1514859529118,0.00399554836857284,0.949599003019606,0.999999999996263,"SASH1","OE",FALSE,"Activated",1.62305955895887e-12
"INMT",2.53579723868833e-08,1.15022229679006,0.00396842025323043,0.949770168377108,0.999999999996263,"SASH1","OE",FALSE,"Activated",1.62305955895887e-12
"CILP",2.5198919340431e-08,1.14788947561086,0.00391879405962793,0.95008481278659,0.999999999996263,"SASH1","OE",FALSE,"Activated",1.62305955895887e-12
"ELN",2.51178221297572e-08,1.14669502525701,0.00389361108467577,0.95024524518014,0.999999999996263,"SASH1","OE",FALSE,"Activated",1.62305955895887e-12
"TBX2",2.50819547604057e-08,1.14616566321416,0.00388249914384337,0.950316201259456,0.999999999996263,"SASH1","OE",FALSE,"Activated",1.62305955895887e-12
"CACNA2D3",2.5058202776161e-08,1.14581474309544,0.00387514936622433,0.950363189803261,0.999999999996263,"SASH1","OE",FALSE,"Activated",1.62305955895887e-12
"LRRC32",2.49929835588695e-08,1.14484966081389,0.00385500384230382,0.950492213849766,0.999999999996263,"SASH1","OE",FALSE,"Activated",1.62305955895887e-12
"FHL1",2.49137001161147e-08,1.14367346749869,0.00383058473291214,0.950649063088524,0.999999999996263,"SASH1","OE",FALSE,"Activated",1.62305955895887e-12
"CYS1",2.48704605740961e-08,1.14303060438496,0.00381729975357087,0.950734606209851,0.999999999996263,"SASH1","OE",FALSE,"Activated",1.62305955895887e-12
"NAP1L3",2.47494660353002e-08,1.14122646794551,0.00378024785262789,0.950973979254703,0.999999999996263,"SASH1","OE",FALSE,"Activated",1.62305955895887e-12
"MSX2",2.47156800490325e-08,1.1407212996233,0.00376993391488778,0.951040821528728,0.999999999996263,"SASH1","OE",FALSE,"Activated",1.62305955895887e-12
"IGF1",2.44760725908871e-08,1.1371211104328,0.00369719258504884,0.951514871339445,0.999999999996263,"SASH1","OE",FALSE,"Activated",1.62305955895887e-12
"COL4A4",2.44084043384124e-08,1.13609874250083,0.00367677781267789,0.951648752265895,0.999999999996263,"SASH1","OE",FALSE,"Activated",1.62305955895887e-12
"PAG1",2.42245384168886e-08,1.13330812202812,0.00362159289483713,0.952012535940426,0.999999999996263,"SASH1","OE",FALSE,"Activated",1.62305955895887e-12
"ENTPD1",2.42172435849477e-08,1.13319702012082,0.0036194120538027,0.952026969168504,0.999999999996263,"SASH1","OE",FALSE,"Activated",1.62305955895887e-12
"ENPP2",2.41763909989188e-08,1.1325742801843,0.00360721102640579,0.952107798557998,0.999999999996263,"SASH1","OE",FALSE,"Activated",1.62305955895887e-12
"CFL2",2.4124990670843e-08,1.13178943515843,0.00359188907596548,0.952209498012826,0.999999999996263,"SASH1","OE",FALSE,"Activated",1.62305955895887e-12
"TIMP3",2.4106054689459e-08,1.13149992497518,0.00358625265915962,0.952246964487137,0.999999999996263,"SASH1","OE",FALSE,"Activated",1.62305955895887e-12
"A2M",2.40918411045356e-08,1.13128248320562,0.00358202480190951,0.952275087361618,0.999999999996263,"SASH1","OE",FALSE,"Activated",1.62305955895887e-12
"SFRP4",2.40197276659035e-08,1.13017753376223,0.00356061294506075,0.952417771293839,0.999999999996263,"SASH1","OE",FALSE,"Activated",1.62305955895887e-12
"POSTN",2.39798126032129e-08,1.12956468165408,0.00354878899731461,0.952496748049332,0.999999999996263,"SASH1","OE",FALSE,"Activated",1.62305955895887e-12
"CP",2.37686774672173e-08,1.12630788925724,0.00348657204073879,0.952914512069063,0.999999999996263,"SASH1","OE",FALSE,"Activated",1.62305955895887e-12
"ENPP1",2.37658447948152e-08,1.12626402167642,0.00348574105400022,0.952920117044423,0.999999999996263,"SASH1","OE",FALSE,"Activated",1.62305955895887e-12
"NTN1",2.36441528932958e-08,1.12437509786582,0.00345013529731714,0.953160909565084,0.999999999996263,"SASH1","OE",FALSE,"Activated",1.62305955895887e-12
"ACTA2",2.35846720470066e-08,1.12344870395977,0.00343279833969296,0.95327860624183,0.999999999996263,"SASH1","OE",FALSE,"Activated",1.62305955895887e-12
"SLC39A14",2.35729302487624e-08,1.12326558597993,0.00342938110397168,0.953301840238764,0.999999999996263,"SASH1","OE",FALSE,"Activated",1.62305955895887e-12
"OGN",2.34897270047358e-08,1.12196568914084,0.00340521507385708,0.953466479181957,0.999999999996263,"SASH1","OE",FALSE,"Activated",1.62305955895887e-12
"THBS4",2.34614984352252e-08,1.12152374734552,0.00339703561803775,0.953522337093191,0.999999999996263,"SASH1","OE",FALSE,"Activated",1.62305955895887e-12
"CCL2",2.34445302491324e-08,1.12125787053647,0.00339212368212782,0.953555913379583,0.999999999996263,"SASH1","OE",FALSE,"Activated",1.62305955895887e-12
"RSPO3",2.34126381954306e-08,1.1207576900704,0.00338290121457737,0.953619020921376,0.999999999996263,"SASH1","OE",FALSE,"Activated",1.62305955895887e-12
"CNN1",2.33260068486312e-08,1.11939596427206,0.00335791273729566,0.953790447263713,0.999999999996263,"SASH1","OE",FALSE,"Activated",1.62305955895887e-12
"SLC2A13",2.31032427422682e-08,1.11587382995241,0.00329408264275656,0.954231263274887,0.999999999996263,"SASH1","OE",FALSE,"Activated",1.62305955895887e-12
"SAMD5",2.30920138957803e-08,1.11569549840355,0.00329088138136447,0.954253483812222,0.999999999996263,"SASH1","OE",FALSE,"Activated",1.62305955895887e-12
"CCL11",2.29968920684096e-08,1.11418174031417,0.00326382528155956,0.954441719898351,0.999999999996263,"SASH1","OE",FALSE,"Activated",1.62305955895887e-12
"SLC6A6",2.29638607253574e-08,1.11365479141146,0.00325445609311501,0.95450708604514,0.999999999996263,"SASH1","OE",FALSE,"Activated",1.62305955895887e-12
"PHYH",2.28968298825076e-08,1.11258339080949,0.0032354844966278,0.954639735176547,0.999999999996263,"SASH1","OE",FALSE,"Activated",1.62305955895887e-12
"TSPYL2",2.28746145771968e-08,1.11222769781532,0.0032292091818907,0.954683697917007,0.999999999996263,"SASH1","OE",FALSE,"Activated",1.62305955895887e-12
"GALNT15",2.28646198624619e-08,1.11206757138555,0.0032263878907653,0.954703476895638,0.999999999996263,"SASH1","OE",FALSE,"Activated",1.62305955895887e-12
"ZNF275",2.28054808413119e-08,1.11111883343592,0.00320971946023182,0.954820510264575,0.999999999996263,"SASH1","OE",FALSE,"Activated",1.62305955895887e-12
"CRABP1",2.27792648549816e-08,1.11069756914131,0.00320234425098423,0.9548723907925,0.999999999996263,"SASH1","OE",FALSE,"Activated",1.62305955895887e-12
"ADAM19",2.27109956296136e-08,1.10959854222272,0.00318317822789552,0.955007494119035,0.999999999996263,"SASH1","OE",FALSE,"Activated",1.62305955895887e-12
"FGF1",2.26971788780661e-08,1.10937575987581,0.0031793062880699,0.955034837330165,0.999999999996263,"SASH1","OE",FALSE,"Activated",1.62305955895887e-12
"SLAMF8",2.26967792796492e-08,1.1093693149414,0.00317919434159559,0.955035628132165,0.999999999996263,"SASH1","OE",FALSE,"Activated",1.62305955895887e-12
"NR4A2",2.25442716639224e-08,1.10690225375655,0.00313661363885073,0.955337442681847,0.999999999996263,"SASH1","OE",FALSE,"Activated",1.62305955895887e-12
"BMPER",2.22999421571649e-08,1.10291897383988,0.00306899429672444,0.955820987275441,0.999999999996263,"SASH1","OE",FALSE,"Activated",1.62305955895887e-12
"MGST1",2.2282514772237e-08,1.10263338864117,0.00306419933846745,0.955855477870438,0.999999999996263,"SASH1","OE",FALSE,"Activated",1.62305955895887e-12
"PLIN2",2.22086824999767e-08,1.10142129880363,0.00304392676254192,0.956001600480128,0.999999999996263,"SASH1","OE",FALSE,"Activated",1.62305955895887e-12
"RCAN2",2.21927543783852e-08,1.10115934404439,0.00303956210478656,0.956033124269827,0.999999999996263,"SASH1","OE",FALSE,"Activated",1.62305955895887e-12
"KCNK2",2.20585667151845e-08,1.09894588002097,0.00300291603207045,0.956298701542044,0.999999999996263,"SASH1","OE",FALSE,"Activated",1.62305955895887e-12
"ID4",2.19666934127905e-08,1.09742354512645,0.00297795400404841,0.956480535222884,0.999999999996263,"SASH1","OE",FALSE,"Activated",1.62305955895887e-12
"LGR5",2.19458098139384e-08,1.097076722115,0.00297229445086572,0.956521867912623,0.999999999996263,"SASH1","OE",FALSE,"Activated",1.62305955895887e-12
"CMKLR1",2.18047957899082e-08,1.09472719350015,0.00293421988297651,0.95680096505148,0.999999999996263,"SASH1","OE",FALSE,"Activated",1.62305955895887e-12
"CMYA5",2.17516247603708e-08,1.09383779553996,0.00291992713090907,0.956906203352906,0.999999999996263,"SASH1","OE",FALSE,"Activated",1.62305955895887e-12
"ANGPTL1",2.17426538128904e-08,1.09368754847004,0.00291751911665081,0.956923959097409,0.999999999996263,"SASH1","OE",FALSE,"Activated",1.62305955895887e-12
"HEY2",2.1675520408125e-08,1.09256144735145,0.00289953045559579,0.957056833541965,0.999999999996263,"SASH1","OE",FALSE,"Activated",1.62305955895887e-12
"ADAMTS4",2.16568188672279e-08,1.092247198462,0.00289452921054716,0.957093848961407,0.999999999996263,"SASH1","OE",FALSE,"Activated",1.62305955895887e-12
"PDLIM3",2.14453038315013e-08,1.0886762737954,0.00283826548160586,0.957512500980753,0.999999999996263,"SASH1","OE",FALSE,"Activated",1.62305955895887e-12
"CADM3",2.14184762246401e-08,1.0882211366608,0.00283116870704427,0.957565601742135,0.999999999996263,"SASH1","OE",FALSE,"Activated",1.62305955895887e-12
"PLPPR4",2.120641664499e-08,1.08460569269629,0.00277538468742548,0.957985344825133,0.999999999996263,"SASH1","OE",FALSE,"Activated",1.62305955895887e-12
"CFI",2.11559822035869e-08,1.08374113491426,0.00276219919455714,0.95808517465839,0.999999999996263,"SASH1","OE",FALSE,"Activated",1.62305955895887e-12
"AQP1",2.10752579940419e-08,1.08235355336119,0.00274116013878918,0.958244961366094,0.999999999996263,"SASH1","OE",FALSE,"Activated",1.62305955895887e-12
"KCNK15",2.10462169572077e-08,1.08185321567861,0.00273361088029666,0.958302446039427,0.999999999996263,"SASH1","OE",FALSE,"Activated",1.62305955895887e-12
"PRDM1",2.09961104532475e-08,1.08098851529885,0.00272061009876372,0.958401628820978,0.999999999996263,"SASH1","OE",FALSE,"Activated",1.62305955895887e-12
"GMFG",2.09384002539141e-08,1.07999033814158,0.00270567483961469,0.958515863453599,0.999999999996263,"SASH1","OE",FALSE,"Activated",1.62305955895887e-12
"MAB21L2",2.09224548390199e-08,1.07971411251351,0.00270155545324542,0.958547426804752,0.999999999996263,"SASH1","OE",FALSE,"Activated",1.62305955895887e-12
"SHOX",2.08892003770689e-08,1.07913744094807,0.00269297449291587,0.958613252974847,0.999999999996263,"SASH1","OE",FALSE,"Activated",1.62305955895887e-12
"HAS2",2.06789382125819e-08,1.07547239111739,0.0026390345706268,0.959029466885252,0.999999999996263,"SASH1","OE",FALSE,"Activated",1.62305955895887e-12
"ADAMTS5",2.05338104988606e-08,1.0729234719865,0.00260212231855743,0.959316753685717,0.999999999996263,"SASH1","OE",FALSE,"Activated",1.62305955895887e-12
"CD52",2.05086958891851e-08,1.07248076532559,0.0025957609740568,0.959366469716197,0.999999999996263,"SASH1","OE",FALSE,"Activated",1.62305955895887e-12
"CH25H",2.04657132070674e-08,1.07172197949204,0.00258489184314928,0.959451557144126,0.999999999996263,"SASH1","OE",FALSE,"Activated",1.62305955895887e-12
"METRNL",2.04400628760306e-08,1.07126849686208,0.00257841644883871,0.959502334109366,0.999999999996263,"SASH1","OE",FALSE,"Activated",1.62305955895887e-12
"CHRDL1",2.03792391001185e-08,1.07019115934465,0.00256309402188721,0.959622740492662,0.999999999996263,"SASH1","OE",FALSE,"Activated",1.62305955895887e-12
"AC134312.5",2.03215666688893e-08,1.0691670175835,0.00254860764181812,0.959736909343642,0.999999999996263,"SASH1","OE",FALSE,"Activated",1.62305955895887e-12
"WNT6",2.02200655687898e-08,1.0673583288075,0.00252321191847543,0.95993784381628,0.999999999996263,"SASH1","OE",FALSE,"Activated",1.62305955895887e-12
"KHDRBS3",2.01976536890886e-08,1.06695788363886,0.00251762157240303,0.959982211356007,0.999999999996263,"SASH1","OE",FALSE,"Activated",1.62305955895887e-12
"NR4A3",2.01602990838797e-08,1.06628957702979,0.00250831773982117,0.960056160445715,0.999999999996263,"SASH1","OE",FALSE,"Activated",1.62305955895887e-12
"SAT1",2.01425235658382e-08,1.06597117389571,0.00250389647693935,0.960091349892384,0.999999999996263,"SASH1","OE",FALSE,"Activated",1.62305955895887e-12
"TGM2",2.00817503020265e-08,1.06488070055204,0.00248880994620605,0.960211660757831,0.999999999996263,"SASH1","OE",FALSE,"Activated",1.62305955895887e-12
"DDAH1",2.00715502743207e-08,1.06469739317251,0.00248628232954449,0.960231853511775,0.999999999996263,"SASH1","OE",FALSE,"Activated",1.62305955895887e-12
"PLOD2",2.0041485890849e-08,1.06415661991265,0.00247883969926385,0.960291371410046,0.999999999996263,"SASH1","OE",FALSE,"Activated",1.62305955895887e-12
"LIMCH1",1.98811488204831e-08,1.06126047033404,0.00243933563789175,0.960608791442189,0.999999999996263,"SASH1","OE",FALSE,"Activated",1.62305955895887e-12
"NDNF",1.97132880604095e-08,1.05820626649332,0.00239831787556743,0.960941112847421,0.999999999996263,"SASH1","OE",FALSE,"Activated",1.62305955895887e-12
"AOX1",1.96864597606507e-08,1.05771600503781,0.00239179445767386,0.960994226655027,0.999999999996263,"SASH1","OE",FALSE,"Activated",1.62305955895887e-12
"HSPB2",1.96683609534512e-08,1.05738493376434,0.00238739867209225,0.961030058190984,0.999999999996263,"SASH1","OE",FALSE,"Activated",1.62305955895887e-12
"RGS4",1.96458134980838e-08,1.05697210983361,0.00238192806776553,0.961074697152086,0.999999999996263,"SASH1","OE",FALSE,"Activated",1.62305955895887e-12
"PXDNL",1.95136722008842e-08,1.05454428603379,0.0023499932712321,0.961336310063244,0.999999999996263,"SASH1","OE",FALSE,"Activated",1.62305955895887e-12
"RGS5",1.94659489797416e-08,1.05366390563624,0.00233851289894411,0.961430793366272,0.999999999996263,"SASH1","OE",FALSE,"Activated",1.62305955895887e-12
"TMEM158",1.93954238776303e-08,1.05235939334533,0.00232159873753175,0.961570421240189,0.999999999996263,"SASH1","OE",FALSE,"Activated",1.62305955895887e-12
"ADAMTSL3",1.93839449341954e-08,1.05214667006411,0.00231885153131808,0.961593147734626,0.999999999996263,"SASH1","OE",FALSE,"Activated",1.62305955895887e-12
"NES",1.91347050307608e-08,1.04750024078205,0.00225960304768646,0.962086611029747,0.999999999996263,"SASH1","OE",FALSE,"Activated",1.62305955895887e-12
"PLA2G2A",1.90060374025331e-08,1.04508064101953,0.0022293166900506,0.962341362258003,0.999999999996263,"SASH1","OE",FALSE,"Activated",1.62305955895887e-12
"LRRC17",1.88232420691957e-08,1.04161820923697,0.00218664087916375,0.962703288456176,0.999999999996263,"SASH1","OE",FALSE,"Activated",1.62305955895887e-12
"HEYL",1.86858532204976e-08,1.03899627459367,0.00215483724994094,0.96297531700458,0.999999999996263,"SASH1","OE",FALSE,"Activated",1.62305955895887e-12
"AVPR1A",1.86393425541632e-08,1.03810481043637,0.00214412345662303,0.963067408637525,0.999999999996263,"SASH1","OE",FALSE,"Activated",1.62305955895887e-12
"MASP1",1.85904891649983e-08,1.03716632868432,0.00213289876600931,0.963164139418086,0.999999999996263,"SASH1","OE",FALSE,"Activated",1.62305955895887e-12
"ABCC9",1.85533008739549e-08,1.03645047636736,0.00212437402791202,0.96323777341239,0.999999999996263,"SASH1","OE",FALSE,"Activated",1.62305955895887e-12
"PKDCC",1.8546268878353e-08,1.03631497242736,0.00212276399011428,0.963251697021707,0.999999999996263,"SASH1","OE",FALSE,"Activated",1.62305955895887e-12
"QPCT",1.84744897947653e-08,1.03492921836974,0.00210636444385591,0.963393822881286,0.999999999996263,"SASH1","OE",FALSE,"Activated",1.62305955895887e-12
"HIGD1B",1.84605832148136e-08,1.03466019151373,0.00210319452673829,0.963421358678558,0.999999999996263,"SASH1","OE",FALSE,"Activated",1.62305955895887e-12
"GABRA4",1.84374299490852e-08,1.0342118880763,0.00209792218143511,0.963467203521734,0.999999999996263,"SASH1","OE",FALSE,"Activated",1.62305955895887e-12
"WNT2",1.83824843804656e-08,1.03314601812302,0.00208543673562368,0.963575999498603,0.999999999996263,"SASH1","OE",FALSE,"Activated",1.62305955895887e-12
"CDH2",1.82444825478235e-08,1.03045652689261,0.00205424249496306,0.963849255534462,0.999999999996263,"SASH1","OE",FALSE,"Activated",1.62305955895887e-12
"SCG2",1.80276817796525e-08,1.02619488625629,0.00200571108652427,0.964278549109705,0.999999999996263,"SASH1","OE",FALSE,"Activated",1.62305955895887e-12
"IER3",1.80095921173352e-08,1.0258372591146,0.00200168789230383,0.964314369451683,0.999999999996263,"SASH1","OE",FALSE,"Activated",1.62305955895887e-12
"SERPINA3",1.80053928642227e-08,1.02575419585096,0.00200075454366369,0.964322684635586,0.999999999996263,"SASH1","OE",FALSE,"Activated",1.62305955895887e-12
"LEPR",1.80009765016895e-08,1.0256668196239,0.00199977317393549,0.964331429734593,0.999999999996263,"SASH1","OE",FALSE,"Activated",1.62305955895887e-12
"FXYD1",1.79426484893193e-08,1.02451104261488,0.00198683456281288,0.96444692886203,0.999999999996263,"SASH1","OE",FALSE,"Activated",1.62305955895887e-12
"NTN4",1.77780163309684e-08,1.02123086827525,0.001950541567438,0.964772931825813,0.999999999996263,"SASH1","OE",FALSE,"Activated",1.62305955895887e-12
"FLNC",1.77751430613307e-08,1.02117338304138,0.0019499111282634,0.964778621498235,0.999999999996263,"SASH1","OE",FALSE,"Activated",1.62305955895887e-12
"GPR4",1.76998985325455e-08,1.01966504794905,0.00193343760671279,0.964927621977192,0.999999999996263,"SASH1","OE",FALSE,"Activated",1.62305955895887e-12
"NELL1",1.76971229785061e-08,1.01960930174426,0.00193283128235508,0.964933118199344,0.999999999996263,"SASH1","OE",FALSE,"Activated",1.62305955895887e-12
"PTGER4",1.75299736092858e-08,1.0162378567184,0.0018964925142562,0.96526411466033,0.999999999996263,"SASH1","OE",FALSE,"Activated",1.62305955895887e-12
"CDH6",1.7399155550065e-08,1.01357938915222,0.00186829284152858,0.96552317045716,0.999999999996263,"SASH1","OE",FALSE,"Activated",1.62305955895887e-12
"GK",1.7361222023319e-08,1.01280521229887,0.00186015524196631,0.965598289972372,0.999999999996263,"SASH1","OE",FALSE,"Activated",1.62305955895887e-12
"FMO1",1.73450841080425e-08,1.01247540481365,0.00185669867931853,0.965630247873184,0.999999999996263,"SASH1","OE",FALSE,"Activated",1.62305955895887e-12
"POU2F2",1.7339052697304e-08,1.01235207255528,0.00185540764316649,0.965642191885256,0.999999999996263,"SASH1","OE",FALSE,"Activated",1.62305955895887e-12
"UACA",1.72871251570911e-08,1.01128867333333,0.00184431101804683,0.965745024392563,0.999999999996263,"SASH1","OE",FALSE,"Activated",1.62305955895887e-12
"CRABP2",1.7259809535561e-08,1.0107281586631,0.00183848718101002,0.965799117956756,0.999999999996263,"SASH1","OE",FALSE,"Activated",1.62305955895887e-12
"TNFSF4",1.72150790217817e-08,1.00980859994288,0.00182897028408149,0.965887698851654,0.999999999996263,"SASH1","OE",FALSE,"Activated",1.62305955895887e-12
"LAMC3",1.71448552072817e-08,1.00836069681044,0.00181407923317222,0.966026765582009,0.999999999996263,"SASH1","OE",FALSE,"Activated",1.62305955895887e-12
"APOD",1.68949493140112e-08,1.00316525306285,0.00176158009628559,0.966521671509121,0.999999999996263,"SASH1","OE",FALSE,"Activated",1.62305955895887e-12
"CXCL12",1.68848568026314e-08,1.00295401337567,0.00175947609980716,0.96654165867973,0.999999999996263,"SASH1","OE",FALSE,"Activated",1.62305955895887e-12
"CHI3L1",1.68801472813721e-08,1.00285540339268,0.00175849473116555,0.966550985404661,0.999999999996263,"SASH1","OE",FALSE,"Activated",1.62305955895887e-12
"AC058791.1",1.68491016788548e-08,1.00220474939914,0.00175203230830588,0.966612468158008,0.999999999996263,"SASH1","OE",FALSE,"Activated",1.62305955895887e-12
"CTSS",1.68018858327409e-08,1.00121316973483,0.00174222670773488,0.966705974864067,0.999999999996263,"SASH1","OE",FALSE,"Activated",1.62305955895887e-12
"GFRA1",1.67834911698504e-08,1.00082619827308,0.00173841402498843,0.966742403951582,0.999999999996263,"SASH1","OE",FALSE,"Activated",1.62305955895887e-12
"CSRP1",1.66961666440697e-08,0.998984020195792,0.00172037114523996,0.966915343798556,0.999999999996263,"SASH1","OE",FALSE,"Activated",1.62305955895887e-12
"CARMN",1.6663034246797e-08,0.998282842636608,0.00171355000298143,0.966980960499717,0.999999999996263,"SASH1","OE",FALSE,"Activated",1.62305955895887e-12
"HHIP",1.65787012603532e-08,0.996492548946468,0.00169624905987525,0.967147977866798,0.999999999996263,"SASH1","OE",FALSE,"Activated",1.62305955895887e-12
"COL13A1",1.64603636312231e-08,0.993966785575987,0.00167212006566465,0.967382342198697,0.999999999996263,"SASH1","OE",FALSE,"Activated",1.62305955895887e-12
"PARM1",1.63434566666949e-08,0.991455784321564,0.00164845250948625,0.967613875906335,0.999999999996263,"SASH1","OE",FALSE,"Activated",1.62305955895887e-12
"NFATC2",1.62814376086211e-08,0.990117262783757,0.00163596537217772,0.967736705476299,0.999999999996263,"SASH1","OE",FALSE,"Activated",1.62305955895887e-12
"CALB2",1.61687280834707e-08,0.987673165137712,0.00161339357459378,0.967959930148493,0.999999999996263,"SASH1","OE",FALSE,"Activated",1.62305955895887e-12
"NR2F2",1.61457286984892e-08,0.987172580123438,0.001608806860279,0.968005481445,0.999999999996263,"SASH1","OE",FALSE,"Activated",1.62305955895887e-12
"EDNRB",1.59940396205584e-08,0.983855204861978,0.0015787193908875,0.968305910962916,0.999999999996263,"SASH1","OE",FALSE,"Activated",1.62305955895887e-12
"ENPEP",1.59127014479572e-08,0.982064929594286,0.00156270297020948,0.968467008055499,0.999999999996263,"SASH1","OE",FALSE,"Activated",1.62305955895887e-12
"TRIM59",1.58596617066281e-08,0.980893158500382,0.00155230282211658,0.96857205841819,0.999999999996263,"SASH1","OE",FALSE,"Activated",1.62305955895887e-12
"FRMD6-AS1",1.57919845636797e-08,0.979392984779816,0.00153908295992088,0.96870610036905,0.999999999996263,"SASH1","OE",FALSE,"Activated",1.62305955895887e-12
"KDM6B",1.57702646865307e-08,0.97891032659388,0.00153485224348271,0.968749119138369,0.999999999996263,"SASH1","OE",FALSE,"Activated",1.62305955895887e-12
"ADAP2",1.56784950989737e-08,0.976864533571748,0.0015170411365363,0.968930880594062,0.999999999996263,"SASH1","OE",FALSE,"Activated",1.62305955895887e-12
"PLPP4",1.56737009852501e-08,0.976757369790753,0.00151611352763629,0.968940375996523,0.999999999996263,"SASH1","OE",FALSE,"Activated",1.62305955895887e-12
"THBS1",1.55973666417912e-08,0.975047146847337,0.00150138188104593,0.969091567268628,0.999999999996263,"SASH1","OE",FALSE,"Activated",1.62305955895887e-12
"SPOCK1",1.55566980286741e-08,0.974132976139533,0.00149356267445657,0.969172117827198,0.999999999996263,"SASH1","OE",FALSE,"Activated",1.62305955895887e-12
"CD55",1.54061167402552e-08,0.970729678084689,0.00146478868688399,0.969470370387532,0.999999999996263,"SASH1","OE",FALSE,"Activated",1.62305955895887e-12
"TRAC",1.53227066160892e-08,0.968831874985684,0.00144897062366711,0.969635580557295,0.999999999996263,"SASH1","OE",FALSE,"Activated",1.62305955895887e-12
"ABL2",1.53073024409229e-08,0.968480392605289,0.00144605873891705,0.969666091701207,0.999999999996263,"SASH1","OE",FALSE,"Activated",1.62305955895887e-12
"PI16",1.5300397248071e-08,0.96832273317401,0.00144475438600499,0.969679768873313,0.999999999996263,"SASH1","OE",FALSE,"Activated",1.62305955895887e-12
"MIR99AHG",1.52595323873353e-08,0.967388419742094,0.00143704728622872,0.969760710420489,0.999999999996263,"SASH1","OE",FALSE,"Activated",1.62305955895887e-12
"ANGPT1",1.52230935491685e-08,0.966553437779731,0.00143019231705319,0.969832885551453,0.999999999996263,"SASH1","OE",FALSE,"Activated",1.62305955895887e-12
"IL6",1.51228730114655e-08,0.964247798589561,0.00141142309330109,0.970031395634876,0.999999999996263,"SASH1","OE",FALSE,"Activated",1.62305955895887e-12
"LINC01705",1.50710118967159e-08,0.96304940422778,0.00140175925952526,0.970134119363882,0.999999999996263,"SASH1","OE",FALSE,"Activated",1.62305955895887e-12
"VMO1",1.50530169192197e-08,0.962632730587505,0.00139841382164189,0.970169762971052,0.999999999996263,"SASH1","OE",FALSE,"Activated",1.62305955895887e-12
"TMSB15A",1.50344464545907e-08,0.962202270721109,0.00139496558587165,0.970206546538608,0.999999999996263,"SASH1","OE",FALSE,"Activated",1.62305955895887e-12
"GUCY1A2",1.49663319795337e-08,0.960619365443232,0.00138235426586742,0.970341465266262,0.999999999996263,"SASH1","OE",FALSE,"Activated",1.62305955895887e-12
"ACAN",1.4954792941627e-08,0.960350581860705,0.00138022349806498,0.970364321465998,0.999999999996263,"SASH1","OE",FALSE,"Activated",1.62305955895887e-12
"SATB1",1.48968860632592e-08,0.958998964750379,0.00136955538708562,0.970479022139134,0.999999999996263,"SASH1","OE",FALSE,"Activated",1.62305955895887e-12
"LGI2",1.48618512950239e-08,0.958178959203479,0.00136312107150694,0.970548418535385,0.999999999996263,"SASH1","OE",FALSE,"Activated",1.62305955895887e-12
"RGS2",1.47517086176602e-08,0.955589866032849,0.00134299148492724,0.970766589114812,0.999999999996263,"SASH1","OE",FALSE,"Activated",1.62305955895887e-12
"LINC02515",1.47200955689581e-08,0.954843598313566,0.00133724156612688,0.970829208636159,0.999999999996263,"SASH1","OE",FALSE,"Activated",1.62305955895887e-12
"ASPN",1.47166092888085e-08,0.954761213564698,0.00133660822150819,0.970836114314399,0.999999999996263,"SASH1","OE",FALSE,"Activated",1.62305955895887e-12
"MYLK",1.458649315895e-08,0.95167404544863,0.00131307760266988,0.971093851938452,0.999999999996263,"SASH1","OE",FALSE,"Activated",1.62305955895887e-12
"LVRN",1.45410796007086e-08,0.950590832859634,0.00130491406436096,0.971183809081104,0.999999999996263,"SASH1","OE",FALSE,"Activated",1.62305955895887e-12
"MGLL",1.44809583538871e-08,0.949152211316303,0.00129414583015913,0.971302900413912,0.999999999996263,"SASH1","OE",FALSE,"Activated",1.62305955895887e-12
"PI15",1.4479824355233e-08,0.94912502565957,0.00129394314990391,0.97130514670434,0.999999999996263,"SASH1","OE",FALSE,"Activated",1.62305955895887e-12
"DEPTOR",1.42681076788064e-08,0.944016281606762,0.00125638101350453,0.971724531368561,0.999999999996263,"SASH1","OE",FALSE,"Activated",1.62305955895887e-12
"STARD4-AS1",1.41560051906063e-08,0.941284108145512,0.00123671615709997,0.971946595766172,0.999999999996263,"SASH1","OE",FALSE,"Activated",1.62305955895887e-12
"MITF",1.37951472185519e-08,0.932357757850929,0.00117446826769595,0.972661435867721,0.999999999996263,"SASH1","OE",FALSE,"Activated",1.62305955895887e-12
"ABCA8",1.3772103004438e-08,0.931780757065191,0.00117054774512646,0.972707085960092,0.999999999996263,"SASH1","OE",FALSE,"Activated",1.62305955895887e-12
"HEY1",1.3735149967062e-08,0.930853715435108,0.00116427459081124,0.972780289318685,0.999999999996263,"SASH1","OE",FALSE,"Activated",1.62305955895887e-12
"CCDC102B",1.37239454633152e-08,0.930572193244623,0.00116237584223665,0.972802485301452,0.999999999996263,"SASH1","OE",FALSE,"Activated",1.62305955895887e-12
"RBPJ",1.34838793308992e-08,0.924491108383868,0.00112206579321013,0.973278058360628,0.999999999996263,"SASH1","OE",FALSE,"Activated",1.62305955895887e-12
"LINC02802",1.34301249193845e-08,0.92311638941392,0.00111313724112131,0.973384547616895,0.999999999996263,"SASH1","OE",FALSE,"Activated",1.62305955895887e-12
"PLXNC1",1.33752633568217e-08,0.921708343604345,0.0011040615672037,0.973493230664977,0.999999999996263,"SASH1","OE",FALSE,"Activated",1.62305955895887e-12
"ADRA2A",1.32405803766705e-08,0.918229925826167,0.00108193869228738,0.973760045360138,0.999999999996263,"SASH1","OE",FALSE,"Activated",1.62305955895887e-12
"CTSH",1.31943765827402e-08,0.917029443523958,0.00107440088805308,0.97385157839936,0.999999999996263,"SASH1","OE",FALSE,"Activated",1.62305955895887e-12
"NMNAT2",1.31925323761903e-08,0.916981449840515,0.00107410056637148,0.973855231912344,0.999999999996263,"SASH1","OE",FALSE,"Activated",1.62305955895887e-12
"EDIL3",1.31673892080257e-08,0.91632653241835,0.00107001028935082,0.973905042489271,0.999999999996263,"SASH1","OE",FALSE,"Activated",1.62305955895887e-12
"LINC01929",1.30673006640263e-08,0.913708491414136,0.0010538052938624,0.974103326707365,0.999999999996263,"SASH1","OE",FALSE,"Activated",1.62305955895887e-12
"IL33",1.30484723304117e-08,0.913214018771893,0.0010507706804146,0.974140627473249,0.999999999996263,"SASH1","OE",FALSE,"Activated",1.62305955895887e-12
"ADAMTS9",1.30271590786882e-08,0.912653526978589,0.00104734084598186,0.974182851172589,0.999999999996263,"SASH1","OE",FALSE,"Activated",1.62305955895887e-12
"EGR2",1.30210324986944e-08,0.912492261717345,0.00104635596376922,0.974194988558307,0.999999999996263,"SASH1","OE",FALSE,"Activated",1.62305955895887e-12
"RRAD",1.30136115410398e-08,0.912296835908105,0.00104516362351626,0.974209690247435,0.999999999996263,"SASH1","OE",FALSE,"Activated",1.62305955895887e-12
"HSPB6",1.29617109000436e-08,0.910927314471222,0.00103684364361447,0.974312511061209,0.999999999996263,"SASH1","OE",FALSE,"Activated",1.62305955895887e-12
"PPP1R14A",1.29422742086302e-08,0.91041318638441,0.00103373638407754,0.97435101737051,0.999999999996263,"SASH1","OE",FALSE,"Activated",1.62305955895887e-12
"AC116366.1",1.28859687956187e-08,0.908919975499487,0.0010247614013693,0.974462565172278,0.999999999996263,"SASH1","OE",FALSE,"Activated",1.62305955895887e-12
"PARD6G-AS1",1.28487941038468e-08,0.90793095168844,0.0010188572680454,0.974536212986014,0.999999999996263,"SASH1","OE",FALSE,"Activated",1.62305955895887e-12
"LMOD1",1.28231857686997e-08,0.907248179076171,0.00101480004095336,0.974586946495915,0.999999999996263,"SASH1","OE",FALSE,"Activated",1.62305955895887e-12
"IRF8",1.27900231629716e-08,0.906362204465175,0.00100955798987973,0.974652646170969,0.999999999996263,"SASH1","OE",FALSE,"Activated",1.62305955895887e-12
"GPNMB",1.26980458675627e-08,0.903894288085345,0.000995090067239265,0.974834866719905,0.999999999996263,"SASH1","OE",FALSE,"Activated",1.62305955895887e-12
"SLC5A3",1.26918494620822e-08,0.903727461164878,0.000994119134046952,0.974847142757771,0.999999999996263,"SASH1","OE",FALSE,"Activated",1.62305955895887e-12
"BMP8B",1.26135047829518e-08,0.901611954731032,0.000981883949178418,0.975002356200298,0.999999999996263,"SASH1","OE",FALSE,"Activated",1.62305955895887e-12
"TXNIP",1.26099732711392e-08,0.901516322219088,0.000981334213096815,0.975009352716999,0.999999999996263,"SASH1","OE",FALSE,"Activated",1.62305955895887e-12
"GLIPR1",1.26007544004619e-08,0.90126656601286,0.000979899874410649,0.975027616853743,0.999999999996263,"SASH1","OE",FALSE,"Activated",1.62305955895887e-12
"CD34",1.25671727682798e-08,0.900355412961544,0.000974683871113138,0.975094147838262,0.999999999996263,"SASH1","OE",FALSE,"Activated",1.62305955895887e-12
"HYDIN",1.25347778136485e-08,0.899474420440042,0.000969665376589578,0.975158327974827,0.999999999996263,"SASH1","OE",FALSE,"Activated",1.62305955895887e-12
"GPC4",1.23938369315703e-08,0.895617955926753,0.000947982158429106,0.975437558664709,0.999999999996263,"SASH1","OE",FALSE,"Activated",1.62305955895887e-12
"PCSK1",1.23635244429121e-08,0.894783486447525,0.000943350734260299,0.975497613863711,0.999999999996263,"SASH1","OE",FALSE,"Activated",1.62305955895887e-12
"LINC01614",1.23167552266063e-08,0.893492435080667,0.00093622714652361,0.975590273456267,0.999999999996263,"SASH1","OE",FALSE,"Activated",1.62305955895887e-12
"SUSD2",1.22740877168056e-08,0.8923108334415,0.00092975185506402,0.975674806998328,0.999999999996263,"SASH1","OE",FALSE,"Activated",1.62305955895887e-12
"SUGCT",1.22113108816222e-08,0.890565736993267,0.000920265591123439,0.975799181948825,0.999999999996263,"SASH1","OE",FALSE,"Activated",1.62305955895887e-12
"HOXB2",1.22075579897239e-08,0.890461162119718,0.000919700029144077,0.975806617285677,0.999999999996263,"SASH1","OE",FALSE,"Activated",1.62305955895887e-12
"ITGA8",1.21839643614368e-08,0.889803072120266,0.000916148443858582,0.975853361705512,0.999999999996263,"SASH1","OE",FALSE,"Activated",1.62305955895887e-12
"ANGPT2",1.20967416971673e-08,0.887360399019447,0.000903078333096046,0.976026170641268,0.999999999996263,"SASH1","OE",FALSE,"Activated",1.62305955895887e-12
"APOE",1.19241173157235e-08,0.882479906758861,0.000877487803255038,0.976368184091058,0.999999999996263,"SASH1","OE",FALSE,"Activated",1.62305955895887e-12
"HES5",1.19134236257473e-08,0.882175526139855,0.000875914626033876,0.976389371194238,0.999999999996263,"SASH1","OE",FALSE,"Activated",1.62305955895887e-12
"NDUFA4L2",1.19088196011986e-08,0.882044404949244,0.000875237750380187,0.976398493021992,0.999999999996263,"SASH1","OE",FALSE,"Activated",1.62305955895887e-12
"EGR3",1.18470499744921e-08,0.880280888017229,0.000866181789927819,0.97652087578981,0.999999999996263,"SASH1","OE",FALSE,"Activated",1.62305955895887e-12
"C5orf46",1.16978831078246e-08,0.875988519722596,0.000844506823376676,0.976816419010779,0.999999999996263,"SASH1","OE",FALSE,"Activated",1.62305955895887e-12
"MEF2C",1.1651428724738e-08,0.874641908123609,0.000837812766615926,0.976908459391744,0.999999999996263,"SASH1","OE",FALSE,"Activated",1.62305955895887e-12
"RGPD3",1.16056110259393e-08,0.873309106706649,0.000831236546877788,0.97699923860702,0.999999999996263,"SASH1","OE",FALSE,"Activated",1.62305955895887e-12
"TESC",1.15780407867111e-08,0.872504871885575,0.000827291874051029,0.977053864031888,0.999999999996263,"SASH1","OE",FALSE,"Activated",1.62305955895887e-12
"TCIM",1.15594095001297e-08,0.871960433035277,0.000824631473966386,0.977090778605507,0.999999999996263,"SASH1","OE",FALSE,"Activated",1.62305955895887e-12
"FOXQ1",1.15035351206291e-08,0.870323032636135,0.000816678746905606,0.977201484023624,0.999999999996263,"SASH1","OE",FALSE,"Activated",1.62305955895887e-12
"TRPC6",1.14988317230276e-08,0.87018487958377,0.000816011060049449,0.97721080301247,0.999999999996263,"SASH1","OE",FALSE,"Activated",1.62305955895887e-12
"SLC40A1",1.14912216886924e-08,0.869961244213422,0.000814931329958835,0.977225881018218,0.999999999996263,"SASH1","OE",FALSE,"Activated",1.62305955895887e-12
"LYPD1",1.14331004777978e-08,0.868248920427682,0.00080670852923909,0.97734103871041,0.999999999996263,"SASH1","OE",FALSE,"Activated",1.62305955895887e-12
"ALPL",1.14269319685569e-08,0.868066738082385,0.000805838275955925,0.97735326063234,0.999999999996263,"SASH1","OE",FALSE,"Activated",1.62305955895887e-12
"COX4I2",1.14250530496637e-08,0.868011228374157,0.000805573291394122,0.977356983412941,0.999999999996263,"SASH1","OE",FALSE,"Activated",1.62305955895887e-12
"CCDC168",1.14193378750784e-08,0.867842333014868,0.000804767546256654,0.977368307130454,0.999999999996263,"SASH1","OE",FALSE,"Activated",1.62305955895887e-12
"GJA4",1.14038314881529e-08,0.867383711067672,0.000802583432884333,0.977399030614722,0.999999999996263,"SASH1","OE",FALSE,"Activated",1.62305955895887e-12
"SNED1",1.13680406969192e-08,0.866323047756161,0.00079755354105624,0.977469944606513,0.999999999996263,"SASH1","OE",FALSE,"Activated",1.62305955895887e-12
"EGFLAM",1.13403731580984e-08,0.865501097676069,0.000793676093462299,0.97752476373517,0.999999999996263,"SASH1","OE",FALSE,"Activated",1.62305955895887e-12
"PDE3A",1.13329005169955e-08,0.86527879637686,0.000792630466043822,0.977539569684507,0.999999999996263,"SASH1","OE",FALSE,"Activated",1.62305955895887e-12
"ADAMTSL1",1.1266847106166e-08,0.863308152461994,0.00078341775508076,0.977670445227852,0.999999999996263,"SASH1","OE",FALSE,"Activated",1.62305955895887e-12
"RUNX3",1.11761614283481e-08,0.860585964884655,0.000770857212900147,0.977850127122199,0.999999999996263,"SASH1","OE",FALSE,"Activated",1.62305955895887e-12
"HLA-DQA2",1.1159833869278e-08,0.860093778845888,0.000768606525491015,0.977882478179891,0.999999999996263,"SASH1","OE",FALSE,"Activated",1.62305955895887e-12
"FILIP1",1.11498067120101e-08,0.859791200401396,0.000767225953658081,0.977902345781431,0.999999999996263,"SASH1","OE",FALSE,"Activated",1.62305955895887e-12
"NETO1",1.11479951677085e-08,0.859736509839211,0.000766976666664598,0.977905935139218,0.999999999996263,"SASH1","OE",FALSE,"Activated",1.62305955895887e-12
"SELENOP",1.11424654200216e-08,0.859569518145886,0.000766215967452755,0.977916891673879,0.999999999996263,"SASH1","OE",FALSE,"Activated",1.62305955895887e-12
"VEPH1",1.1090083474806e-08,0.857984011114222,0.000759028771488538,0.978020680449074,0.999999999996263,"SASH1","OE",FALSE,"Activated",1.62305955895887e-12
"PCK1",1.10391240482149e-08,0.856435210728257,0.000752069256053866,0.978121651024983,0.999999999996263,"SASH1","OE",FALSE,"Activated",1.62305955895887e-12
"WFDC1",1.10384379658181e-08,0.856414315773106,0.000751975776636228,0.978123010425224,0.999999999996263,"SASH1","OE",FALSE,"Activated",1.62305955895887e-12
"MFAP5",1.09638903857165e-08,0.854137082813397,0.000741853206368975,0.978270719006484,0.999999999996263,"SASH1","OE",FALSE,"Activated",1.62305955895887e-12
"GDF6",1.0939550080088e-08,0.85339059291189,0.00073856297095851,0.978318947051625,0.999999999996263,"SASH1","OE",FALSE,"Activated",1.62305955895887e-12
"HOXB5",1.09395500714464e-08,0.853390592646601,0.000738562969791663,0.978318947068747,0.999999999996263,"SASH1","OE",FALSE,"Activated",1.62305955895887e-12
"GRP",1.09395500644904e-08,0.853390592433059,0.000738562968852422,0.97831894708253,0.999999999996263,"SASH1","OE",FALSE,"Activated",1.62305955895887e-12
"COL6A6",1.09041747442577e-08,0.852303055408853,0.000733794096643859,0.97838904012101,0.999999999996263,"SASH1","OE",FALSE,"Activated",1.62305955895887e-12
"HIST1H1A",1.08833313019821e-08,0.85166081165263,0.000730991467893863,0.978430339618985,0.999999999996263,"SASH1","OE",FALSE,"Activated",1.62305955895887e-12
"ENC1",1.08774952426265e-08,0.851480792246484,0.000730207706809865,0.978441903281762,0.999999999996263,"SASH1","OE",FALSE,"Activated",1.62305955895887e-12
"MAFB",1.0872853087288e-08,0.851337539237121,0.00072958458278824,0.978451101326968,0.999999999996263,"SASH1","OE",FALSE,"Activated",1.62305955895887e-12
"FLT1",1.08311622449567e-08,0.850048571850305,0.000724000274762371,0.97853370839629,0.999999999996263,"SASH1","OE",FALSE,"Activated",1.62305955895887e-12
"NRCAM",1.08202075015907e-08,0.849709155167163,0.000722536493468686,0.978555414382253,0.999999999996263,"SASH1","OE",FALSE,"Activated",1.62305955895887e-12
"ACKR4",1.0804189789404e-08,0.849212323901723,0.000720398860663079,0.978587152282204,0.999999999996263,"SASH1","OE",FALSE,"Activated",1.62305955895887e-12
"EBF2",1.07880960504016e-08,0.848712479830009,0.000718254271125207,0.978619040857748,0.999999999996263,"SASH1","OE",FALSE,"Activated",1.62305955895887e-12
"EVA1A",1.06699190678596e-08,0.845021827388577,0.000702604389678204,0.978853201013201,0.999999999996263,"SASH1","OE",FALSE,"Activated",1.62305955895887e-12
"HSPA1A",1.05820478349837e-08,0.84225417951913,0.000691079561509065,0.979027313440411,0.999999999996263,"SASH1","OE",FALSE,"Activated",1.62305955895887e-12
"TNFSF14",1.05651506444726e-08,0.841719652809519,0.000688874321057371,0.97906079448812,0.999999999996263,"SASH1","OE",FALSE,"Activated",1.62305955895887e-12
"PTGER3",1.05430877285492e-08,0.841020577229819,0.00068600021024682,0.979104511251462,0.999999999996263,"SASH1","OE",FALSE,"Activated",1.62305955895887e-12
"RAMP1",1.05418621618077e-08,0.84098170666543,0.000685840733213396,0.979106939663555,0.999999999996263,"SASH1","OE",FALSE,"Activated",1.62305955895887e-12
"ZNF331",1.03562364276591e-08,0.835047799877124,0.000661900213931463,0.979474751946718,0.999999999996263,"SASH1","OE",FALSE,"Activated",1.62305955895887e-12
"BMP4",1.03006179596315e-08,0.833251578271964,0.000654809796259272,0.979584959263483,0.999999999996263,"SASH1","OE",FALSE,"Activated",1.62305955895887e-12
"AUXG01000058.1",1.02980437947757e-08,0.833168237628943,0.000654482558077294,0.979590059949233,0.999999999996263,"SASH1","OE",FALSE,"Activated",1.62305955895887e-12
"H1F0",1.02809865041485e-08,0.832615529557281,0.000652316233314831,0.97962385884649,0.999999999996263,"SASH1","OE",FALSE,"Activated",1.62305955895887e-12
"GJC1",1.02654126891171e-08,0.832110183901873,0.000650341450485968,0.979654718279596,0.999999999996263,"SASH1","OE",FALSE,"Activated",1.62305955895887e-12
"SPARCL1",1.02544930390525e-08,0.831755455157395,0.000648958608075416,0.979676355527301,0.999999999996263,"SASH1","OE",FALSE,"Activated",1.62305955895887e-12
"CD83",1.01230752048805e-08,0.827459963678345,0.000632431560775105,0.97993676066583,0.999999999996263,"SASH1","OE",FALSE,"Activated",1.62305955895887e-12
"LINC02544",1.00922283380383e-08,0.826444587731557,0.000628583163186418,0.979997884207652,0.999999999996263,"SASH1","OE",FALSE,"Activated",1.62305955895887e-12
"PHGDH",1.0061368786873e-08,0.825426051953415,0.000624744935037769,0.980059033001163,0.999999999996263,"SASH1","OE",FALSE,"Activated",1.62305955895887e-12
"SMOC2",1.00522942669015e-08,0.825126018457426,0.000623618507032023,0.980077014359137,0.999999999996263,"SASH1","OE",FALSE,"Activated",1.62305955895887e-12
"RPL39L",9.95024137151491e-09,0.82173526333535,0.000611020582803899,0.980279235077805,0.999999999996263,"SASH1","OE",FALSE,"Activated",1.62305955895887e-12
"TNFRSF1B",9.89987424805581e-09,0.820050474356707,0.000604850389113262,0.980379039435271,0.999999999996263,"SASH1","OE",FALSE,"Activated",1.62305955895887e-12
"STC2",9.86625970472471e-09,0.818921851168453,0.000600749882109676,0.980445648093461,0.999999999996263,"SASH1","OE",FALSE,"Activated",1.62305955895887e-12
"CEMIP",9.86407056683857e-09,0.818848232340348,0.000600483321434067,0.980449985968733,0.999999999996263,"SASH1","OE",FALSE,"Activated",1.62305955895887e-12
"RGS16",9.83710482995744e-09,0.817940213919739,0.000597204686678891,0.980503419837687,0.999999999996263,"SASH1","OE",FALSE,"Activated",1.62305955895887e-12
"MARCKSL1",9.786125901063e-09,0.816217584221319,0.00059103092550825,0.980604437208644,0.999999999996263,"SASH1","OE",FALSE,"Activated",1.62305955895887e-12
"MRVI1",9.78277487482561e-09,0.816104072659165,0.000590626225822056,0.980611077450487,0.999999999996263,"SASH1","OE",FALSE,"Activated",1.62305955895887e-12
"CHRDL2",9.72798611753951e-09,0.81424329598458,0.000584029107597264,0.980719644561069,0.999999999996263,"SASH1","OE",FALSE,"Activated",1.62305955895887e-12
"SERPINB9",9.7114322812851e-09,0.813679264144683,0.000582043147443816,0.980752447021174,0.999999999996263,"SASH1","OE",FALSE,"Activated",1.62305955895887e-12
"ITIH5",9.69851547236933e-09,0.813238565982284,0.000580495869946185,0.98077804250713,0.999999999996263,"SASH1","OE",FALSE,"Activated",1.62305955895887e-12
"COL25A1",9.60122498775411e-09,0.80990245742269,0.000568907817725601,0.980970830481174,0.999999999996263,"SASH1","OE",FALSE,"Activated",1.62305955895887e-12
"PDE5A",9.47909171844742e-09,0.805672022800098,0.000554526185784825,0.981212847761508,0.999999999996263,"SASH1","OE",FALSE,"Activated",1.62305955895887e-12
"PPDPFL",9.47611922229963e-09,0.805568464029618,0.00055417845869131,0.981218738032694,0.999999999996263,"SASH1","OE",FALSE,"Activated",1.62305955895887e-12
"NEB",9.47611917234858e-09,0.805568462289133,0.000554178452848877,0.981218738131676,0.999999999996263,"SASH1","OE",FALSE,"Activated",1.62305955895887e-12
"CPM",9.33584878774809e-09,0.800648706868154,0.000537893412969545,0.981496697801786,0.999999999996263,"SASH1","OE",FALSE,"Activated",1.62305955895887e-12
"MEST",9.27756261523853e-09,0.798585221008557,0.000531197957560285,0.981612198292294,0.999999999996263,"SASH1","OE",FALSE,"Activated",1.62305955895887e-12
"PTGS2",9.27505552533221e-09,0.798496207146476,0.000530910903481326,0.9816171663766,0.999999999996263,"SASH1","OE",FALSE,"Activated",1.62305955895887e-12
"PRKAR2B",9.25424146491646e-09,0.797756386518966,0.000528530753296661,0.981658411836371,0.999999999996263,"SASH1","OE",FALSE,"Activated",1.62305955895887e-12
"LMO7",9.20316575206342e-09,0.795934699910168,0.000522712753001864,0.981759624455996,0.999999999996263,"SASH1","OE",FALSE,"Activated",1.62305955895887e-12
"ANK2",9.02460070534408e-09,0.789495064323457,0.000502625594079773,0.982113474700294,0.999999999996263,"SASH1","OE",FALSE,"Activated",1.62305955895887e-12
"COL23A1",9.01245499193326e-09,0.789052980459684,0.000501273592235767,0.982137543165549,0.999999999996263,"SASH1","OE",FALSE,"Activated",1.62305955895887e-12
"DRAM1",9.00737410827051e-09,0.788867888820303,0.000500708553102536,0.982147611666785,0.999999999996263,"SASH1","OE",FALSE,"Activated",1.62305955895887e-12
"IKZF1",8.98015618897175e-09,0.787874796007775,0.000497687105489031,0.9822015479342,0.999999999996263,"SASH1","OE",FALSE,"Activated",1.62305955895887e-12
"MROH8",8.94469482124825e-09,0.78657693700929,0.000493764274071528,0.982271819916141,0.999999999996263,"SASH1","OE",FALSE,"Activated",1.62305955895887e-12
"ADGRF5",8.91414875751899e-09,0.785455331496887,0.000490397630070916,0.982332351601408,0.999999999996263,"SASH1","OE",FALSE,"Activated",1.62305955895887e-12
"TNFRSF9",8.88349155806265e-09,0.784326232112579,0.000487030316867474,0.982393103621348,0.999999999996263,"SASH1","OE",FALSE,"Activated",1.62305955895887e-12
"DCBLD2",8.76896684529917e-09,0.780077682854652,0.000474553809820006,0.982620053093552,0.999999999996263,"SASH1","OE",FALSE,"Activated",1.62305955895887e-12
"ISM1",8.76044843183012e-09,0.77975972168448,0.000473632268624623,0.982636933781192,0.999999999996263,"SASH1","OE",FALSE,"Activated",1.62305955895887e-12
"ALG9",8.75696187263163e-09,0.77962950255903,0.000473255343094604,0.98264384299452,0.999999999996263,"SASH1","OE",FALSE,"Activated",1.62305955895887e-12
"SLC16A3",8.73995326351805e-09,0.778993593511933,0.000471418724850401,0.982677548480972,0.999999999996263,"SASH1","OE",FALSE,"Activated",1.62305955895887e-12
"RCAN1",8.69699282871673e-09,0.777382538291928,0.000466795684315607,0.98276268211436,0.999999999996263,"SASH1","OE",FALSE,"Activated",1.62305955895887e-12
"HMOX1",8.69641480545756e-09,0.777360814089221,0.0004667336376285,0.982763827570127,0.999999999996263,"SASH1","OE",FALSE,"Activated",1.62305955895887e-12
"FZD10",8.6882825632674e-09,0.777055039981717,0.000465861136399716,0.982779943056399,0.999999999996263,"SASH1","OE",FALSE,"Activated",1.62305955895887e-12
"LBP",8.63051944630106e-09,0.774875841386754,0.000459687272152695,0.982894411162255,0.999999999996263,"SASH1","OE",FALSE,"Activated",1.62305955895887e-12
"BAALC",8.60007769174483e-09,0.773722200875375,0.000456450153510941,0.982954737168885,0.999999999996263,"SASH1","OE",FALSE,"Activated",1.62305955895887e-12
"MCAM",8.59549903309636e-09,0.773548373595597,0.000455964257178048,0.982963810642243,0.999999999996263,"SASH1","OE",FALSE,"Activated",1.62305955895887e-12
"NFATC1",8.51010569765324e-09,0.770291388033491,0.000446949562585896,0.983133034001483,0.999999999996263,"SASH1","OE",FALSE,"Activated",1.62305955895887e-12
"CXCL2",8.46348373559329e-09,0.768500998139081,0.000442065819067126,0.983225424729465,0.999999999996263,"SASH1","OE",FALSE,"Activated",1.62305955895887e-12
"APOLD1",8.46295385032301e-09,0.768480599394539,0.000442010466722748,0.983226474804239,0.999999999996263,"SASH1","OE",FALSE,"Activated",1.62305955895887e-12
"OR51E1",8.43371594414824e-09,0.767353291958108,0.000438961617177885,0.983284415670449,0.999999999996263,"SASH1","OE",FALSE,"Activated",1.62305955895887e-12
"HSPA1B",8.42857161798888e-09,0.767154588975359,0.000438426272369492,0.983294610209652,0.999999999996263,"SASH1","OE",FALSE,"Activated",1.62305955895887e-12
"FAM49A",8.41917471063339e-09,0.76679135096992,0.000437449225565953,0.983313232119242,0.999999999996263,"SASH1","OE",FALSE,"Activated",1.62305955895887e-12
"SYCE1",8.40020820470541e-09,0.76605710916701,0.000435480496299904,0.983350818189363,0.999999999996263,"SASH1","OE",FALSE,"Activated",1.62305955895887e-12
"FGL2",8.38257311604546e-09,0.765373097088072,0.000433653952077219,0.983385765812841,0.999999999996263,"SASH1","OE",FALSE,"Activated",1.62305955895887e-12
"NFIB",8.33628970917794e-09,0.76357184836199,0.00042887843214457,0.983477486233356,0.999999999996263,"SASH1","OE",FALSE,"Activated",1.62305955895887e-12
"AL355916.1",8.27674629772809e-09,0.761241533024445,0.000422773633728277,0.98359548449593,0.999999999996263,"SASH1","OE",FALSE,"Activated",1.62305955895887e-12
"SORT1",8.25090113333595e-09,0.760225441913785,0.000420137430138775,0.983646702440615,0.999999999996263,"SASH1","OE",FALSE,"Activated",1.62305955895887e-12
"CYTL1",8.241843393757e-09,0.759868676629098,0.000419215492872857,0.983664652383212,0.999999999996263,"SASH1","OE",FALSE,"Activated",1.62305955895887e-12
"KRT7",8.23725434483925e-09,0.759687791669541,0.000418748785432043,0.983673746616109,0.999999999996263,"SASH1","OE",FALSE,"Activated",1.62305955895887e-12
"HIST1H2AH",8.23005158756418e-09,0.759403703780975,0.000418016787351899,0.983688020504437,0.999999999996263,"SASH1","OE",FALSE,"Activated",1.62305955895887e-12
"SEPTIN4",8.19485257059633e-09,0.758012238243761,0.000414448810837327,0.983757775371732,0.999999999996263,"SASH1","OE",FALSE,"Activated",1.62305955895887e-12
"DTX1",8.18811943924488e-09,0.757745467929345,0.000413768044011147,0.983771118618872,0.999999999996263,"SASH1","OE",FALSE,"Activated",1.62305955895887e-12
"PTGDS",8.12959673350403e-09,0.755418582959604,0.000407874556328674,0.983887095000445,0.999999999996263,"SASH1","OE",FALSE,"Activated",1.62305955895887e-12
"LRRN4CL",8.09193232629617e-09,0.753913206696475,0.000404103947034322,0.983961735982195,0.999999999996263,"SASH1","OE",FALSE,"Activated",1.62305955895887e-12
"RCSD1",8.08623668054276e-09,0.753685024696415,0.000403535276211304,0.983973023271261,0.999999999996263,"SASH1","OE",FALSE,"Activated",1.62305955895887e-12
"CRIP1",8.07379972154503e-09,0.753186275536655,0.000402294923656468,0.983997670101642,0.999999999996263,"SASH1","OE",FALSE,"Activated",1.62305955895887e-12
"EGFL6",8.06524035394111e-09,0.752842632493005,0.000401442396961328,0.984014632559419,0.999999999996263,"SASH1","OE",FALSE,"Activated",1.62305955895887e-12
"MAP3K7CL",8.05699418047145e-09,0.752511259306923,0.000400621920153555,0.984030974354079,0.999999999996263,"SASH1","OE",FALSE,"Activated",1.62305955895887e-12
"ESAM",7.90127509726427e-09,0.746196843038731,0.000385285774115907,0.984339570771802,0.999999999996263,"SASH1","OE",FALSE,"Activated",1.62305955895887e-12
"NEURL1B",7.87424006191348e-09,0.745089407107107,0.000382653694023982,0.984393147714759,0.999999999996263,"SASH1","OE",FALSE,"Activated",1.62305955895887e-12
"CCR1",7.79957197428244e-09,0.742013266358639,0.000375431015734645,0.984541122285005,0.999999999996263,"SASH1","OE",FALSE,"Activated",1.62305955895887e-12
"TRIB1",7.774300956778e-09,0.740966279170713,0.00037300212508086,0.984591203612746,0.999999999996263,"SASH1","OE",FALSE,"Activated",1.62305955895887e-12
"TNFAIP3",7.77348366433027e-09,0.740932368380008,0.000372923703677479,0.984592823298877,0.999999999996263,"SASH1","OE",FALSE,"Activated",1.62305955895887e-12
"GPR183",7.7487184571626e-09,0.739903325654055,0.000370551325568975,0.984641902288033,0.999999999996263,"SASH1","OE",FALSE,"Activated",1.62305955895887e-12
"SH3BGR",7.70606192061609e-09,0.738124043445714,0.000366482800123169,0.984726437945368,0.999999999996263,"SASH1","OE",FALSE,"Activated",1.62305955895887e-12
"HIST1H1C",7.67577395030719e-09,0.736855396030701,0.000363607607456185,0.984786461991627,0.999999999996263,"SASH1","OE",FALSE,"Activated",1.62305955895887e-12
"FAM43A",7.63732268007519e-09,0.735238443972987,0.000359973796562457,0.984862664013616,0.999999999996263,"SASH1","OE",FALSE,"Activated",1.62305955895887e-12
"CYP26B1",7.59253719331718e-09,0.733346050033232,0.000355764380881801,0.984951419243776,0.999999999996263,"SASH1","OE",FALSE,"Activated",1.62305955895887e-12
"PAMR1",7.53225975491438e-09,0.730783448058038,0.000350137950505673,0.985070876493569,0.999999999996263,"SASH1","OE",FALSE,"Activated",1.62305955895887e-12
"MMP11",7.53182805238057e-09,0.730765029761781,0.000350097816173165,0.985071732038724,0.999999999996263,"SASH1","OE",FALSE,"Activated",1.62305955895887e-12
"LPL",7.51830014207109e-09,0.730187398420787,0.000348841324766712,0.98509854156836,0.999999999996263,"SASH1","OE",FALSE,"Activated",1.62305955895887e-12
"PDGFA",7.49618168495132e-09,0.729240979893863,0.000346791797095528,0.985142375827185,0.999999999996263,"SASH1","OE",FALSE,"Activated",1.62305955895887e-12
"TXLNB",7.49374922486462e-09,0.729136747997752,0.000346566770441698,0.985147196468383,0.999999999996263,"SASH1","OE",FALSE,"Activated",1.62305955895887e-12
"CCR6",7.46619553929573e-09,0.727953973536413,0.000344022880627604,0.985201802307358,0.999999999996263,"SASH1","OE",FALSE,"Activated",1.62305955895887e-12
"ICAM1",7.41902195982153e-09,0.725920025787206,0.00033968934247634,0.98529529097366,0.999999999996263,"SASH1","OE",FALSE,"Activated",1.62305955895887e-12
"SMC4",7.40398501176529e-09,0.725269291623943,0.000338313766379281,0.985325091261018,0.999999999996263,"SASH1","OE",FALSE,"Activated",1.62305955895887e-12
"KLHL23",7.38589336486296e-09,0.72448481681722,0.000336662446101936,0.985360945390623,0.999999999996263,"SASH1","OE",FALSE,"Activated",1.62305955895887e-12
"NTRK2",7.35015491435271e-09,0.722930163124323,0.000333412281446931,0.985431772143665,0.999999999996263,"SASH1","OE",FALSE,"Activated",1.62305955895887e-12
"BHLHE41",7.2144384489643e-09,0.716964997251884,0.000321213413996582,0.985700737184139,0.999999999996263,"SASH1","OE",FALSE,"Activated",1.62305955895887e-12
"ACTC1",7.21367383630054e-09,0.716931110735596,0.000321145330851692,0.985702252510258,0.999999999996263,"SASH1","OE",FALSE,"Activated",1.62305955895887e-12
"ZNF385D",7.2133799531643e-09,0.716918085421606,0.000321119164635511,0.985702834934306,0.999999999996263,"SASH1","OE",FALSE,"Activated",1.62305955895887e-12
"CD14",7.17777748646484e-09,0.715336660819128,0.000317957146026096,0.985773392740314,0.999999999996263,"SASH1","OE",FALSE,"Activated",1.62305955895887e-12
"CTSC",7.11496795946103e-09,0.712529782569206,0.000312416890569608,0.985897870409425,0.999999999996263,"SASH1","OE",FALSE,"Activated",1.62305955895887e-12
"LAMP5",7.07982862638758e-09,0.710949903989991,0.000309338588061432,0.985967510667873,0.999999999996263,"SASH1","OE",FALSE,"Activated",1.62305955895887e-12
"LSP1",7.03074445603106e-09,0.708731443949112,0.000305064192448685,0.986064787431423,0.999999999996263,"SASH1","OE",FALSE,"Activated",1.62305955895887e-12
"SMOX",6.96804350098342e-09,0.705877591733823,0.00029964726274846,0.986189050726835,0.999999999996263,"SASH1","OE",FALSE,"Activated",1.62305955895887e-12
"ADAMTS8",6.90210220827765e-09,0.702851717220775,0.000294002741809079,0.986319736216242,0.999999999996263,"SASH1","OE",FALSE,"Activated",1.62305955895887e-12
"FBXO5",6.83416159819729e-09,0.699707315956405,0.000288243216732445,0.98645438442876,0.999999999996263,"SASH1","OE",FALSE,"Activated",1.62305955895887e-12
"SCRG1",6.81551819548196e-09,0.698839649567462,0.000286672722837308,0.98649133295546,0.999999999996263,"SASH1","OE",FALSE,"Activated",1.62305955895887e-12
"LCP2",6.76582052484513e-09,0.696516445226256,0.000282507222034545,0.986589826689336,0.999999999996263,"SASH1","OE",FALSE,"Activated",1.62305955895887e-12
"SHCBP1",6.71686086299425e-09,0.694212977813454,0.000278433388399014,0.986686857994346,0.999999999996263,"SASH1","OE",FALSE,"Activated",1.62305955895887e-12
"KNL1",6.71227128433664e-09,0.693996287704349,0.000278053015669485,0.986695953917094,0.999999999996263,"SASH1","OE",FALSE,"Activated",1.62305955895887e-12
"G0S2",6.66056830719302e-09,0.691546139066009,0.000273785965051637,0.986798422328261,0.999999999996263,"SASH1","OE",FALSE,"Activated",1.62305955895887e-12
"FGF2",6.62830007769067e-09,0.690008468018341,0.000271139587855888,0.986862373769802,0.999999999996263,"SASH1","OE",FALSE,"Activated",1.62305955895887e-12
"DLX5",6.59164557698617e-09,0.688253749724096,0.000268149075603101,0.986935018333786,0.999999999996263,"SASH1","OE",FALSE,"Activated",1.62305955895887e-12
"PLTP",6.56171162944255e-09,0.686814361969636,0.000265719171043559,0.98699434369553,0.999999999996263,"SASH1","OE",FALSE,"Activated",1.62305955895887e-12
"BDNF",6.54377337913323e-09,0.685949015616838,0.000264268323475562,0.987029895111503,0.999999999996263,"SASH1","OE",FALSE,"Activated",1.62305955895887e-12
"HGF",6.54252370108375e-09,0.68588865287383,0.000264167397367767,0.987032371821362,0.999999999996263,"SASH1","OE",FALSE,"Activated",1.62305955895887e-12
"COL4A3",6.51760170169942e-09,0.68468272627181,0.000262158679992296,0.987081764218215,0.999999999996263,"SASH1","OE",FALSE,"Activated",1.62305955895887e-12
"CYFIP2",6.51065765413847e-09,0.684345993091647,0.000261600354200439,0.987095526491764,0.999999999996263,"SASH1","OE",FALSE,"Activated",1.62305955895887e-12
"CD36",6.51026808124935e-09,0.68432709240565,0.000261569048804833,0.987096298578852,0.999999999996263,"SASH1","OE",FALSE,"Activated",1.62305955895887e-12
"FADS3",6.47764482426412e-09,0.682740778301369,0.000258954147551985,0.987160954033207,0.999999999996263,"SASH1","OE",FALSE,"Activated",1.62305955895887e-12
"LRRC4C",6.46109604133181e-09,0.681933394304635,0.000257632709882994,0.987193751804824,0.999999999996263,"SASH1","OE",FALSE,"Activated",1.62305955895887e-12
"ACKR3",6.45311414610102e-09,0.681543320518602,0.000256996555561411,0.987209571004702,0.999999999996263,"SASH1","OE",FALSE,"Activated",1.62305955895887e-12
"CAPN6",6.44434128015246e-09,0.681114100999394,0.000256298268271507,0.987226957823525,0.999999999996263,"SASH1","OE",FALSE,"Activated",1.62305955895887e-12
"FMNL1",6.40420418492137e-09,0.679143765451089,0.000253115620972541,0.987306505041571,0.999999999996263,"SASH1","OE",FALSE,"Activated",1.62305955895887e-12
"IL11",6.39846813758715e-09,0.678861293265153,0.000252662408383552,0.987317873253939,0.999999999996263,"SASH1","OE",FALSE,"Activated",1.62305955895887e-12
"IL10",6.37916523246401e-09,0.677909076830507,0.00025114024347017,0.987356129499114,0.999999999996263,"SASH1","OE",FALSE,"Activated",1.62305955895887e-12
"CITED2",6.35369211651047e-09,0.676648585833077,0.000249138554692646,0.987406614471284,0.999999999996263,"SASH1","OE",FALSE,"Activated",1.62305955895887e-12
"CAPS",6.28127449433671e-09,0.673040629509866,0.000243491695382638,0.987550138673276,0.999999999996263,"SASH1","OE",FALSE,"Activated",1.62305955895887e-12
"TNXB",6.25189023549474e-09,0.671566190454095,0.000241218880329487,0.987608375336057,0.999999999996263,"SASH1","OE",FALSE,"Activated",1.62305955895887e-12
"FAM162B",6.22296727993113e-09,0.670108918228998,0.000238992153855706,0.987665697806348,0.999999999996263,"SASH1","OE",FALSE,"Activated",1.62305955895887e-12
"DKK2",6.19903063908444e-09,0.668898355395149,0.000237157123453283,0.987713137936521,0.999999999996263,"SASH1","OE",FALSE,"Activated",1.62305955895887e-12
"AC007952.4",6.19478184189284e-09,0.668683047623535,0.000236832141286047,0.987721558650268,0.999999999996263,"SASH1","OE",FALSE,"Activated",1.62305955895887e-12
"PDK4",6.12753678861783e-09,0.665257947066964,0.000231718369004105,0.987854832160447,0.999999999996263,"SASH1","OE",FALSE,"Activated",1.62305955895887e-12
"SRGN",6.12288457601855e-09,0.665019764375375,0.000231366647284094,0.987864052430471,0.999999999996263,"SASH1","OE",FALSE,"Activated",1.62305955895887e-12
"CREM",6.12088378077291e-09,0.664917279132673,0.000231215463100354,0.987868017828516,0.999999999996263,"SASH1","OE",FALSE,"Activated",1.62305955895887e-12
"OLFML2A",6.06413128310751e-09,0.661997913099786,0.000226947706347748,0.987980496350628,0.999999999996263,"SASH1","OE",FALSE,"Activated",1.62305955895887e-12
"CYTIP",6.06332195261802e-09,0.66195610692578,0.000226887132645485,0.98798210037511,0.999999999996263,"SASH1","OE",FALSE,"Activated",1.62305955895887e-12
"RACGAP1",6.05362208037914e-09,0.661454674231722,0.000226161782463723,0.988001324704121,0.999999999996263,"SASH1","OE",FALSE,"Activated",1.62305955895887e-12
"CDK1",6.02826712653717e-09,0.660140601086575,0.000224271240675527,0.988051576117914,0.999999999996263,"SASH1","OE",FALSE,"Activated",1.62305955895887e-12
"FAM13C",5.95400244477677e-09,0.65626343715642,0.000218779500035321,0.988198762824443,0.999999999996263,"SASH1","OE",FALSE,"Activated",1.62305955895887e-12
"C1QTNF3",5.90415899978503e-09,0.653637253900977,0.000215131842825517,0.988297548803019,0.999999999996263,"SASH1","OE",FALSE,"Activated",1.62305955895887e-12
"RBP5",5.81829151854763e-09,0.649066808685523,0.000208919781415632,0.988467732145951,0.999999999996263,"SASH1","OE",FALSE,"Activated",1.62305955895887e-12
"IGHA2",5.81483403931783e-09,0.64888153551494,0.00020867155693904,0.988474584639038,0.999999999996263,"SASH1","OE",FALSE,"Activated",1.62305955895887e-12
"SYNPO2",5.79819079080463e-09,0.647988325394918,0.000207478744770662,0.988507570458734,0.999999999996263,"SASH1","OE",FALSE,"Activated",1.62305955895887e-12
"HIST1H1B",5.78806480143747e-09,0.647443776708252,0.000206754693733365,0.988527639510715,0.999999999996263,"SASH1","OE",FALSE,"Activated",1.62305955895887e-12
"CSRNP3",5.78484819043298e-09,0.64727062012114,0.000206524957318386,0.988534014625926,0.999999999996263,"SASH1","OE",FALSE,"Activated",1.62305955895887e-12
"SELL",5.72610363077695e-09,0.644093253629898,0.000202351773668736,0.988650442676503,0.999999999996263,"SASH1","OE",FALSE,"Activated",1.62305955895887e-12
"IKZF2",5.66353711702813e-09,0.640677395418327,0.000197953921866908,0.988774445867275,0.999999999996263,"SASH1","OE",FALSE,"Activated",1.62305955895887e-12
"CD93",5.660104067582e-09,0.640489004428237,0.000197714008322917,0.988781249979453,0.999999999996263,"SASH1","OE",FALSE,"Activated",1.62305955895887e-12
"RAMP2",5.65358524726406e-09,0.640131002095367,0.000197258850651241,0.988794169919324,0.999999999996263,"SASH1","OE",FALSE,"Activated",1.62305955895887e-12
"TNNT3",5.65339595213998e-09,0.6401206008968,0.000197245641506296,0.988794545091792,0.999999999996263,"SASH1","OE",FALSE,"Activated",1.62305955895887e-12
"IL7R",5.65013333330565e-09,0.639941281507162,0.000197018043207784,0.988801011422291,0.999999999996263,"SASH1","OE",FALSE,"Activated",1.62305955895887e-12
"RDH5",5.64017136314502e-09,0.639393188093929,0.000196323915297468,0.988820755501998,0.999999999996263,"SASH1","OE",FALSE,"Activated",1.62305955895887e-12
"PRG4",5.60209093390453e-09,0.637290157133501,0.000193681846287308,0.988896228891871,0.999999999996263,"SASH1","OE",FALSE,"Activated",1.62305955895887e-12
"PPP1R12B",5.58466456449014e-09,0.636323560394841,0.000192478751983518,0.988930767064435,0.999999999996263,"SASH1","OE",FALSE,"Activated",1.62305955895887e-12
"FRY",5.58224178437396e-09,0.636188964350955,0.000192311783123148,0.988935568892308,0.999999999996263,"SASH1","OE",FALSE,"Activated",1.62305955895887e-12
"IL24",5.5723924616847e-09,0.635641260389735,0.000191633750938798,0.988955089756749,0.999999999996263,"SASH1","OE",FALSE,"Activated",1.62305955895887e-12
"FJX1",5.56624090728592e-09,0.635298749712102,0.000191210882388973,0.98896728183293,0.999999999996263,"SASH1","OE",FALSE,"Activated",1.62305955895887e-12
"LINC00924",5.52968330232569e-09,0.633256355339842,0.000188707484824001,0.989039737248611,0.999999999996263,"SASH1","OE",FALSE,"Activated",1.62305955895887e-12
"SPOCD1",5.50903365574658e-09,0.632097435677046,0.000187300725413228,0.989080663895475,0.999999999996263,"SASH1","OE",FALSE,"Activated",1.62305955895887e-12
"RETREG1",5.49369624969636e-09,0.631234172782956,0.000186259269294767,0.98911106194529,0.999999999996263,"SASH1","OE",FALSE,"Activated",1.62305955895887e-12
"LURAP1L",5.36657744598092e-09,0.623996343224388,0.000177739277515721,0.989363006308208,0.999999999996263,"SASH1","OE",FALSE,"Activated",1.62305955895887e-12
"PSRC1",5.3629725330973e-09,0.623788892511149,0.000177500570661583,0.989370151116328,0.999999999996263,"SASH1","OE",FALSE,"Activated",1.62305955895887e-12
"C15orf48",5.35125495439112e-09,0.623113734380038,0.000176725774695768,0.989393374943203,0.999999999996263,"SASH1","OE",FALSE,"Activated",1.62305955895887e-12
"DUSP5",5.34008411761351e-09,0.622468864083611,0.000175988708628679,0.989415515155267,0.999999999996263,"SASH1","OE",FALSE,"Activated",1.62305955895887e-12
"COL6A5",5.32788116337817e-09,0.621763050661493,0.000175185302418539,0.989439700997743,0.999999999996263,"SASH1","OE",FALSE,"Activated",1.62305955895887e-12
"ACTN2",5.32320144853446e-09,0.621491999807027,0.000174877691496287,0.989448976036827,0.999999999996263,"SASH1","OE",FALSE,"Activated",1.62305955895887e-12
"HMCN2",5.32002172092288e-09,0.62130770885493,0.000174668833217312,0.989455278151948,0.999999999996263,"SASH1","OE",FALSE,"Activated",1.62305955895887e-12
"PBK",5.30255545074233e-09,0.620293661465505,0.000173523798441104,0.989489895734378,0.999999999996263,"SASH1","OE",FALSE,"Activated",1.62305955895887e-12
"APELA",5.28669509685177e-09,0.619370294412857,0.000172487304647842,0.989521330459818,0.999999999996263,"SASH1","OE",FALSE,"Activated",1.62305955895887e-12
"ZC3H12A",5.27302901225477e-09,0.618572713130575,0.000171596699328517,0.989548416225184,0.999999999996263,"SASH1","OE",FALSE,"Activated",1.62305955895887e-12
"SERPINI1",5.24172637239958e-09,0.616738933456422,0.000169565424220504,0.98961045715374,0.999999999996263,"SASH1","OE",FALSE,"Activated",1.62305955895887e-12
"FOXS1",5.20967874050181e-09,0.614851478090964,0.000167498334944458,0.9896739747001,0.999999999996263,"SASH1","OE",FALSE,"Activated",1.62305955895887e-12
"TUBB2B",5.2054980127678e-09,0.614604498292026,0.000167229610521891,0.989682260795105,0.999999999996263,"SASH1","OE",FALSE,"Activated",1.62305955895887e-12
"CIT",5.20544679799083e-09,0.614601471654125,0.000167226319929885,0.989682362301485,0.999999999996263,"SASH1","OE",FALSE,"Activated",1.62305955895887e-12
"EPB41L1",5.18325651232054e-09,0.613287615818673,0.000165803621523742,0.989726342896504,0.999999999996263,"SASH1","OE",FALSE,"Activated",1.62305955895887e-12
"SGK1",5.18217399540209e-09,0.613223394692197,0.000165734372979944,0.989728488418947,0.999999999996263,"SASH1","OE",FALSE,"Activated",1.62305955895887e-12
"SEMA5B",5.1788389163763e-09,0.613025464234442,0.000165521119094685,0.989735098465668,0.999999999996263,"SASH1","OE",FALSE,"Activated",1.62305955895887e-12
"HIST1H1E",5.17787328559026e-09,0.612968134939415,0.000165459399705457,0.989737012322881,0.999999999996263,"SASH1","OE",FALSE,"Activated",1.62305955895887e-12
"VWC2",5.16157153062823e-09,0.611998877270615,0.000164419191707414,0.98976932202175,0.999999999996263,"SASH1","OE",FALSE,"Activated",1.62305955895887e-12
"ICAM4",5.15828015189978e-09,0.611802853418558,0.000164209568229623,0.989775845459812,0.999999999996263,"SASH1","OE",FALSE,"Activated",1.62305955895887e-12
"DNAJA4",5.14888699671247e-09,0.611242820324267,0.000163612066145166,0.989794462484316,0.999999999996263,"SASH1","OE",FALSE,"Activated",1.62305955895887e-12
"STX11",5.14217225641954e-09,0.610841925568397,0.00016318560653354,0.989807770953523,0.999999999996263,"SASH1","OE",FALSE,"Activated",1.62305955895887e-12
"HILPDA",5.11455396511305e-09,0.609188142009853,0.000161437394209195,0.989862509835942,0.999999999996263,"SASH1","OE",FALSE,"Activated",1.62305955895887e-12
"RGCC",5.10389254156135e-09,0.608547628347571,0.000160765054625138,0.989883640569798,0.999999999996263,"SASH1","OE",FALSE,"Activated",1.62305955895887e-12
"SLA2",5.08424816302959e-09,0.607364343272859,0.000159529898556486,0.989922575364062,0.999999999996263,"SASH1","OE",FALSE,"Activated",1.62305955895887e-12
"DMD",5.08300345538281e-09,0.607289232179835,0.000159451797027257,0.989925042352364,0.999999999996263,"SASH1","OE",FALSE,"Activated",1.62305955895887e-12
"NUSAP1",5.03410320562077e-09,0.604325464068841,0.00015639859168076,0.990021961849122,0.999999999996263,"SASH1","OE",FALSE,"Activated",1.62305955895887e-12
"CLSPN",5.02987800980573e-09,0.604068191411664,0.000156136166644007,0.990030336125184,0.999999999996263,"SASH1","OE",FALSE,"Activated",1.62305955895887e-12
"CORIN",5.02064992562276e-09,0.603505628960288,0.000155563780606847,0.990048626056347,0.999999999996263,"SASH1","OE",FALSE,"Activated",1.62305955895887e-12
"LST1",5.01863792469797e-09,0.603382852293125,0.000155439122740006,0.990052613814163,0.999999999996263,"SASH1","OE",FALSE,"Activated",1.62305955895887e-12
"GPR65",5.00714204345871e-09,0.602680514958349,0.000154727828902763,0.990075398495462,0.999999999996263,"SASH1","OE",FALSE,"Activated",1.62305955895887e-12
"AJAP1",4.98506903968684e-09,0.601327975716256,0.000153366661169259,0.990119146913392,0.999999999996263,"SASH1","OE",FALSE,"Activated",1.62305955895887e-12
"HJURP",4.97447290508511e-09,0.600676812744802,0.000152715369625067,0.990140148330459,0.999999999996263,"SASH1","OE",FALSE,"Activated",1.62305955895887e-12
"LDLRAD4",4.97356629701346e-09,0.600621042278921,0.000152659709307789,0.990141945217561,0.999999999996263,"SASH1","OE",FALSE,"Activated",1.62305955895887e-12
"UBD",4.96829007214492e-09,0.600296294543226,0.000152335981959883,0.990152402637484,0.999999999996263,"SASH1","OE",FALSE,"Activated",1.62305955895887e-12
"PLAU",4.95804263589369e-09,0.599664702500558,0.000151708223374139,0.990172712948773,0.999999999996263,"SASH1","OE",FALSE,"Activated",1.62305955895887e-12
"OSR2",4.90047257017818e-09,0.596094870649742,0.000148205572557931,0.990286816333878,0.999999999996263,"SASH1","OE",FALSE,"Activated",1.62305955895887e-12
"CALCRL",4.88181160842608e-09,0.594929794183594,0.000147078990303562,0.990323802245562,0.999999999996263,"SASH1","OE",FALSE,"Activated",1.62305955895887e-12
"ESM1",4.88160692981421e-09,0.594916993540922,0.000147066657466941,0.99032420791743,0.999999999996263,"SASH1","OE",FALSE,"Activated",1.62305955895887e-12
"PENK",4.8816068940711e-09,0.594916991305499,0.000147066655313298,0.990324207988273,0.999999999996263,"SASH1","OE",FALSE,"Activated",1.62305955895887e-12
"SCN7A",4.88160685343671e-09,0.594916988764169,0.000147066652864939,0.99032420806881,0.999999999996263,"SASH1","OE",FALSE,"Activated",1.62305955895887e-12
"MEGF10",4.86088468501069e-09,0.59361856381058,0.00014582072228628,0.99036527930409,0.999999999996263,"SASH1","OE",FALSE,"Activated",1.62305955895887e-12
"AC016831.1",4.83942454967357e-09,0.592268743295611,0.00014453600773243,0.990407813213045,0.999999999996263,"SASH1","OE",FALSE,"Activated",1.62305955895887e-12
"KLHL41",4.83674073952119e-09,0.59209956320931,0.000144375740890913,0.990413132516773,0.999999999996263,"SASH1","OE",FALSE,"Activated",1.62305955895887e-12
"ZC3HAV1",4.81868787858487e-09,0.590959403825459,0.000143300003653055,0.990448913244433,0.999999999996263,"SASH1","OE",FALSE,"Activated",1.62305955895887e-12
"LINGO1",4.7979238853689e-09,0.589643350832401,0.000142067689121085,0.990490067453606,0.999999999996263,"SASH1","OE",FALSE,"Activated",1.62305955895887e-12
"RAB11FIP1",4.78822234166592e-09,0.589026730033721,0.000141493739858689,0.990509295910046,0.999999999996263,"SASH1","OE",FALSE,"Activated",1.62305955895887e-12
"OSR1",4.76483781671437e-09,0.587535891355001,0.000140115071930746,0.990555644053473,0.999999999996263,"SASH1","OE",FALSE,"Activated",1.62305955895887e-12
"ABCA10",4.74580632312484e-09,0.586317802296952,0.000138998025016421,0.990593364509484,0.999999999996263,"SASH1","OE",FALSE,"Activated",1.62305955895887e-12
"NEXN",4.72976321477448e-09,0.585287630574955,0.000138059853057916,0.990625161996679,0.999999999996263,"SASH1","OE",FALSE,"Activated",1.62305955895887e-12
"HSPB8",4.71594464322631e-09,0.58439782920948,0.00013725431461884,0.99065255045743,0.999999999996263,"SASH1","OE",FALSE,"Activated",1.62305955895887e-12
"EMX2",4.71572392469741e-09,0.584383598120676,0.000137241467198539,0.990652987922473,0.999999999996263,"SASH1","OE",FALSE,"Activated",1.62305955895887e-12
"TMEM59L",4.70637786244474e-09,0.583780459965056,0.000136698010345846,0.990671511859354,0.999999999996263,"SASH1","OE",FALSE,"Activated",1.62305955895887e-12
"TSPAN15",4.69879432014227e-09,0.583290287407417,0.000136257833217686,0.990686542477565,0.999999999996263,"SASH1","OE",FALSE,"Activated",1.62305955895887e-12
"PDZRN4",4.69311605745849e-09,0.582922808215821,0.000135928710373362,0.990697796824347,0.999999999996263,"SASH1","OE",FALSE,"Activated",1.62305955895887e-12
"IL32",4.62795110317068e-09,0.578677227622556,0.000132180116937264,0.99082695424162,0.999999999996263,"SASH1","OE",FALSE,"Activated",1.62305955895887e-12
"SLC8A1",4.62749709197451e-09,0.578647463748292,0.000132154183945298,0.990827854095987,0.999999999996263,"SASH1","OE",FALSE,"Activated",1.62305955895887e-12
"SHC4",4.58363312021421e-09,0.575759631997964,0.000129660683309811,0.990914792946377,0.999999999996263,"SASH1","OE",FALSE,"Activated",1.62305955895887e-12
"KLF2",4.57911646656421e-09,0.57546089089286,0.000129405277239634,0.990923745007252,0.999999999996263,"SASH1","OE",FALSE,"Activated",1.62305955895887e-12
"KCNJ8",4.57025628574084e-09,0.574874103987256,0.000128904986441472,0.990941305993599,0.999999999996263,"SASH1","OE",FALSE,"Activated",1.62305955895887e-12
"TTK",4.50786401264178e-09,0.570713383612275,0.000125409437798307,0.991064968362862,0.999999999996263,"SASH1","OE",FALSE,"Activated",1.62305955895887e-12
"ATF3",4.50089321933616e-09,0.570245377077889,0.000125021880698404,0.991078784587342,0.999999999996263,"SASH1","OE",FALSE,"Activated",1.62305955895887e-12
"LGI4",4.50038830118427e-09,0.570211452959001,0.000124993831920932,0.991079785343346,0.999999999996263,"SASH1","OE",FALSE,"Activated",1.62305955895887e-12
"SYNM",4.49682215936572e-09,0.569971757679931,0.000124795818285172,0.991086853494937,0.999999999996263,"SASH1","OE",FALSE,"Activated",1.62305955895887e-12
"KIF20A",4.48601085926369e-09,0.569244059210204,0.000124196469184951,0.991108281673384,0.999999999996263,"SASH1","OE",FALSE,"Activated",1.62305955895887e-12
"GPAT2",4.48480546776429e-09,0.569162829634637,0.000124129734948238,0.991110670779986,0.999999999996263,"SASH1","OE",FALSE,"Activated",1.62305955895887e-12
"FZD4",4.47589521872695e-09,0.568561783047483,0.000123636991995515,0.991128331048693,0.999999999996263,"SASH1","OE",FALSE,"Activated",1.62305955895887e-12
"KIT",4.45854263403687e-09,0.56738821853363,0.000122680194536702,0.991162724186101,0.999999999996263,"SASH1","OE",FALSE,"Activated",1.62305955895887e-12
"XCL2",4.40222297391475e-09,0.563551336432908,0.000119600413206604,0.991274350886188,0.999999999996263,"SASH1","OE",FALSE,"Activated",1.62305955895887e-12
"PDE1A",4.40003857711517e-09,0.56340165005794,0.000119481750456593,0.991278680408072,0.999999999996263,"SASH1","OE",FALSE,"Activated",1.62305955895887e-12
"RGS7BP",4.39841592665382e-09,0.563290415073476,0.000119393641516179,0.991281896536684,0.999999999996263,"SASH1","OE",FALSE,"Activated",1.62305955895887e-12
"CXCL1",4.37207261572507e-09,0.561479462175752,0.000117967762257546,0.991334109573385,0.999999999996263,"SASH1","OE",FALSE,"Activated",1.62305955895887e-12
"C3orf80",4.36701670438958e-09,0.561130796794986,0.000117695081660866,0.991344130507991,0.999999999996263,"SASH1","OE",FALSE,"Activated",1.62305955895887e-12
"VWF",4.3392816568244e-09,0.559211777853628,0.000116204859321536,0.991399102045683,0.999999999996263,"SASH1","OE",FALSE,"Activated",1.62305955895887e-12
"APOBEC3H",4.33928162151476e-09,0.559211775403637,0.000116204857430369,0.991399102115668,0.999999999996263,"SASH1","OE",FALSE,"Activated",1.62305955895887e-12
"STRA6",4.31696057004779e-09,0.557659485127747,0.000115012428083011,0.991443343011304,0.999999999996263,"SASH1","OE",FALSE,"Activated",1.62305955895887e-12
"SYPL2",4.28172372254673e-09,0.555194514697513,0.00011314253119457,0.991513183398941,0.999999999996263,"SASH1","OE",FALSE,"Activated",1.62305955895887e-12
"BIRC3",4.2806024585482e-09,0.555115784126697,0.000113083281208229,0.991515405775674,0.999999999996263,"SASH1","OE",FALSE,"Activated",1.62305955895887e-12
"ITIH4",4.26797686956294e-09,0.554228009300722,0.0001124171892329,0.991540430052136,0.999999999996263,"SASH1","OE",FALSE,"Activated",1.62305955895887e-12
"EBI3",4.26448310905084e-09,0.553981934617197,0.000112233215423896,0.991547354786311,0.999999999996263,"SASH1","OE",FALSE,"Activated",1.62305955895887e-12
"PTP4A3",4.2643302677048e-09,0.553971165543304,0.000112225170571624,0.991547657722285,0.999999999996263,"SASH1","OE",FALSE,"Activated",1.62305955895887e-12
"DIRC3",4.24221173889019e-09,0.552409111761642,0.000111063994985189,0.991591497299729,0.999999999996263,"SASH1","OE",FALSE,"Activated",1.62305955895887e-12
"ADAMTS1",4.22737116372799e-09,0.551357010120659,0.000110288281458832,0.991620911772297,0.999999999996263,"SASH1","OE",FALSE,"Activated",1.62305955895887e-12
"CADPS",4.20095871741234e-09,0.549476453420893,0.000108914433221209,0.991673262074549,0.999999999996263,"SASH1","OE",FALSE,"Activated",1.62305955895887e-12
"PRUNE2",4.18741984447722e-09,0.548508444818185,0.000108213544385553,0.991700096561944,0.999999999996263,"SASH1","OE",FALSE,"Activated",1.62305955895887e-12
"PMAIP1",4.17838487123245e-09,0.547860921417106,0.000107747074940469,0.991718004178594,0.999999999996263,"SASH1","OE",FALSE,"Activated",1.62305955895887e-12
"KRT81",4.17248841860208e-09,0.547437665030338,0.000107443188504099,0.991729691145536,0.999999999996263,"SASH1","OE",FALSE,"Activated",1.62305955895887e-12
"ITGA5",4.15360528732852e-09,0.546078646329119,0.000106472893232695,0.991767118157185,0.999999999996263,"SASH1","OE",FALSE,"Activated",1.62305955895887e-12
"ZNF385B",4.14769165151099e-09,0.545651921629779,0.000106169930553442,0.991778839189245,0.999999999996263,"SASH1","OE",FALSE,"Activated",1.62305955895887e-12
"RGS1",4.14076225835791e-09,0.545151217206604,0.000105815478629785,0.991792573489963,0.999999999996263,"SASH1","OE",FALSE,"Activated",1.62305955895887e-12
"CD3E",4.13719746735292e-09,0.544893344449312,0.000105633363515509,0.991799639031944,0.999999999996263,"SASH1","OE",FALSE,"Activated",1.62305955895887e-12
"MIR155HG",4.11305062321635e-09,0.543141413190648,0.000104403899009619,0.991847498948829,0.999999999996263,"SASH1","OE",FALSE,"Activated",1.62305955895887e-12
"KCNMB1",4.07144447592198e-09,0.540101361965947,0.000102302357350648,0.99192996390365,0.999999999996263,"SASH1","OE",FALSE,"Activated",1.62305955895887e-12
"BRCA2",4.05374195783322e-09,0.538799570598556,0.000101414676216757,0.991965050989075,0.999999999996263,"SASH1","OE",FALSE,"Activated",1.62305955895887e-12
"LINC02054",4.05105932957471e-09,0.538601860715459,0.000101280495077573,0.991970368064896,0.999999999996263,"SASH1","OE",FALSE,"Activated",1.62305955895887e-12
"TNFSF11",4.04063949713442e-09,0.537832821529126,0.00010076015287208,0.991991020590276,0.999999999996263,"SASH1","OE",FALSE,"Activated",1.62305955895887e-12
"ADM",4.03398846555778e-09,0.537341024978241,0.000100428716520707,0.99200420320415,0.999999999996263,"SASH1","OE",FALSE,"Activated",1.62305955895887e-12
"AL022476.1",3.99488625902588e-09,0.534435150537134,9.84912038330092e-05,0.992081705404698,0.999999999996263,"SASH1","OE",FALSE,"Activated",1.62305955895887e-12
"IDO1",3.97663446044952e-09,0.533070175311534,9.75932883612759e-05,0.992117881254629,0.999999999996263,"SASH1","OE",FALSE,"Activated",1.62305955895887e-12
"MT1M",3.97058438730955e-09,0.532616496446675,9.72965563462252e-05,0.992129872763433,0.999999999996263,"SASH1","OE",FALSE,"Activated",1.62305955895887e-12
"LBH",3.97006513455826e-09,0.532577530665865,9.72711101165651e-05,0.992130901945113,0.999999999996263,"SASH1","OE",FALSE,"Activated",1.62305955895887e-12
"SSTR2",3.94638156252936e-09,0.530795471993386,9.61140228753633e-05,0.992177843835374,0.999999999996263,"SASH1","OE",FALSE,"Activated",1.62305955895887e-12
"SLPI",3.94326231206777e-09,0.530560063080324,9.59621443902818e-05,0.992184026330166,0.999999999996263,"SASH1","OE",FALSE,"Activated",1.62305955895887e-12
"AC129507.1",3.92654747891644e-09,0.529295794732948,9.51503334684524e-05,0.992217155889687,0.999999999996263,"SASH1","OE",FALSE,"Activated",1.62305955895887e-12
"AC002451.1",3.92654746761245e-09,0.52929579387634,9.51503329206031e-05,0.992217155912092,0.999999999996263,"SASH1","OE",FALSE,"Activated",1.62305955895887e-12
"CXCL13",3.92601885116862e-09,0.529255733276538,9.51247151761011e-05,0.992218203654145,0.999999999996263,"SASH1","OE",FALSE,"Activated",1.62305955895887e-12
"GBP1",3.91993368955586e-09,0.528794233303749,9.4830065205576e-05,0.992230264724713,0.999999999996263,"SASH1","OE",FALSE,"Activated",1.62305955895887e-12
"RAD51AP1",3.90240231079817e-09,0.527461108726042,9.39837324541898e-05,0.992265012734733,0.999999999996263,"SASH1","OE",FALSE,"Activated",1.62305955895887e-12
"SERPINE1",3.87319239901657e-09,0.525228146342412,9.25820408590782e-05,0.992322908174219,0.999999999996263,"SASH1","OE",FALSE,"Activated",1.62305955895887e-12
"LINC02381",3.84411569946369e-09,0.522990568907403,9.1197200996627e-05,0.992380539620856,0.999999999996263,"SASH1","OE",FALSE,"Activated",1.62305955895887e-12
"GIMAP4",3.79896399939823e-09,0.519486188733305,8.90674388508578e-05,0.992470032586733,0.999999999996263,"SASH1","OE",FALSE,"Activated",1.62305955895887e-12
"MT1A",3.78140524721894e-09,0.518113466693877,8.82460049571101e-05,0.99250483495221,0.999999999996263,"SASH1","OE",FALSE,"Activated",1.62305955895887e-12
"SORBS1",3.77058633423811e-09,0.51726485570291,8.77417690916454e-05,0.992526278610879,0.999999999996263,"SASH1","OE",FALSE,"Activated",1.62305955895887e-12
"MMP1",3.74633872975956e-09,0.51535510185221,8.66169111771565e-05,0.992574338667076,0.999999999996263,"SASH1","OE",FALSE,"Activated",1.62305955895887e-12
"SPOCK2",3.74551310389307e-09,0.515289883436582,8.65787377564428e-05,0.992575975102424,0.999999999996263,"SASH1","OE",FALSE,"Activated",1.62305955895887e-12
"KCNK17",3.73666319068226e-09,0.514590007467797,8.61700839422883e-05,0.992593516113442,0.999999999996263,"SASH1","OE",FALSE,"Activated",1.62305955895887e-12
"PCOLCE2",3.71625708013122e-09,0.512970647027229,8.52314952479014e-05,0.992633962151963,0.999999999996263,"SASH1","OE",FALSE,"Activated",1.62305955895887e-12
"EPHA3",3.70907960816171e-09,0.512399202439992,8.49025858641158e-05,0.992648188302457,0.999999999996263,"SASH1","OE",FALSE,"Activated",1.62305955895887e-12
"GPRC5C",3.70605797738884e-09,0.512158339297177,8.47643090971893e-05,0.992654177344186,0.999999999996263,"SASH1","OE",FALSE,"Activated",1.62305955895887e-12
"AC044839.1",3.70381975769174e-09,0.511979812493578,8.46619556759912e-05,0.992658613621474,0.999999999996263,"SASH1","OE",FALSE,"Activated",1.62305955895887e-12
"AL355881.1",3.6898607904597e-09,0.510864253541075,8.40250097289219e-05,0.992686281084514,0.999999999996263,"SASH1","OE",FALSE,"Activated",1.62305955895887e-12
"PRKAA2",3.68166034381197e-09,0.510207161724507,8.36519458249127e-05,0.992702534837965,0.999999999996263,"SASH1","OE",FALSE,"Activated",1.62305955895887e-12
"PEG10",3.650128001859e-09,0.507668430050704,8.22251732424854e-05,0.99276503376817,0.999999999996263,"SASH1","OE",FALSE,"Activated",1.62305955895887e-12
"ERRFI1",3.6407464884681e-09,0.50690937252829,8.18030481846546e-05,0.9927836284803,0.999999999996263,"SASH1","OE",FALSE,"Activated",1.62305955895887e-12
"GADD45G",3.63334748473173e-09,0.506309502076719,8.14708932092123e-05,0.992798293744286,0.999999999996263,"SASH1","OE",FALSE,"Activated",1.62305955895887e-12
"IGHGP",3.62726411644293e-09,0.505815488565444,8.1198305717694e-05,0.992810351342652,0.999999999996263,"SASH1","OE",FALSE,"Activated",1.62305955895887e-12
"CCL3L1",3.61523916931986e-09,0.504836822466993,8.06608279750484e-05,0.992834185509067,0.999999999996263,"SASH1","OE",FALSE,"Activated",1.62305955895887e-12
"TMOD1",3.60682972114294e-09,0.504150701274491,8.02860123098874e-05,0.992850853543526,0.999999999996263,"SASH1","OE",FALSE,"Activated",1.62305955895887e-12
"CD1A",3.59484320131555e-09,0.503170286674107,7.97532725513326e-05,0.992874611555545,0.999999999996263,"SASH1","OE",FALSE,"Activated",1.62305955895887e-12
"SMPX",3.5948432003105e-09,0.503170286591781,7.9753272506738e-05,0.992874611557537,0.999999999996263,"SASH1","OE",FALSE,"Activated",1.62305955895887e-12
"MMP7",3.59427599732373e-09,0.503123821901271,7.97281071667747e-05,0.992875735788544,0.999999999996263,"SASH1","OE",FALSE,"Activated",1.62305955895887e-12
"CCL19",3.56998447632044e-09,0.50112779100767,7.86540814401403e-05,0.992923883081962,0.999999999996263,"SASH1","OE",FALSE,"Activated",1.62305955895887e-12
"FRZB",3.56970491318645e-09,0.501104749712872,7.86417632238061e-05,0.992924437193493,0.999999999996263,"SASH1","OE",FALSE,"Activated",1.62305955895887e-12
"CRB2",3.55335745726915e-09,0.499754634733572,7.79231329145062e-05,0.992956838874475,0.999999999996263,"SASH1","OE",FALSE,"Activated",1.62305955895887e-12
"JAG1",3.53923480285711e-09,0.498583845816287,7.73049600547434e-05,0.992984830868955,0.999999999996263,"SASH1","OE",FALSE,"Activated",1.62305955895887e-12
"IGKC",3.52815654647354e-09,0.497662554958656,7.68217686940707e-05,0.993006788679992,0.999999999996263,"SASH1","OE",FALSE,"Activated",1.62305955895887e-12
"CCL8",3.4714964378023e-09,0.492910308942863,7.43741569897217e-05,0.993119092713224,0.999999999996263,"SASH1","OE",FALSE,"Activated",1.62305955895887e-12
"CHI3L2",3.45453089536532e-09,0.491474052515249,7.36489857707419e-05,0.993152719552189,0.999999999996263,"SASH1","OE",FALSE,"Activated",1.62305955895887e-12
"IGHG1",3.44703353357672e-09,0.49083736362386,7.33296521660981e-05,0.993167579828203,0.999999999996263,"SASH1","OE",FALSE,"Activated",1.62305955895887e-12
"EFHD1",3.44375626604879e-09,0.490558668750054,7.31902821002242e-05,0.993174075593912,0.999999999996263,"SASH1","OE",FALSE,"Activated",1.62305955895887e-12
"CD8A",3.42168111442502e-09,0.488675307177369,7.22549614696348e-05,0.993217830047979,0.999999999996263,"SASH1","OE",FALSE,"Activated",1.62305955895887e-12
"NCAPD2",3.40919196684115e-09,0.487605033000679,7.17284623830343e-05,0.993242584398174,0.999999999996263,"SASH1","OE",FALSE,"Activated",1.62305955895887e-12
"APOC1",3.40455252294423e-09,0.487206568707037,7.15333699704487e-05,0.99325178009699,0.999999999996263,"SASH1","OE",FALSE,"Activated",1.62305955895887e-12
"CLIC5",3.36995543541238e-09,0.484219962682577,7.00869117103092e-05,0.993320353946498,0.999999999996263,"SASH1","OE",FALSE,"Activated",1.62305955895887e-12
"AC021739.4",3.36995542177442e-09,0.484219961499956,7.00869111430361e-05,0.99332035397353,0.999999999996263,"SASH1","OE",FALSE,"Activated",1.62305955895887e-12
"TNFRSF17",3.36995537249065e-09,0.484219957226294,7.00869090930702e-05,0.993320354071214,0.999999999996263,"SASH1","OE",FALSE,"Activated",1.62305955895887e-12
"IGHV3-33",3.36995531821528e-09,0.484219952519784,7.00869068354775e-05,0.993320354178791,0.999999999996263,"SASH1","OE",FALSE,"Activated",1.62305955895887e-12
"PHLDA2",3.35480488824706e-09,0.482903565184929,6.9458138924813e-05,0.993350383407181,0.999999999996263,"SASH1","OE",FALSE,"Activated",1.62305955895887e-12
"PTX3",3.35150479804853e-09,0.482616132450521,6.9321555492248e-05,0.993356924421624,0.999999999996263,"SASH1","OE",FALSE,"Activated",1.62305955895887e-12
"WDFY4",3.33030636820186e-09,0.480763808426915,6.844740440833e-05,0.993398941234046,0.999999999996263,"SASH1","OE",FALSE,"Activated",1.62305955895887e-12
"MIR193BHG",3.32571483873806e-09,0.480361229896518,6.82587961603743e-05,0.993408041978055,0.999999999996263,"SASH1","OE",FALSE,"Activated",1.62305955895887e-12
"MZB1",3.31694257372831e-09,0.479590725938628,6.78991775104745e-05,0.993425429245154,0.999999999996263,"SASH1","OE",FALSE,"Activated",1.62305955895887e-12
"TOP2A",3.31016329234532e-09,0.478994041906761,6.76219117915128e-05,0.99343886627593,0.999999999996263,"SASH1","OE",FALSE,"Activated",1.62305955895887e-12
"NPTX2",3.29887025883734e-09,0.477997679193642,6.71612977408784e-05,0.993461249897175,0.999999999996263,"SASH1","OE",FALSE,"Activated",1.62305955895887e-12
"P2RY14",3.29824698562498e-09,0.477942601449977,6.71359218514961e-05,0.993462485270576,0.999999999996263,"SASH1","OE",FALSE,"Activated",1.62305955895887e-12
"TIGIT",3.28602365805071e-09,0.476860584459617,6.66392314893749e-05,0.993486712809045,0.999999999996263,"SASH1","OE",FALSE,"Activated",1.62305955895887e-12
"PTPRN",3.28262724767876e-09,0.47655930185256,6.65015470221509e-05,0.993493444746439,0.999999999996263,"SASH1","OE",FALSE,"Activated",1.62305955895887e-12
"GIMAP7",3.26926002468896e-09,0.475370870105395,6.59610463755749e-05,0.993519939578841,0.999999999996263,"SASH1","OE",FALSE,"Activated",1.62305955895887e-12
"XIRP1",3.26250867139693e-09,0.474769001938742,6.56888951840307e-05,0.993533321267052,0.999999999996263,"SASH1","OE",FALSE,"Activated",1.62305955895887e-12
"NDC80",3.2581328789152e-09,0.474378322828905,6.55128047949521e-05,0.99354199441667,0.999999999996263,"SASH1","OE",FALSE,"Activated",1.62305955895887e-12
"C5AR1",3.25720736854645e-09,0.474295632215665,6.54755907397523e-05,0.993543828847887,0.999999999996263,"SASH1","OE",FALSE,"Activated",1.62305955895887e-12
"CCK",3.23174341098205e-09,0.472012363129815,6.44558518317971e-05,0.993594300341896,0.999999999996263,"SASH1","OE",FALSE,"Activated",1.62305955895887e-12
"SCNN1D",3.23121789304383e-09,0.471965074803417,6.4434891038806e-05,0.993595341958553,0.999999999996263,"SASH1","OE",FALSE,"Activated",1.62305955895887e-12
"IL4I1",3.21479435046583e-09,0.470483785990523,6.37815400163817e-05,0.993627894678765,0.999999999996263,"SASH1","OE",FALSE,"Activated",1.62305955895887e-12
"ARHGAP15",3.21293154147451e-09,0.470315352478455,6.37076451476627e-05,0.993631586909636,0.999999999996263,"SASH1","OE",FALSE,"Activated",1.62305955895887e-12
"CD3G",3.20036783092032e-09,0.469177098640336,6.32103799742466e-05,0.993656489155012,0.999999999996263,"SASH1","OE",FALSE,"Activated",1.62305955895887e-12
"CCR7",3.19616903597234e-09,0.468795815317507,6.3044628201655e-05,0.993664811492505,0.999999999996263,"SASH1","OE",FALSE,"Activated",1.62305955895887e-12
"SCG5",3.18912362874914e-09,0.468155043821592,6.27669923695204e-05,0.993678776038028,0.999999999996263,"SASH1","OE",FALSE,"Activated",1.62305955895887e-12
"MYOM1",3.18128176096e-09,0.467440365461027,6.24586911842394e-05,0.993694319232664,0.999999999996263,"SASH1","OE",FALSE,"Activated",1.62305955895887e-12
"GBP4",3.17485705891478e-09,0.466853683501512,6.22066712038421e-05,0.993707053495858,0.999999999996263,"SASH1","OE",FALSE,"Activated",1.62305955895887e-12
"ZNF141",3.17008069349845e-09,0.466416843136357,6.20196402368963e-05,0.993716520627652,0.999999999996263,"SASH1","OE",FALSE,"Activated",1.62305955895887e-12
"CDKN1A",3.16981193849754e-09,0.466392245897413,6.20091248061981e-05,0.993717053321221,0.999999999996263,"SASH1","OE",FALSE,"Activated",1.62305955895887e-12
"FGFBP2",3.16511759806428e-09,0.465962309321128,6.18255956878752e-05,0.99372635787396,0.999999999996263,"SASH1","OE",FALSE,"Activated",1.62305955895887e-12
"AC103706.1",3.1401926818596e-09,0.463670068473547,6.0855691626395e-05,0.99377576103668,0.999999999996263,"SASH1","OE",FALSE,"Activated",1.62305955895887e-12
"C7",3.13265454094086e-09,0.46297365678833,6.05638699348804e-05,0.993790702235146,0.999999999996263,"SASH1","OE",FALSE,"Activated",1.62305955895887e-12
"MCM10",3.13131582120353e-09,0.462849824565804,6.05121178358854e-05,0.993793355685012,0.999999999996263,"SASH1","OE",FALSE,"Activated",1.62305955895887e-12
"SLAMF1",3.12374759160547e-09,0.462148880354591,6.02199619609393e-05,0.993808356524226,0.999999999996263,"SASH1","OE",FALSE,"Activated",1.62305955895887e-12
"MS4A6A",3.11873387244849e-09,0.46168370122047,6.00268069972724e-05,0.993818294119683,0.999999999996263,"SASH1","OE",FALSE,"Activated",1.62305955895887e-12
"NRGN",3.11679716095417e-09,0.461503834110856,5.99522777073802e-05,0.993822132838213,0.999999999996263,"SASH1","OE",FALSE,"Activated",1.62305955895887e-12
"INSIG1",3.10731668101913e-09,0.460621934153848,5.95881141698755e-05,0.993840923916855,0.999999999996263,"SASH1","OE",FALSE,"Activated",1.62305955895887e-12
"AKAP6",3.1035162387856e-09,0.460267740312695,5.94424433414029e-05,0.993848456701953,0.999999999996263,"SASH1","OE",FALSE,"Activated",1.62305955895887e-12
"MS4A7",3.10107878952091e-09,0.460040373388808,5.93491098239347e-05,0.993853287924603,0.999999999996263,"SASH1","OE",FALSE,"Activated",1.62305955895887e-12
"BIN1",3.09338600745639e-09,0.459321750367348,5.90550228243076e-05,0.993868535645688,0.999999999996263,"SASH1","OE",FALSE,"Activated",1.62305955895887e-12
"DBF4",3.0928800758984e-09,0.459274433440009,5.90357071900249e-05,0.993869538443353,0.999999999996263,"SASH1","OE",FALSE,"Activated",1.62305955895887e-12
"SLN",3.08504902097743e-09,0.458541167142789,5.8737133319763e-05,0.99388506023496,0.999999999996263,"SASH1","OE",FALSE,"Activated",1.62305955895887e-12
"SIGLEC1",3.07957458915514e-09,0.458027589438569,5.85288597191988e-05,0.993895911008137,0.999999999996263,"SASH1","OE",FALSE,"Activated",1.62305955895887e-12
"SLC13A5",3.04557187770821e-09,0.454819512357809,5.72435179039788e-05,0.993963307198145,0.999999999996263,"SASH1","OE",FALSE,"Activated",1.62305955895887e-12
"NFKBIA",3.03351194596949e-09,0.453674094422273,5.67910668650999e-05,0.993987210991962,0.999999999996263,"SASH1","OE",FALSE,"Activated",1.62305955895887e-12
"ERFE",3.03337791642698e-09,0.45366134213136,5.6786048580885e-05,0.993987476649761,0.999999999996263,"SASH1","OE",FALSE,"Activated",1.62305955895887e-12
"CXCL8",3.02740717821562e-09,0.45309274926797,5.65627193743026e-05,0.993999311154523,0.999999999996263,"SASH1","OE",FALSE,"Activated",1.62305955895887e-12
"LINC01197",3.02513642096864e-09,0.452876245659441,5.64778995743807e-05,0.99400381198651,0.999999999996263,"SASH1","OE",FALSE,"Activated",1.62305955895887e-12
"FOXC2",3.02042307136541e-09,0.45242639709387,5.63020445579859e-05,0.994013154242741,0.999999999996263,"SASH1","OE",FALSE,"Activated",1.62305955895887e-12
"FGF10",3.01918840140442e-09,0.452308456176147,5.62560243590449e-05,0.994015601462818,0.999999999996263,"SASH1","OE",FALSE,"Activated",1.62305955895887e-12
"CD79A",3.01784817370948e-09,0.45218038378166,5.62060909745778e-05,0.994018257907296,0.999999999996263,"SASH1","OE",FALSE,"Activated",1.62305955895887e-12
"HSPA2",3.01310353588912e-09,0.451726581890472,5.60294963313514e-05,0.994027662180691,0.999999999996263,"SASH1","OE",FALSE,"Activated",1.62305955895887e-12
"GAP43",3.00709026826172e-09,0.451150535305933,5.58060827277117e-05,0.994039580986839,0.999999999996263,"SASH1","OE",FALSE,"Activated",1.62305955895887e-12
"PDE4C",2.97662847196283e-09,0.448216717585326,5.46811791719462e-05,0.994099958869553,0.999999999996263,"SASH1","OE",FALSE,"Activated",1.62305955895887e-12
"BAMBI",2.94796438898405e-09,0.44543175973723,5.36331215238164e-05,0.994156773561743,0.999999999996263,"SASH1","OE",FALSE,"Activated",1.62305955895887e-12
"CD7",2.94004347408569e-09,0.444657965121891,5.3345293989802e-05,0.994172473505546,0.999999999996263,"SASH1","OE",FALSE,"Activated",1.62305955895887e-12
"ITGA7",2.91777223179515e-09,0.442472392331607,5.25401588993544e-05,0.994216617061245,0.999999999996263,"SASH1","OE",FALSE,"Activated",1.62305955895887e-12
"ATAD2",2.91277742536202e-09,0.441980211471686,5.23604304740997e-05,0.994226517208141,0.999999999996263,"SASH1","OE",FALSE,"Activated",1.62305955895887e-12
"ADAMTS6",2.90658513485442e-09,0.441368997896366,5.21380404270637e-05,0.994238790875325,0.999999999996263,"SASH1","OE",FALSE,"Activated",1.62305955895887e-12
"FCER1G",2.90195542535844e-09,0.440911269080614,5.19720781536099e-05,0.994247967369703,0.999999999996263,"SASH1","OE",FALSE,"Activated",1.62305955895887e-12
"AL024507.2",2.8956620361506e-09,0.440288022246438,5.17469018137234e-05,0.994260441425878,0.999999999996263,"SASH1","OE",FALSE,"Activated",1.62305955895887e-12
"HAO2",2.89451379492618e-09,0.440174180799882,5.17058706820432e-05,0.994262717342084,0.999999999996263,"SASH1","OE",FALSE,"Activated",1.62305955895887e-12
"EVI2A",2.89238264122876e-09,0.43996278369558,5.1629759390726e-05,0.994266941478334,0.999999999996263,"SASH1","OE",FALSE,"Activated",1.62305955895887e-12
"CD69",2.887536726641e-09,0.439481587560853,5.14569027203164e-05,0.994276546512816,0.999999999996263,"SASH1","OE",FALSE,"Activated",1.62305955895887e-12
"AKR1C3",2.87193634953477e-09,0.437927628729498,5.09023964553277e-05,0.994307467855852,0.999999999996263,"SASH1","OE",FALSE,"Activated",1.62305955895887e-12
"CKAP2L",2.87025218268444e-09,0.437759423388833,5.08427133831085e-05,0.994310806025727,0.999999999996263,"SASH1","OE",FALSE,"Activated",1.62305955895887e-12
"SNHG9",2.86773904564632e-09,0.437508263138894,5.07537185774484e-05,0.994315787289112,0.999999999996263,"SASH1","OE",FALSE,"Activated",1.62305955895887e-12
"AC008393.1",2.85844706828753e-09,0.43657794402198,5.04253495318971e-05,0.994334204824931,0.999999999996263,"SASH1","OE",FALSE,"Activated",1.62305955895887e-12
"ECEL1",2.85526768238112e-09,0.436259009283108,5.03132379687072e-05,0.994340506654778,0.999999999996263,"SASH1","OE",FALSE,"Activated",1.62305955895887e-12
"MYOCD",2.85419115369659e-09,0.436150948144501,5.02753056701054e-05,0.994342640431882,0.999999999996263,"SASH1","OE",FALSE,"Activated",1.62305955895887e-12
"IGLV3-1",2.85270908002325e-09,0.43600211988536,5.0223107090975e-05,0.994345578035855,0.999999999996263,"SASH1","OE",FALSE,"Activated",1.62305955895887e-12
"RRAGD",2.83415778110649e-09,0.434133426579849,4.95720246360427e-05,0.994382348393483,0.999999999996263,"SASH1","OE",FALSE,"Activated",1.62305955895887e-12
"TPPP3",2.83321586171497e-09,0.434038258513631,4.95390800395807e-05,0.994384215363497,0.999999999996263,"SASH1","OE",FALSE,"Activated",1.62305955895887e-12
"TAGAP",2.81482329350478e-09,0.432174326810331,4.88979757504789e-05,0.99442067111484,0.999999999996263,"SASH1","OE",FALSE,"Activated",1.62305955895887e-12
"SUSD5",2.81377622208447e-09,0.432067892134534,4.88616039112321e-05,0.994422746506452,0.999999999996263,"SASH1","OE",FALSE,"Activated",1.62305955895887e-12
"LINC02076",2.78089502598182e-09,0.428707621831901,4.77263035205899e-05,0.994487920072747,0.999999999996263,"SASH1","OE",FALSE,"Activated",1.62305955895887e-12
"AGT",2.7741035358503e-09,0.428009207290277,4.7493474220262e-05,0.994501381437781,0.999999999996263,"SASH1","OE",FALSE,"Activated",1.62305955895887e-12
"CORO1A",2.75310864299758e-09,0.425840584635567,4.67773169462173e-05,0.994542995277773,0.999999999996263,"SASH1","OE",FALSE,"Activated",1.62305955895887e-12
"SGO2",2.75228665846445e-09,0.425755383185024,4.67493888866662e-05,0.99454462452825,0.999999999996263,"SASH1","OE",FALSE,"Activated",1.62305955895887e-12
"CCL13",2.74952610358268e-09,0.425469078097412,4.66556562572255e-05,0.994550096207233,0.999999999996263,"SASH1","OE",FALSE,"Activated",1.62305955895887e-12
"F13A1",2.74886539776306e-09,0.425400516800997,4.66332364228451e-05,0.994551405788244,0.999999999996263,"SASH1","OE",FALSE,"Activated",1.62305955895887e-12
"ZBTB16",2.74374995935926e-09,0.424869196504942,4.64598357993692e-05,0.994561545068275,0.999999999996263,"SASH1","OE",FALSE,"Activated",1.62305955895887e-12
"GJA1",2.73621924954294e-09,0.424085419700848,4.62051512261649e-05,0.994576471645004,0.999999999996263,"SASH1","OE",FALSE,"Activated",1.62305955895887e-12
"DHFR",2.73426871833327e-09,0.423882103303517,4.61392994369949e-05,0.994580337782035,0.999999999996263,"SASH1","OE",FALSE,"Activated",1.62305955895887e-12
"FMO3",2.733723696339e-09,0.423825269296919,4.6120907370001e-05,0.994581418067113,0.999999999996263,"SASH1","OE",FALSE,"Activated",1.62305955895887e-12
"SELP",2.70734041166223e-09,0.421062041177425,4.52349734811158e-05,0.99463371224146,0.999999999996263,"SASH1","OE",FALSE,"Activated",1.62305955895887e-12
"DDIT4L",2.70378220233342e-09,0.420687559995064,4.51161485757156e-05,0.994640764951839,0.999999999996263,"SASH1","OE",FALSE,"Activated",1.62305955895887e-12
"SLA",2.69967288938357e-09,0.420254537131412,4.49791142486652e-05,0.994648910002697,0.999999999996263,"SASH1","OE",FALSE,"Activated",1.62305955895887e-12
"BUB1B",2.68635737484948e-09,0.418847397176761,4.45365102322451e-05,0.994675302628455,0.999999999996263,"SASH1","OE",FALSE,"Activated",1.62305955895887e-12
"LRRC10B",2.68256340961069e-09,0.418445337431371,4.44108004853597e-05,0.99468282263218,0.999999999996263,"SASH1","OE",FALSE,"Activated",1.62305955895887e-12
"ASPM",2.66249816252019e-09,0.416310576723043,4.37489104653807e-05,0.99472259388814,0.999999999996263,"SASH1","OE",FALSE,"Activated",1.62305955895887e-12
"FCRL5",2.65793296901857e-09,0.415822900895695,4.35990128842974e-05,0.99473164254402,0.999999999996263,"SASH1","OE",FALSE,"Activated",1.62305955895887e-12
"PDE3B",2.65256765164846e-09,0.415248806886101,4.34231721499821e-05,0.994742277123804,0.999999999996263,"SASH1","OE",FALSE,"Activated",1.62305955895887e-12
"HYOU1",2.6501657338793e-09,0.414991467522028,4.33445678082271e-05,0.994747037958255,0.999999999996263,"SASH1","OE",FALSE,"Activated",1.62305955895887e-12
"GRIN2A",2.62292231772076e-09,0.412058143674205,4.24579933891294e-05,0.994801037069806,0.999999999996263,"SASH1","OE",FALSE,"Activated",1.62305955895887e-12
"CENPK",2.60669426419408e-09,0.410298059859191,4.19342423606663e-05,0.99483320266814,0.999999999996263,"SASH1","OE",FALSE,"Activated",1.62305955895887e-12
"NEDD9",2.58127500187618e-09,0.407521584123044,4.11203837816768e-05,0.994883586163233,0.999999999996263,"SASH1","OE",FALSE,"Activated",1.62305955895887e-12
"ARHGAP11A",2.54462356128412e-09,0.403475497423236,3.99609400813399e-05,0.994956232983814,0.999999999996263,"SASH1","OE",FALSE,"Activated",1.62305955895887e-12
"HMMR",2.54461985550829e-09,0.403475085737544,3.99608236899172e-05,0.994956240329034,0.999999999996263,"SASH1","OE",FALSE,"Activated",1.62305955895887e-12
"MKI67",2.54044886365725e-09,0.403011382261534,3.98299281719716e-05,0.994964507654664,0.999999999996263,"SASH1","OE",FALSE,"Activated",1.62305955895887e-12
"SLC38A11",2.53306798014573e-09,0.402189176365392,3.95988249150783e-05,0.994979137309944,0.999999999996263,"SASH1","OE",FALSE,"Activated",1.62305955895887e-12
"OASL",2.52756584287753e-09,0.401574880896298,3.94269846463866e-05,0.994990043101848,0.999999999996263,"SASH1","OE",FALSE,"Activated",1.62305955895887e-12
"CALHM6",2.52052031829861e-09,0.400786547141322,3.9207487589479e-05,0.995004008044684,0.999999999996263,"SASH1","OE",FALSE,"Activated",1.62305955895887e-12
"LINC00520",2.5160222550689e-09,0.400282235472717,3.90676748730695e-05,0.995012923662082,0.999999999996263,"SASH1","OE",FALSE,"Activated",1.62305955895887e-12
"CENPM",2.50913717149895e-09,0.399508754916733,3.88541503950496e-05,0.995026570597031,0.999999999996263,"SASH1","OE",FALSE,"Activated",1.62305955895887e-12
"C9",2.50327384342319e-09,0.398848582790568,3.8672774537312e-05,0.995038192309958,0.999999999996263,"SASH1","OE",FALSE,"Activated",1.62305955895887e-12
"AGPAT4",2.49371708621131e-09,0.397769626440858,3.83780558173034e-05,0.99505713477755,0.999999999996263,"SASH1","OE",FALSE,"Activated",1.62305955895887e-12
"PILRA",2.49000845064625e-09,0.397349939755229,3.826398964088e-05,0.995064485672275,0.999999999996263,"SASH1","OE",FALSE,"Activated",1.62305955895887e-12
"LCP1",2.47038495566224e-09,0.39512003416553,3.76632571958488e-05,0.99510338145188,0.999999999996263,"SASH1","OE",FALSE,"Activated",1.62305955895887e-12
"HSPB7",2.46733727310389e-09,0.394772311910591,3.75703851541999e-05,0.995109422272321,0.999999999996263,"SASH1","OE",FALSE,"Activated",1.62305955895887e-12
"ZBTB32",2.44157877727413e-09,0.391818196731282,3.67900256716053e-05,0.995160478272801,0.999999999996263,"SASH1","OE",FALSE,"Activated",1.62305955895887e-12
"FCGR2A",2.43824791510619e-09,0.39143419192934,3.66897144155863e-05,0.995167080387263,0.999999999996263,"SASH1","OE",FALSE,"Activated",1.62305955895887e-12
"KLRC1",2.43639897210816e-09,0.391220833289854,3.66340913024446e-05,0.995170745184293,0.999999999996263,"SASH1","OE",FALSE,"Activated",1.62305955895887e-12
"TRIM72",2.42623443301952e-09,0.390045340520574,3.63290575988207e-05,0.995190892358149,0.999999999996263,"SASH1","OE",FALSE,"Activated",1.62305955895887e-12
"LUCAT1",2.39748183341987e-09,0.386696529034354,3.54731094061956e-05,0.995247883018149,0.999999999996263,"SASH1","OE",FALSE,"Activated",1.62305955895887e-12
"THBD",2.39278132959784e-09,0.386145696954316,3.53341485787896e-05,0.995257199910722,0.999999999996263,"SASH1","OE",FALSE,"Activated",1.62305955895887e-12
"POU3F2",2.36990315338361e-09,0.383450998053736,3.46616957568635e-05,0.995302546869565,0.999999999996263,"SASH1","OE",FALSE,"Activated",1.62305955895887e-12
"CD200R1",2.36854555009164e-09,0.383290373147577,3.46219951016682e-05,0.995305237782991,0.999999999996263,"SASH1","OE",FALSE,"Activated",1.62305955895887e-12
"APLNR",2.34824519564388e-09,0.380878800165326,3.40310612913783e-05,0.995345475240644,0.999999999996263,"SASH1","OE",FALSE,"Activated",1.62305955895887e-12
"PIF1",2.29852978090461e-09,0.374894309747476,3.2605350893476e-05,0.995444016520358,0.999999999996263,"SASH1","OE",FALSE,"Activated",1.62305955895887e-12
"RHOH",2.29455934899844e-09,0.374411461283583,3.24928045904906e-05,0.9954518863449,0.999999999996263,"SASH1","OE",FALSE,"Activated",1.62305955895887e-12
"LINC02384",2.28540497896295e-09,0.373295374568841,3.22340553003231e-05,0.995470031295969,0.999999999996263,"SASH1","OE",FALSE,"Activated",1.62305955895887e-12
"ITIH3",2.28491047477809e-09,0.373234973211291,3.22201075309835e-05,0.99547101145679,0.999999999996263,"SASH1","OE",FALSE,"Activated",1.62305955895887e-12
"CXCL9",2.27363500741026e-09,0.371854590152749,3.19028956443438e-05,0.995493360655453,0.999999999996263,"SASH1","OE",FALSE,"Activated",1.62305955895887e-12
"THSD7A",2.26480962476321e-09,0.370769936996643,3.16557066138233e-05,0.99551085352306,0.999999999996263,"SASH1","OE",FALSE,"Activated",1.62305955895887e-12
"DLGAP5",2.23514827407113e-09,0.36709698925826,3.08319707352523e-05,0.99556964555969,0.999999999996263,"SASH1","OE",FALSE,"Activated",1.62305955895887e-12
"SOX11",2.23059098697745e-09,0.366528858063933,3.0706371105458e-05,0.995578678602588,0.999999999996263,"SASH1","OE",FALSE,"Activated",1.62305955895887e-12
"SLC16A6",2.22688807951708e-09,0.366066483280391,3.06045070929856e-05,0.995586018171755,0.999999999996263,"SASH1","OE",FALSE,"Activated",1.62305955895887e-12
"CSF2RA",2.22072399173207e-09,0.365295279803441,3.04353133401169e-05,0.995598236071392,0.999999999996263,"SASH1","OE",FALSE,"Activated",1.62305955895887e-12
"KIF4A",2.21822571460008e-09,0.364982176786805,3.03668734276552e-05,0.99560318793161,0.999999999996263,"SASH1","OE",FALSE,"Activated",1.62305955895887e-12
"CX3CL1",2.21582714105788e-09,0.364681276630795,3.03012373662183e-05,0.995607942168499,0.999999999996263,"SASH1","OE",FALSE,"Activated",1.62305955895887e-12
"TRPA1",2.2117170232392e-09,0.364164995416859,3.01889306363985e-05,0.995616088874979,0.999999999996263,"SASH1","OE",FALSE,"Activated",1.62305955895887e-12
"DIAPH3",2.20493661662079e-09,0.36331144103755,3.00041154349571e-05,0.995629528389144,0.999999999996263,"SASH1","OE",FALSE,"Activated",1.62305955895887e-12
"CSF2RB",2.18886990353652e-09,0.361279597884021,2.95684465185942e-05,0.995661374392452,0.999999999996263,"SASH1","OE",FALSE,"Activated",1.62305955895887e-12
"HIST1H3B",2.16200488965774e-09,0.357852600034956,2.88470861756538e-05,0.995714623838313,0.999999999996263,"SASH1","OE",FALSE,"Activated",1.62305955895887e-12
"MARCH1",2.16152586836522e-09,0.357791154316904,2.88343046710897e-05,0.995715573311973,0.999999999996263,"SASH1","OE",FALSE,"Activated",1.62305955895887e-12
"PLA2G7",2.14499684039506e-09,0.355663527264952,2.83950031930407e-05,0.995748335693738,0.999999999996263,"SASH1","OE",FALSE,"Activated",1.62305955895887e-12
"BATF",2.13841622113298e-09,0.35481243971879,2.82210448231974e-05,0.99576137921898,0.999999999996263,"SASH1","OE",FALSE,"Activated",1.62305955895887e-12
"HSPA6",2.13732939205631e-09,0.354671655286229,2.81923659742883e-05,0.995763533436182,0.999999999996263,"SASH1","OE",FALSE,"Activated",1.62305955895887e-12
"CD3D",2.12258807570052e-09,0.352755849383457,2.78048174747158e-05,0.99579275238262,0.999999999996263,"SASH1","OE",FALSE,"Activated",1.62305955895887e-12
"GPC3",2.1141715951438e-09,0.3516567612254,2.75847514683529e-05,0.995809434795912,0.999999999996263,"SASH1","OE",FALSE,"Activated",1.62305955895887e-12
"ADCY2",2.08423017247036e-09,0.347715244640288,2.68089599332707e-05,0.995868782085886,0.999999999996263,"SASH1","OE",FALSE,"Activated",1.62305955895887e-12
"IL2RG",2.0639261555854e-09,0.345013894273448,2.62891726034265e-05,0.99590902695938,0.999999999996263,"SASH1","OE",FALSE,"Activated",1.62305955895887e-12
"AC245140.2",2.06230986765447e-09,0.344797849346088,2.62480139266053e-05,0.995912230626555,0.999999999996263,"SASH1","OE",FALSE,"Activated",1.62305955895887e-12
"CADM1",2.0570988425395e-09,0.344100287178464,2.61155350436659e-05,0.99592255947361,0.999999999996263,"SASH1","OE",FALSE,"Activated",1.62305955895887e-12
"LMNB1",2.05654543787781e-09,0.344026115400301,2.61014856314327e-05,0.995923656384907,0.999999999996263,"SASH1","OE",FALSE,"Activated",1.62305955895887e-12
"RTKN2",2.03738458270656e-09,0.341447103878744,2.56173757901966e-05,0.995961635394806,0.999999999996263,"SASH1","OE",FALSE,"Activated",1.62305955895887e-12
"AC036108.3",2.02481817984008e-09,0.33974405305407,2.53023390651795e-05,0.995986543449792,0.999999999996263,"SASH1","OE",FALSE,"Activated",1.62305955895887e-12
"TNFRSF11B",2.02335855474041e-09,0.339545634846212,2.52658729587029e-05,0.995989436594777,0.999999999996263,"SASH1","OE",FALSE,"Activated",1.62305955895887e-12
"DEPP1",2.01067140586162e-09,0.337815634565946,2.49500150440147e-05,0.996014583986663,0.999999999996263,"SASH1","OE",FALSE,"Activated",1.62305955895887e-12
"INSYN2B",2.00483079939381e-09,0.337015980313298,2.48052757593021e-05,0.996026160743427,0.999999999996263,"SASH1","OE",FALSE,"Activated",1.62305955895887e-12
"SAMSN1",2.00407462762633e-09,0.336912300494549,2.47865674355115e-05,0.996027659563289,0.999999999996263,"SASH1","OE",FALSE,"Activated",1.62305955895887e-12
"CDCA3",1.99648056152463e-09,0.33586914954852,2.45990752172296e-05,0.99604271188101,0.999999999996263,"SASH1","OE",FALSE,"Activated",1.62305955895887e-12
"CKAP5",1.99448587132956e-09,0.335594570799168,2.45499457407672e-05,0.996046665588016,0.999999999996263,"SASH1","OE",FALSE,"Activated",1.62305955895887e-12
"CENPA",1.99378388889231e-09,0.335497881911052,2.45326675056039e-05,0.996048056998538,0.999999999996263,"SASH1","OE",FALSE,"Activated",1.62305955895887e-12
"CENPN",1.96805332247152e-09,0.331932947738392,2.39035459268014e-05,0.996099057970582,0.999999999996263,"SASH1","OE",FALSE,"Activated",1.62305955895887e-12
"SLC7A2",1.96018897608576e-09,0.33083515151517,2.37128903515058e-05,0.996114646021995,0.999999999996263,"SASH1","OE",FALSE,"Activated",1.62305955895887e-12
"DUSP2",1.93687803729922e-09,0.32755816738767,2.31522475554143e-05,0.996160851029099,0.999999999996263,"SASH1","OE",FALSE,"Activated",1.62305955895887e-12
"ZC3H12D",1.93379301940115e-09,0.327121881655602,2.30785534822403e-05,0.996166965896362,0.999999999996263,"SASH1","OE",FALSE,"Activated",1.62305955895887e-12
"PTPN7",1.92772431871267e-09,0.326261846747912,2.29339288339562e-05,0.996178994773478,0.999999999996263,"SASH1","OE",FALSE,"Activated",1.62305955895887e-12
"BCAT1",1.92649677061841e-09,0.326087592674088,2.29047301183514e-05,0.996181427917998,0.999999999996263,"SASH1","OE",FALSE,"Activated",1.62305955895887e-12
"AOC3",1.92594144493087e-09,0.326008730384208,2.28915271356715e-05,0.996182528638755,0.999999999996263,"SASH1","OE",FALSE,"Activated",1.62305955895887e-12
"CHRNA1",1.92297629051829e-09,0.325587306488087,2.28210944008972e-05,0.996188405923295,0.999999999996263,"SASH1","OE",FALSE,"Activated",1.62305955895887e-12
"CXCL6",1.90027252097913e-09,0.322341394159056,2.22853974922879e-05,0.996233407469721,0.999999999996263,"SASH1","OE",FALSE,"Activated",1.62305955895887e-12
"MMP3",1.88688018705972e-09,0.320410646666716,2.19723878653346e-05,0.996259952659205,0.999999999996263,"SASH1","OE",FALSE,"Activated",1.62305955895887e-12
"KIF18A",1.87837133711659e-09,0.319177654005261,2.17746665613378e-05,0.996276818208123,0.999999999996263,"SASH1","OE",FALSE,"Activated",1.62305955895887e-12
"BMP2",1.87596881315148e-09,0.318828619556267,2.17190005691063e-05,0.996281580295632,0.999999999996263,"SASH1","OE",FALSE,"Activated",1.62305955895887e-12
"LINC02446",1.8730364324711e-09,0.318402073862202,2.16511544507118e-05,0.996287392622186,0.999999999996263,"SASH1","OE",FALSE,"Activated",1.62305955895887e-12
"SMC2",1.866493329049e-09,0.317448183353075,2.15001501254326e-05,0.996300361830483,0.999999999996263,"SASH1","OE",FALSE,"Activated",1.62305955895887e-12
"SRPX",1.85706234187625e-09,0.316068079259741,2.12834278190857e-05,0.99631905516917,0.999999999996263,"SASH1","OE",FALSE,"Activated",1.62305955895887e-12
"MYH11",1.8469471083842e-09,0.314580957589352,2.1052201850981e-05,0.99633910476772,0.999999999996263,"SASH1","OE",FALSE,"Activated",1.62305955895887e-12
"HUNK",1.831229984078e-09,0.312255944446644,2.06954269193788e-05,0.99637025798621,0.999999999996263,"SASH1","OE",FALSE,"Activated",1.62305955895887e-12
"KDM7A",1.8082964385597e-09,0.308831643204013,2.018031133816e-05,0.996415715023781,0.999999999996263,"SASH1","OE",FALSE,"Activated",1.62305955895887e-12
"TRBC2",1.80680642965424e-09,0.308607841344603,2.01470684971836e-05,0.996418668400528,0.999999999996263,"SASH1","OE",FALSE,"Activated",1.62305955895887e-12
"TMEM233",1.80328949738406e-09,0.308078945999346,2.00687126600255e-05,0.996425639383212,0.999999999996263,"SASH1","OE",FALSE,"Activated",1.62305955895887e-12
"DGKG",1.79884590849432e-09,0.307409392709294,1.99699295910538e-05,0.996434447111139,0.999999999996263,"SASH1","OE",FALSE,"Activated",1.62305955895887e-12
"IRF4",1.78956115005775e-09,0.306005658255624,1.97643116909134e-05,0.996452850621102,0.999999999996263,"SASH1","OE",FALSE,"Activated",1.62305955895887e-12
"SBSPON",1.78440768695174e-09,0.305223747674442,1.96506436065624e-05,0.996463065406746,0.999999999996263,"SASH1","OE",FALSE,"Activated",1.62305955895887e-12
"COL21A1",1.75910396749966e-09,0.301355395353668,1.90972847853164e-05,0.996513220439986,0.999999999996263,"SASH1","OE",FALSE,"Activated",1.62305955895887e-12
"PRC1",1.75781440386231e-09,0.301156939701849,1.90692953797471e-05,0.996515776511499,0.999999999996263,"SASH1","OE",FALSE,"Activated",1.62305955895887e-12
"STMN1",1.75140114629129e-09,0.300168068961549,1.89304033463995e-05,0.996528488366265,0.999999999996263,"SASH1","OE",FALSE,"Activated",1.62305955895887e-12
"LINC00472",1.73223995537239e-09,0.297194431659554,1.85184533415413e-05,0.996566468177148,0.999999999996263,"SASH1","OE",FALSE,"Activated",1.62305955895887e-12
"LINC00243",1.72315779281504e-09,0.295774819422534,1.8324777288921e-05,0.996584470130678,0.999999999996263,"SASH1","OE",FALSE,"Activated",1.62305955895887e-12
"TPX2",1.71028984329377e-09,0.293752119856743,1.80521129225294e-05,0.996609975978527,0.999999999996263,"SASH1","OE",FALSE,"Activated",1.62305955895887e-12
"NRARP",1.70787028081408e-09,0.293370293102427,1.80010720778501e-05,0.996614771847314,0.999999999996263,"SASH1","OE",FALSE,"Activated",1.62305955895887e-12
"TYROBP",1.70756842307967e-09,0.293322624017699,1.79947094369635e-05,0.996615370166275,0.999999999996263,"SASH1","OE",FALSE,"Activated",1.62305955895887e-12
"STAC3",1.68783725478768e-09,0.290190460580726,1.75812498374698e-05,0.996654479759947,0.999999999996263,"SASH1","OE",FALSE,"Activated",1.62305955895887e-12
"CENPF",1.67287154033906e-09,0.287793166666463,1.72708532447553e-05,0.996684143645445,0.999999999996263,"SASH1","OE",FALSE,"Activated",1.62305955895887e-12
"ACP5",1.67243109218172e-09,0.2877223270804,1.72617600013155e-05,0.996685016667899,0.999999999996263,"SASH1","OE",FALSE,"Activated",1.62305955895887e-12
"FGF5",1.66837254700444e-09,0.2870687945592,1.71780822611483e-05,0.996693061204111,0.999999999996263,"SASH1","OE",FALSE,"Activated",1.62305955895887e-12
"AURKB",1.66695116992743e-09,0.286839583949679,1.71488248491721e-05,0.996695878548552,0.999999999996263,"SASH1","OE",FALSE,"Activated",1.62305955895887e-12
"UCP2",1.65988234194456e-09,0.285697101547962,1.70036915428255e-05,0.996709889836905,0.999999999996263,"SASH1","OE",FALSE,"Activated",1.62305955895887e-12
"CXCL5",1.65760282037271e-09,0.285327764345461,1.69570211663937e-05,0.996714408129846,0.999999999996263,"SASH1","OE",FALSE,"Activated",1.62305955895887e-12
"KPNA2",1.65474199761059e-09,0.28486360805969,1.689854012445e-05,0.996720078633601,0.999999999996263,"SASH1","OE",FALSE,"Activated",1.62305955895887e-12
"SLC6A7",1.64914092312988e-09,0.28395280482871,1.67843352594114e-05,0.996731180654904,0.999999999996263,"SASH1","OE",FALSE,"Activated",1.62305955895887e-12
"TENT5C",1.64710509103725e-09,0.283621077546628,1.6742920973047e-05,0.996735215925675,0.999999999996263,"SASH1","OE",FALSE,"Activated",1.62305955895887e-12
"MNDA",1.64065017085199e-09,0.282566888848667,1.6611948820168e-05,0.996748010375656,0.999999999996263,"SASH1","OE",FALSE,"Activated",1.62305955895887e-12
"BRCA1",1.64014057317098e-09,0.282483507938473,1.660163084253e-05,0.996749020461309,0.999999999996263,"SASH1","OE",FALSE,"Activated",1.62305955895887e-12
"PTPN22",1.62335859898327e-09,0.279724776962797,1.62636320382585e-05,0.996782284413373,0.999999999996263,"SASH1","OE",FALSE,"Activated",1.62305955895887e-12
"MYCN",1.62187131556393e-09,0.279479075949567,1.62338449662541e-05,0.99678523239365,0.999999999996263,"SASH1","OE",FALSE,"Activated",1.62305955895887e-12
"CD86",1.61686358775055e-09,0.27865032987054,1.6133751731355e-05,0.996795158331849,0.999999999996263,"SASH1","OE",FALSE,"Activated",1.62305955895887e-12
"MDK",1.61119454353203e-09,0.277709404094697,1.60208138075276e-05,0.996806395081859,0.999999999996263,"SASH1","OE",FALSE,"Activated",1.62305955895887e-12
"HAS1",1.60683320391949e-09,0.276983536855098,1.59341977726306e-05,0.99681503979929,0.999999999996263,"SASH1","OE",FALSE,"Activated",1.62305955895887e-12
"ITK",1.60631720224655e-09,0.276897542666409,1.59239655313346e-05,0.996816062578794,0.999999999996263,"SASH1","OE",FALSE,"Activated",1.62305955895887e-12
"CD4",1.58660574881357e-09,0.273594152427193,1.55355507979465e-05,0.996855133135408,0.999999999996263,"SASH1","OE",FALSE,"Activated",1.62305955895887e-12
"CLDN7",1.5788823202528e-09,0.272289927239936,1.53846681062783e-05,0.996870441935162,0.999999999996263,"SASH1","OE",FALSE,"Activated",1.62305955895887e-12
"ICOS",1.57262929926578e-09,0.271229875981406,1.52630502322765e-05,0.996882836204354,0.999999999996263,"SASH1","OE",FALSE,"Activated",1.62305955895887e-12
"SCIN",1.56545970077059e-09,0.270009856754514,1.51241993319167e-05,0.99689704724566,0.999999999996263,"SASH1","OE",FALSE,"Activated",1.62305955895887e-12
"BMP5",1.56545969794843e-09,0.27000985627331,1.51241992773859e-05,0.996897047251254,0.999999999996263,"SASH1","OE",FALSE,"Activated",1.62305955895887e-12
"KIF11",1.55987552157683e-09,0.269056203088417,1.50164921753389e-05,0.99690811578822,0.999999999996263,"SASH1","OE",FALSE,"Activated",1.62305955895887e-12
"KLHL30",1.54257568709061e-09,0.26608254322319,1.46852577121086e-05,0.996942406230677,0.999999999996263,"SASH1","OE",FALSE,"Activated",1.62305955895887e-12
"IGFBP3",1.54095337631169e-09,0.265802178879863,1.46543852896748e-05,0.996945621854472,0.999999999996263,"SASH1","OE",FALSE,"Activated",1.62305955895887e-12
"PRF1",1.53927002389781e-09,0.265510990136877,1.46223855923722e-05,0.996948958470511,0.999999999996263,"SASH1","OE",FALSE,"Activated",1.62305955895887e-12
"LAPTM5",1.53201008884297e-09,0.264251929818289,1.44847785148376e-05,0.996963348574787,0.999999999996263,"SASH1","OE",FALSE,"Activated",1.62305955895887e-12
"LINC01871",1.52823565969404e-09,0.263595266009988,1.44134938373591e-05,0.996970829968416,0.999999999996263,"SASH1","OE",FALSE,"Activated",1.62305955895887e-12
"ZFAND2A",1.5212437338152e-09,0.262375043937514,1.42819074005416e-05,0.996984688846228,0.999999999996263,"SASH1","OE",FALSE,"Activated",1.62305955895887e-12
"ITGB2",1.50994079223741e-09,0.260391968529164,1.40704648122839e-05,0.997007092702103,0.999999999996263,"SASH1","OE",FALSE,"Activated",1.62305955895887e-12
"LCK",1.50243520869824e-09,0.259067885605887,1.39309301034798e-05,0.99702196971668,0.999999999996263,"SASH1","OE",FALSE,"Activated",1.62305955895887e-12
"RAB40B",1.48527174805865e-09,0.256017967641983,1.36144608919743e-05,0.997055989867402,0.999999999996263,"SASH1","OE",FALSE,"Activated",1.62305955895887e-12
"LCN2",1.48421546848011e-09,0.255829255003458,1.35951034060674e-05,0.997058083547356,0.999999999996263,"SASH1","OE",FALSE,"Activated",1.62305955895887e-12
"FHL5",1.48339340829173e-09,0.25568230552351,1.35800477777049e-05,0.997059712974818,0.999999999996263,"SASH1","OE",FALSE,"Activated",1.62305955895887e-12
"SYNPO2L",1.48280990285899e-09,0.255577955925504,1.35693662240209e-05,0.997060869556532,0.999999999996263,"SASH1","OE",FALSE,"Activated",1.62305955895887e-12
"PDGFB",1.46852541364284e-09,0.253012066212318,1.33091874406583e-05,0.997089183226329,0.999999999996263,"SASH1","OE",FALSE,"Activated",1.62305955895887e-12
"TINAGL1",1.46805447885954e-09,0.252927099101666,1.33006526829274e-05,0.997090116678876,0.999999999996263,"SASH1","OE",FALSE,"Activated",1.62305955895887e-12
"MTURN",1.46385642564698e-09,0.252168612890355,1.32246922701297e-05,0.997098437753654,0.999999999996263,"SASH1","OE",FALSE,"Activated",1.62305955895887e-12
"PKIB",1.45896067834477e-09,0.251281643551984,1.3136382400902e-05,0.99710814174715,0.999999999996263,"SASH1","OE",FALSE,"Activated",1.62305955895887e-12
"PTPRC",1.44408305731705e-09,0.248570042676234,1.28698342470656e-05,0.997137631085876,0.999999999996263,"SASH1","OE",FALSE,"Activated",1.62305955895887e-12
"TNFSF9",1.42578876124815e-09,0.245201738951169,1.25458179823305e-05,0.997173892714815,0.999999999996263,"SASH1","OE",FALSE,"Activated",1.62305955895887e-12
"SCT",1.42068943449989e-09,0.244256071027372,1.24562383427556e-05,0.997184000232086,0.999999999996263,"SASH1","OE",FALSE,"Activated",1.62305955895887e-12
"RERG",1.41847235083946e-09,0.243843979881039,1.24173910435672e-05,0.997188394775368,0.999999999996263,"SASH1","OE",FALSE,"Activated",1.62305955895887e-12
"FMO2",1.40975896983731e-09,0.242218894010295,1.22653046925107e-05,0.997205665811399,0.999999999996263,"SASH1","OE",FALSE,"Activated",1.62305955895887e-12
"HLA-DPB1",1.40006449204356e-09,0.240400385899194,1.20971952674126e-05,0.997224881508341,0.999999999996263,"SASH1","OE",FALSE,"Activated",1.62305955895887e-12
"LINC01127",1.39386725451478e-09,0.239232069657868,1.19903383742838e-05,0.997237165227892,0.999999999996263,"SASH1","OE",FALSE,"Activated",1.62305955895887e-12
"NPHP1",1.38877018021751e-09,0.23826772022954,1.19028065064875e-05,0.997247268283318,0.999999999996263,"SASH1","OE",FALSE,"Activated",1.62305955895887e-12
"PLEK",1.3848868834072e-09,0.237530916322417,1.18363340148633e-05,0.997254965476282,0.999999999996263,"SASH1","OE",FALSE,"Activated",1.62305955895887e-12
"SLC51A",1.36388866121146e-09,0.23351493330454,1.14801204829247e-05,0.997296586653638,0.999999999996263,"SASH1","OE",FALSE,"Activated",1.62305955895887e-12
"DUSP4",1.36174087719527e-09,0.233101094053673,1.14439923064662e-05,0.99730084383824,0.999999999996263,"SASH1","OE",FALSE,"Activated",1.62305955895887e-12
"SORBS2",1.35648227739048e-09,0.232085421524622,1.13557770224292e-05,0.997311267060802,0.999999999996263,"SASH1","OE",FALSE,"Activated",1.62305955895887e-12
"CLEC2D",1.35565913755843e-09,0.231926121941565,1.13419993911884e-05,0.99731289863008,0.999999999996263,"SASH1","OE",FALSE,"Activated",1.62305955895887e-12
"PKIA",1.35184984851373e-09,0.231187809977994,1.12783487998667e-05,0.997320449132261,0.999999999996263,"SASH1","OE",FALSE,"Activated",1.62305955895887e-12
"INCENP",1.34969190085118e-09,0.230768744617478,1.12423704534468e-05,0.997324726462951,0.999999999996263,"SASH1","OE",FALSE,"Activated",1.62305955895887e-12
"GTSE1",1.34324694883552e-09,0.229513631895054,1.11352592772804e-05,0.997337501189844,0.999999999996263,"SASH1","OE",FALSE,"Activated",1.62305955895887e-12
"DTL",1.33426308180982e-09,0.227755191475008,1.0986808310641e-05,0.997355308375182,0.999999999996263,"SASH1","OE",FALSE,"Activated",1.62305955895887e-12
"CSPG4",1.32332256561494e-09,0.225599614576368,1.08073706117342e-05,0.997376993893788,0.999999999996263,"SASH1","OE",FALSE,"Activated",1.62305955895887e-12
"RASGRP1",1.32002445490681e-09,0.224946714685044,1.07535674225544e-05,0.997383531176309,0.999999999996263,"SASH1","OE",FALSE,"Activated",1.62305955895887e-12
"PECAM1",1.31968497965103e-09,0.224879429922925,1.07480370695025e-05,0.997384204060238,0.999999999996263,"SASH1","OE",FALSE,"Activated",1.62305955895887e-12
"BCL2A1",1.31734811945641e-09,0.224415844332937,1.07100061417348e-05,0.99738883601988,0.999999999996263,"SASH1","OE",FALSE,"Activated",1.62305955895887e-12
"LINC02195",1.31177894816062e-09,0.22330810342101,1.06196431167909e-05,0.997399874839222,0.999999999996263,"SASH1","OE",FALSE,"Activated",1.62305955895887e-12
"IL1B",1.3026132848216e-09,0.221475936728643,1.04717584135582e-05,0.997418042373025,0.999999999996263,"SASH1","OE",FALSE,"Activated",1.62305955895887e-12
"CSF1R",1.29935436740272e-09,0.220821756171083,1.04194268323881e-05,0.997424501970453,0.999999999996263,"SASH1","OE",FALSE,"Activated",1.62305955895887e-12
"NKG7",1.29909810578073e-09,0.220770254013093,1.04153173515787e-05,0.997425009914266,0.999999999996263,"SASH1","OE",FALSE,"Activated",1.62305955895887e-12
"KCTD11",1.28031544157782e-09,0.216970793158253,1.01163203872868e-05,0.997462239596614,0.999999999996263,"SASH1","OE",FALSE,"Activated",1.62305955895887e-12
"NDRG2",1.27606016179532e-09,0.21610318635167,1.00491865622334e-05,0.997470674115134,0.999999999996263,"SASH1","OE",FALSE,"Activated",1.62305955895887e-12
"CD48",1.26941965608492e-09,0.21474414595513,9.94486852171633e-06,0.997483836462539,0.999999999996263,"SASH1","OE",FALSE,"Activated",1.62305955895887e-12
"CTC1",1.26827908253513e-09,0.214510086462494,9.9270056216729e-06,0.99748609722797,0.999999999996263,"SASH1","OE",FALSE,"Activated",1.62305955895887e-12
"CENPU",1.24620885601688e-09,0.20994406298443,9.58451794013452e-06,0.997529843297397,0.999999999996263,"SASH1","OE",FALSE,"Activated",1.62305955895887e-12
"CENPE",1.23596256256348e-09,0.207799962397713,9.42755859839144e-06,0.997550152790835,0.999999999996263,"SASH1","OE",FALSE,"Activated",1.62305955895887e-12
"TUBA1B",1.23047392627385e-09,0.206644975712735,9.34401311084336e-06,0.997561031986314,0.999999999996263,"SASH1","OE",FALSE,"Activated",1.62305955895887e-12
"H2AFZ",1.22910389444056e-09,0.206355968191036,9.32321710960201e-06,0.997563747568788,0.999999999996263,"SASH1","OE",FALSE,"Activated",1.62305955895887e-12
"CCL7",1.21911776367124e-09,0.204240774547527,9.17233540124163e-06,0.997583541388323,0.999999999996263,"SASH1","OE",FALSE,"Activated",1.62305955895887e-12
"INHBA",1.21705175752964e-09,0.203801260605993,9.14127352236155e-06,0.997587636483363,0.999999999996263,"SASH1","OE",FALSE,"Activated",1.62305955895887e-12
"HIST1H2BN",1.21502966994945e-09,0.203370452124063,9.11092296427828e-06,0.997591644526118,0.999999999996263,"SASH1","OE",FALSE,"Activated",1.62305955895887e-12
"SGCA",1.20858952339207e-09,0.201994143824644,9.01459580742639e-06,0.997604409741543,0.999999999996263,"SASH1","OE",FALSE,"Activated",1.62305955895887e-12
"DERL3",1.2023402799586e-09,0.200652436133543,8.92161343639026e-06,0.997616796562515,0.999999999996263,"SASH1","OE",FALSE,"Activated",1.62305955895887e-12
"IGSF6",1.18803805605075e-09,0.197558464692725,8.71062491663613e-06,0.997645145450252,0.999999999996263,"SASH1","OE",FALSE,"Activated",1.62305955895887e-12
"KRTAP2-3",1.18562641368025e-09,0.197033525705944,8.67529677093938e-06,0.997649925642722,0.999999999996263,"SASH1","OE",FALSE,"Activated",1.62305955895887e-12
"KRTAP1-5",1.18562638066388e-09,0.197033518512871,8.67529628777402e-06,0.997649925708165,0.999999999996263,"SASH1","OE",FALSE,"Activated",1.62305955895887e-12
"TNFRSF6B",1.18236680342607e-09,0.196322512172381,8.6276608311487e-06,0.997656386619235,0.999999999996263,"SASH1","OE",FALSE,"Activated",1.62305955895887e-12
"PLN",1.17362123910543e-09,0.194406280124309,8.50050112126395e-06,0.99767372147946,0.999999999996263,"SASH1","OE",FALSE,"Activated",1.62305955895887e-12
"HCST",1.16358951221487e-09,0.192192669448501,8.3558032360579e-06,0.99769360568463,0.999999999996263,"SASH1","OE",FALSE,"Activated",1.62305955895887e-12
"C11orf53",1.13812532926533e-09,0.186497205873433,7.9940854432176e-06,0.99774407905856,0.999999999996263,"SASH1","OE",FALSE,"Activated",1.62305955895887e-12
"HRH2",1.13698396313077e-09,0.186239299254706,7.9780597857835e-06,0.997746341397204,0.999999999996263,"SASH1","OE",FALSE,"Activated",1.62305955895887e-12
"NEK2",1.12723017090215e-09,0.184025940958361,7.84176488572173e-06,0.997765674704244,0.999999999996263,"SASH1","OE",FALSE,"Activated",1.62305955895887e-12
"KIF14",1.12491509057031e-09,0.183498116974492,7.80958747660597e-06,0.997770263500039,0.999999999996263,"SASH1","OE",FALSE,"Activated",1.62305955895887e-12
"ANLN",1.12118377298252e-09,0.182645379991164,7.75786495477703e-06,0.997777659465777,0.999999999996263,"SASH1","OE",FALSE,"Activated",1.62305955895887e-12
"IL18BP",1.11952214681995e-09,0.18226483445653,7.73488724226532e-06,0.997780953029004,0.999999999996263,"SASH1","OE",FALSE,"Activated",1.62305955895887e-12
"ARC",1.11938191377214e-09,0.182232695503434,7.73294959613519e-06,0.997781230989488,0.999999999996263,"SASH1","OE",FALSE,"Activated",1.62305955895887e-12
"CST7",1.11639057439504e-09,0.181546285932699,7.69167508824663e-06,0.997787160220601,0.999999999996263,"SASH1","OE",FALSE,"Activated",1.62305955895887e-12
"VSIG4",1.10944437453576e-09,0.179946094262432,7.59625741099637e-06,0.997800928509831,0.999999999996263,"SASH1","OE",FALSE,"Activated",1.62305955895887e-12
"GABBR2",1.10315455685066e-09,0.178489472175128,7.51037002919931e-06,0.997813395763117,0.999999999996263,"SASH1","OE",FALSE,"Activated",1.62305955895887e-12
"TRAF1",1.09826331498628e-09,0.17735166695939,7.44391769589328e-06,0.99782309085391,0.999999999996263,"SASH1","OE",FALSE,"Activated",1.62305955895887e-12
"MELK",1.0787830828293e-09,0.17277535459295,7.18218955427282e-06,0.99786170326364,0.999999999996263,"SASH1","OE",FALSE,"Activated",1.62305955895887e-12
"DOK2",1.07523078599953e-09,0.171932999766664,7.13496733954089e-06,0.997868744388722,0.999999999996263,"SASH1","OE",FALSE,"Activated",1.62305955895887e-12
"CXCL3",1.07076892692023e-09,0.170871476581125,7.0758746009383e-06,0.997877588387469,0.999999999996263,"SASH1","OE",FALSE,"Activated",1.62305955895887e-12
"AIF1",1.0354758873821e-09,0.162334629418399,6.6171135701577e-06,0.997947543899846,0.999999999996263,"SASH1","OE",FALSE,"Activated",1.62305955895887e-12
"STMN2",1.03437054297539e-09,0.162063142537552,6.60299390652093e-06,0.997949734840168,0.999999999996263,"SASH1","OE",FALSE,"Activated",1.62305955895887e-12
"MPZ",1.01905788000921e-09,0.158275590249275,6.40894155891622e-06,0.997980086585994,0.999999999996263,"SASH1","OE",FALSE,"Activated",1.62305955895887e-12
"SPC25",1.01191395790063e-09,0.156491359560194,6.31939905793328e-06,0.997994246796003,0.999999999996263,"SASH1","OE",FALSE,"Activated",1.62305955895887e-12
"ECT2",1.01098209320295e-09,0.156257803229377,6.30776543363705e-06,0.997996093876633,0.999999999996263,"SASH1","OE",FALSE,"Activated",1.62305955895887e-12
"IGHG4",1.01009676624012e-09,0.156035734873185,6.29672272639445e-06,0.997997848713251,0.999999999996263,"SASH1","OE",FALSE,"Activated",1.62305955895887e-12
"GMPR",1.00911611854411e-09,0.155789556571192,6.28450237400791e-06,0.997999792488339,0.999999999996263,"SASH1","OE",FALSE,"Activated",1.62305955895887e-12
"BTG2",9.97631655796434e-10,0.152890724813486,6.14227208857495e-06,0.9980225562327,0.999999999996263,"SASH1","OE",FALSE,"Activated",1.62305955895887e-12
"ANO5",9.95051227295449e-10,0.15223534324956,6.11053854078955e-06,0.998027670988051,0.999999999996263,"SASH1","OE",FALSE,"Activated",1.62305955895887e-12
"KRT1",9.83378032508615e-10,0.149251709474967,5.9680109752657e-06,0.998050808826622,0.999999999996263,"SASH1","OE",FALSE,"Activated",1.62305955895887e-12
"ATP1A2",9.77124485531138e-10,0.14764045021703,5.89234817169752e-06,0.998063204196612,0.999999999996263,"SASH1","OE",FALSE,"Activated",1.62305955895887e-12
"SLC25A4",9.69849791380772e-10,0.145754604369248,5.80493768044446e-06,0.998077623618031,0.999999999996263,"SASH1","OE",FALSE,"Activated",1.62305955895887e-12
"AC140912.1",9.61073093668952e-10,0.143462713090456,5.70034900122436e-06,0.998095020213192,0.999999999996263,"SASH1","OE",FALSE,"Activated",1.62305955895887e-12
"HIST3H2A",9.50969883909713e-10,0.14080145894938,5.58112995918379e-06,0.998115046134742,0.999999999996263,"SASH1","OE",FALSE,"Activated",1.62305955895887e-12
"HAVCR2",9.47895738679924e-10,0.139986760327266,5.54510469112618e-06,0.998121139504577,0.999999999996263,"SASH1","OE",FALSE,"Activated",1.62305955895887e-12
"PLCG2",9.46872151345688e-10,0.139714975867951,5.53313536975194e-06,0.998123168392543,0.999999999996263,"SASH1","OE",FALSE,"Activated",1.62305955895887e-12
"CCL3",9.40314795775625e-10,0.137967684612438,5.4567637034885e-06,0.998136165954795,0.999999999996263,"SASH1","OE",FALSE,"Activated",1.62305955895887e-12
"CCL4",9.39304090368717e-10,0.137697414055658,5.44503950945354e-06,0.998138169309134,0.999999999996263,"SASH1","OE",FALSE,"Activated",1.62305955895887e-12
"AC079822.1",9.38316607561322e-10,0.137433105597114,5.43359687523213e-06,0.998140126633162,0.999999999996263,"SASH1","OE",FALSE,"Activated",1.62305955895887e-12
"CYB5D2",9.37834776343194e-10,0.137304050174956,5.42801793869603e-06,0.998141081687587,0.999999999996263,"SASH1","OE",FALSE,"Activated",1.62305955895887e-12
"IGKV4-1",9.31632347355833e-10,0.135637526861551,5.35645828321707e-06,0.998153375738162,0.999999999996263,"SASH1","OE",FALSE,"Activated",1.62305955895887e-12
"RBM24",9.29587053548296e-10,0.135085833748404,5.3329650990841e-06,0.998157429786368,0.999999999996263,"SASH1","OE",FALSE,"Activated",1.62305955895887e-12
"CD2",9.25036542628922e-10,0.133854538298157,5.28088107272109e-06,0.998166449512975,0.999999999996263,"SASH1","OE",FALSE,"Activated",1.62305955895887e-12
"KCNJ2",9.17966013388029e-10,0.131930726955935,5.2004606283581e-06,0.998180464256368,0.999999999996263,"SASH1","OE",FALSE,"Activated",1.62305955895887e-12
"TNFSF13B",9.17527265788522e-10,0.13181091856115,5.19549063097293e-06,0.998181333913354,0.999999999996263,"SASH1","OE",FALSE,"Activated",1.62305955895887e-12
"NCAPG",9.08922144221186e-10,0.129450853715746,5.0984947558377e-06,0.998198390426688,0.999999999996263,"SASH1","OE",FALSE,"Activated",1.62305955895887e-12
"HELLS",9.05453968652682e-10,0.128494087389773,5.05966031982433e-06,0.998205264819382,0.999999999996263,"SASH1","OE",FALSE,"Activated",1.62305955895887e-12
"CKB",8.93627218578288e-10,0.12520695445252,4.92834820683625e-06,0.998228707037392,0.999999999996263,"SASH1","OE",FALSE,"Activated",1.62305955895887e-12
"AL355075.4",8.92563929164446e-10,0.124909546787798,4.91662711601787e-06,0.998230814620877,0.999999999996263,"SASH1","OE",FALSE,"Activated",1.62305955895887e-12
"TFPI2",8.91456093144385e-10,0.124599346661918,4.90442981297257e-06,0.998233010501775,0.999999999996263,"SASH1","OE",FALSE,"Activated",1.62305955895887e-12
"IL2RB",8.88522488423892e-10,0.123776276284848,4.87220391850672e-06,0.998238825303357,0.999999999996263,"SASH1","OE",FALSE,"Activated",1.62305955895887e-12
"LINC00158",8.66720857910148e-10,0.11758326111955,4.63603925358725e-06,0.998282039088517,0.999999999996263,"SASH1","OE",FALSE,"Activated",1.62305955895887e-12
"SPI1",8.66249897145327e-10,0.117447969661274,4.63100233918915e-06,0.99828297259661,0.999999999996263,"SASH1","OE",FALSE,"Activated",1.62305955895887e-12
"IGHG3",8.57196645826432e-10,0.11483457955222,4.53471016294516e-06,0.998300917368707,0.999999999996263,"SASH1","OE",FALSE,"Activated",1.62305955895887e-12
"USP2",8.47139673103128e-10,0.111902752579579,4.42892830777534e-06,0.99832085165378,0.999999999996263,"SASH1","OE",FALSE,"Activated",1.62305955895887e-12
"CYBB",8.41513286908318e-10,0.110249122304344,4.3702930886255e-06,0.998332003915402,0.999999999996263,"SASH1","OE",FALSE,"Activated",1.62305955895887e-12
"MLXIPL",8.37121993012088e-10,0.108951704947329,4.32480083425743e-06,0.998340708056564,0.999999999996263,"SASH1","OE",FALSE,"Activated",1.62305955895887e-12
"LINC02345",8.37121984999776e-10,0.108951702574604,4.32480075146985e-06,0.998340708072445,0.999999999996263,"SASH1","OE",FALSE,"Activated",1.62305955895887e-12
"MTHFD2",8.2904711423634e-10,0.106550218728939,4.2417691787044e-06,0.998356713563971,0.999999999996263,"SASH1","OE",FALSE,"Activated",1.62305955895887e-12
"GATA3",8.24399822611317e-10,0.105158736181872,4.19434729554319e-06,0.99836592512801,0.999999999996263,"SASH1","OE",FALSE,"Activated",1.62305955895887e-12
"CLSTN2",8.16303807604777e-10,0.102718036472363,4.11237066725213e-06,0.998381972531343,0.999999999996263,"SASH1","OE",FALSE,"Activated",1.62305955895887e-12
"MMP12",8.16284934148815e-10,0.102712321810409,4.11218050827281e-06,0.998382009941101,0.999999999996263,"SASH1","OE",FALSE,"Activated",1.62305955895887e-12
"APOBEC3G",8.0680026552937e-10,0.099825623682318,4.01717427766217e-06,0.998400809845676,0.999999999996263,"SASH1","OE",FALSE,"Activated",1.62305955895887e-12
"PRR11",8.05601212498201e-10,0.0994585587328706,4.00524263640574e-06,0.998403186532103,0.999999999996263,"SASH1","OE",FALSE,"Activated",1.62305955895887e-12
"KIF23",8.03576950363817e-10,0.0988377786054336,3.98513970040806e-06,0.998407198895403,0.999999999996263,"SASH1","OE",FALSE,"Activated",1.62305955895887e-12
"CSF3",8.03328532500977e-10,0.0987615013627446,3.98267614824718e-06,0.99840769129345,0.999999999996263,"SASH1","OE",FALSE,"Activated",1.62305955895887e-12
"NEURL1",8.0190269034709e-10,0.0983232906761713,3.96855084901103e-06,0.998410517506858,0.999999999996263,"SASH1","OE",FALSE,"Activated",1.62305955895887e-12
"SGO1",8.01270654604196e-10,0.0981288243601429,3.96229752789341e-06,0.998411770287817,0.999999999996263,"SASH1","OE",FALSE,"Activated",1.62305955895887e-12
"SLAMF7",8.00737467514449e-10,0.0979646668186378,3.9570260432341e-06,0.998412827137279,0.999999999996263,"SASH1","OE",FALSE,"Activated",1.62305955895887e-12
"RERGL",7.98517569539443e-10,0.0972801672148752,3.93511619594549e-06,0.998417227277574,0.999999999996263,"SASH1","OE",FALSE,"Activated",1.62305955895887e-12
"MUSTN1",7.97713707987937e-10,0.0970318847374034,3.92719728094107e-06,0.998418820640724,0.999999999996263,"SASH1","OE",FALSE,"Activated",1.62305955895887e-12
"IGFBP2",7.95493548823996e-10,0.0963450134033279,3.90536772032121e-06,0.998423221298795,0.999999999996263,"SASH1","OE",FALSE,"Activated",1.62305955895887e-12
"TRIB3",7.95385403243601e-10,0.0963115122357714,3.90430594037155e-06,0.998423435658077,0.999999999996263,"SASH1","OE",FALSE,"Activated",1.62305955895887e-12
"APOBEC3A",7.93825291331983e-10,0.0958277757214338,3.88900472810426e-06,0.998426528012561,0.999999999996263,"SASH1","OE",FALSE,"Activated",1.62305955895887e-12
"VEGFD",7.76853563359668e-10,0.0905105454436956,3.72449102905155e-06,0.998460168292505,0.999999999996263,"SASH1","OE",FALSE,"Activated",1.62305955895887e-12
"C1orf162",7.76807017063621e-10,0.0904958222199434,3.72404472597296e-06,0.998460260553616,0.999999999996263,"SASH1","OE",FALSE,"Activated",1.62305955895887e-12
"MND1",7.74959967840957e-10,0.0899109466203743,3.70635612092147e-06,0.998463921657298,0.999999999996263,"SASH1","OE",FALSE,"Activated",1.62305955895887e-12
"TREM1",7.63736523493062e-10,0.0863303364179503,3.59977808092725e-06,0.998486168056686,0.999999999996263,"SASH1","OE",FALSE,"Activated",1.62305955895887e-12
"CYSLTR1",7.62311514490661e-10,0.0858724017295663,3.58635740402264e-06,0.998488992619215,0.999999999996263,"SASH1","OE",FALSE,"Activated",1.62305955895887e-12
"CSDC2",7.623114927905e-10,0.0858723947503511,3.58635719984225e-06,0.998488992662227,0.999999999996263,"SASH1","OE",FALSE,"Activated",1.62305955895887e-12
"PGAM2",7.62311467853712e-10,0.0858723867301698,3.5863569652079e-06,0.998488992711655,0.999999999996263,"SASH1","OE",FALSE,"Activated",1.62305955895887e-12
"RANBP3L",7.62311440783781e-10,0.0858723780239264,3.58635671050248e-06,0.998488992765312,0.999999999996263,"SASH1","OE",FALSE,"Activated",1.62305955895887e-12
"HBZ",7.62311432672986e-10,0.0858723754153288,3.58635663418668e-06,0.998488992781389,0.999999999996263,"SASH1","OE",FALSE,"Activated",1.62305955895887e-12
"CTNNA3",7.62311424061074e-10,0.0858723726455616,3.58635655315579e-06,0.998488992798459,0.999999999996263,"SASH1","OE",FALSE,"Activated",1.62305955895887e-12
"KCNA5",7.62311423101269e-10,0.0858723723368686,3.58635654412483e-06,0.998488992800361,0.999999999996263,"SASH1","OE",FALSE,"Activated",1.62305955895887e-12
"CBLN1",7.62311383293983e-10,0.0858723595340304,3.58635616957156e-06,0.998488992879265,0.999999999996263,"SASH1","OE",FALSE,"Activated",1.62305955895887e-12
"ATP1B2",7.5531204920398e-10,0.0836120635549923,3.52080063617218e-06,0.99850286651596,0.999999999996263,"SASH1","OE",FALSE,"Activated",1.62305955895887e-12
"CRADD",7.53138767552252e-10,0.0829064869442128,3.50056877779986e-06,0.998507174257287,0.999999999996263,"SASH1","OE",FALSE,"Activated",1.62305955895887e-12
"ACTG2",7.41781039744931e-10,0.0791896172551077,3.39578405691582e-06,0.998529686827136,0.999999999996263,"SASH1","OE",FALSE,"Activated",1.62305955895887e-12
"CASP5",7.38893283585125e-10,0.0782365861072015,3.36939592342311e-06,0.998535410754975,0.999999999996263,"SASH1","OE",FALSE,"Activated",1.62305955895887e-12
"MYOZ1",7.31592411856248e-10,0.0758123867373067,3.30314008856874e-06,0.998549882082052,0.999999999996263,"SASH1","OE",FALSE,"Activated",1.62305955895887e-12
"CD70",7.31285869442388e-10,0.0757101356887165,3.3003725902013e-06,0.998550489691085,0.999999999996263,"SASH1","OE",FALSE,"Activated",1.62305955895887e-12
"ALOX5AP",7.24410282763131e-10,0.0734067078080414,3.23860379879774e-06,0.998564118045437,0.999999999996263,"SASH1","OE",FALSE,"Activated",1.62305955895887e-12
"AL109615.2",7.20979562164704e-10,0.0722501443716151,3.20800115428485e-06,0.998570918203628,0.999999999996263,"SASH1","OE",FALSE,"Activated",1.62305955895887e-12
"AC079753.2",7.14131685731031e-10,0.06992700420519,3.14735125392956e-06,0.998584491633102,0.999999999996263,"SASH1","OE",FALSE,"Activated",1.62305955895887e-12
"MSR1",7.07030592290877e-10,0.0674971185233141,3.0850699771522e-06,0.998598566973814,0.999999999996263,"SASH1","OE",FALSE,"Activated",1.62305955895887e-12
"HMGB2",7.01228360263804e-10,0.0654956534604774,3.03464261846916e-06,0.998610067793464,0.999999999996263,"SASH1","OE",FALSE,"Activated",1.62305955895887e-12
"CKAP2",7.01116289445666e-10,0.0654568513549011,3.03367269847398e-06,0.998610289933199,0.999999999996263,"SASH1","OE",FALSE,"Activated",1.62305955895887e-12
"CCNA2",6.98309357024878e-10,0.064483222953476,3.00943058980263e-06,0.998615853658332,0.999999999996263,"SASH1","OE",FALSE,"Activated",1.62305955895887e-12
"LILRB5",6.94932558733429e-10,0.0633073436679241,2.98039569482924e-06,0.998622546935889,0.999999999996263,"SASH1","OE",FALSE,"Activated",1.62305955895887e-12
"BUB1",6.94863732359091e-10,0.0632833243777725,2.9798053651084e-06,0.998622683359208,0.999999999996263,"SASH1","OE",FALSE,"Activated",1.62305955895887e-12
"CCNF",6.91847831009232e-10,0.0622287578033941,2.95399513497254e-06,0.99862866128959,0.999999999996263,"SASH1","OE",FALSE,"Activated",1.62305955895887e-12
"SRPK3",6.90740876853123e-10,0.0618406732087644,2.94454993300415e-06,0.998630855424667,0.999999999996263,"SASH1","OE",FALSE,"Activated",1.62305955895887e-12
"HOXD3",6.9074087455927e-10,0.0618406724039996,2.94454991344728e-06,0.998630855429213,0.999999999996263,"SASH1","OE",FALSE,"Activated",1.62305955895887e-12
"LINC01783",6.9074085827222e-10,0.0618406666899253,2.94454977458759e-06,0.998630855461497,0.999999999996263,"SASH1","OE",FALSE,"Activated",1.62305955895887e-12
"LINC00621",6.90740778918249e-10,0.0618406388497377,2.94454909803371e-06,0.998630855618787,0.999999999996263,"SASH1","OE",FALSE,"Activated",1.62305955895887e-12
"IL1RL1",6.87487242399247e-10,0.0606968050472616,2.91687551649551e-06,0.998637304574804,0.999999999996263,"SASH1","OE",FALSE,"Activated",1.62305955895887e-12
"COX6B2",6.86452845395595e-10,0.0603321457197912,2.90810462663695e-06,0.998639354891684,0.999999999996263,"SASH1","OE",FALSE,"Activated",1.62305955895887e-12
"OTUD1",6.86120630096865e-10,0.0602149259718327,2.90529049869474e-06,0.998640013388019,0.999999999996263,"SASH1","OE",FALSE,"Activated",1.62305955895887e-12
"MMP10",6.75553901642843e-10,0.0564601653232805,2.81649264475921e-06,0.99866095809512,0.999999999996263,"SASH1","OE",FALSE,"Activated",1.62305955895887e-12
"AC091182.1",6.63131674052621e-10,0.051979261921723,2.71386445372131e-06,0.998685580657533,0.999999999996263,"SASH1","OE",FALSE,"Activated",1.62305955895887e-12
"CXCR4",6.55879198437851e-10,0.0493288318582976,2.65482759231545e-06,0.998699956061573,0.999999999996263,"SASH1","OE",FALSE,"Activated",1.62305955895887e-12
"PIK3AP1",6.40303039093679e-10,0.0435479929003925,2.53022844928168e-06,0.998730830152871,0.999999999996263,"SASH1","OE",FALSE,"Activated",1.62305955895887e-12
"HBB",6.32222268306661e-10,0.0404999188807797,2.46676731584523e-06,0.998746847353339,0.999999999996263,"SASH1","OE",FALSE,"Activated",1.62305955895887e-12
"CREB5",6.30569197195988e-10,0.0398721489497858,2.45388447081914e-06,0.99875012396798,0.999999999996263,"SASH1","OE",FALSE,"Activated",1.62305955895887e-12
"C3AR1",6.09616123329752e-10,0.0317866055194095,2.2935145411353e-06,0.998791655848341,0.999999999996263,"SASH1","OE",FALSE,"Activated",1.62305955895887e-12
"CARNS1",6.06621808929567e-10,0.0306111854086879,2.27103929009648e-06,0.998797590992458,0.999999999996263,"SASH1","OE",FALSE,"Activated",1.62305955895887e-12
"GZMA",5.99905500825977e-10,0.0279559716140438,2.22102934524867e-06,0.998810903641673,0.999999999996263,"SASH1","OE",FALSE,"Activated",1.62305955895887e-12
"CCNB1",5.89830392509667e-10,0.0239233157977412,2.14705367712962e-06,0.998830873896897,0.999999999996263,"SASH1","OE",FALSE,"Activated",1.62305955895887e-12
"SAA1",5.85800147177969e-10,0.0222931431523239,2.11781276261091e-06,0.998838862399594,0.999999999996263,"SASH1","OE",FALSE,"Activated",1.62305955895887e-12
"ALKAL2",5.79502223462169e-10,0.0197258161752985,2.072520435615e-06,0.998851345754176,0.999999999996263,"SASH1","OE",FALSE,"Activated",1.62305955895887e-12
"LRRN3",5.79101555532358e-10,0.0195616540997807,2.06965554443055e-06,0.998852139933357,0.999999999996263,"SASH1","OE",FALSE,"Activated",1.62305955895887e-12
"PLAUR",5.7648480837619e-10,0.0184870478196649,2.05099377679467e-06,0.998857326687698,0.999999999996263,"SASH1","OE",FALSE,"Activated",1.62305955895887e-12
"MS4A1",5.73591431409515e-10,0.0172938200059788,2.03045756856568e-06,0.998863061760593,0.999999999996263,"SASH1","OE",FALSE,"Activated",1.62305955895887e-12
"RTL3",5.72223288277588e-10,0.0167277487617584,2.02078293466066e-06,0.998865773609322,0.999999999996263,"SASH1","OE",FALSE,"Activated",1.62305955895887e-12
"AC112721.1",5.72223277032384e-10,0.0167277441041355,2.02078285523671e-06,0.998865773631612,0.999999999996263,"SASH1","OE",FALSE,"Activated",1.62305955895887e-12
"LGALS2",5.71701920569297e-10,0.0165117179760902,2.01710223511192e-06,0.998866807032163,0.999999999996263,"SASH1","OE",FALSE,"Activated",1.62305955895887e-12
"CD209",5.710761898038e-10,0.0162522144356569,2.01268919342608e-06,0.998868047317007,0.999999999996263,"SASH1","OE",FALSE,"Activated",1.62305955895887e-12
"CD80",5.67521635824765e-10,0.0147732913176749,1.98771197497975e-06,0.998875092934231,0.999999999996263,"SASH1","OE",FALSE,"Activated",1.62305955895887e-12
"ANKRD37",5.66292412359154e-10,0.0142599540056861,1.97911073065715e-06,0.998877529425039,0.999999999996263,"SASH1","OE",FALSE,"Activated",1.62305955895887e-12
"FPR3",5.66221407318781e-10,0.0142302715047425,1.97861445691507e-06,0.998877670166843,0.999999999996263,"SASH1","OE",FALSE,"Activated",1.62305955895887e-12
"NLRP3",5.64914198995817e-10,0.013683227015485,1.96948913726874e-06,0.998880261234429,0.999999999996263,"SASH1","OE",FALSE,"Activated",1.62305955895887e-12
"HCLS1",5.62283593843823e-10,0.0125789713096581,1.95118941897239e-06,0.998885475457492,0.999999999996263,"SASH1","OE",FALSE,"Activated",1.62305955895887e-12
"FCGR3A",5.60983766034894e-10,0.0120316565969777,1.94217873886887e-06,0.998888051895914,0.999999999996263,"SASH1","OE",FALSE,"Activated",1.62305955895887e-12
"LDB3",5.56030055260474e-10,0.00993550662856639,1.90802975373199e-06,0.998897870835638,0.999999999996263,"SASH1","OE",FALSE,"Activated",1.62305955895887e-12
"PAPPA2",5.47011886231032e-10,0.00607684613749931,1.84663955977247e-06,0.99891574609406,0.999999999996263,"SASH1","OE",FALSE,"Activated",1.62305955895887e-12
"STAB1",5.2211316838561e-10,-0.00487566593283257,1.68235600209448e-06,0.998965098799652,0.999999999996263,"SASH1","OE",FALSE,"Activated",1.62305955895887e-12
"ITGAX",5.1698272051895e-10,-0.00718954797544599,1.64945572818266e-06,0.998975268058049,0.999999999996263,"SASH1","OE",FALSE,"Activated",1.62305955895887e-12
"HNF1A-AS1",5.08774788270657e-10,-0.0109338651788246,1.59749597541357e-06,0.998991537317162,0.999999999996263,"SASH1","OE",FALSE,"Activated",1.62305955895887e-12
"CTLA4",4.95173350300048e-10,-0.0172575327801722,1.51322370155348e-06,0.999018497252931,0.999999999996263,"SASH1","OE",FALSE,"Activated",1.62305955895887e-12
"CRYAB",4.90771314981065e-10,-0.0193369831201725,1.48643851518773e-06,0.999027222697475,0.999999999996263,"SASH1","OE",FALSE,"Activated",1.62305955895887e-12
"CKS2",4.85689644782319e-10,-0.0217580355974532,1.45581535766137e-06,0.999037295272758,0.999999999996263,"SASH1","OE",FALSE,"Activated",1.62305955895887e-12
"ECRG4",4.8461781592237e-10,-0.0222715365879705,1.44939700722402e-06,0.999039419786267,0.999999999996263,"SASH1","OE",FALSE,"Activated",1.62305955895887e-12
"ADA2",4.81937599116721e-10,-0.0235599950068122,1.43340933291412e-06,0.999044732347865,0.999999999996263,"SASH1","OE",FALSE,"Activated",1.62305955895887e-12
"KIFC1",4.80506337966101e-10,-0.0242506344056143,1.42490808008366e-06,0.999047569306075,0.999999999996263,"SASH1","OE",FALSE,"Activated",1.62305955895887e-12
"AURKA",4.7311450856499e-10,-0.0278466256105696,1.38140537333675e-06,0.999062220937869,0.999999999996263,"SASH1","OE",FALSE,"Activated",1.62305955895887e-12
"LYVE1",4.68291557457662e-10,-0.0302197085174117,1.35338470691929e-06,0.999071780696518,0.999999999996263,"SASH1","OE",FALSE,"Activated",1.62305955895887e-12
"FABP3",4.64652988321161e-10,-0.0320243351382506,1.33243513902312e-06,0.999078992845765,0.999999999996263,"SASH1","OE",FALSE,"Activated",1.62305955895887e-12
"SLITRK5",4.63264398479983e-10,-0.0327163230455128,1.32448322081601e-06,0.999081745223657,0.999999999996263,"SASH1","OE",FALSE,"Activated",1.62305955895887e-12
"IL23A",4.61937361432041e-10,-0.0333793482851578,1.31690603206156e-06,0.999084375595376,0.999999999996263,"SASH1","OE",FALSE,"Activated",1.62305955895887e-12
"AL096865.1",4.60675061813264e-10,-0.0340115895338667,1.30971865618709e-06,0.999086877648529,0.999999999996263,"SASH1","OE",FALSE,"Activated",1.62305955895887e-12
"CASC9",4.60461429817796e-10,-0.0341187413746244,1.30850420827386e-06,0.999087301096814,0.999999999996263,"SASH1","OE",FALSE,"Activated",1.62305955895887e-12
"IL1RN",4.59005140751445e-10,-0.0348503455647886,1.3002405539648e-06,0.999090187664006,0.999999999996263,"SASH1","OE",FALSE,"Activated",1.62305955895887e-12
"SPRR2D",4.57124472006637e-10,-0.0357981824790092,1.2896075044403e-06,0.99909391541068,0.999999999996263,"SASH1","OE",FALSE,"Activated",1.62305955895887e-12
"ELF3",4.57036205101876e-10,-0.0358427524879858,1.28910952771857e-06,0.999094090367946,0.999999999996263,"SASH1","OE",FALSE,"Activated",1.62305955895887e-12
"CXorf21",4.56417981146527e-10,-0.0361551350718966,1.28562437985859e-06,0.999095315773701,0.999999999996263,"SASH1","OE",FALSE,"Activated",1.62305955895887e-12
"LINC00973",4.51963502406963e-10,-0.0384170357809966,1.2606523542456e-06,0.999104145169379,0.999999999996263,"SASH1","OE",FALSE,"Activated",1.62305955895887e-12
"MB",4.51602472867661e-10,-0.0386012199308475,1.2586391343476e-06,0.999104860780085,0.999999999996263,"SASH1","OE",FALSE,"Activated",1.62305955895887e-12
"TFEC",4.47447852096186e-10,-0.0407301544705036,1.23558737915961e-06,0.999113095815722,0.999999999996263,"SASH1","OE",FALSE,"Activated",1.62305955895887e-12
"MMP9",4.4667700575122e-10,-0.0411270720046285,1.23133379926274e-06,0.999114623740294,0.999999999996263,"SASH1","OE",FALSE,"Activated",1.62305955895887e-12
"CD84",4.40627902905059e-10,-0.0442629664648921,1.19820906058942e-06,0.999126613902827,0.999999999996263,"SASH1","OE",FALSE,"Activated",1.62305955895887e-12
"MPEG1",4.4005610161336e-10,-0.0445613525956727,1.19510125496117e-06,0.999127747292465,0.999999999996263,"SASH1","OE",FALSE,"Activated",1.62305955895887e-12
"MYPN",4.10475553310486e-10,-0.0604844513407711,1.03983205696228e-06,0.999186380053123,0.999999999996263,"SASH1","OE",FALSE,"Activated",1.62305955895887e-12
"UPK1B",4.10475496126033e-10,-0.0604844830884023,1.0398317672387e-06,0.999186380166471,0.999999999996263,"SASH1","OE",FALSE,"Activated",1.62305955895887e-12
"CYP19A1",3.99591331015403e-10,-0.0665989967505806,9.85418528370392e-07,0.999207954096561,0.999999999996263,"SASH1","OE",FALSE,"Activated",1.62305955895887e-12
"PLXNA4",3.98451100781572e-10,-0.0672480280057044,9.79802786410872e-07,0.999210214191613,0.999999999996263,"SASH1","OE",FALSE,"Activated",1.62305955895887e-12
"GPR157",3.97101867386447e-10,-0.0680181452564742,9.73178413224186e-07,0.999212888560035,0.999999999996263,"SASH1","OE",FALSE,"Activated",1.62305955895887e-12
"LILRB4",3.9366558184575e-10,-0.0699899855957399,9.56408661348435e-07,0.999219699756396,0.999999999996263,"SASH1","OE",FALSE,"Activated",1.62305955895887e-12
"HMGB3",3.90884769568791e-10,-0.0715968397999027,9.42944444373319e-07,0.999225211713531,0.999999999996263,"SASH1","OE",FALSE,"Activated",1.62305955895887e-12
"FOLR2",3.88812054475045e-10,-0.072801100384442,9.32970797593709e-07,0.999229320123477,0.999999999996263,"SASH1","OE",FALSE,"Activated",1.62305955895887e-12
"SNAI1",3.86699782071926e-10,-0.0740341827368157,9.22861360736165e-07,0.99923350694154,0.999999999996263,"SASH1","OE",FALSE,"Activated",1.62305955895887e-12
"IGSF21",3.85766921839365e-10,-0.0745806508919467,9.18414178187715e-07,0.999235356000439,0.999999999996263,"SASH1","OE",FALSE,"Activated",1.62305955895887e-12
"RRM2",3.84460800315014e-10,-0.0753477363623015,9.12205611640333e-07,0.99923794491521,0.999999999996263,"SASH1","OE",FALSE,"Activated",1.62305955895887e-12
"HLA-DOA",3.8440538875985e-10,-0.0753803303717519,9.1194268190118e-07,0.99923805474863,0.999999999996263,"SASH1","OE",FALSE,"Activated",1.62305955895887e-12
"SLCO2A1",3.8251665598476e-10,-0.0764937999567845,9.03003241229801e-07,0.999241798480058,0.999999999996263,"SASH1","OE",FALSE,"Activated",1.62305955895887e-12
"ARL6IP1",3.80722190450542e-10,-0.0775561966192943,8.94550760367984e-07,0.9992453553607,0.999999999996263,"SASH1","OE",FALSE,"Activated",1.62305955895887e-12
"LILRB2",3.80155290350587e-10,-0.0778927425102978,8.91888749203479e-07,0.999246479035665,0.999999999996263,"SASH1","OE",FALSE,"Activated",1.62305955895887e-12
"KIF20B",3.78016663571013e-10,-0.0791663568314015,8.81882038969196e-07,0.999250718091859,0.999999999996263,"SASH1","OE",FALSE,"Activated",1.62305955895887e-12
"CCL4L2",3.77487084273182e-10,-0.0794827180779288,8.79412839182417e-07,0.999251767791803,0.999999999996263,"SASH1","OE",FALSE,"Activated",1.62305955895887e-12
"DEPDC1",3.73317793874593e-10,-0.0819871403739083,8.60094141801892e-07,0.999260031906238,0.999999999996263,"SASH1","OE",FALSE,"Activated",1.62305955895887e-12
"GDF10",3.61656658736381e-10,-0.0891251061304652,8.07200717983199e-07,0.999283145901128,0.999999999996263,"SASH1","OE",FALSE,"Activated",1.62305955895887e-12
"NPTX1",3.60359066208272e-10,-0.0899318862143091,8.01418777717049e-07,0.999285717910383,0.999999999996263,"SASH1","OE",FALSE,"Activated",1.62305955895887e-12
"FOXP3",3.5921301331967e-10,-0.090646579744248,7.96329366154876e-07,0.999287989546957,0.999999999996263,"SASH1","OE",FALSE,"Activated",1.62305955895887e-12
"NPW",3.57392746539757e-10,-0.0917858658688519,7.88279216649334e-07,0.999291597569454,0.999999999996263,"SASH1","OE",FALSE,"Activated",1.62305955895887e-12
"CCL20",3.53161867798122e-10,-0.0944538279252552,7.697261095817e-07,0.999299983760946,0.999999999996263,"SASH1","OE",FALSE,"Activated",1.62305955895887e-12
"CNFN",3.50039226215253e-10,-0.0964410829153772,7.56174518614663e-07,0.99930617327194,0.999999999996263,"SASH1","OE",FALSE,"Activated",1.62305955895887e-12
"AP001160.1",3.4877382495588e-10,-0.0972508407667608,7.50717217994141e-07,0.999308681473677,0.999999999996263,"SASH1","OE",FALSE,"Activated",1.62305955895887e-12
"CSF2",3.48728376421464e-10,-0.097279972444914,7.50521579606952e-07,0.99930877155901,0.999999999996263,"SASH1","OE",FALSE,"Activated",1.62305955895887e-12
"NFKBID",3.48245563059094e-10,-0.0975896538547391,7.48444828602824e-07,0.999309728562417,0.999999999996263,"SASH1","OE",FALSE,"Activated",1.62305955895887e-12
"TSPAN1",3.47659183804419e-10,-0.0979662730627242,7.45926473290512e-07,0.999310890847865,0.999999999996263,"SASH1","OE",FALSE,"Activated",1.62305955895887e-12
"CRTAM",3.46398624299027e-10,-0.0987778045202559,7.4052704715687e-07,0.999313389452584,0.999999999996263,"SASH1","OE",FALSE,"Activated",1.62305955895887e-12
"FOLR3",3.46287832987919e-10,-0.0988492549436222,7.40053426095247e-07,0.999313609056412,0.999999999996263,"SASH1","OE",FALSE,"Activated",1.62305955895887e-12
"FBN2",3.43174312306573e-10,-0.100865485709207,7.26805411757593e-07,0.999319780488598,0.999999999996263,"SASH1","OE",FALSE,"Activated",1.62305955895887e-12
"KRT13",3.42644017752789e-10,-0.101210496580291,7.24560936286413e-07,0.99932083160636,0.999999999996263,"SASH1","OE",FALSE,"Activated",1.62305955895887e-12
"SMOC1",3.42637905388472e-10,-0.101214476043072,7.24535085895451e-07,0.999320843721919,0.999999999996263,"SASH1","OE",FALSE,"Activated",1.62305955895887e-12
"SAA2",3.42562203607609e-10,-0.101263766976332,7.24214966396912e-07,0.999320993773406,0.999999999996263,"SASH1","OE",FALSE,"Activated",1.62305955895887e-12
"IGFL2",3.39659459123533e-10,-0.103161086058181,7.1199351113676e-07,0.99932674741782,0.999999999996263,"SASH1","OE",FALSE,"Activated",1.62305955895887e-12
"P2RX1",3.37451323717956e-10,-0.104613988315762,7.02766223910668e-07,0.999331124250186,0.999999999996263,"SASH1","OE",FALSE,"Activated",1.62305955895887e-12
"PLAC8",3.34069055789283e-10,-0.106855782402097,6.88749200033956e-07,0.999337828377021,0.999999999996263,"SASH1","OE",FALSE,"Activated",1.62305955895887e-12
"ATAD5",3.29831913781625e-10,-0.109692610960696,6.71388592039012e-07,0.999346226983595,0.999999999996263,"SASH1","OE",FALSE,"Activated",1.62305955895887e-12
"RNASE1",3.29700536709389e-10,-0.109781082429084,6.70853849964889e-07,0.999346487391281,0.999999999996263,"SASH1","OE",FALSE,"Activated",1.62305955895887e-12
"GINS2",3.27196259620582e-10,-0.111473476097946,6.60701463712865e-07,0.999351451217873,0.999999999996263,"SASH1","OE",FALSE,"Activated",1.62305955895887e-12
"TTN",3.27119750825021e-10,-0.111525360437752,6.6039251419588e-07,0.999351602868981,0.999999999996263,"SASH1","OE",FALSE,"Activated",1.62305955895887e-12
"IGHA1",3.24420690106625e-10,-0.113362608288325,6.4953969319061e-07,0.999356952783932,0.999999999996263,"SASH1","OE",FALSE,"Activated",1.62305955895887e-12
"IGSF10",3.23178461794518e-10,-0.114212725383121,6.44574955556359e-07,0.999359415053788,0.999999999996263,"SASH1","OE",FALSE,"Activated",1.62305955895887e-12
"C1QC",3.19138434934851e-10,-0.116997580953375,6.28560130184584e-07,0.999367422950814,0.999999999996263,"SASH1","OE",FALSE,"Activated",1.62305955895887e-12
"NPY1R",3.00069985808952e-10,-0.130576836048309,5.55691461585703e-07,0.999405219278849,0.999999999996263,"SASH1","OE",FALSE,"Activated",1.62305955895887e-12
"MT1G",2.99592810640335e-10,-0.130926305255647,5.53925531321035e-07,0.999406165106662,0.999999999996263,"SASH1","OE",FALSE,"Activated",1.62305955895887e-12
"LAX1",2.97916951854338e-10,-0.132157557277579,5.47745779497991e-07,0.999409486892786,0.999999999996263,"SASH1","OE",FALSE,"Activated",1.62305955895887e-12
"PLD4",2.96438142426878e-10,-0.133249120779375,5.42321440687418e-07,0.999412418099574,0.999999999996263,"SASH1","OE",FALSE,"Activated",1.62305955895887e-12
"KCNAB1",2.91484164391937e-10,-0.136941161450459,5.24346700431225e-07,0.999422237575879,0.999999999996263,"SASH1","OE",FALSE,"Activated",1.62305955895887e-12
"TRGC1",2.90794706663573e-10,-0.137459371468225,5.21869122729652e-07,0.999423604177389,0.999999999996263,"SASH1","OE",FALSE,"Activated",1.62305955895887e-12
"PDE6A",2.90735985680127e-10,-0.137503557372527,5.21658379044617e-07,0.999423720570579,0.999999999996263,"SASH1","OE",FALSE,"Activated",1.62305955895887e-12
"CRLF1",2.73391770859752e-10,-0.150912522132665,4.61274540001058e-07,0.999458099227254,0.999999999996263,"SASH1","OE",FALSE,"Activated",1.62305955895887e-12
"SCN3A",2.71467266494719e-10,-0.152446283961457,4.54803238005294e-07,0.999461913863813,0.999999999996263,"SASH1","OE",FALSE,"Activated",1.62305955895887e-12
"LINC01133",2.69580258930066e-10,-0.153959501130657,4.48502409423833e-07,0.999465654176485,0.999999999996263,"SASH1","OE",FALSE,"Activated",1.62305955895887e-12
"NUF2",2.67779300883832e-10,-0.155412451154327,4.42529895323631e-07,0.999469223927,0.999999999996263,"SASH1","OE",FALSE,"Activated",1.62305955895887e-12
"STEAP4",2.66162618905479e-10,-0.156724092474691,4.37202594466888e-07,0.999472428416605,0.999999999996263,"SASH1","OE",FALSE,"Activated",1.62305955895887e-12
"PGM5",2.65545062495799e-10,-0.157226981511774,4.35176133810382e-07,0.999473652499712,0.999999999996263,"SASH1","OE",FALSE,"Activated",1.62305955895887e-12
"PLK1",2.59880169241854e-10,-0.161888778430915,4.16806890638528e-07,0.999484881109866,0.999999999996263,"SASH1","OE",FALSE,"Activated",1.62305955895887e-12
"AC005280.2",2.56616294884317e-10,-0.164615559284808,4.06403152960294e-07,0.999491350565047,0.999999999996263,"SASH1","OE",FALSE,"Activated",1.62305955895887e-12
"PEG3",2.55009369218548e-10,-0.165969307666756,4.01329313555514e-07,0.999494535716335,0.999999999996263,"SASH1","OE",FALSE,"Activated",1.62305955895887e-12
"INHBB",2.54247581437814e-10,-0.166613703250276,3.98935118245777e-07,0.999496045686203,0.999999999996263,"SASH1","OE",FALSE,"Activated",1.62305955895887e-12
"CXCL14",2.52267417408732e-10,-0.168296722161852,3.92745240301555e-07,0.999499970648115,0.999999999996263,"SASH1","OE",FALSE,"Activated",1.62305955895887e-12
"REEP1",2.52196071418804e-10,-0.16835757907827,3.92523120173311e-07,0.999500112065841,0.999999999996263,"SASH1","OE",FALSE,"Activated",1.62305955895887e-12
"RSPO4",2.50039010950124e-10,-0.170204721984883,3.85837249463126e-07,0.999504387661238,0.999999999996263,"SASH1","OE",FALSE,"Activated",1.62305955895887e-12
"CASQ2",2.49325046098792e-10,-0.170819203351488,3.83636945303102e-07,0.999505802839386,0.999999999996263,"SASH1","OE",FALSE,"Activated",1.62305955895887e-12
"MRC1",2.47228601758194e-10,-0.172632541097339,3.77212463230031e-07,0.999509958285162,0.999999999996263,"SASH1","OE",FALSE,"Activated",1.62305955895887e-12
"BANK1",2.450824722035e-10,-0.174502955501094,3.70691914446783e-07,0.999514212213993,0.999999999996263,"SASH1","OE",FALSE,"Activated",1.62305955895887e-12
"COLGALT2",2.43407379070967e-10,-0.175972911488409,3.65642010567568e-07,0.999517532482788,0.999999999996263,"SASH1","OE",FALSE,"Activated",1.62305955895887e-12
"NLRP1",2.41802902064097e-10,-0.177389288151154,3.60837467390723e-07,0.999520712780557,0.999999999996263,"SASH1","OE",FALSE,"Activated",1.62305955895887e-12
"ID1",2.41480749698322e-10,-0.177674671825046,3.59876625260098e-07,0.99952135133159,0.999999999996263,"SASH1","OE",FALSE,"Activated",1.62305955895887e-12
"ALX3",2.39777875539324e-10,-0.179188790743597,3.54818964574479e-07,0.999524726666282,0.999999999996263,"SASH1","OE",FALSE,"Activated",1.62305955895887e-12
"TSLP",2.37788141420454e-10,-0.18097003325563,3.48954652540075e-07,0.999528670597537,0.999999999996263,"SASH1","OE",FALSE,"Activated",1.62305955895887e-12
"POLM",2.37438054801558e-10,-0.181284795466924,3.4792790305868e-07,0.99952936451817,0.999999999996263,"SASH1","OE",FALSE,"Activated",1.62305955895887e-12
"KCNN4",2.34995016465681e-10,-0.183492791020558,3.40804964771119e-07,0.999534206961788,0.999999999996263,"SASH1","OE",FALSE,"Activated",1.62305955895887e-12
"SLC28A3",2.33436887834229e-10,-0.184911609559589,3.36300549906868e-07,0.999537295390634,0.999999999996263,"SASH1","OE",FALSE,"Activated",1.62305955895887e-12
"ANKRD22",2.32807831836167e-10,-0.18548679012618,3.34490494611514e-07,0.999538542267595,0.999999999996263,"SASH1","OE",FALSE,"Activated",1.62305955895887e-12
"CLDN4",2.32186430086312e-10,-0.186056319242933,3.32707259224468e-07,0.999539773972767,0.999999999996263,"SASH1","OE",FALSE,"Activated",1.62305955895887e-12
"MUCL1",2.31617810809897e-10,-0.186578651000613,3.31079669639944e-07,0.999540901055696,0.999999999996263,"SASH1","OE",FALSE,"Activated",1.62305955895887e-12
"CD163",2.29868161828855e-10,-0.188192996504271,3.26096587556074e-07,0.999544369104676,0.999999999996263,"SASH1","OE",FALSE,"Activated",1.62305955895887e-12
"SGPP2",2.28844703396748e-10,-0.189142339258166,3.23199245720485e-07,0.999546397742429,0.999999999996263,"SASH1","OE",FALSE,"Activated",1.62305955895887e-12
"NCAM1",2.25779307233128e-10,-0.192008321848019,3.14598668753429e-07,0.99955247378637,0.999999999996263,"SASH1","OE",FALSE,"Activated",1.62305955895887e-12
"AC093791.1",2.25320314757516e-10,-0.192440405509891,3.13320857709026e-07,0.999553383573656,0.999999999996263,"SASH1","OE",FALSE,"Activated",1.62305955895887e-12
"SLC9B1",2.22933119993721e-10,-0.194700244847626,3.06716963804005e-07,0.999558115327586,0.999999999996263,"SASH1","OE",FALSE,"Activated",1.62305955895887e-12
"CFD",2.22655137373172e-10,-0.194964782790192,3.05952529812465e-07,0.999558666328023,0.999999999996263,"SASH1","OE",FALSE,"Activated",1.62305955895887e-12
"XCL1",2.21058117272851e-10,-0.196490230199677,3.01579309136522e-07,0.999561831845254,0.999999999996263,"SASH1","OE",FALSE,"Activated",1.62305955895887e-12
"PLVAP",2.18740270616621e-10,-0.198721579177375,2.9528820401757e-07,0.999566426141562,0.999999999996263,"SASH1","OE",FALSE,"Activated",1.62305955895887e-12
"GNLY",2.10107438076956e-10,-0.207220006138857,2.72440370858051e-07,0.999583537623394,0.999999999996263,"SASH1","OE",FALSE,"Activated",1.62305955895887e-12
"C1QA",2.06930671826763e-10,-0.210424973892861,2.64264206520288e-07,0.999589834418582,0.999999999996263,"SASH1","OE",FALSE,"Activated",1.62305955895887e-12
"SEMA3C",2.05310562629122e-10,-0.212076207152679,2.60142431092942e-07,0.9995930457017,0.999999999996263,"SASH1","OE",FALSE,"Activated",1.62305955895887e-12
"MYOC",2.02412058800519e-10,-0.2150592773247,2.52849077078416e-07,0.999598790941869,0.999999999996263,"SASH1","OE",FALSE,"Activated",1.62305955895887e-12
"ROBO2",2.00504322446422e-10,-0.217043297835573,2.48105326035282e-07,0.99960257234228,0.999999999996263,"SASH1","OE",FALSE,"Activated",1.62305955895887e-12
"KRT86",2.00504281809755e-10,-0.217043340274164,2.48105225467151e-07,0.999602572422827,0.999999999996263,"SASH1","OE",FALSE,"Activated",1.62305955895887e-12
"ADH1B",2.00475015883806e-10,-0.217073905888884,2.48032803081206e-07,0.999602630431988,0.999999999996263,"SASH1","OE",FALSE,"Activated",1.62305955895887e-12
"S100B",1.97774282419427e-10,-0.219911658931643,2.41394984885625e-07,0.999607983663653,0.999999999996263,"SASH1","OE",FALSE,"Activated",1.62305955895887e-12
"CCL14",1.97661467497794e-10,-0.220030939389314,2.41119669118351e-07,0.999608207278615,0.999999999996263,"SASH1","OE",FALSE,"Activated",1.62305955895887e-12
"MYH3",1.97661397706045e-10,-0.220031013199478,2.41119498845807e-07,0.999608207416952,0.999999999996263,"SASH1","OE",FALSE,"Activated",1.62305955895887e-12
"COL19A1",1.97661337809424e-10,-0.220031076544798,2.41119352714684e-07,0.999608207535676,0.999999999996263,"SASH1","OE",FALSE,"Activated",1.62305955895887e-12
"HLA-DQA1",1.96295980791387e-10,-0.221479464879232,2.37799766074602e-07,0.99961091386436,0.999999999996263,"SASH1","OE",FALSE,"Activated",1.62305955895887e-12
"LINC01220",1.96288605850413e-10,-0.221487312405297,2.37781897891191e-07,0.999610928482525,0.999999999996263,"SASH1","OE",FALSE,"Activated",1.62305955895887e-12
"LRRC2",1.86109183265401e-10,-0.232575274321913,2.13758904333442e-07,0.999631105522782,0.999999999996263,"SASH1","OE",FALSE,"Activated",1.62305955895887e-12
"CAMK2B",1.85365515076077e-10,-0.233406124279773,2.12054011631359e-07,0.999632579577225,0.999999999996263,"SASH1","OE",FALSE,"Activated",1.62305955895887e-12
"ARMC4",1.85365476872733e-10,-0.233406167037227,2.12053924223823e-07,0.99963257965295,0.999999999996263,"SASH1","OE",FALSE,"Activated",1.62305955895887e-12
"SCN2A",1.85365476161339e-10,-0.233406167833424,2.12053922596187e-07,0.99963257965436,0.999999999996263,"SASH1","OE",FALSE,"Activated",1.62305955895887e-12
"AL109910.2",1.85365475522825e-10,-0.233406168548054,2.12053921135294e-07,0.999632579655625,0.999999999996263,"SASH1","OE",FALSE,"Activated",1.62305955895887e-12
"TMC5",1.85365458504065e-10,-0.233406187595573,2.12053882197142e-07,0.999632579689359,0.999999999996263,"SASH1","OE",FALSE,"Activated",1.62305955895887e-12
"AC093772.1",1.84366063650744e-10,-0.234527385752628,2.09773476089121e-07,0.999634560629846,0.999999999996263,"SASH1","OE",FALSE,"Activated",1.62305955895887e-12
"PCLAF",1.79717623628669e-10,-0.239813868404937,1.99328749864024e-07,0.999643774488655,0.999999999996263,"SASH1","OE",FALSE,"Activated",1.62305955895887e-12
"CEP55",1.71553651236107e-10,-0.249397437065083,1.81630400141495e-07,0.999659956624837,0.999999999996263,"SASH1","OE",FALSE,"Activated",1.62305955895887e-12
"CDKN3",1.69541834108842e-10,-0.251820765070366,1.77395403399052e-07,0.999663944328045,0.999999999996263,"SASH1","OE",FALSE,"Activated",1.62305955895887e-12
"ZWINT",1.6932411209335e-10,-0.252084540023869,1.7694008114037e-07,0.999664375883562,0.999999999996263,"SASH1","OE",FALSE,"Activated",1.62305955895887e-12
"EFNA2",1.65723116222222e-10,-0.256491186313773,1.69494180077553e-07,0.999671513561555,0.999999999996263,"SASH1","OE",FALSE,"Activated",1.62305955895887e-12
"CDCA5",1.64854662529917e-10,-0.257566568035538,1.67722403600881e-07,0.99967323495837,0.999999999996263,"SASH1","OE",FALSE,"Activated",1.62305955895887e-12
"CDCA8",1.64219735343985e-10,-0.258355946484249,1.66432947306728e-07,0.999674493472952,0.999999999996263,"SASH1","OE",FALSE,"Activated",1.62305955895887e-12
"MS4A4A",1.64129387247167e-10,-0.258468491162315,1.66249866221976e-07,0.99967467255553,0.999999999996263,"SASH1","OE",FALSE,"Activated",1.62305955895887e-12
"C1QB",1.6272481770564e-10,-0.260225197261974,1.63416609478283e-07,0.999677456609027,0.999999999996263,"SASH1","OE",FALSE,"Activated",1.62305955895887e-12
"TACC3",1.60023372428412e-10,-0.263641843365798,1.58035787816308e-07,0.99968281125183,0.999999999996263,"SASH1","OE",FALSE,"Activated",1.62305955895887e-12
"KNSTRN",1.59406000339167e-10,-0.264429798673132,1.56818732133544e-07,0.999684034969759,0.999999999996263,"SASH1","OE",FALSE,"Activated",1.62305955895887e-12
"LTC4S",1.57140064692903e-10,-0.267345081273103,1.52392103397525e-07,0.999688526371506,0.999999999996263,"SASH1","OE",FALSE,"Activated",1.62305955895887e-12
"SERPINB7",1.53622887230434e-10,-0.271944452162838,1.45646634750928e-07,0.999695497909761,0.999999999996263,"SASH1","OE",FALSE,"Activated",1.62305955895887e-12
"LONRF2",1.52168610516761e-10,-0.273873376008652,1.42902148468264e-07,0.999698380489863,0.999999999996263,"SASH1","OE",FALSE,"Activated",1.62305955895887e-12
"LILRB1",1.5185558781298e-10,-0.274290688324024,1.42314831431919e-07,0.999699000944698,0.999999999996263,"SASH1","OE",FALSE,"Activated",1.62305955895887e-12
"SERPINE2",1.50614897145988e-10,-0.275952237085394,1.39998849717266e-07,0.999701460167349,0.999999999996263,"SASH1","OE",FALSE,"Activated",1.62305955895887e-12
"HLA-DRB5",1.49920124139244e-10,-0.276887965344281,1.38710224479617e-07,0.999702837304746,0.999999999996263,"SASH1","OE",FALSE,"Activated",1.62305955895887e-12
"KLRD1",1.49376055269854e-10,-0.277623397239747,1.37705276321969e-07,0.99970391572544,0.999999999996263,"SASH1","OE",FALSE,"Activated",1.62305955895887e-12
"IER5",1.49133886347274e-10,-0.277951503195881,1.37259141813331e-07,0.999704395738159,0.999999999996263,"SASH1","OE",FALSE,"Activated",1.62305955895887e-12
"NAV3",1.45349131132977e-10,-0.28314135653403,1.30380753992577e-07,0.999711897653046,0.999999999996263,"SASH1","OE",FALSE,"Activated",1.62305955895887e-12
"EGR4",1.43328187474439e-10,-0.285961581115609,1.26780314829444e-07,0.999715903446419,0.999999999996263,"SASH1","OE",FALSE,"Activated",1.62305955895887e-12
"CCRL2",1.40484001607091e-10,-0.28999063759076,1.21798614195922e-07,0.999721541021161,0.999999999996263,"SASH1","OE",FALSE,"Activated",1.62305955895887e-12
"NDRG1",1.37399948884381e-10,-0.294441607202111,1.16509610549936e-07,0.999727654045622,0.999999999996263,"SASH1","OE",FALSE,"Activated",1.62305955895887e-12
"IBSP",1.35913633379431e-10,-0.296618234807471,1.14002573045233e-07,0.999730600131137,0.999999999996263,"SASH1","OE",FALSE,"Activated",1.62305955895887e-12
"FGF18",1.33689363410737e-10,-0.29991509505383,1.10301728679581e-07,0.99973500894577,0.999999999996263,"SASH1","OE",FALSE,"Activated",1.62305955895887e-12
"AC015912.3",1.33211735442073e-10,-0.300629349020306,1.09514993228947e-07,0.999735955671307,0.999999999996263,"SASH1","OE",FALSE,"Activated",1.62305955895887e-12
"CA12",1.32299691791907e-10,-0.301999533113289,1.08020522375189e-07,0.999737763469575,0.999999999996263,"SASH1","OE",FALSE,"Activated",1.62305955895887e-12
"ALDH1A3",1.30351440762575e-10,-0.304954561946332,1.04862517468527e-07,0.999741625176019,0.999999999996263,"SASH1","OE",FALSE,"Activated",1.62305955895887e-12
"CD74",1.28495874863457e-10,-0.307805449029799,1.01898309595974e-07,0.999745303167557,0.999999999996263,"SASH1","OE",FALSE,"Activated",1.62305955895887e-12
"IL6R-AS1",1.27236034951451e-10,-0.309761829547556,9.99099776374272e-08,0.999747800346744,0.999999999996263,"SASH1","OE",FALSE,"Activated",1.62305955895887e-12
"MCM6",1.26861769031127e-10,-0.310346311039094,9.93230699430487e-08,0.999748542194226,0.999999999996263,"SASH1","OE",FALSE,"Activated",1.62305955895887e-12
"SEMA3B",1.25875855332616e-10,-0.311893297903514,9.77852786129435e-08,0.999750496413288,0.999999999996263,"SASH1","OE",FALSE,"Activated",1.62305955895887e-12
"AKR1B10",1.24956077508022e-10,-0.313346176274438,9.63614609778742e-08,0.999752319541784,0.999999999996263,"SASH1","OE",FALSE,"Activated",1.62305955895887e-12
"LRRN2",1.24231052761438e-10,-0.314498085569417,9.52464810554406e-08,0.999753756642398,0.999999999996263,"SASH1","OE",FALSE,"Activated",1.62305955895887e-12
"LINC01814",1.24231046518632e-10,-0.314498095513397,9.52464714828703e-08,0.999753756654772,0.999999999996263,"SASH1","OE",FALSE,"Activated",1.62305955895887e-12
"TAC1",1.24231040489254e-10,-0.314498105117416,9.52464622375641e-08,0.999753756666723,0.999999999996263,"SASH1","OE",FALSE,"Activated",1.62305955895887e-12
"CLEC5A",1.24231028841371e-10,-0.314498123670985,9.52464443769776e-08,0.999753756689811,0.999999999996263,"SASH1","OE",FALSE,"Activated",1.62305955895887e-12
"AOC1",1.24231027252821e-10,-0.314498126201339,9.52464419411335e-08,0.999753756692959,0.999999999996263,"SASH1","OE",FALSE,"Activated",1.62305955895887e-12
"FLT3",1.24231020204453e-10,-0.314498137428477,9.52464311333354e-08,0.99975375670693,0.999999999996263,"SASH1","OE",FALSE,"Activated",1.62305955895887e-12
"INSM1",1.24231002193831e-10,-0.31449816611707,9.52464035162826e-08,0.99975375674263,0.999999999996263,"SASH1","OE",FALSE,"Activated",1.62305955895887e-12
"HIST3H2BB",1.24087266007071e-10,-0.314727236190437,9.50261294352295e-08,0.999754041647888,0.999999999996263,"SASH1","OE",FALSE,"Activated",1.62305955895887e-12
"AL603756.1",1.2379626456557e-10,-0.315191717894158,9.45809537645255e-08,0.99975461845351,0.999999999996263,"SASH1","OE",FALSE,"Activated",1.62305955895887e-12
"NTRK3",1.23781567469321e-10,-0.315215202185541,9.45584977902466e-08,0.999754647585214,0.999999999996263,"SASH1","OE",FALSE,"Activated",1.62305955895887e-12
"CCL22",1.23472891489628e-10,-0.315709000406187,9.40874818815238e-08,0.999755259424248,0.999999999996263,"SASH1","OE",FALSE,"Activated",1.62305955895887e-12
"IL36G",1.23465403214317e-10,-0.315720993144364,9.40760699579091e-08,0.999755274267059,0.999999999996263,"SASH1","OE",FALSE,"Activated",1.62305955895887e-12
"CLDN5",1.22777353640558e-10,-0.316825675722344,9.30304549620146e-08,0.999756638077702,0.999999999996263,"SASH1","OE",FALSE,"Activated",1.62305955895887e-12
"FCER1A",1.2200925119142e-10,-0.318065353267951,9.18700878615626e-08,0.99975816056436,0.999999999996263,"SASH1","OE",FALSE,"Activated",1.62305955895887e-12
"CCL5",1.21480409580933e-10,-0.318922883024134,9.10754033439184e-08,0.999759208802518,0.999999999996263,"SASH1","OE",FALSE,"Activated",1.62305955895887e-12
"HAP1",1.2134128765315e-10,-0.319149019570332,9.08669198457241e-08,0.999759484561669,0.999999999996263,"SASH1","OE",FALSE,"Activated",1.62305955895887e-12
"SLCO2B1",1.18463477896922e-10,-0.323878820336232,8.66079114297456e-08,0.999765188783769,0.999999999996263,"SASH1","OE",FALSE,"Activated",1.62305955895887e-12
"PIMREG",1.18077278862417e-10,-0.32452124732625,8.60441364813672e-08,0.99976595428436,0.999999999996263,"SASH1","OE",FALSE,"Activated",1.62305955895887e-12
"LCE3E",1.17481854307604e-10,-0.325515352860897,8.51785403707019e-08,0.999767134499245,0.999999999996263,"SASH1","OE",FALSE,"Activated",1.62305955895887e-12
"CYP24A1",1.17425485745926e-10,-0.32560969444526,8.50968215390526e-08,0.999767246229632,0.999999999996263,"SASH1","OE",FALSE,"Activated",1.62305955895887e-12
"SELE",1.17404064597451e-10,-0.325645556552766,8.50657770793234e-08,0.999767288689349,0.999999999996263,"SASH1","OE",FALSE,"Activated",1.62305955895887e-12
"MIR503HG",1.17187701251592e-10,-0.326008104006229,8.47525314201858e-08,0.999767717551812,0.999999999996263,"SASH1","OE",FALSE,"Activated",1.62305955895887e-12
"TSPAN7",1.17035583802978e-10,-0.326263351924631,8.45326453545318e-08,0.999768019069907,0.999999999996263,"SASH1","OE",FALSE,"Activated",1.62305955895887e-12
"DEC1",1.16786150483874e-10,-0.326682526466228,8.41727071454898e-08,0.999768513481691,0.999999999996263,"SASH1","OE",FALSE,"Activated",1.62305955895887e-12
"KLK13",1.16525603013549e-10,-0.327121222349929,8.37975509811688e-08,0.999769029923279,0.999999999996263,"SASH1","OE",FALSE,"Activated",1.62305955895887e-12
"PACRG-AS1",1.16525510783183e-10,-0.327121377795581,8.37974183291927e-08,0.999769030106093,0.999999999996263,"SASH1","OE",FALSE,"Activated",1.62305955895887e-12
"ABLIM2",1.1652550788372e-10,-0.327121382682356,8.37974141589902e-08,0.99976903011184,0.999999999996263,"SASH1","OE",FALSE,"Activated",1.62305955895887e-12
"GCNT2",1.14661900267336e-10,-0.330284694877621,8.113848197334e-08,0.999772724043227,0.999999999996263,"SASH1","OE",FALSE,"Activated",1.62305955895887e-12
"RHCG",1.14633846134446e-10,-0.330332659754716,8.10987828006418e-08,0.999772779650449,0.999999999996263,"SASH1","OE",FALSE,"Activated",1.62305955895887e-12
"CALML5",1.14065255282001e-10,-0.331307032168847,8.02962682140979e-08,0.999773906677179,0.999999999996263,"SASH1","OE",FALSE,"Activated",1.62305955895887e-12
"SUCNR1",1.1217939261436e-10,-0.334569719108581,7.76631098107792e-08,0.999777644721202,0.999999999996263,"SASH1","OE",FALSE,"Activated",1.62305955895887e-12
"MYL3",1.11239483472814e-10,-0.336213934478284,7.63671416123544e-08,0.999779507752807,0.999999999996263,"SASH1","OE",FALSE,"Activated",1.62305955895887e-12
"TCN1",1.10971594383751e-10,-0.336684805530631,7.5999766831789e-08,0.999780038746515,0.999999999996263,"SASH1","OE",FALSE,"Activated",1.62305955895887e-12
"HLA-DMB",1.10895237575199e-10,-0.336819202156828,7.58952156951938e-08,0.999780190096408,0.999999999996263,"SASH1","OE",FALSE,"Activated",1.62305955895887e-12
"KCTD14",1.10492203064126e-10,-0.337529943633046,7.53445553237142e-08,0.999780988967276,0.999999999996263,"SASH1","OE",FALSE,"Activated",1.62305955895887e-12
"LCE3D",1.08525375671682e-10,-0.34103154645521,7.26860726763055e-08,0.999784887494737,0.999999999996263,"SASH1","OE",FALSE,"Activated",1.62305955895887e-12
"KRT14",1.07368700976006e-10,-0.343117031246375,7.11449380794729e-08,0.999787180186047,0.999999999996263,"SASH1","OE",FALSE,"Activated",1.62305955895887e-12
"CLNK",1.06886147962586e-10,-0.343992936384844,7.05068739947658e-08,0.99978813667373,0.999999999996263,"SASH1","OE",FALSE,"Activated",1.62305955895887e-12
"LAMP3",1.05306652601628e-10,-0.346884550662755,6.84384593323409e-08,0.999791267454844,0.999999999996263,"SASH1","OE",FALSE,"Activated",1.62305955895887e-12
"DENND2C",1.04916772512696e-10,-0.347604195199406,6.79326337707616e-08,0.999792040251808,0.999999999996263,"SASH1","OE",FALSE,"Activated",1.62305955895887e-12
"CDC20B",1.04743048630681e-10,-0.347925616278052,6.77078508320302e-08,0.999792384596883,0.999999999996263,"SASH1","OE",FALSE,"Activated",1.62305955895887e-12
"FBP1",1.04743047100293e-10,-0.347925619111621,6.77078488534879e-08,0.999792384599917,0.999999999996263,"SASH1","OE",FALSE,"Activated",1.62305955895887e-12
"PTCRA",1.04743036861613e-10,-0.347925638068909,6.7707835616544e-08,0.999792384620211,0.999999999996263,"SASH1","OE",FALSE,"Activated",1.62305955895887e-12
"CACNG8",1.04743017295023e-10,-0.347925674297168,6.77078103201344e-08,0.999792384658995,0.999999999996263,"SASH1","OE",FALSE,"Activated",1.62305955895887e-12
"TSPAN8",1.04732485169062e-10,-0.347945175780383,6.76941946853545e-08,0.999792405535144,0.999999999996263,"SASH1","OE",FALSE,"Activated",1.62305955895887e-12
"AC020656.1",1.03323632414715e-10,-0.350569555601297,6.58852107766397e-08,0.999795198078706,0.999999999996263,"SASH1","OE",FALSE,"Activated",1.62305955895887e-12
"ITGB4",1.01987561058267e-10,-0.353087678313801,6.41923123973244e-08,0.999797846359341,0.999999999996263,"SASH1","OE",FALSE,"Activated",1.62305955895887e-12
"SPINT2",1.01652067106909e-10,-0.35372455909548,6.37706784228239e-08,0.999798511355361,0.999999999996263,"SASH1","OE",FALSE,"Activated",1.62305955895887e-12
"RAMP3",1.01561825709596e-10,-0.353896184075921,6.365750412334e-08,0.999798690226455,0.999999999996263,"SASH1","OE",FALSE,"Activated",1.62305955895887e-12
"SLC11A1",1.0144940991934e-10,-0.354110169483414,6.3516660885462e-08,0.999798913050303,0.999999999996263,"SASH1","OE",FALSE,"Activated",1.62305955895887e-12
"SLC16A10",1.00591430594229e-10,-0.355750271669568,6.24468559490953e-08,0.999800613685545,0.999999999996263,"SASH1","OE",FALSE,"Activated",1.62305955895887e-12
"SP5",9.99670437722817e-11,-0.356951615164606,6.16740270494004e-08,0.999801851307716,0.999999999996263,"SASH1","OE",FALSE,"Activated",1.62305955895887e-12
"DSC3",9.94170811931054e-11,-0.358015257340426,6.09973018870514e-08,0.999802941410609,0.999999999996263,"SASH1","OE",FALSE,"Activated",1.62305955895887e-12
"TEX26-AS1",9.91617096445608e-11,-0.358510917829712,6.06843381779657e-08,0.999803447592801,0.999999999996263,"SASH1","OE",FALSE,"Activated",1.62305955895887e-12
"TRBC1",9.90033890932293e-11,-0.35881877386915,6.04907169055489e-08,0.999803761406318,0.999999999996263,"SASH1","OE",FALSE,"Activated",1.62305955895887e-12
"MYLPF",9.87555663011456e-11,-0.359301540791837,6.01882582528517e-08,0.999804252625817,0.999999999996263,"SASH1","OE",FALSE,"Activated",1.62305955895887e-12
"OCIAD2",9.68915517722969e-11,-0.362967336209786,5.79375906664489e-08,0.999807947363806,0.999999999996263,"SASH1","OE",FALSE,"Activated",1.62305955895887e-12
"TUBA1C",9.66049616469322e-11,-0.363536454862617,5.7595356807236e-08,0.999808515425592,0.999999999996263,"SASH1","OE",FALSE,"Activated",1.62305955895887e-12
"KRT5",9.54383567965668e-11,-0.365868606445196,5.621270894076e-08,0.999810827799877,0.999999999996263,"SASH1","OE",FALSE,"Activated",1.62305955895887e-12
"GADD45A",9.50981773656344e-11,-0.366553390852626,5.58126951909433e-08,0.999811502083177,0.999999999996263,"SASH1","OE",FALSE,"Activated",1.62305955895887e-12
"PERP",9.49040122457413e-11,-0.366945216051177,5.5585018574105e-08,0.999811886945652,0.999999999996263,"SASH1","OE",FALSE,"Activated",1.62305955895887e-12
"TP63",9.32709472176936e-11,-0.370269013937364,5.36885138976606e-08,0.999815123909376,0.999999999996263,"SASH1","OE",FALSE,"Activated",1.62305955895887e-12
"KRT6A",9.32351882402894e-11,-0.370342367112924,5.36473547073789e-08,0.99981519478868,0.999999999996263,"SASH1","OE",FALSE,"Activated",1.62305955895887e-12
"SDC1",9.32107414804587e-11,-0.370392529568368,5.36192251550244e-08,0.999815243245583,0.999999999996263,"SASH1","OE",FALSE,"Activated",1.62305955895887e-12
"CLCA2",9.29718184719747e-11,-0.37088338889468,5.33446978287319e-08,0.999815716824466,0.999999999996263,"SASH1","OE",FALSE,"Activated",1.62305955895887e-12
"EDN1",9.29448370334906e-11,-0.370938891243213,5.33137398921474e-08,0.999815770305458,0.999999999996263,"SASH1","OE",FALSE,"Activated",1.62305955895887e-12
"DSP",9.28318582082785e-11,-0.371171449514083,5.31842079444666e-08,0.999815994245321,0.999999999996263,"SASH1","OE",FALSE,"Activated",1.62305955895887e-12
"GALNT3",9.24187712556136e-11,-0.372023887588702,5.27119385753476e-08,0.999816813041547,0.999999999996263,"SASH1","OE",FALSE,"Activated",1.62305955895887e-12
"FXYD3",9.23816484818933e-11,-0.372100657865445,5.26696004153591e-08,0.999816886624087,0.999999999996263,"SASH1","OE",FALSE,"Activated",1.62305955895887e-12
"DSG2",9.23797158785088e-11,-0.372104655254042,5.26673967659333e-08,0.999816890454777,0.999999999996263,"SASH1","OE",FALSE,"Activated",1.62305955895887e-12
"CDH3",9.22672541635148e-11,-0.372337397694753,5.25392417833929e-08,0.999817113369656,0.999999999996263,"SASH1","OE",FALSE,"Activated",1.62305955895887e-12
"S100A2",9.18218167861243e-11,-0.373261706624561,5.20331803155844e-08,0.999817996288957,0.999999999996263,"SASH1","OE",FALSE,"Activated",1.62305955895887e-12
"SERPINB5",9.11352211482161e-11,-0.374694207780802,5.12579356820032e-08,0.999819357217724,0.999999999996263,"SASH1","OE",FALSE,"Activated",1.62305955895887e-12
"KLF5",9.10665755908905e-11,-0.374837951531242,5.11807469869276e-08,0.999819493282838,0.999999999996263,"SASH1","OE",FALSE,"Activated",1.62305955895887e-12
"CDKN2A",9.10185588182802e-11,-0.374938555427804,5.1126788959391e-08,0.99981958845881,0.999999999996263,"SASH1","OE",FALSE,"Activated",1.62305955895887e-12
"C16orf74",9.06920461337828e-11,-0.375623902980989,5.07606306113314e-08,0.999820235652706,0.999999999996263,"SASH1","OE",FALSE,"Activated",1.62305955895887e-12
"JCHAIN",9.06873254517027e-11,-0.375633827602682,5.07553463869023e-08,0.999820245009759,0.999999999996263,"SASH1","OE",FALSE,"Activated",1.62305955895887e-12
"TMEM154",9.01070599600083e-11,-0.376857244370737,5.01079052478493e-08,0.999821395177277,0.999999999996263,"SASH1","OE",FALSE,"Activated",1.62305955895887e-12
"ITGA6",8.99643285715029e-11,-0.377159240020549,4.99492871226615e-08,0.99982167809089,0.999999999996263,"SASH1","OE",FALSE,"Activated",1.62305955895887e-12
"PRRG4",8.95669053790922e-11,-0.378002352478097,4.95089535167284e-08,0.99982246583935,0.999999999996263,"SASH1","OE",FALSE,"Activated",1.62305955895887e-12
"DIO3",8.94368131601754e-11,-0.378279053082127,4.93652385553697e-08,0.999822723700358,0.999999999996263,"SASH1","OE",FALSE,"Activated",1.62305955895887e-12
"ATP1B1",8.93609131234255e-11,-0.378440653219339,4.92814870568956e-08,0.999822874144867,0.999999999996263,"SASH1","OE",FALSE,"Activated",1.62305955895887e-12
"COL17A1",8.91297301365426e-11,-0.378933616018337,4.9026827526745e-08,0.999823332381943,0.999999999996263,"SASH1","OE",FALSE,"Activated",1.62305955895887e-12
"PLEK2",8.89496832290758e-11,-0.379318320529278,4.88289538649415e-08,0.999823689260144,0.999999999996263,"SASH1","OE",FALSE,"Activated",1.62305955895887e-12
"PPP1R14B",8.88727355686438e-11,-0.379482943354603,4.87445095257736e-08,0.99982384178119,0.999999999996263,"SASH1","OE",FALSE,"Activated",1.62305955895887e-12
"HMGA1",8.88335585981124e-11,-0.379566807370867,4.87015437884998e-08,0.999823919435436,0.999999999996263,"SASH1","OE",FALSE,"Activated",1.62305955895887e-12
"TNS4",8.858303363208e-11,-0.380103865054082,4.84272387067648e-08,0.999824416011025,0.999999999996263,"SASH1","OE",FALSE,"Activated",1.62305955895887e-12
"CTNNAL1",8.85686628576199e-11,-0.380134712706974,4.84115273352769e-08,0.999824444495914,0.999999999996263,"SASH1","OE",FALSE,"Activated",1.62305955895887e-12
"FGFBP1",8.83733414621253e-11,-0.38055441904972,4.81982378878033e-08,0.999824831650291,0.999999999996263,"SASH1","OE",FALSE,"Activated",1.62305955895887e-12
"FRMD4B",8.77673378313062e-11,-0.381861825574172,4.75394835297431e-08,0.99982603283441,0.999999999996263,"SASH1","OE",FALSE,"Activated",1.62305955895887e-12
"NPM3",8.75735152266847e-11,-0.382281663489761,4.73297459999341e-08,0.999826417017973,0.999999999996263,"SASH1","OE",FALSE,"Activated",1.62305955895887e-12
"LY6K",8.75535957337768e-11,-0.382324857400439,4.73082171777933e-08,0.9998264565012,0.999999999996263,"SASH1","OE",FALSE,"Activated",1.62305955895887e-12
"CAVIN2",8.75416270460993e-11,-0.382350814760737,4.72952838751706e-08,0.999826480224816,0.999999999996263,"SASH1","OE",FALSE,"Activated",1.62305955895887e-12
"DSG3",8.74218826796153e-11,-0.382610685480848,4.71659860616385e-08,0.99982671757493,0.999999999996263,"SASH1","OE",FALSE,"Activated",1.62305955895887e-12
"TSTD1",8.69431513669423e-11,-0.383652780347345,4.66508287813118e-08,0.99982766648748,0.999999999996263,"SASH1","OE",FALSE,"Activated",1.62305955895887e-12
"TMEM106C",8.67424123415549e-11,-0.384091252356507,4.64356575812462e-08,0.999828064380358,0.999999999996263,"SASH1","OE",FALSE,"Activated",1.62305955895887e-12
"TUBA4A",8.64402825340523e-11,-0.384752881053425,4.61127437290196e-08,0.999828663243976,0.999999999996263,"SASH1","OE",FALSE,"Activated",1.62305955895887e-12
"CKS1B",8.54979214516031e-11,-0.386829723224779,4.51127936097627e-08,0.999830531135701,0.999999999996263,"SASH1","OE",FALSE,"Activated",1.62305955895887e-12
"RGS12",8.53679242712043e-11,-0.387117802972985,4.49757124400959e-08,0.99983078880833,0.999999999996263,"SASH1","OE",FALSE,"Activated",1.62305955895887e-12
"LYAR",8.52744422042247e-11,-0.387325202769783,4.48772651468268e-08,0.999830974102887,0.999999999996263,"SASH1","OE",FALSE,"Activated",1.62305955895887e-12
"EZR",8.52486861910668e-11,-0.387382380424959,4.4850160076521e-08,0.999831025154914,0.999999999996263,"SASH1","OE",FALSE,"Activated",1.62305955895887e-12
"MET",8.50793087629549e-11,-0.387758773717398,4.46721149148131e-08,0.999831360884713,0.999999999996263,"SASH1","OE",FALSE,"Activated",1.62305955895887e-12
"TNFRSF18",8.47822441162246e-11,-0.388420514395189,4.43607033990417e-08,0.999831949708473,0.999999999996263,"SASH1","OE",FALSE,"Activated",1.62305955895887e-12
"IGFBP6",8.45776505551301e-11,-0.388877456756925,4.41468623162699e-08,0.999832355241582,0.999999999996263,"SASH1","OE",FALSE,"Activated",1.62305955895887e-12
"RPA3",8.40032755796117e-11,-0.390165504142351,4.35492871322768e-08,0.999833493733276,0.999999999996263,"SASH1","OE",FALSE,"Activated",1.62305955895887e-12
"VEGFC",8.39509505316227e-11,-0.390283229773091,4.34950509414971e-08,0.999833597448854,0.999999999996263,"SASH1","OE",FALSE,"Activated",1.62305955895887e-12
"LDLR",8.37602459698234e-11,-0.390712842573665,4.3297667031629e-08,0.99983397545202,0.999999999996263,"SASH1","OE",FALSE,"Activated",1.62305955895887e-12
"SNCG",8.36250962978364e-11,-0.391017825773278,4.31580555844459e-08,0.99983424333761,0.999999999996263,"SASH1","OE",FALSE,"Activated",1.62305955895887e-12
"CDH1",8.33901766196025e-11,-0.391548989212969,4.29159168918581e-08,0.999834708981334,0.999999999996263,"SASH1","OE",FALSE,"Activated",1.62305955895887e-12
"C12orf75",8.31246091976993e-11,-0.392151039924304,4.26430089282164e-08,0.99983523537318,0.999999999996263,"SASH1","OE",FALSE,"Activated",1.62305955895887e-12
"AREG",8.30630421474076e-11,-0.392290856772504,4.2579864402546e-08,0.999835357407702,0.999999999996263,"SASH1","OE",FALSE,"Activated",1.62305955895887e-12
"SLC7A1",8.27926184851037e-11,-0.39290606484546,4.23030659888757e-08,0.999835893425298,0.999999999996263,"SASH1","OE",FALSE,"Activated",1.62305955895887e-12
"FOSL1",8.27324364530515e-11,-0.393043218720246,4.22415880644686e-08,0.999836012714519,0.999999999996263,"SASH1","OE",FALSE,"Activated",1.62305955895887e-12
"KLK8",8.23177089408321e-11,-0.393990775539042,4.1819145796001e-08,0.999836834762568,0.999999999996263,"SASH1","OE",FALSE,"Activated",1.62305955895887e-12
"PTTG1",8.226303832233e-11,-0.394115999212553,4.17636165693279e-08,0.999836943127396,0.999999999996263,"SASH1","OE",FALSE,"Activated",1.62305955895887e-12
"SQLE",8.22470157207289e-11,-0.394152713070276,4.17473493213366e-08,0.999836974886438,0.999999999996263,"SASH1","OE",FALSE,"Activated",1.62305955895887e-12
"LINC00958",8.21748620039986e-11,-0.394318122800788,4.16741331661536e-08,0.999837117905216,0.999999999996263,"SASH1","OE",FALSE,"Activated",1.62305955895887e-12
"F11R",8.20584214951292e-11,-0.394585328694753,4.15561136367016e-08,0.999837348706622,0.999999999996263,"SASH1","OE",FALSE,"Activated",1.62305955895887e-12
"RHOD",8.20485634037552e-11,-0.394607966241654,4.15461295460887e-08,0.999837368246741,0.999999999996263,"SASH1","OE",FALSE,"Activated",1.62305955895887e-12
"PDPN",8.15626104313648e-11,-0.395726864794547,4.10554524214424e-08,0.999838331473634,0.999999999996263,"SASH1","OE",FALSE,"Activated",1.62305955895887e-12
"SLC43A3",8.13541976986176e-11,-0.396208533854051,4.08459067234003e-08,0.999838744576878,0.999999999996263,"SASH1","OE",FALSE,"Activated",1.62305955895887e-12
"SOWAHC",8.10461276212327e-11,-0.396922520959154,4.05371438877432e-08,0.999839355214944,0.999999999996263,"SASH1","OE",FALSE,"Activated",1.62305955895887e-12
"CDX1",8.07625121264226e-11,-0.39758195094241,4.02539262674978e-08,0.999839917380602,0.999999999996263,"SASH1","OE",FALSE,"Activated",1.62305955895887e-12
"ST14",8.0449413958302e-11,-0.398312306539048,3.9942420349609e-08,0.999840537985049,0.999999999996263,"SASH1","OE",FALSE,"Activated",1.62305955895887e-12
"DHCR7",8.03547037720136e-11,-0.398533728241401,3.98484301732093e-08,0.999840725713911,0.999999999996263,"SASH1","OE",FALSE,"Activated",1.62305955895887e-12
"UBE2S",8.01587440851999e-11,-0.39899259151624,3.96543117439427e-08,0.999841114133473,0.999999999996263,"SASH1","OE",FALSE,"Activated",1.62305955895887e-12
"CENPW",7.99597141001544e-11,-0.399459658012359,3.94576370340783e-08,0.999841508638796,0.999999999996263,"SASH1","OE",FALSE,"Activated",1.62305955895887e-12
"SOX15",7.96589819690405e-11,-0.400167339046248,3.91613912361393e-08,0.999842104732025,0.999999999996263,"SASH1","OE",FALSE,"Activated",1.62305955895887e-12
"C1QBP",7.95059148192355e-11,-0.400528440986868,3.90110362289673e-08,0.999842408132567,0.999999999996263,"SASH1","OE",FALSE,"Activated",1.62305955895887e-12
"KRT17",7.88314817918944e-11,-0.402126839703582,3.83519974985211e-08,0.999843744953345,0.999999999996263,"SASH1","OE",FALSE,"Activated",1.62305955895887e-12
"SLC3A2",7.8702756120022e-11,-0.402433287875569,3.82268481100339e-08,0.999844000105667,0.999999999996263,"SASH1","OE",FALSE,"Activated",1.62305955895887e-12
"TK1",7.85177069037487e-11,-0.40287459690427,3.80472983085399e-08,0.999844366899147,0.999999999996263,"SASH1","OE",FALSE,"Activated",1.62305955895887e-12
"TENM2",7.85000485234915e-11,-0.40291675688331,3.80301868023864e-08,0.999844401900531,0.999999999996263,"SASH1","OE",FALSE,"Activated",1.62305955895887e-12
"SORL1",7.84729515998565e-11,-0.40298146797006,3.80039365457052e-08,0.999844455610431,0.999999999996263,"SASH1","OE",FALSE,"Activated",1.62305955895887e-12
"CLECL1",7.81707986370791e-11,-0.403704387874896,3.77118385765734e-08,0.999845054519949,0.999999999996263,"SASH1","OE",FALSE,"Activated",1.62305955895887e-12
"TCOF1",7.79003012105739e-11,-0.404353663474379,3.74512986797837e-08,0.999845590683757,0.999999999996263,"SASH1","OE",FALSE,"Activated",1.62305955895887e-12
"PTPRZ1",7.77638539408783e-11,-0.40468193292382,3.73202169761833e-08,0.999845861141368,0.999999999996263,"SASH1","OE",FALSE,"Activated",1.62305955895887e-12
"SLC7A5",7.75135579048032e-11,-0.4052854263401,3.70803608232829e-08,0.999846357263189,0.999999999996263,"SASH1","OE",FALSE,"Activated",1.62305955895887e-12
"FERMT1",7.74984187367117e-11,-0.405321983759322,3.70658779118953e-08,0.999846387271142,0.999999999996263,"SASH1","OE",FALSE,"Activated",1.62305955895887e-12
"IMPA2",7.74951329018349e-11,-0.405329919085416,3.70627348858969e-08,0.999846393784127,0.999999999996263,"SASH1","OE",FALSE,"Activated",1.62305955895887e-12
"NECTIN1",7.71892421138767e-11,-0.406069951366092,3.67707223785154e-08,0.999847000102538,0.999999999996263,"SASH1","OE",FALSE,"Activated",1.62305955895887e-12
"CAV1",7.71271624827922e-11,-0.406220454352773,3.67116002812164e-08,0.999847123153067,0.999999999996263,"SASH1","OE",FALSE,"Activated",1.62305955895887e-12
"BIRC5",7.70740407666989e-11,-0.406349325028641,3.66610471026596e-08,0.999847228447753,0.999999999996263,"SASH1","OE",FALSE,"Activated",1.62305955895887e-12
"PPP1R14C",7.68232891895934e-11,-0.406958695598835,3.64228900941187e-08,0.99984772547252,0.999999999996263,"SASH1","OE",FALSE,"Activated",1.62305955895887e-12
"FANCI",7.64233912583884e-11,-0.407934157092043,3.60446837221703e-08,0.999848518126264,0.999999999996263,"SASH1","OE",FALSE,"Activated",1.62305955895887e-12
"SAMD9",7.63579680648289e-11,-0.40809417059157,3.59829971386317e-08,0.999848647804202,0.999999999996263,"SASH1","OE",FALSE,"Activated",1.62305955895887e-12
"MT2A",7.61180669668537e-11,-0.408681962435358,3.57572499065882e-08,0.9998491233218,0.999999999996263,"SASH1","OE",FALSE,"Activated",1.62305955895887e-12
"GALNT6",7.59616182390985e-11,-0.409066164816071,3.56104141420083e-08,0.999849433425104,0.999999999996263,"SASH1","OE",FALSE,"Activated",1.62305955895887e-12
"FLNB",7.52849237580291e-11,-0.410736051026341,3.49787784006165e-08,0.999850774728402,0.999999999996263,"SASH1","OE",FALSE,"Activated",1.62305955895887e-12
"TJP2",7.52209713923454e-11,-0.410894550781966,3.49193767198344e-08,0.999850901490954,0.999999999996263,"SASH1","OE",FALSE,"Activated",1.62305955895887e-12
"GJB5",7.52079573956501e-11,-0.410926819265978,3.49072949470685e-08,0.999850927286519,0.999999999996263,"SASH1","OE",FALSE,"Activated",1.62305955895887e-12
"KCNK1",7.4970167357742e-11,-0.411517293449191,3.46869064407698e-08,0.9998513986197,0.999999999996263,"SASH1","OE",FALSE,"Activated",1.62305955895887e-12
"NQO1",7.45722562761435e-11,-0.412509080649312,3.43196756757334e-08,0.99985218733523,0.999999999996263,"SASH1","OE",FALSE,"Activated",1.62305955895887e-12
"MAD2L1",7.44672098722832e-11,-0.412771685757772,3.42230547745214e-08,0.999852395551924,0.999999999996263,"SASH1","OE",FALSE,"Activated",1.62305955895887e-12
"TMEM265",7.44250155990932e-11,-0.412877259034732,3.41842831373441e-08,0.999852479186887,0.999999999996263,"SASH1","OE",FALSE,"Activated",1.62305955895887e-12
"CDCP1",7.43523251179562e-11,-0.413059259998205,3.41175405646069e-08,0.999852623269608,0.999999999996263,"SASH1","OE",FALSE,"Activated",1.62305955895887e-12
"AHNAK2",7.41802715745903e-11,-0.413490670247612,3.3959825200472e-08,0.999852964303844,0.999999999996263,"SASH1","OE",FALSE,"Activated",1.62305955895887e-12
"DAPP1",7.41194066037921e-11,-0.413643495518598,3.3904119936725e-08,0.999853084946746,0.999999999996263,"SASH1","OE",FALSE,"Activated",1.62305955895887e-12
"CDK6",7.41045882137866e-11,-0.413680719623797,3.38905646676478e-08,0.999853114318872,0.999999999996263,"SASH1","OE",FALSE,"Activated",1.62305955895887e-12
"HSBP1L1",7.39611263693644e-11,-0.414041438581172,3.37594716606923e-08,0.999853398680354,0.999999999996263,"SASH1","OE",FALSE,"Activated",1.62305955895887e-12
"FAM83A",7.38572120055883e-11,-0.414303105307508,3.36646751160956e-08,0.999853604653186,0.999999999996263,"SASH1","OE",FALSE,"Activated",1.62305955895887e-12
"DHCR24",7.37260310463795e-11,-0.414633896068612,3.35451947733105e-08,0.999853864672232,0.999999999996263,"SASH1","OE",FALSE,"Activated",1.62305955895887e-12
"DSC2",7.32056747471772e-11,-0.415951179892384,3.30733437023554e-08,0.999854896091344,0.999999999996263,"SASH1","OE",FALSE,"Activated",1.62305955895887e-12
"LYZ",7.3094804552429e-11,-0.41623291491186,3.29732402241976e-08,0.999855115851609,0.999999999996263,"SASH1","OE",FALSE,"Activated",1.62305955895887e-12
"LAMB3",7.30895320569413e-11,-0.416246322366559,3.29684835252443e-08,0.999855126302434,0.999999999996263,"SASH1","OE",FALSE,"Activated",1.62305955895887e-12
"RAP2B",7.30496426062309e-11,-0.416347785092676,3.29325074887978e-08,0.999855205368916,0.999999999996263,"SASH1","OE",FALSE,"Activated",1.62305955895887e-12
"C19orf48",7.27874174485088e-11,-0.41701599944048,3.26964972391375e-08,0.999855725135929,0.999999999996263,"SASH1","OE",FALSE,"Activated",1.62305955895887e-12
"CYB5R1",7.25706213970055e-11,-0.417570054291233,3.25020154096327e-08,0.999856154856087,0.999999999996263,"SASH1","OE",FALSE,"Activated",1.62305955895887e-12
"PLK3",7.25302427080328e-11,-0.417673409309034,3.24658568750679e-08,0.999856234892307,0.999999999996263,"SASH1","OE",FALSE,"Activated",1.62305955895887e-12
"PPP1R14B-AS1",7.23879626434511e-11,-0.418038000311811,3.233860751439e-08,0.999856516911336,0.999999999996263,"SASH1","OE",FALSE,"Activated",1.62305955895887e-12
"TACSTD2",7.23827047895921e-11,-0.418051485605439,3.2333909896415e-08,0.999856527333139,0.999999999996263,"SASH1","OE",FALSE,"Activated",1.62305955895887e-12
"UPP1",7.23811070545852e-11,-0.418055583632144,3.23324824711832e-08,0.999856530500074,0.999999999996263,"SASH1","OE",FALSE,"Activated",1.62305955895887e-12
"CD24",7.21635118913049e-11,-0.418614439600658,3.2138376107206e-08,0.999856961804183,0.999999999996263,"SASH1","OE",FALSE,"Activated",1.62305955895887e-12
"FAT2",7.20328783209582e-11,-0.418950663890995,3.20221248138241e-08,0.999857220738228,0.999999999996263,"SASH1","OE",FALSE,"Activated",1.62305955895887e-12
"PRXL2A",7.19388224347268e-11,-0.419193077768844,3.19385545596239e-08,0.999857407170177,0.999999999996263,"SASH1","OE",FALSE,"Activated",1.62305955895887e-12
"HMGA2",7.1895871806827e-11,-0.419303869058243,3.19004285125336e-08,0.999857492304341,0.999999999996263,"SASH1","OE",FALSE,"Activated",1.62305955895887e-12
"CDC20",7.15941202178295e-11,-0.420083887992046,3.16332141573411e-08,0.999858090418281,0.999999999996263,"SASH1","OE",FALSE,"Activated",1.62305955895887e-12
"MAL2",7.14604126823973e-11,-0.420430445338573,3.15151695598566e-08,0.999858355445355,0.999999999996263,"SASH1","OE",FALSE,"Activated",1.62305955895887e-12
"EFNB2",7.1125711917779e-11,-0.421300472083575,3.12206442794889e-08,0.999859018869179,0.999999999996263,"SASH1","OE",FALSE,"Activated",1.62305955895887e-12
"NEDD4L",7.09735670375947e-11,-0.421697154231879,3.1087219090998e-08,0.999859320441655,0.999999999996263,"SASH1","OE",FALSE,"Activated",1.62305955895887e-12
"PCNA",7.06514289240415e-11,-0.422539534857002,3.08056593027835e-08,0.999859958964544,0.999999999996263,"SASH1","OE",FALSE,"Activated",1.62305955895887e-12
"AC245041.2",7.01287273491348e-11,-0.42391361683288,3.03515254679292e-08,0.999860995032323,0.999999999996263,"SASH1","OE",FALSE,"Activated",1.62305955895887e-12
"C2CD4B",7.00672203426925e-11,-0.424075900366182,3.02983086798116e-08,0.99986111694783,0.999999999996263,"SASH1","OE",FALSE,"Activated",1.62305955895887e-12
"P3H2",7.00600669131087e-11,-0.42409478253017,3.02921224559869e-08,0.99986113112693,0.999999999996263,"SASH1","OE",FALSE,"Activated",1.62305955895887e-12
"SCD",7.00347531901185e-11,-0.424161614188114,3.02702364401364e-08,0.999861181302277,0.999999999996263,"SASH1","OE",FALSE,"Activated",1.62305955895887e-12
"IRF6",7.00220618475014e-11,-0.424195129069848,3.02592665968628e-08,0.999861206458297,0.999999999996263,"SASH1","OE",FALSE,"Activated",1.62305955895887e-12
"FOXM1",6.96052079311883e-11,-0.425298931914126,2.99000612932477e-08,0.999862032721182,0.999999999996263,"SASH1","OE",FALSE,"Activated",1.62305955895887e-12
"HLA-DMA",6.90906026410998e-11,-0.426669643227616,2.94595812895623e-08,0.99986305274099,0.999999999996263,"SASH1","OE",FALSE,"Activated",1.62305955895887e-12
"F3",6.90905757059754e-11,-0.426669715207781,2.94595583198008e-08,0.999863052794379,0.999999999996263,"SASH1","OE",FALSE,"Activated",1.62305955895887e-12
"SNHG1",6.90793781387651e-11,-0.426699641205833,2.9450010023255e-08,0.999863074989526,0.999999999996263,"SASH1","OE",FALSE,"Activated",1.62305955895887e-12
"NEAT1",6.89717052778358e-11,-0.42698762028048,2.9358275104594e-08,0.999863288412227,0.999999999996263,"SASH1","OE",FALSE,"Activated",1.62305955895887e-12
"FST",6.88822791660937e-11,-0.427227098603874,2.92821947935586e-08,0.999863465667314,0.999999999996263,"SASH1","OE",FALSE,"Activated",1.62305955895887e-12
"IVNS1ABP",6.8779036723987e-11,-0.427503917547937,2.91944828380219e-08,0.999863670308304,0.999999999996263,"SASH1","OE",FALSE,"Activated",1.62305955895887e-12
"SLC20A1",6.86650877575584e-11,-0.42780986911611,2.9097827648283e-08,0.999863896171126,0.999999999996263,"SASH1","OE",FALSE,"Activated",1.62305955895887e-12
"TM4SF1",6.85441797644919e-11,-0.428134995579103,2.89954448331984e-08,0.999864135827714,0.999999999996263,"SASH1","OE",FALSE,"Activated",1.62305955895887e-12
"PDLIM4",6.82669502000593e-11,-0.428882390597217,2.87613727713061e-08,0.999864685335565,0.999999999996263,"SASH1","OE",FALSE,"Activated",1.62305955895887e-12
"MCM4",6.75978658162213e-11,-0.430697289075518,2.82003551441245e-08,0.999866011554589,0.999999999996263,"SASH1","OE",FALSE,"Activated",1.62305955895887e-12
"CTSV",6.73969690442495e-11,-0.431245316225949,2.80329847192045e-08,0.999866409760147,0.999999999996263,"SASH1","OE",FALSE,"Activated",1.62305955895887e-12
"SDC4",6.73797011087602e-11,-0.431292488708204,2.80186217659149e-08,0.999866443987615,0.999999999996263,"SASH1","OE",FALSE,"Activated",1.62305955895887e-12
"UBE2T",6.73194288101806e-11,-0.431457223942924,2.79685179096311e-08,0.999866563455759,0.999999999996263,"SASH1","OE",FALSE,"Activated",1.62305955895887e-12
"FOXD1",6.68627006657017e-11,-0.432709790255244,2.75903008947203e-08,0.999867468754953,0.999999999996263,"SASH1","OE",FALSE,"Activated",1.62305955895887e-12
"KLK5",6.66672680938286e-11,-0.433248065947438,2.74292495694267e-08,0.999867856129702,0.999999999996263,"SASH1","OE",FALSE,"Activated",1.62305955895887e-12
"MIR205HG",6.65279629123546e-11,-0.433632601305999,2.73147392690154e-08,0.999868132252095,0.999999999996263,"SASH1","OE",FALSE,"Activated",1.62305955895887e-12
"ITGB6",6.64545887087188e-11,-0.43383542764581,2.72545212214036e-08,0.999868277690051,0.999999999996263,"SASH1","OE",FALSE,"Activated",1.62305955895887e-12
"SLCO1B3",6.64215918933595e-11,-0.433926704239967,2.72274624688533e-08,0.999868343094364,0.999999999996263,"SASH1","OE",FALSE,"Activated",1.62305955895887e-12
"CCNB2",6.64162076618407e-11,-0.433941602027038,2.72230484517946e-08,0.999868353766665,0.999999999996263,"SASH1","OE",FALSE,"Activated",1.62305955895887e-12
"ANXA3",6.63663806218509e-11,-0.434079520474409,2.71822169995597e-08,0.999868452530842,0.999999999996263,"SASH1","OE",FALSE,"Activated",1.62305955895887e-12
"DSE",6.63446355456542e-11,-0.434139738247176,2.71644073031397e-08,0.999868495632631,0.999999999996263,"SASH1","OE",FALSE,"Activated",1.62305955895887e-12
"HLA-DRB1",6.60152486557161e-11,-0.435054031457991,2.68953459658258e-08,0.999869148523612,0.999999999996263,"SASH1","OE",FALSE,"Activated",1.62305955895887e-12
"ODC1",6.59922357258592e-11,-0.435118059677083,2.68765977874471e-08,0.999869194138464,0.999999999996263,"SASH1","OE",FALSE,"Activated",1.62305955895887e-12
"TRIP13",6.58529312518754e-11,-0.43550606343229,2.67632487366747e-08,0.999869470259456,0.999999999996263,"SASH1","OE",FALSE,"Activated",1.62305955895887e-12
"LAMA3",6.57181173535393e-11,-0.435882249439617,2.66537816370681e-08,0.999869737479497,0.999999999996263,"SASH1","OE",FALSE,"Activated",1.62305955895887e-12
"TP53AIP1",6.56069998411518e-11,-0.436192824804227,2.65637243384763e-08,0.99986995772998,0.999999999996263,"SASH1","OE",FALSE,"Activated",1.62305955895887e-12
"SDR16C5",6.4773287437899e-11,-0.438537977056109,2.58928876529874e-08,0.999871610264813,0.999999999996263,"SASH1","OE",FALSE,"Activated",1.62305955895887e-12
"MT1E",6.42987643856269e-11,-0.439884678119277,2.55148995442076e-08,0.99987255083601,0.999999999996263,"SASH1","OE",FALSE,"Activated",1.62305955895887e-12
"GJB2",6.42734867989449e-11,-0.439956661761618,2.54948422906534e-08,0.99987260093973,0.999999999996263,"SASH1","OE",FALSE,"Activated",1.62305955895887e-12
"EFNA1",6.41578136769408e-11,-0.440286385989511,2.54031586298555e-08,0.99987283022007,0.999999999996263,"SASH1","OE",FALSE,"Activated",1.62305955895887e-12
"CITED4",6.41076981488846e-11,-0.440429402228846,2.53634878427358e-08,0.999872929556071,0.999999999996263,"SASH1","OE",FALSE,"Activated",1.62305955895887e-12
"LYPD3",6.40247866517118e-11,-0.440666225978386,2.5297924269612e-08,0.999873093898279,0.999999999996263,"SASH1","OE",FALSE,"Activated",1.62305955895887e-12
"KLF4",6.38273051041712e-11,-0.441231392314217,2.51421043528857e-08,0.999873485334384,0.999999999996263,"SASH1","OE",FALSE,"Activated",1.62305955895887e-12
"NRG1",6.36271369548132e-11,-0.441805823237409,2.49846558416974e-08,0.999873882095711,0.999999999996263,"SASH1","OE",FALSE,"Activated",1.62305955895887e-12
"ISG15",6.3454815391666e-11,-0.44230161961057,2.48495070671909e-08,0.999874223661202,0.999999999996263,"SASH1","OE",FALSE,"Activated",1.62305955895887e-12
"EPHA2",6.34128828311071e-11,-0.442422445820786,2.48166755425132e-08,0.999874306777414,0.999999999996263,"SASH1","OE",FALSE,"Activated",1.62305955895887e-12
"LINC01121",6.33410795358675e-11,-0.442629506521391,2.47605068223614e-08,0.999874449101609,0.999999999996263,"SASH1","OE",FALSE,"Activated",1.62305955895887e-12
"CDCA7",6.3286757042498e-11,-0.442786295045057,2.47180548873306e-08,0.999874556776404,0.999999999996263,"SASH1","OE",FALSE,"Activated",1.62305955895887e-12
"TYMS",6.32051130584848e-11,-0.443022163713331,2.46543202658854e-08,0.999874718606223,0.999999999996263,"SASH1","OE",FALSE,"Activated",1.62305955895887e-12
"FEN1",6.31641777764294e-11,-0.443140526490183,2.46223954836384e-08,0.99987479974569,0.999999999996263,"SASH1","OE",FALSE,"Activated",1.62305955895887e-12
"MCM3",6.28864494777527e-11,-0.443945358199664,2.44063457410779e-08,0.999875350242104,0.999999999996263,"SASH1","OE",FALSE,"Activated",1.62305955895887e-12
"NT5C3A",6.2857234977353e-11,-0.444030201312627,2.43836746065684e-08,0.999875408149338,0.999999999996263,"SASH1","OE",FALSE,"Activated",1.62305955895887e-12
"SLC2A1",6.28245005839247e-11,-0.444125308023827,2.43582844677475e-08,0.999875473033494,0.999999999996263,"SASH1","OE",FALSE,"Activated",1.62305955895887e-12
"CDC42EP3",6.27385980095926e-11,-0.444375097876885,2.42917178008381e-08,0.999875643304436,0.999999999996263,"SASH1","OE",FALSE,"Activated",1.62305955895887e-12
"SNHG3",6.25932016412055e-11,-0.444798573527475,2.41792564118254e-08,0.999875931500417,0.999999999996263,"SASH1","OE",FALSE,"Activated",1.62305955895887e-12
"MYBL2",6.25188030423005e-11,-0.445015599531831,2.41218113967138e-08,0.999876078968867,0.999999999996263,"SASH1","OE",FALSE,"Activated",1.62305955895887e-12
"DUSP6",6.2409859332073e-11,-0.445333807384418,2.40378165078315e-08,0.99987629491057,0.999999999996263,"SASH1","OE",FALSE,"Activated",1.62305955895887e-12
"CDC42EP4",6.20946208652971e-11,-0.446257337906939,2.37955949492509e-08,0.999876919757395,0.999999999996263,"SASH1","OE",FALSE,"Activated",1.62305955895887e-12
"SOX9",6.20646351468503e-11,-0.446345400036678,2.37726185394478e-08,0.999876979193291,0.999999999996263,"SASH1","OE",FALSE,"Activated",1.62305955895887e-12
"ANXA8",6.18610716546195e-11,-0.446944219693021,2.36169324157593e-08,0.999877382684664,0.999999999996263,"SASH1","OE",FALSE,"Activated",1.62305955895887e-12
"AIM2",6.17685321184823e-11,-0.447217016590871,2.35463269367372e-08,0.999877566110995,0.999999999996263,"SASH1","OE",FALSE,"Activated",1.62305955895887e-12
"EHF",6.16973599997905e-11,-0.447427069877026,2.34920962003827e-08,0.99987770718411,0.999999999996263,"SASH1","OE",FALSE,"Activated",1.62305955895887e-12
"MBOAT2",6.16100774255334e-11,-0.447684962548848,2.34256751977293e-08,0.999877880190405,0.999999999996263,"SASH1","OE",FALSE,"Activated",1.62305955895887e-12
"ITGA2",6.15722957578289e-11,-0.447796695477006,2.33969529582416e-08,0.999877955078966,0.999999999996263,"SASH1","OE",FALSE,"Activated",1.62305955895887e-12
"KRT18",6.14470812926633e-11,-0.448167428943985,2.33018888377488e-08,0.999878203271586,0.999999999996263,"SASH1","OE",FALSE,"Activated",1.62305955895887e-12
"DDX60L",6.14398894239482e-11,-0.448188742767212,2.32964345732126e-08,0.999878217526878,0.999999999996263,"SASH1","OE",FALSE,"Activated",1.62305955895887e-12
"TROAP",6.10522496412468e-11,-0.449340820249415,2.3003395745395e-08,0.999878985883258,0.999999999996263,"SASH1","OE",FALSE,"Activated",1.62305955895887e-12
"FCGR2B",6.09040319953324e-11,-0.449783033115903,2.28918398069315e-08,0.999879279671406,0.999999999996263,"SASH1","OE",FALSE,"Activated",1.62305955895887e-12
"BCAM",6.08787132928729e-11,-0.449858667296247,2.28728108136303e-08,0.999879329856623,0.999999999996263,"SASH1","OE",FALSE,"Activated",1.62305955895887e-12
"MCM7",6.08632040687085e-11,-0.449905011470829,2.28611583214878e-08,0.999879360598079,0.999999999996263,"SASH1","OE",FALSE,"Activated",1.62305955895887e-12
"EPCAM",6.08355921335443e-11,-0.449987546367034,2.28404200891569e-08,0.999879415328805,0.999999999996263,"SASH1","OE",FALSE,"Activated",1.62305955895887e-12
"GPRC5A",6.05048849020286e-11,-0.450978639955107,2.25927702798537e-08,0.99988007083689,0.999999999996263,"SASH1","OE",FALSE,"Activated",1.62305955895887e-12
"ARTN",6.04488845983929e-11,-0.451146939535964,2.25509681511906e-08,0.99988018183734,0.999999999996263,"SASH1","OE",FALSE,"Activated",1.62305955895887e-12
"ADRB2",6.03061416037102e-11,-0.451576552551978,2.24445909331423e-08,0.999880464773963,0.999999999996263,"SASH1","OE",FALSE,"Activated",1.62305955895887e-12
"KHDC1L",6.01205089115919e-11,-0.452136593947562,2.23066269645438e-08,0.999880832723977,0.999999999996263,"SASH1","OE",FALSE,"Activated",1.62305955895887e-12
"MALL",6.00742474204744e-11,-0.452276399119003,2.22723111938884e-08,0.999880924420736,0.999999999996263,"SASH1","OE",FALSE,"Activated",1.62305955895887e-12
"WNT7B",6.00264540911953e-11,-0.452420933349593,2.22368868808595e-08,0.999881019153813,0.999999999996263,"SASH1","OE",FALSE,"Activated",1.62305955895887e-12
"LAMC2",5.99750327552206e-11,-0.452576552597362,2.21988049823587e-08,0.999881121078108,0.999999999996263,"SASH1","OE",FALSE,"Activated",1.62305955895887e-12
"CALML3",5.99226564259078e-11,-0.45273518300453,2.21600493810361e-08,0.999881224895334,0.999999999996263,"SASH1","OE",FALSE,"Activated",1.62305955895887e-12
"ORC6",5.97514729154252e-11,-0.453254494969524,2.20336191844892e-08,0.999881564205045,0.999999999996263,"SASH1","OE",FALSE,"Activated",1.62305955895887e-12
"ITGB8",5.97425408215572e-11,-0.453281627874706,2.20270321788418e-08,0.999881581909707,0.999999999996263,"SASH1","OE",FALSE,"Activated",1.62305955895887e-12
"FGFR3",5.94526630051979e-11,-0.454164133820663,2.18137952740249e-08,0.999882156488168,0.999999999996263,"SASH1","OE",FALSE,"Activated",1.62305955895887e-12
"SLC7A8",5.92045706306435e-11,-0.454922446645276,2.16321198246327e-08,0.999882648242027,0.999999999996263,"SASH1","OE",FALSE,"Activated",1.62305955895887e-12
"UBE2C",5.91239419349783e-11,-0.455169497666388,2.15732398454463e-08,0.999882808059403,0.999999999996263,"SASH1","OE",FALSE,"Activated",1.62305955895887e-12
"MMP28",5.85627277438805e-11,-0.456897369243443,2.1165630131095e-08,0.99988392046459,0.999999999996263,"SASH1","OE",FALSE,"Activated",1.62305955895887e-12
"CAVIN4",5.8280553757799e-11,-0.457771652861866,2.09621559417356e-08,0.99988447977298,0.999999999996263,"SASH1","OE",FALSE,"Activated",1.62305955895887e-12
"TNFSF10",5.78824148636143e-11,-0.459011611432789,2.0676731660341e-08,0.999885268940072,0.999999999996263,"SASH1","OE",FALSE,"Activated",1.62305955895887e-12
"TGFA",5.75715973085235e-11,-0.45998485648257,2.04552676408253e-08,0.999885885024031,0.999999999996263,"SASH1","OE",FALSE,"Activated",1.62305955895887e-12
"KRT6B",5.74595282296138e-11,-0.460336908737033,2.03757085557748e-08,0.999886107160653,0.999999999996263,"SASH1","OE",FALSE,"Activated",1.62305955895887e-12
"BCAR3",5.73823143406441e-11,-0.460579819876684,2.03209837552892e-08,0.999886260209404,0.999999999996263,"SASH1","OE",FALSE,"Activated",1.62305955895887e-12
"ULBP2",5.7164251593343e-11,-0.461267394560868,2.01668306913032e-08,0.999886692440333,0.999999999996263,"SASH1","OE",FALSE,"Activated",1.62305955895887e-12
"HBEGF",5.71561704147144e-11,-0.461292919784159,2.01611292174913e-08,0.999886708458361,0.999999999996263,"SASH1","OE",FALSE,"Activated",1.62305955895887e-12
"TGFBI",5.71223552082128e-11,-0.461399763081902,2.01372804861733e-08,0.99988677548484,0.999999999996263,"SASH1","OE",FALSE,"Activated",1.62305955895887e-12
"FSTL3",5.69566035485942e-11,-0.461924283969993,2.00205855415216e-08,0.999887104027862,0.999999999996263,"SASH1","OE",FALSE,"Activated",1.62305955895887e-12
"AC036176.3",5.68185015765239e-11,-0.462362336499501,1.99236159125332e-08,0.999887377765327,0.999999999996263,"SASH1","OE",FALSE,"Activated",1.62305955895887e-12
"HAS3",5.67340586248673e-11,-0.462630648121383,1.98644394576446e-08,0.999887545143093,0.999999999996263,"SASH1","OE",FALSE,"Activated",1.62305955895887e-12
"TMEM40",5.63243532079632e-11,-0.463937479712498,1.95785730035077e-08,0.999888357236654,0.999999999996263,"SASH1","OE",FALSE,"Activated",1.62305955895887e-12
"MSMO1",5.61023231145689e-11,-0.464649192417035,1.9424520123568e-08,0.99988879733142,0.999999999996263,"SASH1","OE",FALSE,"Activated",1.62305955895887e-12
"AMIGO2",5.57514716151082e-11,-0.465778919430967,1.91823265207759e-08,0.999889492768268,0.999999999996263,"SASH1","OE",FALSE,"Activated",1.62305955895887e-12
"KRT8",5.55610102712367e-11,-0.466394825082658,1.90514868873398e-08,0.999889870289347,0.999999999996263,"SASH1","OE",FALSE,"Activated",1.62305955895887e-12
"AIFM1",5.51251826322611e-11,-0.467811220789937,1.87537745538621e-08,0.999890734160815,0.999999999996263,"SASH1","OE",FALSE,"Activated",1.62305955895887e-12
"CPVL",5.46313738216651e-11,-0.469428032887513,1.84192885765605e-08,0.999891712959091,0.999999999996263,"SASH1","OE",FALSE,"Activated",1.62305955895887e-12
"CYP27B1",5.4478511994767e-11,-0.4699311403997,1.83163562580488e-08,0.999892015952658,0.999999999996263,"SASH1","OE",FALSE,"Activated",1.62305955895887e-12
"CHAF1A",5.42038134541493e-11,-0.470838380852422,1.8132107791191e-08,0.999892560443668,0.999999999996263,"SASH1","OE",FALSE,"Activated",1.62305955895887e-12
"TNNC2",5.40681596543833e-11,-0.47128789799354,1.80414643003312e-08,0.999892829328513,0.999999999996263,"SASH1","OE",FALSE,"Activated",1.62305955895887e-12
"WNT10A",5.40281214938146e-11,-0.47142076288233,1.80147543255299e-08,0.999892908689759,0.999999999996263,"SASH1","OE",FALSE,"Activated",1.62305955895887e-12
"WEE1",5.38411958507479e-11,-0.472042218818787,1.78903156379898e-08,0.999893279202584,0.999999999996263,"SASH1","OE",FALSE,"Activated",1.62305955895887e-12
"WARS",5.36751649884285e-11,-0.472595805272887,1.77801485200864e-08,0.999893608299025,0.999999999996263,"SASH1","OE",FALSE,"Activated",1.62305955895887e-12
"HIST1H4C",5.34705458912379e-11,-0.473280135247388,1.76448448543276e-08,0.999894013882756,0.999999999996263,"SASH1","OE",FALSE,"Activated",1.62305955895887e-12
"POU3F1",5.34337997348155e-11,-0.473403273967973,1.7620601322583e-08,0.999894086718788,0.999999999996263,"SASH1","OE",FALSE,"Activated",1.62305955895887e-12
"PTHLH",5.34295432575187e-11,-0.47341754252152,1.76177941592301e-08,0.999894095155723,0.999999999996263,"SASH1","OE",FALSE,"Activated",1.62305955895887e-12
"CXADR",5.33330273242079e-11,-0.473741352388157,1.75542015499577e-08,0.999894286463831,0.999999999996263,"SASH1","OE",FALSE,"Activated",1.62305955895887e-12
"CDA",5.32547216175164e-11,-0.474004447092388,1.7502691815396e-08,0.999894441676717,0.999999999996263,"SASH1","OE",FALSE,"Activated",1.62305955895887e-12
"RNF19B",5.32016775946782e-11,-0.474182860453477,1.74678422927166e-08,0.999894546817405,0.999999999996263,"SASH1","OE",FALSE,"Activated",1.62305955895887e-12
"MISP",5.30944075293337e-11,-0.474544142810205,1.73974727995226e-08,0.99989475944171,0.999999999996263,"SASH1","OE",FALSE,"Activated",1.62305955895887e-12
"EREG",5.28819491821424e-11,-0.475261600210729,1.7258518691107e-08,0.999895180563933,0.999999999996263,"SASH1","OE",FALSE,"Activated",1.62305955895887e-12
"PROSER2",5.26008436899126e-11,-0.476214791179366,1.70755235496627e-08,0.99989573775442,0.999999999996263,"SASH1","OE",FALSE,"Activated",1.62305955895887e-12
"IL1A",5.26004731401557e-11,-0.476216050625629,1.70752829714373e-08,0.999895738488902,0.999999999996263,"SASH1","OE",FALSE,"Activated",1.62305955895887e-12
"CDC45",5.25967913313111e-11,-0.47622856499875,1.70728926610895e-08,0.999895745786763,0.999999999996263,"SASH1","OE",FALSE,"Activated",1.62305955895887e-12
"CDC6",5.21207382336936e-11,-0.477853201954551,1.67652380761593e-08,0.999896689390728,0.999999999996263,"SASH1","OE",FALSE,"Activated",1.62305955895887e-12
"PLSCR3",5.1709644325938e-11,-0.479266715156341,1.65018148264063e-08,0.999897504236475,0.999999999996263,"SASH1","OE",FALSE,"Activated",1.62305955895887e-12
"HCAR2",5.16306684466874e-11,-0.479539401552482,1.64514470417462e-08,0.999897660777737,0.999999999996263,"SASH1","OE",FALSE,"Activated",1.62305955895887e-12
"MCM5",5.15317089643136e-11,-0.47988160665782,1.63884431516479e-08,0.999897856929302,0.999999999996263,"SASH1","OE",FALSE,"Activated",1.62305955895887e-12
"HLA-DRA",5.13500179379123e-11,-0.48051141174375,1.62730818010333e-08,0.999898217066383,0.999999999996263,"SASH1","OE",FALSE,"Activated",1.62305955895887e-12
"AL161431.1",5.11745131214006e-11,-0.481121642009992,1.61620351566792e-08,0.999898564941529,0.999999999996263,"SASH1","OE",FALSE,"Activated",1.62305955895887e-12
"KIF2C",5.1110092979096e-11,-0.481346093972718,1.61213701764836e-08,0.999898692631281,0.999999999996263,"SASH1","OE",FALSE,"Activated",1.62305955895887e-12
"C6orf141",5.10998080684041e-11,-0.481381951640177,1.61148826058245e-08,0.999898713017415,0.999999999996263,"SASH1","OE",FALSE,"Activated",1.62305955895887e-12
"HMGCS1",5.08007405341424e-11,-0.482427424501129,1.59268061637457e-08,0.999899305811187,0.999999999996263,"SASH1","OE",FALSE,"Activated",1.62305955895887e-12
"LINP1",5.07411521642827e-11,-0.482636380287632,1.58894643535457e-08,0.999899423923688,0.999999999996263,"SASH1","OE",FALSE,"Activated",1.62305955895887e-12
"HLA-DPA1",5.06000290432497e-11,-0.483132114687067,1.58012025611203e-08,0.999899703649495,0.999999999996263,"SASH1","OE",FALSE,"Activated",1.62305955895887e-12
"HLA-DQB1",5.03280817551445e-11,-0.484090854037339,1.5631813451706e-08,0.999900242687138,0.999999999996263,"SASH1","OE",FALSE,"Activated",1.62305955895887e-12
"RAB3IP",4.9871289331198e-11,-0.485711588065727,1.53493433435205e-08,0.999901148113749,0.999999999996263,"SASH1","OE",FALSE,"Activated",1.62305955895887e-12
"KLK10",4.98399503055053e-11,-0.485823260563368,1.53300584069734e-08,0.999901210232091,0.999999999996263,"SASH1","OE",FALSE,"Activated",1.62305955895887e-12
"IQCG",4.97402596549686e-11,-0.486178907359721,1.5268792893758e-08,0.999901407832933,0.999999999996263,"SASH1","OE",FALSE,"Activated",1.62305955895887e-12
"FAM83G",4.97296773405953e-11,-0.486216696705036,1.52622966679836e-08,0.999901428808564,0.999999999996263,"SASH1","OE",FALSE,"Activated",1.62305955895887e-12
"ACKR1",4.93134933472804e-11,-0.487708539106093,1.50079075577665e-08,0.999902253743574,0.999999999996263,"SASH1","OE",FALSE,"Activated",1.62305955895887e-12
"RTTN",4.9138770030417e-11,-0.488338159167786,1.49017465142898e-08,0.999902600069678,0.999999999996263,"SASH1","OE",FALSE,"Activated",1.62305955895887e-12
"NELL2",4.86655282539214e-11,-0.490053467632161,1.46160995415983e-08,0.999903538101212,0.999999999996263,"SASH1","OE",FALSE,"Activated",1.62305955895887e-12
"GCLC",4.81667294212831e-11,-0.491877407260587,1.43180186789878e-08,0.999904526790414,0.999999999996263,"SASH1","OE",FALSE,"Activated",1.62305955895887e-12
"MTSS1",4.7865816504088e-11,-0.49298581628449,1.41396790405418e-08,0.999905123241994,0.999999999996263,"SASH1","OE",FALSE,"Activated",1.62305955895887e-12
"CA2",4.78652962207053e-11,-0.492987738057379,1.41393716562498e-08,0.999905124273269,0.999999999996263,"SASH1","OE",FALSE,"Activated",1.62305955895887e-12
"PKMYT1",4.70880241270964e-11,-0.495879534350791,1.36838890053076e-08,0.999906664935507,0.999999999996263,"SASH1","OE",FALSE,"Activated",1.62305955895887e-12
"TRPV3",4.65991698614458e-11,-0.49771992727954,1.3401239487424e-08,0.999907633913183,0.999999999996263,"SASH1","OE",FALSE,"Activated",1.62305955895887e-12
"ITPKC",4.62929996828436e-11,-0.49888125829325,1.32257178741589e-08,0.999908240785393,0.999999999996263,"SASH1","OE",FALSE,"Activated",1.62305955895887e-12
"DMKN",4.62395139791625e-11,-0.499084829022694,1.31951742419015e-08,0.999908346801555,0.999999999996263,"SASH1","OE",FALSE,"Activated",1.62305955895887e-12
"CPA4",4.5164755072768e-11,-0.503220098364165,1.25889041547994e-08,0.999910477124355,0.999999999996263,"SASH1","OE",FALSE,"Activated",1.62305955895887e-12
"DDIT4",4.45256227780195e-11,-0.505720573979829,1.22351307148805e-08,0.99991174397415,0.999999999996263,"SASH1","OE",FALSE,"Activated",1.62305955895887e-12
"WNT4",4.44675179368836e-11,-0.505949464133092,1.22032184623221e-08,0.99991185914609,0.999999999996263,"SASH1","OE",FALSE,"Activated",1.62305955895887e-12
"HOPX",4.41414183930111e-11,-0.507238970896895,1.20248917828511e-08,0.999912505521095,0.999999999996263,"SASH1","OE",FALSE,"Activated",1.62305955895887e-12
"GJB6",4.40741501407724e-11,-0.507506016891173,1.19882696199863e-08,0.9999126388562,0.999999999996263,"SASH1","OE",FALSE,"Activated",1.62305955895887e-12
"MXD1",4.38984212351222e-11,-0.50820533695613,1.18928628706436e-08,0.999912987175523,0.999999999996263,"SASH1","OE",FALSE,"Activated",1.62305955895887e-12
"EPPK1",4.32785917259098e-11,-0.510691845278271,1.15593882086386e-08,0.999914215764492,0.999999999996263,"SASH1","OE",FALSE,"Activated",1.62305955895887e-12
"AC025263.1",4.31911987407963e-11,-0.511044953653154,1.15127513178663e-08,0.999914388989638,0.999999999996263,"SASH1","OE",FALSE,"Activated",1.62305955895887e-12
"VEGFA",4.28325474015904e-11,-0.512500703060373,1.13223458498119e-08,0.999915099886865,0.999999999996263,"SASH1","OE",FALSE,"Activated",1.62305955895887e-12
"LINC00707",4.22768133650111e-11,-0.514777776454787,1.10304466305517e-08,0.999916201429623,0.999999999996263,"SASH1","OE",FALSE,"Activated",1.62305955895887e-12
"ANXA8L1",4.2169286706095e-11,-0.515221403132211,1.09744084072612e-08,0.999916414562533,0.999999999996263,"SASH1","OE",FALSE,"Activated",1.62305955895887e-12
"AC108134.2",4.20650579200072e-11,-0.515652376836471,1.09202251026077e-08,0.999916621158597,0.999999999996263,"SASH1","OE",FALSE,"Activated",1.62305955895887e-12
"FAM83D",4.19059236828505e-11,-0.51631219809066,1.08377578616659e-08,0.999916936584961,0.999999999996263,"SASH1","OE",FALSE,"Activated",1.62305955895887e-12
"BNIP3",4.18437348694003e-11,-0.51657065335323,1.08056150455334e-08,0.999917059851906,0.999999999996263,"SASH1","OE",FALSE,"Activated",1.62305955895887e-12
"IFIH1",4.17341635419084e-11,-0.517026854588685,1.07490983217828e-08,0.999917277037636,0.999999999996263,"SASH1","OE",FALSE,"Activated",1.62305955895887e-12
"FAM110C",4.15492044010864e-11,-0.517799335562012,1.06540328764167e-08,0.999917643652579,0.999999999996263,"SASH1","OE",FALSE,"Activated",1.62305955895887e-12
"TNNT1",4.14728855633461e-11,-0.518118964933196,1.06149295216548e-08,0.999917794927213,0.999999999996263,"SASH1","OE",FALSE,"Activated",1.62305955895887e-12
"KCNMA1",4.14226699042871e-11,-0.518329555161142,1.05892398223296e-08,0.999917894461688,0.999999999996263,"SASH1","OE",FALSE,"Activated",1.62305955895887e-12
"MT1X",4.13661386198071e-11,-0.518566900892934,1.05603563704995e-08,0.999918006514618,0.999999999996263,"SASH1","OE",FALSE,"Activated",1.62305955895887e-12
"ADAM8",4.05386800233627e-11,-0.522074117117088,1.0142098296313e-08,0.999919646653543,0.999999999996263,"SASH1","OE",FALSE,"Activated",1.62305955895887e-12
"CNKSR3",4.05130405170494e-11,-0.522183796193609,1.01292732038392e-08,0.999919697474638,0.999999999996263,"SASH1","OE",FALSE,"Activated",1.62305955895887e-12
"ASS1",4.03937900999643e-11,-0.522694724010564,1.00697297936985e-08,0.99991993384568,0.999999999996263,"SASH1","OE",FALSE,"Activated",1.62305955895887e-12
"CYP2S1",4.03544238328537e-11,-0.522863680641111,1.00501121985279e-08,0.99992001187514,0.999999999996263,"SASH1","OE",FALSE,"Activated",1.62305955895887e-12
"HK2",4.03349551672468e-11,-0.522947292201902,1.00404173468965e-08,0.999920050464764,0.999999999996263,"SASH1","OE",FALSE,"Activated",1.62305955895887e-12
"KDM7A-DT",3.98240095231279e-11,-0.525154461623626,9.78765323677674e-09,0.999921063230651,0.999999999996263,"SASH1","OE",FALSE,"Activated",1.62305955895887e-12
"FYB1",3.96314915458143e-11,-0.525992577449699,9.69325065557305e-09,0.999921444828268,0.999999999996263,"SASH1","OE",FALSE,"Activated",1.62305955895887e-12
"TLR2",3.92589530441222e-11,-0.527624649549562,9.51187283657761e-09,0.999922183251797,0.999999999996263,"SASH1","OE",FALSE,"Activated",1.62305955895887e-12
"TMPRSS11D",3.92206051939521e-11,-0.527793423932198,9.49329966033355e-09,0.999922259262612,0.999999999996263,"SASH1","OE",FALSE,"Activated",1.62305955895887e-12
"OVOL1",3.8651340474309e-11,-0.530316108669195,9.21971993874176e-09,0.999923387625081,0.999999999996263,"SASH1","OE",FALSE,"Activated",1.62305955895887e-12
"IFIT1",3.83124102165091e-11,-0.531833676024517,9.05873502681896e-09,0.999924059432361,0.999999999996263,"SASH1","OE",FALSE,"Activated",1.62305955895887e-12
"CUL2",3.8168862457464e-11,-0.532479985715399,8.99098021687319e-09,0.999924343964141,0.999999999996263,"SASH1","OE",FALSE,"Activated",1.62305955895887e-12
"SERPINB2",3.79244640353075e-11,-0.533585313615841,8.87620884412878e-09,0.999924828396072,0.999999999996263,"SASH1","OE",FALSE,"Activated",1.62305955895887e-12
"TFF3",3.7272084377863e-11,-0.536566859249992,8.57345691078567e-09,0.999926121503999,0.999999999996263,"SASH1","OE",FALSE,"Activated",1.62305955895887e-12
"PSAT1",3.71813047485291e-11,-0.536985387263831,8.53174486552658e-09,0.999926301441949,0.999999999996263,"SASH1","OE",FALSE,"Activated",1.62305955895887e-12
"ALDH1A1",3.71493335666106e-11,-0.537133000950675,8.5170787479536e-09,0.999926364813314,0.999999999996263,"SASH1","OE",FALSE,"Activated",1.62305955895887e-12
"TAF4B",3.6882974013414e-11,-0.538367179573768,8.39538222429961e-09,0.999926892775284,0.999999999996263,"SASH1","OE",FALSE,"Activated",1.62305955895887e-12
"TMCC3",3.68801714518549e-11,-0.538380206992135,8.39410642253944e-09,0.999926898330354,0.999999999996263,"SASH1","OE",FALSE,"Activated",1.62305955895887e-12
"SLC6A8",3.62825623469224e-11,-0.541178277554794,8.12427300195161e-09,0.999928082875369,0.999999999996263,"SASH1","OE",FALSE,"Activated",1.62305955895887e-12
"RNF144B",3.58904132238983e-11,-0.543036530564012,7.94960455158115e-09,0.9999288601699,0.999999999996263,"SASH1","OE",FALSE,"Activated",1.62305955895887e-12
"DKK1",3.51708183330604e-11,-0.546493503525406,7.63402459697138e-09,0.999930286507842,0.999999999996263,"SASH1","OE",FALSE,"Activated",1.62305955895887e-12
"PPP2R2C",3.45896008807889e-11,-0.549331543367968,7.38379634824135e-09,0.999931438562305,0.999999999996263,"SASH1","OE",FALSE,"Activated",1.62305955895887e-12
"IL1R2",3.44285000317709e-11,-0.550125628888821,7.31517654907886e-09,0.99993175788677,0.999999999996263,"SASH1","OE",FALSE,"Activated",1.62305955895887e-12
"USP18",3.43190071174134e-11,-0.550667205186039,7.2687216438328e-09,0.999931974917074,0.999999999996263,"SASH1","OE",FALSE,"Activated",1.62305955895887e-12
"RBP1",3.42821350337805e-11,-0.550849925705253,7.25311111431436e-09,0.999932048002712,0.999999999996263,"SASH1","OE",FALSE,"Activated",1.62305955895887e-12
"IRX1",3.39694340887876e-11,-0.552406529044212,7.12139756821748e-09,0.999932667819818,0.999999999996263,"SASH1","OE",FALSE,"Activated",1.62305955895887e-12
"AC103591.3",3.37579318288229e-11,-0.553466552238637,7.03299440487281e-09,0.999933087046945,0.999999999996263,"SASH1","OE",FALSE,"Activated",1.62305955895887e-12
"SLITRK6",3.31501949837111e-11,-0.55654538206415,6.78204680483034e-09,0.999934291666561,0.999999999996263,"SASH1","OE",FALSE,"Activated",1.62305955895887e-12
"UNG",3.28489042873381e-11,-0.558090236523458,6.65932765498981e-09,0.999934888866955,0.999999999996263,"SASH1","OE",FALSE,"Activated",1.62305955895887e-12
"IFIT3",3.26257962075423e-11,-0.559242286471462,6.569175227104e-09,0.999935331098443,0.999999999996263,"SASH1","OE",FALSE,"Activated",1.62305955895887e-12
"NCF2",3.24893750255065e-11,-0.559950143949734,6.51435351388794e-09,0.999935601504349,0.999999999996263,"SASH1","OE",FALSE,"Activated",1.62305955895887e-12
"TNF",3.24383934548078e-11,-0.560215348294873,6.49392521061797e-09,0.999935702556968,0.999999999996263,"SASH1","OE",FALSE,"Activated",1.62305955895887e-12
"HEPHL1",3.24357333714251e-11,-0.560229196042903,6.49286019645323e-09,0.999935707829627,0.999999999996263,"SASH1","OE",FALSE,"Activated",1.62305955895887e-12
"HERC5",3.20877013836615e-11,-0.562049661954215,6.3542723174545e-09,0.999936397677812,0.999999999996263,"SASH1","OE",FALSE,"Activated",1.62305955895887e-12
"KRT15",3.20512434113966e-11,-0.562241370518658,6.33984110138453e-09,0.999936469942623,0.999999999996263,"SASH1","OE",FALSE,"Activated",1.62305955895887e-12
"KRT16",3.16553983042001e-11,-0.56433533378848,6.18420920784918e-09,0.999937254563114,0.999999999996263,"SASH1","OE",FALSE,"Activated",1.62305955895887e-12
"CLDN1",3.11056879689431e-11,-0.567281854029741,5.97129092138872e-09,0.999938344166054,0.999999999996263,"SASH1","OE",FALSE,"Activated",1.62305955895887e-12
"AC124319.1",3.1072246547451e-11,-0.567462582413967,5.95845846996063e-09,0.999938410451639,0.999999999996263,"SASH1","OE",FALSE,"Activated",1.62305955895887e-12
"AC110995.1",3.09277757139299e-11,-0.568245326664453,5.90317941215965e-09,0.999938696813083,0.999999999996263,"SASH1","OE",FALSE,"Activated",1.62305955895887e-12
"RAET1G",2.9888582209969e-11,-0.573972669442641,5.51314274230076e-09,0.999940756640278,0.999999999996263,"SASH1","OE",FALSE,"Activated",1.62305955895887e-12
"GBP6",2.98810795367466e-11,-0.574014653726833,5.51037525626906e-09,0.999940771511628,0.999999999996263,"SASH1","OE",FALSE,"Activated",1.62305955895887e-12
"ERAP2",2.95459728166186e-11,-0.5758994281988,5.3874741096505e-09,0.999941435740121,0.999999999996263,"SASH1","OE",FALSE,"Activated",1.62305955895887e-12
"MYO1G",2.95244418425273e-11,-0.576021170502991,5.37962496548035e-09,0.99994147841753,0.999999999996263,"SASH1","OE",FALSE,"Activated",1.62305955895887e-12
"TPD52",2.92441534310914e-11,-0.577613187237837,5.27796755084798e-09,0.999942033988451,0.999999999996263,"SASH1","OE",FALSE,"Activated",1.62305955895887e-12
"HIST1H2BH",2.90656622442899e-11,-0.578634030969768,5.21373620025395e-09,0.999942387783004,0.999999999996263,"SASH1","OE",FALSE,"Activated",1.62305955895887e-12
"AQP3",2.8861732839878e-11,-0.579807152026284,5.14083201540571e-09,0.999942791999669,0.999999999996263,"SASH1","OE",FALSE,"Activated",1.62305955895887e-12
"DLK2",2.85522640857563e-11,-0.581601436645434,5.03117833914002e-09,0.99994340541012,0.999999999996263,"SASH1","OE",FALSE,"Activated",1.62305955895887e-12
"HIST2H2AC",2.82318348000596e-11,-0.583477433901892,4.91888666719908e-09,0.999944040545881,0.999999999996263,"SASH1","OE",FALSE,"Activated",1.62305955895887e-12
"DLL1",2.82146503505928e-11,-0.583578572221664,4.91290033055753e-09,0.999944074607869,0.999999999996263,"SASH1","OE",FALSE,"Activated",1.62305955895887e-12
"SERPINB13",2.78524892978196e-11,-0.585722792754216,4.78758657297702e-09,0.999944792461842,0.999999999996263,"SASH1","OE",FALSE,"Activated",1.62305955895887e-12
"SERPINA5",2.69155789736196e-11,-0.591386154419769,4.47091137110863e-09,0.999946649549439,0.999999999996263,"SASH1","OE",FALSE,"Activated",1.62305955895887e-12
"LGALS7",2.6909296254553e-11,-0.591424714863063,4.46882438633475e-09,0.999946662002668,0.999999999996263,"SASH1","OE",FALSE,"Activated",1.62305955895887e-12
"LINC01322",2.68801109695677e-11,-0.591603944906046,4.45913604781811e-09,0.999946719851994,0.999999999996263,"SASH1","OE",FALSE,"Activated",1.62305955895887e-12
"LINC02577",2.68292616919398e-11,-0.591916626289303,4.44228125278092e-09,0.999946820642391,0.999999999996263,"SASH1","OE",FALSE,"Activated",1.62305955895887e-12
"KBTBD7",2.6816891071225e-11,-0.591992774500858,4.43818564195983e-09,0.999946845162695,0.999999999996263,"SASH1","OE",FALSE,"Activated",1.62305955895887e-12
"SNCA",2.6559582123814e-11,-0.593583722815364,4.35342516903248e-09,0.999947355185098,0.999999999996263,"SASH1","OE",FALSE,"Activated",1.62305955895887e-12
"HIST1H3G",2.65318111572084e-11,-0.593756243216289,4.34432595821572e-09,0.999947410231046,0.999999999996263,"SASH1","OE",FALSE,"Activated",1.62305955895887e-12
"SEMA7A",2.63731830483101e-11,-0.59474474552561,4.29253363096222e-09,0.999947724654194,0.999999999996263,"SASH1","OE",FALSE,"Activated",1.62305955895887e-12
"TINCR",2.63558542303861e-11,-0.594853048739725,4.28689456221881e-09,0.999947759002341,0.999999999996263,"SASH1","OE",FALSE,"Activated",1.62305955895887e-12
"MMP13",2.60614460813209e-11,-0.596702730551567,4.19165594427285e-09,0.999948342560561,0.999999999996263,"SASH1","OE",FALSE,"Activated",1.62305955895887e-12
"AGR2",2.55798334545689e-11,-0.59976867477144,4.03816474928804e-09,0.999949297184299,0.999999999996263,"SASH1","OE",FALSE,"Activated",1.62305955895887e-12
"CXCL11",2.54250468757191e-11,-0.600764858648323,3.98944179174742e-09,0.999949603992996,0.999999999996263,"SASH1","OE",FALSE,"Activated",1.62305955895887e-12
"NSG1",2.48357649190311e-11,-0.60460699819778,3.80665649813009e-09,0.999950772032438,0.999999999996263,"SASH1","OE",FALSE,"Activated",1.62305955895887e-12
"AKR1C1",2.48276845803736e-11,-0.604660238721494,3.80417990278367e-09,0.999950788048802,0.999999999996263,"SASH1","OE",FALSE,"Activated",1.62305955895887e-12
"NEFM",2.45034016657171e-11,-0.606809621465386,3.70545349060684e-09,0.999951430822997,0.999999999996263,"SASH1","OE",FALSE,"Activated",1.62305955895887e-12
"LINC00511",2.42090301439787e-11,-0.608782580903622,3.61695737427273e-09,0.999952014308617,0.999999999996263,"SASH1","OE",FALSE,"Activated",1.62305955895887e-12
"FABP5",2.3938227984987e-11,-0.610616345138237,3.5364913968827e-09,0.999952551076457,0.999999999996263,"SASH1","OE",FALSE,"Activated",1.62305955895887e-12
"AKR1C2",2.39029469227987e-11,-0.610856599821111,3.52607465035053e-09,0.999952621008468,0.999999999996263,"SASH1","OE",FALSE,"Activated",1.62305955895887e-12
"IL20",2.38253695691852e-11,-0.611385982816293,3.50322394109043e-09,0.999952774777657,0.999999999996263,"SASH1","OE",FALSE,"Activated",1.62305955895887e-12
"TRIML2",2.36196008328752e-11,-0.612797534709678,3.4429737846714e-09,0.999953182640137,0.999999999996263,"SASH1","OE",FALSE,"Activated",1.62305955895887e-12
"OBSCN",2.33931046440879e-11,-0.61436386847232,3.37725874847327e-09,0.999953631587333,0.999999999996263,"SASH1","OE",FALSE,"Activated",1.62305955895887e-12
"HIST1H2AC",2.33722672675012e-11,-0.614508640263569,3.37124485070119e-09,0.999953672889934,0.999999999996263,"SASH1","OE",FALSE,"Activated",1.62305955895887e-12
"AC023157.3",2.29828213235534e-11,-0.617235554563137,3.25983253305067e-09,0.999954444826387,0.999999999996263,"SASH1","OE",FALSE,"Activated",1.62305955895887e-12
"ISG20",2.28750048739393e-11,-0.617997690091527,3.22931937920769e-09,0.999954658533704,0.999999999996263,"SASH1","OE",FALSE,"Activated",1.62305955895887e-12
"PDCD1",2.27086312321035e-11,-0.619179995023021,3.1825154734285e-09,0.999954988309584,0.999999999996263,"SASH1","OE",FALSE,"Activated",1.62305955895887e-12
"SHISA2",2.23720914900846e-11,-0.621595096706051,3.08888529831009e-09,0.999955655378528,0.999999999996263,"SASH1","OE",FALSE,"Activated",1.62305955895887e-12
"SOX2",2.21150245841781e-11,-0.623461558936044,3.01830734962286e-09,0.999956164921171,0.999999999996263,"SASH1","OE",FALSE,"Activated",1.62305955895887e-12
"IGFL2-AS1",2.09782826242272e-11,-0.631951526667532,2.71599191198323e-09,0.999958418103083,0.999999999996263,"SASH1","OE",FALSE,"Activated",1.62305955895887e-12
"FAM111B",2.08167956934727e-11,-0.633190366699617,2.67433844723736e-09,0.999958738192817,0.999999999996263,"SASH1","OE",FALSE,"Activated",1.62305955895887e-12
"SFTA1P",2.02705438409076e-11,-0.637444697344829,2.53582576091772e-09,0.999959820940562,0.999999999996263,"SASH1","OE",FALSE,"Activated",1.62305955895887e-12
"TREM2",2.00950914372428e-11,-0.638832621837589,2.49211788289131e-09,0.999960168711821,0.999999999996263,"SASH1","OE",FALSE,"Activated",1.62305955895887e-12
"TMEM171",1.99911398905377e-11,-0.639659985159405,2.46640120932302e-09,0.999960374758358,0.999999999996263,"SASH1","OE",FALSE,"Activated",1.62305955895887e-12
"HCAR3",1.98916264469901e-11,-0.640455587261482,2.44190743922865e-09,0.999960572007953,0.999999999996263,"SASH1","OE",FALSE,"Activated",1.62305955895887e-12
"OLR1",1.98065362882364e-11,-0.641138665074456,2.42106068962991e-09,0.999960740668576,0.999999999996263,"SASH1","OE",FALSE,"Activated",1.62305955895887e-12
"CD274",1.88899580131055e-11,-0.648665546636785,2.20216873993499e-09,0.999962557455203,0.999999999996263,"SASH1","OE",FALSE,"Activated",1.62305955895887e-12
"AL137800.1",1.87137429053205e-11,-0.650149415118062,2.16127448142884e-09,0.999962906738248,0.999999999996263,"SASH1","OE",FALSE,"Activated",1.62305955895887e-12
"CXCL10",1.85934573335541e-11,-0.651169405948826,2.13357990015093e-09,0.999963145161113,0.999999999996263,"SASH1","OE",FALSE,"Activated",1.62305955895887e-12
"RBM38",1.84574931104103e-11,-0.652329377897014,2.10249048108021e-09,0.999963414661262,0.999999999996263,"SASH1","OE",FALSE,"Activated",1.62305955895887e-12
"MANCR",1.82135821299742e-11,-0.654429308469745,2.04728990573048e-09,0.999963898127017,0.999999999996263,"SASH1","OE",FALSE,"Activated",1.62305955895887e-12
"TNFAIP8L1",1.78542595509083e-11,-0.657568496488107,1.9673077194656e-09,0.999964610354739,0.999999999996263,"SASH1","OE",FALSE,"Activated",1.62305955895887e-12
"A2ML1",1.76716251293898e-11,-0.659185478920581,1.92726568424143e-09,0.999964972361764,0.999999999996263,"SASH1","OE",FALSE,"Activated",1.62305955895887e-12
"LINC02657",1.75072897381151e-11,-0.660653094139399,1.89158754874768e-09,0.999965298097546,0.999999999996263,"SASH1","OE",FALSE,"Activated",1.62305955895887e-12
"KLK9",1.71143174262953e-11,-0.664212454430722,1.80762264695398e-09,0.999966077023755,0.999999999996263,"SASH1","OE",FALSE,"Activated",1.62305955895887e-12
"GPX2",1.70979365613961e-11,-0.664362383819879,1.8041639929027e-09,0.999966109492925,0.999999999996263,"SASH1","OE",FALSE,"Activated",1.62305955895887e-12
"SLC7A11",1.66872912955253e-11,-0.668162921162291,1.7185426015334e-09,0.999966923449406,0.999999999996263,"SASH1","OE",FALSE,"Activated",1.62305955895887e-12
"DNAH5",1.64704804575137e-11,-0.670202903532973,1.6741761255699e-09,0.99996735319888,0.999999999996263,"SASH1","OE",FALSE,"Activated",1.62305955895887e-12
"ATP2C2",1.63669972623919e-11,-0.67118494296551,1.65320468670152e-09,0.999967558317079,0.999999999996263,"SASH1","OE",FALSE,"Activated",1.62305955895887e-12
"PCDHB15",1.61730688215308e-11,-0.673040132604017,1.6142599703835e-09,0.999967942710434,0.999999999996263,"SASH1","OE",FALSE,"Activated",1.62305955895887e-12
"NPPC",1.61508042697621e-11,-0.67325437707952,1.60981850831388e-09,0.999967986841896,0.999999999996263,"SASH1","OE",FALSE,"Activated",1.62305955895887e-12
"ZNF114",1.5902505421057e-11,-0.675661492165937,1.56070101511204e-09,0.999968479005021,0.999999999996263,"SASH1","OE",FALSE,"Activated",1.62305955895887e-12
"LY9",1.48708481450472e-11,-0.686031833454451,1.36477194361419e-09,0.99997052389436,0.999999999996263,"SASH1","OE",FALSE,"Activated",1.62305955895887e-12
"GBP5",1.46297997406012e-11,-0.688546100562589,1.32088610281379e-09,0.999971001686088,0.999999999996263,"SASH1","OE",FALSE,"Activated",1.62305955895887e-12
"AATK",1.4247493018839e-11,-0.692609707058314,1.25275318032409e-09,0.999971759471603,0.999999999996263,"SASH1","OE",FALSE,"Activated",1.62305955895887e-12
"CMPK2",1.40084632054462e-11,-0.695199529517758,1.21107097488685e-09,0.9999722332622,0.999999999996263,"SASH1","OE",FALSE,"Activated",1.62305955895887e-12
"PRSS22",1.39016227741986e-11,-0.696369739387523,1.1926681109577e-09,0.999972445034912,0.999999999996263,"SASH1","OE",FALSE,"Activated",1.62305955895887e-12
"CTSW",1.36508691370804e-11,-0.699147676118138,1.15003012002594e-09,0.999972942063772,0.999999999996263,"SASH1","OE",FALSE,"Activated",1.62305955895887e-12
"HIST1H1D",1.36076206070829e-11,-0.69963134214378,1.14275463838946e-09,0.999973027788421,0.999999999996263,"SASH1","OE",FALSE,"Activated",1.62305955895887e-12
"KC877982.1",1.34847293447677e-11,-0.701013122143982,1.12220726607927e-09,0.99997327137613,0.999999999996263,"SASH1","OE",FALSE,"Activated",1.62305955895887e-12
"NUP210",1.33562170476435e-11,-0.70247003466321,1.10091944950422e-09,0.999973526105517,0.999999999996263,"SASH1","OE",FALSE,"Activated",1.62305955895887e-12
"NMU",1.30739527906974e-11,-0.705713896544042,1.05487848116743e-09,0.999974085592843,0.999999999996263,"SASH1","OE",FALSE,"Activated",1.62305955895887e-12
"PCSK9",1.30060972340039e-11,-0.706502913698383,1.04395697724243e-09,0.999974220092068,0.999999999996263,"SASH1","OE",FALSE,"Activated",1.62305955895887e-12
"AC239799.2",1.28037498359076e-11,-0.708877532840436,1.01172613430328e-09,0.999974621172976,0.999999999996263,"SASH1","OE",FALSE,"Activated",1.62305955895887e-12
"HIST1H2BG",1.27492924573607e-11,-0.709522260178196,1.00313821502624e-09,0.999974729115134,0.999999999996263,"SASH1","OE",FALSE,"Activated",1.62305955895887e-12
"SPRR2A",1.16376553919029e-11,-0.723244366067622,8.35833154696093e-10,0.999976932535628,0.999999999996263,"SASH1","OE",FALSE,"Activated",1.62305955895887e-12
"PRSS3",1.14289811058954e-11,-0.725948352962864,8.06127316157103e-10,0.999977346157315,0.999999999996263,"SASH1","OE",FALSE,"Activated",1.62305955895887e-12
"TNIP3",1.10743049648287e-11,-0.730645753275148,7.56870478748983e-10,0.999978049175146,0.999999999996263,"SASH1","OE",FALSE,"Activated",1.62305955895887e-12
"H19",1.1000062961305e-11,-0.731645793038901,7.4675639446164e-10,0.999978196333204,0.999999999996263,"SASH1","OE",FALSE,"Activated",1.62305955895887e-12
"ANGPTL4",1.0216912902198e-11,-0.742573966210912,6.44210783808468e-10,0.999979748646404,0.999999999996263,"SASH1","OE",FALSE,"Activated",1.62305955895887e-12
"POPDC3",1.00509288494604e-11,-0.744984657002324,6.23449104558653e-10,0.999980077650065,0.999999999996263,"SASH1","OE",FALSE,"Activated",1.62305955895887e-12
"TH",9.80423192574332e-12,-0.748633273230342,5.93219967461386e-10,0.99998056663795,0.999999999996263,"SASH1","OE",FALSE,"Activated",1.62305955895887e-12
"ARL14",9.74842161865848e-12,-0.749469918621694,5.86485415231728e-10,0.999980677261802,0.999999999996263,"SASH1","OE",FALSE,"Activated",1.62305955895887e-12
"LGALS9C",9.69616444866038e-12,-0.750257137460466,5.80214467263284e-10,0.999980780842838,0.999999999996263,"SASH1","OE",FALSE,"Activated",1.62305955895887e-12
"S100A9",9.64482425089091e-12,-0.751034194861991,5.74086381753004e-10,0.999980882606307,0.999999999996263,"SASH1","OE",FALSE,"Activated",1.62305955895887e-12
"SERPINB4",9.3895753312347e-12,-0.754952516146506,5.44102234439831e-10,0.999981388545447,0.999999999996263,"SASH1","OE",FALSE,"Activated",1.62305955895887e-12
"COL22A1",9.30548927591443e-12,-0.756263901668825,5.34400719478778e-10,0.999981555215796,0.999999999996263,"SASH1","OE",FALSE,"Activated",1.62305955895887e-12
"AC114977.1",9.26527157409549e-12,-0.756894825368488,5.29791413323616e-10,0.999981634932919,0.999999999996263,"SASH1","OE",FALSE,"Activated",1.62305955895887e-12
"TPRG1",8.98125479953499e-12,-0.761420445322332,4.97808884608388e-10,0.99998219789398,0.999999999996263,"SASH1","OE",FALSE,"Activated",1.62305955895887e-12
"NECTIN4",8.89035114929591e-12,-0.762895611700673,4.87782750461585e-10,0.999982378077758,0.999999999996263,"SASH1","OE",FALSE,"Activated",1.62305955895887e-12
"DAPL1",8.62941015605254e-12,-0.767205251120596,4.59569111515707e-10,0.999982895299385,0.999999999996263,"SASH1","OE",FALSE,"Activated",1.62305955895887e-12
"AC253572.2",8.61363806688958e-12,-0.767469406071091,4.57890725413937e-10,0.999982926561877,0.999999999996263,"SASH1","OE",FALSE,"Activated",1.62305955895887e-12
"AC100801.1",8.44731588769066e-12,-0.770281288348418,4.4037846987928e-10,0.999983256235751,0.999999999996263,"SASH1","OE",FALSE,"Activated",1.62305955895887e-12
"LGALS7B",8.3748372791716e-12,-0.77152192974686,4.32853928442657e-10,0.999983399898514,0.999999999996263,"SASH1","OE",FALSE,"Activated",1.62305955895887e-12
"SNHG4",8.25684112534662e-12,-0.773562114231323,4.20742578899961e-10,0.999983633783432,0.999999999996263,"SASH1","OE",FALSE,"Activated",1.62305955895887e-12
"KRT75",8.12204279702722e-12,-0.775924518748106,4.0711692291923e-10,0.999983900972614,0.999999999996263,"SASH1","OE",FALSE,"Activated",1.62305955895887e-12
"AP005482.1",8.04919839919657e-12,-0.777215579503411,3.99847028217302e-10,0.999984045360422,0.999999999996263,"SASH1","OE",FALSE,"Activated",1.62305955895887e-12
"GAST",7.94173135075029e-12,-0.779139217197073,3.89241369568994e-10,0.999984258375177,0.999999999996263,"SASH1","OE",FALSE,"Activated",1.62305955895887e-12
"HIST1H2BF",7.86697280638269e-12,-0.780490964686306,3.8194770616694e-10,0.999984406557092,0.999999999996263,"SASH1","OE",FALSE,"Activated",1.62305955895887e-12
"S100A8",7.83890027109436e-12,-0.781001485541946,3.79226682443701e-10,0.999984462200792,0.999999999996263,"SASH1","OE",FALSE,"Activated",1.62305955895887e-12
"UCA1",7.83648627319393e-12,-0.781045461216773,3.78993151865109e-10,0.999984466985674,0.999999999996263,"SASH1","OE",FALSE,"Activated",1.62305955895887e-12
"AC005899.8",7.7931185368266e-12,-0.781837531138802,3.74810002618793e-10,0.999984552946607,0.999999999996263,"SASH1","OE",FALSE,"Activated",1.62305955895887e-12
"TGM1",7.70652477634448e-12,-0.783430781972469,3.66526826179387e-10,0.999984724587579,0.999999999996263,"SASH1","OE",FALSE,"Activated",1.62305955895887e-12
"CCNE2",7.62733495363036e-12,-0.784901688109678,3.59032899061076e-10,0.999984881552909,0.999999999996263,"SASH1","OE",FALSE,"Activated",1.62305955895887e-12
"LRRC75A",7.47816830708967e-12,-0.78770933457992,3.45127113319153e-10,0.999985177222113,0.999999999996263,"SASH1","OE",FALSE,"Activated",1.62305955895887e-12
"SERPINB3",7.34162235986065e-12,-0.790323069587424,3.32638635927531e-10,0.999985447875321,0.999999999996263,"SASH1","OE",FALSE,"Activated",1.62305955895887e-12
"IL13RA2",7.31918285615479e-12,-0.790756697292351,3.30608338429679e-10,0.999985492353563,0.999999999996263,"SASH1","OE",FALSE,"Activated",1.62305955895887e-12
"TMEM45B",7.31851821848533e-12,-0.790769558818061,3.30548297634667e-10,0.999985493670968,0.999999999996263,"SASH1","OE",FALSE,"Activated",1.62305955895887e-12
"GPR35",7.31003213287836e-12,-0.790933865222179,3.29782176739007e-10,0.99998551049158,0.999999999996263,"SASH1","OE",FALSE,"Activated",1.62305955895887e-12
"GLDC",6.87481533879789e-12,-0.799594753072895,2.91682707640678e-10,0.999986373152275,0.999999999996263,"SASH1","OE",FALSE,"Activated",1.62305955895887e-12
"SAPCD2",6.43411312223559e-12,-0.808872286701228,2.55485344585759e-10,0.999987246685846,0.999999999996263,"SASH1","OE",FALSE,"Activated",1.62305955895887e-12
"LINC02376",6.07391953976995e-12,-0.816880976364173,2.27680940877119e-10,0.99998796064002,0.999999999996263,"SASH1","OE",FALSE,"Activated",1.62305955895887e-12
"LILRA4",6.07390283715074e-12,-0.816881357344026,2.2767968868311e-10,0.999987960673126,0.999999999996263,"SASH1","OE",FALSE,"Activated",1.62305955895887e-12
"IFNG",6.07389933035078e-12,-0.816881437332804,2.27679425779039e-10,0.999987960680077,0.999999999996263,"SASH1","OE",FALSE,"Activated",1.62305955895887e-12
"TMEM163",6.07389516609578e-12,-0.816881532317934,2.27679113585896e-10,0.999987960688331,0.999999999996263,"SASH1","OE",FALSE,"Activated",1.62305955895887e-12
"LINC02154",6.07389271457611e-12,-0.816881588236227,2.27678929796186e-10,0.999987960693191,0.999999999996263,"SASH1","OE",FALSE,"Activated",1.62305955895887e-12
"CHGB",6.07389094221559e-12,-0.816881628663153,2.27678796922885e-10,0.999987960696704,0.999999999996263,"SASH1","OE",FALSE,"Activated",1.62305955895887e-12
"AC079163.2",6.07386012655152e-12,-0.816882331559376,2.27676486688608e-10,0.999987960757785,0.999999999996263,"SASH1","OE",FALSE,"Activated",1.62305955895887e-12
"SPIB",6.0738599437522e-12,-0.816882335728984,2.27676472984274e-10,0.999987960758147,0.999999999996263,"SASH1","OE",FALSE,"Activated",1.62305955895887e-12
"CLEC4C",6.07385865583004e-12,-0.816882365106178,2.27676376429678e-10,0.9999879607607,0.999999999996263,"SASH1","OE",FALSE,"Activated",1.62305955895887e-12
"AC006262.2",5.96801727468675e-12,-0.819315337263806,2.19810660551956e-10,0.999988170553154,0.999999999996263,"SASH1","OE",FALSE,"Activated",1.62305955895887e-12
"SPRR1B",5.82793801238951e-12,-0.822594520746028,2.09613116927498e-10,0.999988448209889,0.999999999996263,"SASH1","OE",FALSE,"Activated",1.62305955895887e-12
"TMEM52B",5.47635688532589e-12,-0.831141692046994,1.85085370890162e-10,0.999989145092968,0.999999999996263,"SASH1","OE",FALSE,"Activated",1.62305955895887e-12
"KLHDC7B",5.44785731021896e-12,-0.83185556124315,1.83163973482295e-10,0.999989201583121,0.999999999996263,"SASH1","OE",FALSE,"Activated",1.62305955895887e-12
"SYT8",5.42202745462578e-12,-0.832505408972242,1.81431225002715e-10,0.999989252781516,0.999999999996263,"SASH1","OE",FALSE,"Activated",1.62305955895887e-12
"NGFR",5.22588050630149e-12,-0.837531305119552,1.68541773034672e-10,0.999989641572263,0.999999999996263,"SASH1","OE",FALSE,"Activated",1.62305955895887e-12
"LINC00052",4.99587022175116e-12,-0.84364133006417,1.54031982285618e-10,0.99999009748489,0.999999999996263,"SASH1","OE",FALSE,"Activated",1.62305955895887e-12
"JPH1",4.55603485973508e-12,-0.856050376569214,1.2810399832352e-10,0.999990969300235,0.999999999996263,"SASH1","OE",FALSE,"Activated",1.62305955895887e-12
"SLC47A2",4.49913842238368e-12,-0.857732031344636,1.24924413268127e-10,0.99999108207695,0.999999999996263,"SASH1","OE",FALSE,"Activated",1.62305955895887e-12
"KCNN3",4.19629221708954e-12,-0.867011883863876,1.0867259939909e-10,0.999991682360582,0.999999999996263,"SASH1","OE",FALSE,"Activated",1.62305955895887e-12
"OR5AU1",3.99601892776654e-12,-0.873478769788638,9.85470621055928e-11,0.999992079330316,0.999999999996263,"SASH1","OE",FALSE,"Activated",1.62305955895887e-12
"SPINK6",3.92445367656446e-12,-0.875859096930387,9.50488841034898e-11,0.999992221182676,0.999999999996263,"SASH1","OE",FALSE,"Activated",1.62305955895887e-12
"LTB",3.82135570495713e-12,-0.879356425583736,9.0120488808907e-11,0.999992425537308,0.999999999996263,"SASH1","OE",FALSE,"Activated",1.62305955895887e-12
"WFDC5",3.62595008730077e-12,-0.886219780152716,8.11394858411567e-11,0.999992812858635,0.999999999996263,"SASH1","OE",FALSE,"Activated",1.62305955895887e-12
"LINC02605",3.61124093246687e-12,-0.886749524003803,8.04825145929956e-11,0.999992842014242,0.999999999996263,"SASH1","OE",FALSE,"Activated",1.62305955895887e-12
"BMP7",3.43403365420199e-12,-0.89328577477273,7.27775954099993e-11,0.999993193263908,0.999999999996263,"SASH1","OE",FALSE,"Activated",1.62305955895887e-12
"SPINK5",3.25135828357662e-12,-0.900342809010218,6.52406481083508e-11,0.9999935553521,0.999999999996263,"SASH1","OE",FALSE,"Activated",1.62305955895887e-12
"NPR3",3.1605411164725e-12,-0.90398231175659,6.16469361999053e-11,0.999993735364457,0.999999999996263,"SASH1","OE",FALSE,"Activated",1.62305955895887e-12
"PODXL",3.14854675392869e-12,-0.904469861043559,6.1179919558607e-11,0.999993759138965,0.999999999996263,"SASH1","OE",FALSE,"Activated",1.62305955895887e-12
"GDNF",3.12514302238268e-12,-0.905425915454952,6.02737765252024e-11,0.999993805528441,0.999999999996263,"SASH1","OE",FALSE,"Activated",1.62305955895887e-12
"MIR3945HG",3.05952586815488e-12,-0.908140480296279,5.77692683516909e-11,0.999993935590839,0.999999999996263,"SASH1","OE",FALSE,"Activated",1.62305955895887e-12
"LMOD3",3.01402244693993e-12,-0.910053255816067,5.60636763544668e-11,0.999994025784999,0.999999999996263,"SASH1","OE",FALSE,"Activated",1.62305955895887e-12
"DUSP26",2.75075062334797e-12,-0.921647756236969,4.66972223256186e-11,0.999994547626659,0.999999999996263,"SASH1","OE",FALSE,"Activated",1.62305955895887e-12
"AFAP1-AS1",2.72643126562892e-12,-0.922767584017727,4.58751730090668e-11,0.999994595831035,0.999999999996263,"SASH1","OE",FALSE,"Activated",1.62305955895887e-12
"CSAG1",2.58626768553235e-12,-0.92939880390942,4.12796071219423e-11,0.9999948736549,0.999999999996263,"SASH1","OE",FALSE,"Activated",1.62305955895887e-12
"DDN",2.51295859044086e-12,-0.932994346427995,3.89725903544551e-11,0.999995018963803,0.999999999996263,"SASH1","OE",FALSE,"Activated",1.62305955895887e-12
"EEF1A2",2.38923336171513e-12,-0.939277953885332,3.52294407403831e-11,0.99999526420455,0.999999999996263,"SASH1","OE",FALSE,"Activated",1.62305955895887e-12
"KLK12",2.38921773545683e-12,-0.93927876544587,3.52289799209846e-11,0.999995264235524,0.999999999996263,"SASH1","OE",FALSE,"Activated",1.62305955895887e-12
"ZBP1",2.38295559754585e-12,-0.939604371338451,3.50445516708513e-11,0.999995276647959,0.999999999996263,"SASH1","OE",FALSE,"Activated",1.62305955895887e-12
"SLC9A2",2.38075513188374e-12,-0.939718965851067,3.49798599675998e-11,0.99999528100959,0.999999999996263,"SASH1","OE",FALSE,"Activated",1.62305955895887e-12
"RYR1",2.23049184462286e-12,-0.947774383158867,3.07036415738715e-11,0.99999557885249,0.999999999996263,"SASH1","OE",FALSE,"Activated",1.62305955895887e-12
"SLAMF9",2.0142977711438e-12,-0.960247577916057,2.50400938696106e-11,0.99999600737945,0.999999999996263,"SASH1","OE",FALSE,"Activated",1.62305955895887e-12
"FAM30A",1.9234609546188e-12,-0.965843908924982,2.28325994403396e-11,0.999996187430754,0.999999999996263,"SASH1","OE",FALSE,"Activated",1.62305955895887e-12
"OSM",1.90469162000788e-12,-0.967029243812208,2.23891677535992e-11,0.999996224634206,0.999999999996263,"SASH1","OE",FALSE,"Activated",1.62305955895887e-12
"HAPLN1",1.86587493343215e-12,-0.969513667120164,2.14859058783386e-11,0.99999630157432,0.999999999996263,"SASH1","OE",FALSE,"Activated",1.62305955895887e-12
"NGEF",1.86560190050868e-12,-0.969531303144824,2.14796182859828e-11,0.99999630211551,0.999999999996263,"SASH1","OE",FALSE,"Activated",1.62305955895887e-12
"KLK11",1.85897825209136e-12,-0.969959843628531,2.13273662163131e-11,0.999996315244509,0.999999999996263,"SASH1","OE",FALSE,"Activated",1.62305955895887e-12
"NCCRP1",1.84787000341883e-12,-0.970681563379484,2.10732461209207e-11,0.999996337262615,0.999999999996263,"SASH1","OE",FALSE,"Activated",1.62305955895887e-12
"TNNC1",1.84786486841627e-12,-0.970681897892142,2.10731290011858e-11,0.999996337272794,0.999999999996263,"SASH1","OE",FALSE,"Activated",1.62305955895887e-12
"SLC18A2",1.84779208907214e-12,-0.970686639090274,2.10714690764468e-11,0.999996337417053,0.999999999996263,"SASH1","OE",FALSE,"Activated",1.62305955895887e-12
"CILP2",1.82489437073006e-12,-0.972186547718264,2.0552472287266e-11,0.99999638280354,0.999999999996263,"SASH1","OE",FALSE,"Activated",1.62305955895887e-12
"WFDC2",1.40403659259064e-12,-1.00321628548692,1.21659341561795e-11,0.999997217002653,0.999999999996263,"SASH1","OE",FALSE,"Activated",1.62305955895887e-12
"ADPRHL1",1.28961980080481e-12,-1.01307255636891,1.02638901088316e-11,0.999997443792774,0.999999999996263,"SASH1","OE",FALSE,"Activated",1.62305955895887e-12
"RSAD2",1.28242918521659e-12,-1.01371741740335,1.01497511475742e-11,0.999997458045582,0.999999999996263,"SASH1","OE",FALSE,"Activated",1.62305955895887e-12
"GAL",1.08781209710546e-12,-1.03251003716785,7.30291719691938e-12,0.999997843803932,0.999999999996263,"SASH1","OE",FALSE,"Activated",1.62305955895887e-12
"LILRA5",9.06952384671825e-13,-1.05285143184146,5.07642041928165e-12,0.999998202293235,0.999999999996263,"SASH1","OE",FALSE,"Activated",1.62305955895887e-12
"APLN",8.81692272510623e-13,-1.05597233133409,4.79758499169114e-12,0.999998252362319,0.999999999996263,"SASH1","OE",FALSE,"Activated",1.62305955895887e-12
"CCN3",7.64864522141321e-13,-1.07152030927282,3.61041929891226e-12,0.999998483931297,0.999999999996263,"SASH1","OE",FALSE,"Activated",1.62305955895887e-12
"IGHG2",7.46965105958094e-13,-1.07408522051974,3.44341397101677e-12,0.999998519410449,0.999999999996263,"SASH1","OE",FALSE,"Activated",1.62305955895887e-12
"GDF15",5.2154756393028e-13,-1.11212654186067,1.67871298865412e-12,0.999998966219617,0.999999999996263,"SASH1","OE",FALSE,"Activated",1.62305955895887e-12
"ALDH3A1",5.09750258321321e-13,-1.11449525409693,1.60362758170978e-12,0.99999898960353,0.999999999996263,"SASH1","OE",FALSE,"Activated",1.62305955895887e-12
"TCHH",4.22058786197372e-13,-1.13379680563841,1.0993462504068e-12,0.999999163420321,0.999999999996263,"SASH1","OE",FALSE,"Activated",1.62305955895887e-12
"WIPF3",2.56732353354869e-13,-1.18261241630312,4.06770839620701e-13,0.999999491120486,0.999999999996263,"SASH1","OE",FALSE,"Activated",1.62305955895887e-12
"TNNI2",2.29884803684679e-13,-1.19307530189741,3.26143806351375e-13,0.999999544336093,0.999999999996263,"SASH1","OE",FALSE,"Activated",1.62305955895887e-12
"NEFL",2.15435657491767e-13,-1.19916106273748,2.86433481156927e-13,0.999999572976327,0.999999999996263,"SASH1","OE",FALSE,"Activated",1.62305955895887e-12
"AC022819.1",2.085853668808e-13,-1.2021730810689,2.68507414987573e-13,0.999999586554563,0.999999999996263,"SASH1","OE",FALSE,"Activated",1.62305955895887e-12
"AC103858.1",2.08105288571198e-13,-1.20238742369584,2.67272848584589e-13,0.999999587506145,0.999999999996263,"SASH1","OE",FALSE,"Activated",1.62305955895887e-12
"AL356804.1",1.93752922163655e-13,-1.20900585028227,2.31678178856618e-13,0.999999615954548,0.999999999996263,"SASH1","OE",FALSE,"Activated",1.62305955895887e-12
"ARHGAP45",1.68480209098298e-13,-1.22179009575435,1.75180755074242e-13,0.999999666048608,0.999999999996263,"SASH1","OE",FALSE,"Activated",1.62305955895887e-12
"GCNA",1.5170680515896e-13,-1.23124470758912,1.42036098118516e-13,0.999999699295846,0.999999999996263,"SASH1","OE",FALSE,"Activated",1.62305955895887e-12
"ZNF750",1.1386685820846e-13,-1.2565218591665,8.00171877814674e-14,0.999999774299925,0.999999999996263,"SASH1","OE",FALSE,"Activated",1.62305955895887e-12
"CST6",1.03417049681371e-13,-1.26481209289185,6.60044012951157e-14,0.99999979501291,0.999999999996263,"SASH1","OE",FALSE,"Activated",1.62305955895887e-12
"PDZK1",9.81249190674765e-14,-1.26929642551319,5.94219953956528e-14,0.999999805502655,0.999999999996263,"SASH1","OE",FALSE,"Activated",1.62305955895887e-12
"SULT2B1",8.2209700629143e-14,-1.28420096695748,4.17094767550189e-14,0.999999837048849,0.999999999996263,"SASH1","OE",FALSE,"Activated",1.62305955895887e-12
"C1orf68",6.54413707450832e-14,-1.30295953791779,2.64297699748972e-14,0.99999987028603,0.999999999996263,"SASH1","OE",FALSE,"Activated",1.62305955895887e-12
"DNASE1L3",4.08880396951869e-14,-1.34007528045551,1.03176594066052e-14,0.999999918954174,0.999999999996263,"SASH1","OE",FALSE,"Activated",1.62305955895887e-12
"TNNT2",1.51039965036515e-14,-1.41217967045063,1.4079017900177e-15,0.999999970061762,0.999999999996263,"SASH1","OE",FALSE,"Activated",1.62305955895887e-12
"CAPN3",8.64241108734036e-15,-1.4490410472102,4.6095491358599e-16,0.99999998286953,0.999999999996263,"SASH1","OE",FALSE,"Activated",1.62305955895887e-12
"FAT3",1.69607132076144e-15,-1.54366013467884,1.77532075153006e-17,0.999999996638149,0.999999999996263,"SASH1","OE",FALSE,"Activated",1.62305955895887e-12
"FLG",1.67306374687241e-15,-1.54437930222979,1.72748221825406e-17,0.999999996683753,0.999999999996263,"SASH1","OE",FALSE,"Activated",1.62305955895887e-12
"MLANA",1.20400802231816e-16,-1.66338218105501,8.94638058765636e-20,0.999999999761349,0.999999999996263,"SASH1","OE",FALSE,"Activated",1.62305955895887e-12
"IGFL1",1.11253691716929e-16,-1.66641446167439,7.63866510931782e-20,0.99999999977948,0.999999999996263,"SASH1","OE",FALSE,"Activated",1.62305955895887e-12
"PPP1R27",1.09693875298118e-16,-1.66695335340941,7.42597302884842e-20,0.999999999782571,0.999999999996263,"SASH1","OE",FALSE,"Activated",1.62305955895887e-12
"ADCYAP1",1.04772427167362e-16,-1.66869909960438,6.77458378214623e-20,0.999999999792326,0.999999999996263,"SASH1","OE",FALSE,"Activated",1.62305955895887e-12
"GCSAML",1.02977850603184e-16,-1.66935370749671,6.54449671236723e-20,0.999999999795883,0.999999999996263,"SASH1","OE",FALSE,"Activated",1.62305955895887e-12
"TRIM54",9.9070817649049e-17,-1.67081440528166,6.05731421780588e-20,0.999999999803628,0.999999999996263,"SASH1","OE",FALSE,"Activated",1.62305955895887e-12
"CA3",9.48553296263634e-17,-1.67244853981263,5.55280066483106e-20,0.999999999811983,0.999999999996263,"SASH1","OE",FALSE,"Activated",1.62305955895887e-12
"PI3",9.05621119797058e-17,-1.67418000856124,5.0615285673656e-20,0.999999999820493,0.999999999996263,"SASH1","OE",FALSE,"Activated",1.62305955895887e-12
"MYOT",8.78848488632528e-17,-1.67529677204862,4.7666869268213e-20,0.9999999998258,0.999999999996263,"SASH1","OE",FALSE,"Activated",1.62305955895887e-12
"AC243829.4",8.7595025159967e-17,-1.6754194591943,4.73529992564635e-20,0.999999999826374,0.999999999996263,"SASH1","OE",FALSE,"Activated",1.62305955895887e-12
"SOST",8.3945682298765e-17,-1.67699572457352,4.34895921619286e-20,0.999999999833608,0.999999999996263,"SASH1","OE",FALSE,"Activated",1.62305955895887e-12
"CST1",8.24488847157454e-17,-1.67765977134278,4.19525321525658e-20,0.999999999836575,0.999999999996263,"SASH1","OE",FALSE,"Activated",1.62305955895887e-12
"FASLG",7.97860076536206e-17,-1.6788678787312,3.92863857722141e-20,0.999999999841853,0.999999999996263,"SASH1","OE",FALSE,"Activated",1.62305955895887e-12
"TRDC",7.68656689392554e-17,-1.68023437915285,3.6463086725734e-20,0.999999999847641,0.999999999996263,"SASH1","OE",FALSE,"Activated",1.62305955895887e-12
"KRT6C",7.6610603047033e-17,-1.68035589440615,3.6221494898964e-20,0.999999999848147,0.999999999996263,"SASH1","OE",FALSE,"Activated",1.62305955895887e-12
"DHRS2",7.62991283725423e-17,-1.6805047680164,3.59275631665378e-20,0.999999999848764,0.999999999996263,"SASH1","OE",FALSE,"Activated",1.62305955895887e-12
"KRT19",7.61755533625866e-17,-1.68056398093202,3.58112799603074e-20,0.999999999849009,0.999999999996263,"SASH1","OE",FALSE,"Activated",1.62305955895887e-12
"LY6D",7.5287253442051e-17,-1.68099213456834,3.49809432633253e-20,0.99999999985077,0.999999999996263,"SASH1","OE",FALSE,"Activated",1.62305955895887e-12
"ADGRG3",7.35362106865487e-17,-1.6818493343873,3.33726813839078e-20,0.999999999854241,0.999999999996263,"SASH1","OE",FALSE,"Activated",1.62305955895887e-12
"TNN",7.2984873984429e-17,-1.68212296127291,3.28741349232491e-20,0.999999999855334,0.999999999996263,"SASH1","OE",FALSE,"Activated",1.62305955895887e-12
"TMEFF2",7.28944117689298e-17,-1.68216803139487,3.27926927308312e-20,0.999999999855513,0.999999999996263,"SASH1","OE",FALSE,"Activated",1.62305955895887e-12
"SCUBE1",7.23372827509206e-17,-1.68244669676837,3.22933418824144e-20,0.999999999856617,0.999999999996263,"SASH1","OE",FALSE,"Activated",1.62305955895887e-12
"SPRR2E",7.08761028094365e-17,-1.68318664538568,3.10018968634151e-20,0.999999999859514,0.999999999996263,"SASH1","OE",FALSE,"Activated",1.62305955895887e-12
"LIF",7.04748269071175e-17,-1.68339220739377,3.06518466412775e-20,0.999999999860309,0.999999999996263,"SASH1","OE",FALSE,"Activated",1.62305955895887e-12
"ENO3",6.99697663448322e-17,-1.68365240750596,3.0214085618063e-20,0.99999999986131,0.999999999996263,"SASH1","OE",FALSE,"Activated",1.62305955895887e-12
"CAPNS2",6.90768822014996e-17,-1.68411648859022,2.94478819192812e-20,0.99999999986308,0.999999999996263,"SASH1","OE",FALSE,"Activated",1.62305955895887e-12
"IFNL1",6.83938624597379e-17,-1.68447507642542,2.88684103272492e-20,0.999999999864434,0.999999999996263,"SASH1","OE",FALSE,"Activated",1.62305955895887e-12
"AC025211.1",6.77746224791096e-17,-1.68480291965586,2.83480260073744e-20,0.999999999865661,0.999999999996263,"SASH1","OE",FALSE,"Activated",1.62305955895887e-12
"SMIM5",6.67935275979604e-17,-1.68532778755175,2.75332431178801e-20,0.999999999867606,0.999999999996263,"SASH1","OE",FALSE,"Activated",1.62305955895887e-12
"AMTN",6.67772205834586e-17,-1.68533656880225,2.75198007918581e-20,0.999999999867638,0.999999999996263,"SASH1","OE",FALSE,"Activated",1.62305955895887e-12
"PSG4",6.64216710877095e-17,-1.68552850220661,2.72275273954056e-20,0.999999999868343,0.999999999996263,"SASH1","OE",FALSE,"Activated",1.62305955895887e-12
"COL28A1",6.52916928574712e-17,-1.68614456361597,2.63090075869326e-20,0.999999999870583,0.999999999996263,"SASH1","OE",FALSE,"Activated",1.62305955895887e-12
"CCL21",6.48899728305384e-17,-1.68636584745095,2.59862608088551e-20,0.999999999871379,0.999999999996263,"SASH1","OE",FALSE,"Activated",1.62305955895887e-12
"ADRB1",6.47595967463199e-17,-1.6864379236307,2.58819432007377e-20,0.999999999871637,0.999999999996263,"SASH1","OE",FALSE,"Activated",1.62305955895887e-12
"GZMH",6.47502914717953e-17,-1.68644307278315,2.58745058078006e-20,0.999999999871656,0.999999999996263,"SASH1","OE",FALSE,"Activated",1.62305955895887e-12
"TNNI1",6.36352750435555e-17,-1.6870648521865,2.49910474651221e-20,0.999999999873866,0.999999999996263,"SASH1","OE",FALSE,"Activated",1.62305955895887e-12
"MS4A2",6.35843380749072e-17,-1.68709348560832,2.4951055221024e-20,0.999999999873967,0.999999999996263,"SASH1","OE",FALSE,"Activated",1.62305955895887e-12
"GPR84",6.35640304038107e-17,-1.68710490688898,2.493511994755e-20,0.999999999874007,0.999999999996263,"SASH1","OE",FALSE,"Activated",1.62305955895887e-12
"KRT3",6.31795202403377e-17,-1.68732176963197,2.4634358406515e-20,0.999999999874769,0.999999999996263,"SASH1","OE",FALSE,"Activated",1.62305955895887e-12
"CALB1",6.19845516684335e-17,-1.68800323900654,2.37113093663952e-20,0.999999999877138,0.999999999996263,"SASH1","OE",FALSE,"Activated",1.62305955895887e-12
"CLDN6",6.17184168085946e-17,-1.68815658712162,2.3508134260724e-20,0.999999999877665,0.999999999996263,"SASH1","OE",FALSE,"Activated",1.62305955895887e-12
"TYRP1",6.13158499441181e-17,-1.68838965982542,2.32024643299742e-20,0.999999999878463,0.999999999996263,"SASH1","OE",FALSE,"Activated",1.62305955895887e-12
"TCL1A",6.10539766424991e-17,-1.68854200118763,2.30046971701704e-20,0.999999999878982,0.999999999996263,"SASH1","OE",FALSE,"Activated",1.62305955895887e-12
"WIF1",6.09059623506194e-17,-1.68862836164233,2.28932909451515e-20,0.999999999879276,0.999999999996263,"SASH1","OE",FALSE,"Activated",1.62305955895887e-12
"NRXN3",6.08969598429696e-17,-1.68863362021641,2.28865237326386e-20,0.999999999879294,0.999999999996263,"SASH1","OE",FALSE,"Activated",1.62305955895887e-12
"L1CAM",6.08828515550765e-17,-1.68864186257467,2.28759205017438e-20,0.999999999879322,0.999999999996263,"SASH1","OE",FALSE,"Activated",1.62305955895887e-12
"TTR",6.07755037809664e-17,-1.68870463262527,2.27953226264893e-20,0.999999999879534,0.999999999996263,"SASH1","OE",FALSE,"Activated",1.62305955895887e-12
"SPP1",5.99113238533677e-17,-1.68921354199814,2.21516683567226e-20,0.999999999881247,0.999999999996263,"SASH1","OE",FALSE,"Activated",1.62305955895887e-12
"CA9",5.95705967526367e-17,-1.68941597472548,2.19004233258006e-20,0.999999999881923,0.999999999996263,"SASH1","OE",FALSE,"Activated",1.62305955895887e-12
"TNFRSF4",5.90431576402944e-17,-1.68973135957316,2.15143267121007e-20,0.999999999882968,0.999999999996263,"SASH1","OE",FALSE,"Activated",1.62305955895887e-12
"SLURP2",5.89240654792679e-17,-1.6898029150261,2.14276239085451e-20,0.999999999883204,0.999999999996263,"SASH1","OE",FALSE,"Activated",1.62305955895887e-12
"KDR",5.87052249818464e-17,-1.68993473653059,2.12687576092975e-20,0.999999999883638,0.999999999996263,"SASH1","OE",FALSE,"Activated",1.62305955895887e-12
"SYTL3",5.75183618849872e-17,-1.69065729965419,2.04174558925532e-20,0.99999999988599,0.999999999996263,"SASH1","OE",FALSE,"Activated",1.62305955895887e-12
"CNR1",5.71198770855721e-17,-1.69090284746774,2.01355333044243e-20,0.99999999988678,0.999999999996263,"SASH1","OE",FALSE,"Activated",1.62305955895887e-12
"AL157895.1",5.66303643628457e-17,-1.69120656323714,1.97918923478517e-20,0.999999999887751,0.999999999996263,"SASH1","OE",FALSE,"Activated",1.62305955895887e-12
"CSRP3",5.65557879333559e-17,-1.69125303688705,1.97397988533419e-20,0.999999999887898,0.999999999996263,"SASH1","OE",FALSE,"Activated",1.62305955895887e-12
"KLHL31",5.57244645492174e-17,-1.69177478323655,1.9163746459563e-20,0.999999999889546,0.999999999996263,"SASH1","OE",FALSE,"Activated",1.62305955895887e-12
"AL133405.1",5.55417172700109e-17,-1.69189039682141,1.90382583106001e-20,0.999999999889909,0.999999999996263,"SASH1","OE",FALSE,"Activated",1.62305955895887e-12
"ATP10B",5.54028480413808e-17,-1.69197847584569,1.89431757947881e-20,0.999999999890184,0.999999999996263,"SASH1","OE",FALSE,"Activated",1.62305955895887e-12
"GABRA2",5.53411343589884e-17,-1.69201768079074,1.89009973845829e-20,0.999999999890306,0.999999999996263,"SASH1","OE",FALSE,"Activated",1.62305955895887e-12
"TRPM1",5.52534109143223e-17,-1.69207347540318,1.88411234232585e-20,0.99999999989048,0.999999999996263,"SASH1","OE",FALSE,"Activated",1.62305955895887e-12
"DSG1",5.48512163146066e-17,-1.69233028706382,1.85678292237527e-20,0.999999999891277,0.999999999996263,"SASH1","OE",FALSE,"Activated",1.62305955895887e-12
"SLC6A17",5.31935094202007e-17,-1.69340661873654,1.74624789494155e-20,0.999999999894563,0.999999999996263,"SASH1","OE",FALSE,"Activated",1.62305955895887e-12
"COX6A2",5.29370931380545e-17,-1.69357574162742,1.72945309491426e-20,0.999999999895071,0.999999999996263,"SASH1","OE",FALSE,"Activated",1.62305955895887e-12
"CCL26",5.28838255336336e-17,-1.69361096561248,1.72597434425501e-20,0.999999999895177,0.999999999996263,"SASH1","OE",FALSE,"Activated",1.62305955895887e-12
"OPN4",5.27834887947753e-17,-1.69367739981469,1.71943115835741e-20,0.999999999895376,0.999999999996263,"SASH1","OE",FALSE,"Activated",1.62305955895887e-12
"GFRA3",5.27692437924968e-17,-1.69368684063414,1.71850321682685e-20,0.999999999895404,0.999999999996263,"SASH1","OE",FALSE,"Activated",1.62305955895887e-12
"CD300E",5.27064838582498e-17,-1.69372846131711,1.7144179199848e-20,0.999999999895528,0.999999999996263,"SASH1","OE",FALSE,"Activated",1.62305955895887e-12
"UTS2",5.2691786084261e-17,-1.69373821479737,1.71346188528544e-20,0.999999999895558,0.999999999996263,"SASH1","OE",FALSE,"Activated",1.62305955895887e-12
"SOSTDC1",5.26696250484693e-17,-1.69375292545419,1.71202089769078e-20,0.999999999895601,0.999999999996263,"SASH1","OE",FALSE,"Activated",1.62305955895887e-12
"ECSCR",5.25740443629405e-17,-1.69381643521584,1.70581285448136e-20,0.999999999895791,0.999999999996263,"SASH1","OE",FALSE,"Activated",1.62305955895887e-12
"CKMT2",5.24974558685761e-17,-1.69386739890981,1.7008465073343e-20,0.999999999895943,0.999999999996263,"SASH1","OE",FALSE,"Activated",1.62305955895887e-12
"IGLC2",5.22767896308791e-17,-1.69401460263022,1.68657798363917e-20,0.99999999989638,0.999999999996263,"SASH1","OE",FALSE,"Activated",1.62305955895887e-12
"HSPB3",5.09859896274734e-17,-1.69488682136915,1.60431747779474e-20,0.999999999898939,0.999999999996263,"SASH1","OE",FALSE,"Activated",1.62305955895887e-12
"LRRTM1",5.05594325615037e-17,-1.69517933768527,1.57758580735389e-20,0.999999999899784,0.999999999996263,"SASH1","OE",FALSE,"Activated",1.62305955895887e-12
"MIA",5.03278895622875e-17,-1.6953390334288,1.5631694062409e-20,0.999999999900243,0.999999999996263,"SASH1","OE",FALSE,"Activated",1.62305955895887e-12
"CCL27",5.0299468559296e-17,-1.69535868008444,1.56140440880246e-20,0.999999999900299,0.999999999996263,"SASH1","OE",FALSE,"Activated",1.62305955895887e-12
"BBOX1",5.02707463600657e-17,-1.69537854489726,1.55962171942433e-20,0.999999999900356,0.999999999996263,"SASH1","OE",FALSE,"Activated",1.62305955895887e-12
"MSMB",5.02697155579648e-17,-1.6953792580054,1.55955775996565e-20,0.999999999900358,0.999999999996263,"SASH1","OE",FALSE,"Activated",1.62305955895887e-12
"CPA3",4.94130480466778e-17,-1.69597640682926,1.50685650283975e-20,0.999999999902056,0.999999999996263,"SASH1","OE",FALSE,"Activated",1.62305955895887e-12
"MCOLN3",4.92841202860002e-17,-1.69606706641069,1.49900342792319e-20,0.999999999902312,0.999999999996263,"SASH1","OE",FALSE,"Activated",1.62305955895887e-12
"TPSB2",4.9113500569324e-17,-1.69618736507644,1.48864241005888e-20,0.99999999990265,0.999999999996263,"SASH1","OE",FALSE,"Activated",1.62305955895887e-12
"OTOP3",4.88662181890335e-17,-1.69636237200758,1.4736897668939e-20,0.99999999990314,0.999999999996263,"SASH1","OE",FALSE,"Activated",1.62305955895887e-12
"KANK4",4.82758849443782e-17,-1.69678334210746,1.43829872475532e-20,0.99999999990431,0.999999999996263,"SASH1","OE",FALSE,"Activated",1.62305955895887e-12
"LINC01291",4.79917045915795e-17,-1.69698761379435,1.4214152141527e-20,0.999999999904874,0.999999999996263,"SASH1","OE",FALSE,"Activated",1.62305955895887e-12
"CDH15",4.75509812060258e-17,-1.6973065300397,1.39542845332511e-20,0.999999999905747,0.999999999996263,"SASH1","OE",FALSE,"Activated",1.62305955895887e-12
"SBSN",4.69437512245861e-17,-1.69775023086454,1.360016538236e-20,0.999999999906951,0.999999999996263,"SASH1","OE",FALSE,"Activated",1.62305955895887e-12
"ZG16B",4.69350770963975e-17,-1.69775660560337,1.35951398496405e-20,0.999999999906968,0.999999999996263,"SASH1","OE",FALSE,"Activated",1.62305955895887e-12
"PCAT19",4.6791176447733e-17,-1.69786251208947,1.35119035782597e-20,0.999999999907253,0.999999999996263,"SASH1","OE",FALSE,"Activated",1.62305955895887e-12
"MYBPC2",4.67356544026732e-17,-1.69790345142558,1.34798563642144e-20,0.999999999907363,0.999999999996263,"SASH1","OE",FALSE,"Activated",1.62305955895887e-12
"TMEM38A",4.67219379939395e-17,-1.69791357186476,1.34719451414208e-20,0.99999999990739,0.999999999996263,"SASH1","OE",FALSE,"Activated",1.62305955895887e-12
"DBNDD1",4.64169780190212e-17,-1.6981392613166,1.32966529256928e-20,0.999999999907995,0.999999999996263,"SASH1","OE",FALSE,"Activated",1.62305955895887e-12
"MYL1",4.63057885386839e-17,-1.69822187387769,1.32330263296015e-20,0.999999999908215,0.999999999996263,"SASH1","OE",FALSE,"Activated",1.62305955895887e-12
"S100A1",4.61362677056176e-17,-1.69834816329009,1.31363141249947e-20,0.999999999908551,0.999999999996263,"SASH1","OE",FALSE,"Activated",1.62305955895887e-12
"LINC01268",4.54139195954302e-17,-1.69889092664776,1.27281880088505e-20,0.999999999909983,0.999999999996263,"SASH1","OE",FALSE,"Activated",1.62305955895887e-12
"AC005005.4",4.53810775861012e-17,-1.69891578421633,1.27097853638713e-20,0.999999999910048,0.999999999996263,"SASH1","OE",FALSE,"Activated",1.62305955895887e-12
"CDH5",4.5120772872799e-17,-1.69911336763885,1.25643975188694e-20,0.999999999910564,0.999999999996263,"SASH1","OE",FALSE,"Activated",1.62305955895887e-12
"PRG2",4.49707936836626e-17,-1.69922766574856,1.24810094822933e-20,0.999999999910862,0.999999999996263,"SASH1","OE",FALSE,"Activated",1.62305955895887e-12
"ADGRL4",4.49249265859368e-17,-1.69926268787342,1.24555629337198e-20,0.999999999910952,0.999999999996263,"SASH1","OE",FALSE,"Activated",1.62305955895887e-12
"ATP1B4",4.48490265376075e-17,-1.69932071117984,1.24135114803742e-20,0.999999999911103,0.999999999996263,"SASH1","OE",FALSE,"Activated",1.62305955895887e-12
"CLEC14A",4.40273961795753e-17,-1.69995442827176,1.1962848741695e-20,0.999999999912731,0.999999999996263,"SASH1","OE",FALSE,"Activated",1.62305955895887e-12
"SOX18",4.39640851450111e-17,-1.70000369125999,1.19284685219911e-20,0.999999999912857,0.999999999996263,"SASH1","OE",FALSE,"Activated",1.62305955895887e-12
"IFIT2",4.38919310672132e-17,-1.70005991145243,1.18893465268234e-20,0.999999999913,0.999999999996263,"SASH1","OE",FALSE,"Activated",1.62305955895887e-12
"AC090004.2",4.36849975236174e-17,-1.70022160083896,1.17775034224526e-20,0.99999999991341,0.999999999996263,"SASH1","OE",FALSE,"Activated",1.62305955895887e-12
"HIST1H2AL",4.35345326526308e-17,-1.70033959258166,1.16965122905999e-20,0.999999999913708,0.999999999996263,"SASH1","OE",FALSE,"Activated",1.62305955895887e-12
"IL2RA",4.32819920878025e-17,-1.70053844096953,1.15612047024627e-20,0.999999999914209,0.999999999996263,"SASH1","OE",FALSE,"Activated",1.62305955895887e-12
"PRR9",4.28303195797426e-17,-1.70089664974431,1.13211680765998e-20,0.999999999915104,0.999999999996263,"SASH1","OE",FALSE,"Activated",1.62305955895887e-12
"ERC2",4.25217489630895e-17,-1.70114328871403,1.11586292098108e-20,0.999999999915716,0.999999999996263,"SASH1","OE",FALSE,"Activated",1.62305955895887e-12
"AC073476.3",4.22868111023045e-17,-1.70133213400071,1.10356642682336e-20,0.999999999916182,0.999999999996263,"SASH1","OE",FALSE,"Activated",1.62305955895887e-12
"KRTDAP",4.22679782502271e-17,-1.70134731205385,1.10258367713347e-20,0.999999999916219,0.999999999996263,"SASH1","OE",FALSE,"Activated",1.62305955895887e-12
"NRXN1",4.22496235148255e-17,-1.70136211051586,1.10162629812337e-20,0.999999999916255,0.999999999996263,"SASH1","OE",FALSE,"Activated",1.62305955895887e-12
"GPR143",4.21164269036646e-17,-1.7014696701468,1.09469124963507e-20,0.999999999916519,0.999999999996263,"SASH1","OE",FALSE,"Activated",1.62305955895887e-12
"PDZK1IP1",4.19950157912568e-17,-1.70156797435443,1.08838890528467e-20,0.99999999991676,0.999999999996263,"SASH1","OE",FALSE,"Activated",1.62305955895887e-12
"IL22",4.18981567745655e-17,-1.7016465791072,1.08337408605698e-20,0.999999999916952,0.999999999996263,"SASH1","OE",FALSE,"Activated",1.62305955895887e-12
"COLEC11",4.18759643586399e-17,-1.70166461165417,1.08222671716236e-20,0.999999999916996,0.999999999996263,"SASH1","OE",FALSE,"Activated",1.62305955895887e-12
"IFNB1",4.17745347767068e-17,-1.70174713615035,1.07699045019792e-20,0.999999999917197,0.999999999996263,"SASH1","OE",FALSE,"Activated",1.62305955895887e-12
"METTL7B",4.14346672350986e-17,-1.70202495109538,1.05953746760842e-20,0.999999999917871,0.999999999996263,"SASH1","OE",FALSE,"Activated",1.62305955895887e-12
"ZNF683",4.12682933478051e-17,-1.70216168203953,1.05104576397039e-20,0.9999999999182,0.999999999996263,"SASH1","OE",FALSE,"Activated",1.62305955895887e-12
"KLRC2",4.10893069883518e-17,-1.70230932215379,1.04194847003751e-20,0.999999999918555,0.999999999996263,"SASH1","OE",FALSE,"Activated",1.62305955895887e-12
"LEMD1",4.09727286292202e-17,-1.70240578920872,1.03604443627596e-20,0.999999999918786,0.999999999996263,"SASH1","OE",FALSE,"Activated",1.62305955895887e-12
"NRN1",4.0533467867118e-17,-1.70277145956374,1.01394904757018e-20,0.999999999919657,0.999999999996263,"SASH1","OE",FALSE,"Activated",1.62305955895887e-12
"FPR2",4.04330207264942e-17,-1.70285556927274,1.00892988235412e-20,0.999999999919856,0.999999999996263,"SASH1","OE",FALSE,"Activated",1.62305955895887e-12
"CADM2",4.01367455209353e-17,-1.70310473398233,9.94198075372754e-21,0.999999999920443,0.999999999996263,"SASH1","OE",FALSE,"Activated",1.62305955895887e-12
"MYBPH",3.98935804936337e-17,-1.70331044839833,9.82188039408326e-21,0.999999999920925,0.999999999996263,"SASH1","OE",FALSE,"Activated",1.62305955895887e-12
"SLC26A7",3.94403114726748e-17,-1.7036968775963,9.59995683611582e-21,0.999999999921824,0.999999999996263,"SASH1","OE",FALSE,"Activated",1.62305955895887e-12
"AC136616.1",3.93100897350172e-17,-1.70380862079252,9.5366683263626e-21,0.999999999922082,0.999999999996263,"SASH1","OE",FALSE,"Activated",1.62305955895887e-12
"TMEM78",3.90507388776448e-17,-1.70403214555215,9.41124586596914e-21,0.999999999922596,0.999999999996263,"SASH1","OE",FALSE,"Activated",1.62305955895887e-12
"TPSAB1",3.89876281084136e-17,-1.70408673635736,9.3808509984513e-21,0.999999999922721,0.999999999996263,"SASH1","OE",FALSE,"Activated",1.62305955895887e-12
"ASB5",3.8900220798261e-17,-1.70416247251714,9.33883583343637e-21,0.999999999922894,0.999999999996263,"SASH1","OE",FALSE,"Activated",1.62305955895887e-12
"HBA2",3.8859122408271e-17,-1.70419813508708,9.31911315014425e-21,0.999999999922976,0.999999999996263,"SASH1","OE",FALSE,"Activated",1.62305955895887e-12
"DSC1",3.86940546316392e-17,-1.70434170632354,9.2401088912159e-21,0.999999999923303,0.999999999996263,"SASH1","OE",FALSE,"Activated",1.62305955895887e-12
"TRDN",3.85167712442596e-17,-1.70449650516772,9.15563259830784e-21,0.999999999923654,0.999999999996263,"SASH1","OE",FALSE,"Activated",1.62305955895887e-12
"TMIGD2",3.83781835882536e-17,-1.70461795419439,9.08986514822513e-21,0.999999999923929,0.999999999996263,"SASH1","OE",FALSE,"Activated",1.62305955895887e-12
"KIR2DL4",3.83407901799635e-17,-1.70465078954859,9.07216053495808e-21,0.999999999924003,0.999999999996263,"SASH1","OE",FALSE,"Activated",1.62305955895887e-12
"TM4SF18",3.81964191123973e-17,-1.70477782814946,9.00396728335266e-21,0.999999999924289,0.999999999996263,"SASH1","OE",FALSE,"Activated",1.62305955895887e-12
"PMEL",3.77114473058697e-17,-1.70520769978311,8.77677588486955e-21,0.999999999925251,0.999999999996263,"SASH1","OE",FALSE,"Activated",1.62305955895887e-12
"CCL18",3.73470460249894e-17,-1.70553391921307,8.60797747715957e-21,0.999999999925973,0.999999999996263,"SASH1","OE",FALSE,"Activated",1.62305955895887e-12
"COBL",3.72671940179598e-17,-1.70560577912352,8.57120726255537e-21,0.999999999926131,0.999999999996263,"SASH1","OE",FALSE,"Activated",1.62305955895887e-12
"HDC",3.72568648366756e-17,-1.70561508441071,8.56645663473119e-21,0.999999999926152,0.999999999996263,"SASH1","OE",FALSE,"Activated",1.62305955895887e-12
"LINC02096",3.71920190710099e-17,-1.70567355428092,8.53666266156665e-21,0.99999999992628,0.999999999996263,"SASH1","OE",FALSE,"Activated",1.62305955895887e-12
"STAM-AS1",3.71786780678436e-17,-1.70568559469281,8.53053945447295e-21,0.999999999926307,0.999999999996263,"SASH1","OE",FALSE,"Activated",1.62305955895887e-12
"OTOF",3.70793624874833e-17,-1.7057753481229,8.48502498568049e-21,0.999999999926503,0.999999999996263,"SASH1","OE",FALSE,"Activated",1.62305955895887e-12
"MYL2",3.70522769194976e-17,-1.70579986267179,8.47263330652942e-21,0.999999999926557,0.999999999996263,"SASH1","OE",FALSE,"Activated",1.62305955895887e-12
"XKR4",3.69336178548608e-17,-1.70590744498888,8.4184533740722e-21,0.999999999926792,0.999999999996263,"SASH1","OE",FALSE,"Activated",1.62305955895887e-12
"SPRR3",3.66865385110305e-17,-1.70613244132102,8.30619421539269e-21,0.999999999927282,0.999999999996263,"SASH1","OE",FALSE,"Activated",1.62305955895887e-12
"GZMB",3.66819720362066e-17,-1.70613661222413,8.30412655419165e-21,0.999999999927291,0.999999999996263,"SASH1","OE",FALSE,"Activated",1.62305955895887e-12
"PICSAR",3.6565204829589e-17,-1.70624342031118,8.25134278615795e-21,0.999999999927523,0.999999999996263,"SASH1","OE",FALSE,"Activated",1.62305955895887e-12
"DES",3.64816960588484e-17,-1.70631999122503,8.21369646921198e-21,0.999999999927688,0.999999999996263,"SASH1","OE",FALSE,"Activated",1.62305955895887e-12
"CCL1",3.64001685785014e-17,-1.70639489471328,8.17702636839791e-21,0.99999999992785,0.999999999996263,"SASH1","OE",FALSE,"Activated",1.62305955895887e-12
"TIE1",3.62979007028047e-17,-1.70648906294498,8.13114348311006e-21,0.999999999928052,0.999999999996263,"SASH1","OE",FALSE,"Activated",1.62305955895887e-12
"LINC01781",3.59030411360579e-17,-1.70685485917116,7.95519961496145e-21,0.999999999928835,0.999999999996263,"SASH1","OE",FALSE,"Activated",1.62305955895887e-12
"IGLC3",3.57847615198323e-17,-1.70696512346715,7.90287045250758e-21,0.99999999992907,0.999999999996263,"SASH1","OE",FALSE,"Activated",1.62305955895887e-12
"NMRK2",3.55625937468521e-17,-1.70717310754795,7.80504597227469e-21,0.99999999992951,0.999999999996263,"SASH1","OE",FALSE,"Activated",1.62305955895887e-12
"CLEC4E",3.55384387296387e-17,-1.70719578946697,7.79444680205534e-21,0.999999999929558,0.999999999996263,"SASH1","OE",FALSE,"Activated",1.62305955895887e-12
"AC108105.1",3.54973608811002e-17,-1.70723439341372,7.77643846664424e-21,0.999999999929639,0.999999999996263,"SASH1","OE",FALSE,"Activated",1.62305955895887e-12
"SPRR2G",3.52650359374078e-17,-1.70745347104453,7.67498030627776e-21,0.9999999999301,0.999999999996263,"SASH1","OE",FALSE,"Activated",1.62305955895887e-12
"AC092645.2",3.51376490730951e-17,-1.70757413507306,7.61963223670535e-21,0.999999999930352,0.999999999996263,"SASH1","OE",FALSE,"Activated",1.62305955895887e-12
"ANKRD1",3.51020644410112e-17,-1.7076079106594,7.60420692958235e-21,0.999999999930423,0.999999999996263,"SASH1","OE",FALSE,"Activated",1.62305955895887e-12
"LILRA6",3.49099444361488e-17,-1.7077907869916,7.52119629451845e-21,0.999999999930804,0.999999999996263,"SASH1","OE",FALSE,"Activated",1.62305955895887e-12
"AC016074.2",3.45669604170139e-17,-1.70811948670086,7.37413345196788e-21,0.999999999931483,0.999999999996263,"SASH1","OE",FALSE,"Activated",1.62305955895887e-12
"BANCR",3.43214336077821e-17,-1.70835655909178,7.26974953525876e-21,0.99999999993197,0.999999999996263,"SASH1","OE",FALSE,"Activated",1.62305955895887e-12
"IGHM",3.42228391283457e-17,-1.70845217967196,7.22804220610592e-21,0.999999999932165,0.999999999996263,"SASH1","OE",FALSE,"Activated",1.62305955895887e-12
"STC1",3.41351699400841e-17,-1.7085374087695,7.19105725924737e-21,0.999999999932339,0.999999999996263,"SASH1","OE",FALSE,"Activated",1.62305955895887e-12
"IGLON5",3.41244486311076e-17,-1.70854784491635,7.18654077731226e-21,0.99999999993236,0.999999999996263,"SASH1","OE",FALSE,"Activated",1.62305955895887e-12
"TNFSF8",3.41203326391715e-17,-1.70855185220053,7.18480724249118e-21,0.999999999932369,0.999999999996263,"SASH1","OE",FALSE,"Activated",1.62305955895887e-12
"LINC01198",3.39345201036807e-17,-1.70873320276617,7.10676626214255e-21,0.999999999932737,0.999999999996263,"SASH1","OE",FALSE,"Activated",1.62305955895887e-12
"MTUS2-AS1",3.38955821181873e-17,-1.70877131667259,7.09046637645025e-21,0.999999999932814,0.999999999996263,"SASH1","OE",FALSE,"Activated",1.62305955895887e-12
"PROK2",3.35542113796493e-17,-1.70910712598413,6.94836590318062e-21,0.999999999933491,0.999999999996263,"SASH1","OE",FALSE,"Activated",1.62305955895887e-12
"MYL4",3.3339785713674e-17,-1.7093196022328,6.85984363711265e-21,0.999999999933916,0.999999999996263,"SASH1","OE",FALSE,"Activated",1.62305955895887e-12
"TCF23",3.3327546451375e-17,-1.70933176654592,6.85480797099966e-21,0.99999999993394,0.999999999996263,"SASH1","OE",FALSE,"Activated",1.62305955895887e-12
"CLEC9A",3.31944646454552e-17,-1.70946428833048,6.80017275502112e-21,0.999999999934204,0.999999999996263,"SASH1","OE",FALSE,"Activated",1.62305955895887e-12
"TMEM182",3.29695596441277e-17,-1.70968931565854,6.70833745823803e-21,0.99999999993465,0.999999999996263,"SASH1","OE",FALSE,"Activated",1.62305955895887e-12
"MLIP",3.28153998625555e-17,-1.70984434256067,6.64575014531835e-21,0.999999999934955,0.999999999996263,"SASH1","OE",FALSE,"Activated",1.62305955895887e-12
"BCAS1",3.27253859425247e-17,-1.70993516003824,6.60934104666763e-21,0.999999999935134,0.999999999996263,"SASH1","OE",FALSE,"Activated",1.62305955895887e-12
"HS3ST6",3.2724207514325e-17,-1.70993635044648,6.60886505572582e-21,0.999999999935136,0.999999999996263,"SASH1","OE",FALSE,"Activated",1.62305955895887e-12
"NCR3",3.26220536890037e-17,-1.71003968674049,6.5676682079452e-21,0.999999999935339,0.999999999996263,"SASH1","OE",FALSE,"Activated",1.62305955895887e-12
"PLP1",3.24675988146076e-17,-1.71019647271212,6.50562386640884e-21,0.999999999935645,0.999999999996263,"SASH1","OE",FALSE,"Activated",1.62305955895887e-12
"RAPSN",3.24089810366489e-17,-1.71025614740073,6.4821542545917e-21,0.999999999935761,0.999999999996263,"SASH1","OE",FALSE,"Activated",1.62305955895887e-12
"AZGP1",3.23649766827133e-17,-1.71030100775738,6.46456349104691e-21,0.999999999935848,0.999999999996263,"SASH1","OE",FALSE,"Activated",1.62305955895887e-12
"PADI2",3.23411974816494e-17,-1.71032527191924,6.45506769037529e-21,0.999999999935895,0.999999999996263,"SASH1","OE",FALSE,"Activated",1.62305955895887e-12
"RBM20",3.22848363778154e-17,-1.71038284536805,6.43258876206549e-21,0.999999999936007,0.999999999996263,"SASH1","OE",FALSE,"Activated",1.62305955895887e-12
"MYLK3",3.22348118930444e-17,-1.71043402019212,6.41266995964663e-21,0.999999999936106,0.999999999996263,"SASH1","OE",FALSE,"Activated",1.62305955895887e-12
"CLEC10A",3.19836639851063e-17,-1.71069200673054,6.3131344218833e-21,0.999999999936604,0.999999999996263,"SASH1","OE",FALSE,"Activated",1.62305955895887e-12
"FABP4",3.17600400055096e-17,-1.71092322786776,6.22516246032116e-21,0.999999999937047,0.999999999996263,"SASH1","OE",FALSE,"Activated",1.62305955895887e-12
"TCAP",3.17497798554742e-17,-1.71093387099481,6.22114100543776e-21,0.999999999937067,0.999999999996263,"SASH1","OE",FALSE,"Activated",1.62305955895887e-12
"APOBEC2",3.15982846250776e-17,-1.71109137510448,6.16191384407409e-21,0.999999999937368,0.999999999996263,"SASH1","OE",FALSE,"Activated",1.62305955895887e-12
"AQP9",3.15390099988942e-17,-1.71115318209422,6.1388174914855e-21,0.999999999937485,0.999999999996263,"SASH1","OE",FALSE,"Activated",1.62305955895887e-12
"LINC02099",3.15258706178006e-17,-1.71116689669274,6.13370360486311e-21,0.999999999937511,0.999999999996263,"SASH1","OE",FALSE,"Activated",1.62305955895887e-12
"CYP2W1",3.15033419787731e-17,-1.71119042332863,6.12494034992263e-21,0.999999999937556,0.999999999996263,"SASH1","OE",FALSE,"Activated",1.62305955895887e-12
"GZMK",3.14969285649676e-17,-1.71119712356354,6.12244678726789e-21,0.999999999937569,0.999999999996263,"SASH1","OE",FALSE,"Activated",1.62305955895887e-12
"UBE2L5",3.14918070833188e-17,-1.7112024749525,6.12045589793282e-21,0.999999999937579,0.999999999996263,"SASH1","OE",FALSE,"Activated",1.62305955895887e-12
"CKM",3.1431330048281e-17,-1.71126572495852,6.09697095731685e-21,0.999999999937699,0.999999999996263,"SASH1","OE",FALSE,"Activated",1.62305955895887e-12
"APOC2",3.09333942388754e-17,-1.71179061105557,5.90532442082529e-21,0.999999999938686,0.999999999996263,"SASH1","OE",FALSE,"Activated",1.62305955895887e-12
"HSD17B2",3.06953539333141e-17,-1.71204417238857,5.81478818094023e-21,0.999999999939158,0.999999999996263,"SASH1","OE",FALSE,"Activated",1.62305955895887e-12
"IGLC1",3.05894335269311e-17,-1.71215755704514,5.77472725981273e-21,0.999999999939368,0.999999999996263,"SASH1","OE",FALSE,"Activated",1.62305955895887e-12
"IL22RA2",3.04923811835218e-17,-1.7122617530807,5.73814196443323e-21,0.99999999993956,0.999999999996263,"SASH1","OE",FALSE,"Activated",1.62305955895887e-12
"PIP5K1B",3.02104178650557e-17,-1.71256613859908,5.63251131774655e-21,0.999999999940119,0.999999999996263,"SASH1","OE",FALSE,"Activated",1.62305955895887e-12
"C10orf99",3.01098508501594e-17,-1.71267530923415,5.5950737664247e-21,0.999999999940318,0.999999999996263,"SASH1","OE",FALSE,"Activated",1.62305955895887e-12
"KLRK1",3.00894879925533e-17,-1.71269745329583,5.58750859011156e-21,0.999999999940358,0.999999999996263,"SASH1","OE",FALSE,"Activated",1.62305955895887e-12
"DIPK2B",2.99535038985663e-17,-1.71284567208704,5.53711920660728e-21,0.999999999940628,0.999999999996263,"SASH1","OE",FALSE,"Activated",1.62305955895887e-12
"LRRN1",2.99437183607352e-17,-1.71285636091764,5.53350194440017e-21,0.999999999940647,0.999999999996263,"SASH1","OE",FALSE,"Activated",1.62305955895887e-12
"LAIR2",2.98742809387935e-17,-1.71293229664294,5.50786808017546e-21,0.999999999940785,0.999999999996263,"SASH1","OE",FALSE,"Activated",1.62305955895887e-12
"CDH19",2.95525475117184e-17,-1.71328618385904,5.38987206356889e-21,0.999999999941423,0.999999999996263,"SASH1","OE",FALSE,"Activated",1.62305955895887e-12
"LRRC39",2.95011476065584e-17,-1.71334303509924,5.37113946599286e-21,0.999999999941525,0.999999999996263,"SASH1","OE",FALSE,"Activated",1.62305955895887e-12
"TRAV6",2.93992952698343e-17,-1.71345594814174,5.33411590687167e-21,0.999999999941727,0.999999999996263,"SASH1","OE",FALSE,"Activated",1.62305955895887e-12
"C1QTNF12",2.92949285087552e-17,-1.71357200708681,5.29631117366371e-21,0.999999999941933,0.999999999996263,"SASH1","OE",FALSE,"Activated",1.62305955895887e-12
"MYF6",2.90547309621125e-17,-1.71384050544918,5.20981527776255e-21,0.999999999942409,0.999999999996263,"SASH1","OE",FALSE,"Activated",1.62305955895887e-12
"ADORA3",2.90324732305459e-17,-1.71386548465064,5.20183624988324e-21,0.999999999942454,0.999999999996263,"SASH1","OE",FALSE,"Activated",1.62305955895887e-12
"CNTFR",2.87596951845349e-17,-1.71417299517967,5.1045465167248e-21,0.999999999942994,0.999999999996263,"SASH1","OE",FALSE,"Activated",1.62305955895887e-12
"CYP4F3",2.87137736093651e-17,-1.71422501665486,5.0882583279355e-21,0.999999999943085,0.999999999996263,"SASH1","OE",FALSE,"Activated",1.62305955895887e-12
"AC244502.1",2.86361607917625e-17,-1.71431310604129,5.06078856042593e-21,0.999999999943239,0.999999999996263,"SASH1","OE",FALSE,"Activated",1.62305955895887e-12
"AC011498.1",2.81534007097517e-17,-1.71486580755559,4.89159318984857e-21,0.999999999944196,0.999999999996263,"SASH1","OE",FALSE,"Activated",1.62305955895887e-12
"IGHV1-46",2.79204900817658e-17,-1.7151354568262,4.81099252835663e-21,0.999999999944658,0.999999999996263,"SASH1","OE",FALSE,"Activated",1.62305955895887e-12
"CRTAC1",2.7711457644636e-17,-1.71537915584078,4.73922523663617e-21,0.999999999945072,0.999999999996263,"SASH1","OE",FALSE,"Activated",1.62305955895887e-12
"PIP",2.76973366348234e-17,-1.71539567711494,4.73439650507373e-21,0.9999999999451,0.999999999996263,"SASH1","OE",FALSE,"Activated",1.62305955895887e-12
"PMP2",2.73808497806871e-17,-1.7157679226426,4.62681839375651e-21,0.999999999945727,0.999999999996263,"SASH1","OE",FALSE,"Activated",1.62305955895887e-12
"TCF15",2.73599539887853e-17,-1.71579263316727,4.61975914293984e-21,0.999999999945769,0.999999999996263,"SASH1","OE",FALSE,"Activated",1.62305955895887e-12
"MT1H",2.69662849184099e-17,-1.7162613086955,4.48777263393269e-21,0.999999999946549,0.999999999996263,"SASH1","OE",FALSE,"Activated",1.62305955895887e-12
"MYF5",2.6936516378456e-17,-1.71629699397874,4.477869846005e-21,0.999999999946608,0.999999999996263,"SASH1","OE",FALSE,"Activated",1.62305955895887e-12
"AC144521.1",2.68844438979534e-17,-1.71635950000697,4.46057374086996e-21,0.999999999946711,0.999999999996263,"SASH1","OE",FALSE,"Activated",1.62305955895887e-12
"SLC27A2",2.68682515597488e-17,-1.71637895849947,4.45520220572538e-21,0.999999999946743,0.999999999996263,"SASH1","OE",FALSE,"Activated",1.62305955895887e-12
"PCDH17",2.66539351799071e-17,-1.71663748367865,4.38441124245476e-21,0.999999999947168,0.999999999996263,"SASH1","OE",FALSE,"Activated",1.62305955895887e-12
"FGF19",2.64707294666899e-17,-1.71685993819178,4.32434591864271e-21,0.999999999947531,0.999999999996263,"SASH1","OE",FALSE,"Activated",1.62305955895887e-12
"PHF24",2.64234948759157e-17,-1.71691751213566,4.30892688989128e-21,0.999999999947625,0.999999999996263,"SASH1","OE",FALSE,"Activated",1.62305955895887e-12
"PURPL",2.62877914990696e-17,-1.71708342653962,4.26478175197278e-21,0.999999999947894,0.999999999996263,"SASH1","OE",FALSE,"Activated",1.62305955895887e-12
"C6orf223",2.62743185271417e-17,-1.71709994012949,4.26041131557763e-21,0.999999999947921,0.999999999996263,"SASH1","OE",FALSE,"Activated",1.62305955895887e-12
"BPIFB2",2.61233874675849e-17,-1.71728544593885,4.21160460901227e-21,0.99999999994822,0.999999999996263,"SASH1","OE",FALSE,"Activated",1.62305955895887e-12
"AC073263.2",2.57692618718274e-17,-1.71772443164955,4.09819449938628e-21,0.999999999948922,0.999999999996263,"SASH1","OE",FALSE,"Activated",1.62305955895887e-12
"LINC01936",2.57044149353074e-17,-1.71780539377963,4.07759468706227e-21,0.99999999994905,0.999999999996263,"SASH1","OE",FALSE,"Activated",1.62305955895887e-12
"FABP7",2.55217415552531e-17,-1.71803443582432,4.01984420086666e-21,0.999999999949412,0.999999999996263,"SASH1","OE",FALSE,"Activated",1.62305955895887e-12
"FDCSP",2.53226697670961e-17,-1.71828569088318,3.95737850977234e-21,0.999999999949807,0.999999999996263,"SASH1","OE",FALSE,"Activated",1.62305955895887e-12
"C4orf19",2.51009063725294e-17,-1.71856764514488,3.8883684962498e-21,0.999999999950246,0.999999999996263,"SASH1","OE",FALSE,"Activated",1.62305955895887e-12
"ABCB5",2.50670369382002e-17,-1.71861090062091,3.87788218247653e-21,0.999999999950314,0.999999999996263,"SASH1","OE",FALSE,"Activated",1.62305955895887e-12
"KLRF1",2.48970691542181e-17,-1.71882875205426,3.8254722811211e-21,0.99999999995065,0.999999999996263,"SASH1","OE",FALSE,"Activated",1.62305955895887e-12
"PAEP",2.48908493887241e-17,-1.71883674891204,3.8235611671419e-21,0.999999999950663,0.999999999996263,"SASH1","OE",FALSE,"Activated",1.62305955895887e-12
"HPGDS",2.48601329861989e-17,-1.71887626737047,3.81413010472489e-21,0.999999999950724,0.999999999996263,"SASH1","OE",FALSE,"Activated",1.62305955895887e-12
"LCE3A",2.47665540058894e-17,-1.71899692822345,3.78546970784385e-21,0.999999999950909,0.999999999996263,"SASH1","OE",FALSE,"Activated",1.62305955895887e-12
"CRCT1",2.44856365822777e-17,-1.71936157417401,3.70008249529411e-21,0.999999999951466,0.999999999996263,"SASH1","OE",FALSE,"Activated",1.62305955895887e-12
"MROH2A",2.44068499995204e-17,-1.71946450579027,3.67630954963976e-21,0.999999999951622,0.999999999996263,"SASH1","OE",FALSE,"Activated",1.62305955895887e-12
"ATOH8",2.43185770215116e-17,-1.71958017966435,3.64976520297749e-21,0.999999999951797,0.999999999996263,"SASH1","OE",FALSE,"Activated",1.62305955895887e-12
"PLIN5",2.4228798211442e-17,-1.71969820723491,3.62286669397699e-21,0.999999999951975,0.999999999996263,"SASH1","OE",FALSE,"Activated",1.62305955895887e-12
"HBA1",2.4197782462351e-17,-1.71973907168765,3.61359722856616e-21,0.999999999952037,0.999999999996263,"SASH1","OE",FALSE,"Activated",1.62305955895887e-12
"AF121898.1",2.40942119684914e-17,-1.71987586531355,3.58272984651988e-21,0.999999999952242,0.999999999996263,"SASH1","OE",FALSE,"Activated",1.62305955895887e-12
"LINC02392",2.38645033609678e-17,-1.7201811195045,3.51474166604963e-21,0.999999999952697,0.999999999996263,"SASH1","OE",FALSE,"Activated",1.62305955895887e-12
"CTSG",2.37620803805046e-17,-1.7203180629316,3.48463688670451e-21,0.9999999999529,0.999999999996263,"SASH1","OE",FALSE,"Activated",1.62305955895887e-12
"ACTA1",2.37614795094909e-17,-1.72031886785372,3.48446065711586e-21,0.999999999952901,0.999999999996263,"SASH1","OE",FALSE,"Activated",1.62305955895887e-12
"LTF",2.36226069794815e-17,-1.72050538367062,3.44385023831485e-21,0.999999999953177,0.999999999996263,"SASH1","OE",FALSE,"Activated",1.62305955895887e-12
"ADRA2B",2.35796852014813e-17,-1.72056322633972,3.43134680157829e-21,0.999999999953262,0.999999999996263,"SASH1","OE",FALSE,"Activated",1.62305955895887e-12
"HPGD",2.32999320951197e-17,-1.72094252112396,3.35040971200117e-21,0.999999999953816,0.999999999996263,"SASH1","OE",FALSE,"Activated",1.62305955895887e-12
"COLEC10",2.28035082440171e-17,-1.72162558060544,3.20916422439686e-21,0.9999999999548,0.999999999996263,"SASH1","OE",FALSE,"Activated",1.62305955895887e-12
"GAPT",2.27945848829251e-17,-1.72163797832166,3.20665312584875e-21,0.999999999954818,0.999999999996263,"SASH1","OE",FALSE,"Activated",1.62305955895887e-12
"CASC19",2.26829905874243e-17,-1.72179338495535,3.17533268211463e-21,0.999999999955039,0.999999999996263,"SASH1","OE",FALSE,"Activated",1.62305955895887e-12
"PLA2G2D",2.24754462871825e-17,-1.72208421370293,3.1174913455403e-21,0.99999999995545,0.999999999996263,"SASH1","OE",FALSE,"Activated",1.62305955895887e-12
"LINC01170",2.2468941652502e-17,-1.72209336676904,3.11568713594129e-21,0.999999999955463,0.999999999996263,"SASH1","OE",FALSE,"Activated",1.62305955895887e-12
"PPP1R9A",2.2456726229263e-17,-1.72211056214881,3.11230031942161e-21,0.999999999955488,0.999999999996263,"SASH1","OE",FALSE,"Activated",1.62305955895887e-12
"SOX10",2.22808731092186e-17,-1.72235902521999,3.06374784567321e-21,0.999999999955836,0.999999999996263,"SASH1","OE",FALSE,"Activated",1.62305955895887e-12
"SGCG",2.19790469486376e-17,-1.72278953573027,2.98130440415295e-21,0.999999999956434,0.999999999996263,"SASH1","OE",FALSE,"Activated",1.62305955895887e-12
"PCDH20",2.18045895693612e-17,-1.72304075695399,2.93416438201481e-21,0.99999999995678,0.999999999996263,"SASH1","OE",FALSE,"Activated",1.62305955895887e-12
"NEFH",2.17722513079207e-17,-1.72308751916478,2.92546755125633e-21,0.999999999956844,0.999999999996263,"SASH1","OE",FALSE,"Activated",1.62305955895887e-12
"KIR3DL2",2.13364081524691e-17,-1.72372381329552,2.8095141863076e-21,0.999999999957708,0.999999999996263,"SASH1","OE",FALSE,"Activated",1.62305955895887e-12
"Z99289.1",2.12753726184353e-17,-1.72381383319664,2.7934632252504e-21,0.999999999957829,0.999999999996263,"SASH1","OE",FALSE,"Activated",1.62305955895887e-12
"SPNS2",2.12199299795152e-17,-1.72389580188358,2.7789229232226e-21,0.999999999957939,0.999999999996263,"SASH1","OE",FALSE,"Activated",1.62305955895887e-12
"LOR",2.12114304460382e-17,-1.72390838463735,2.77669720258217e-21,0.999999999957956,0.999999999996263,"SASH1","OE",FALSE,"Activated",1.62305955895887e-12
"PAX7",2.12070387242221e-17,-1.72391488790766,2.77554751875405e-21,0.999999999957965,0.999999999996263,"SASH1","OE",FALSE,"Activated",1.62305955895887e-12
"S100P",2.0975382332128e-17,-1.72425962032449,2.7152409806027e-21,0.999999999958424,0.999999999996263,"SASH1","OE",FALSE,"Activated",1.62305955895887e-12
"TIMD4",2.09100929583274e-17,-1.72435738515906,2.69836400745463e-21,0.999999999958553,0.999999999996263,"SASH1","OE",FALSE,"Activated",1.62305955895887e-12
"LINC02757",2.08507435928389e-17,-1.72444648923695,2.68306814821594e-21,0.999999999958671,0.999999999996263,"SASH1","OE",FALSE,"Activated",1.62305955895887e-12
"ADAMDEC1",2.0845428892313e-17,-1.72445447936176,2.68170053403102e-21,0.999999999958681,0.999999999996263,"SASH1","OE",FALSE,"Activated",1.62305955895887e-12
"ZNF385C",2.08425941513776e-17,-1.72445874184812,2.6809712221582e-21,0.999999999958687,0.999999999996263,"SASH1","OE",FALSE,"Activated",1.62305955895887e-12
"CFHR1",2.03761535099807e-17,-1.72516717222177,2.56231793217371e-21,0.999999999959612,0.999999999996263,"SASH1","OE",FALSE,"Activated",1.62305955895887e-12
"IL13",2.03062393584909e-17,-1.72527458779809,2.54476457503876e-21,0.99999999995975,0.999999999996263,"SASH1","OE",FALSE,"Activated",1.62305955895887e-12
"MUC5B",2.02285372390578e-17,-1.72539435209113,2.5253266789115e-21,0.999999999959904,0.999999999996263,"SASH1","OE",FALSE,"Activated",1.62305955895887e-12
"TMEM132D-AS1",1.98238597917836e-17,-1.72602472923367,2.42529763388841e-21,0.999999999960706,0.999999999996263,"SASH1","OE",FALSE,"Activated",1.62305955895887e-12
"HES6",1.97591352591862e-17,-1.72612660327814,2.40948638470331e-21,0.999999999960835,0.999999999996263,"SASH1","OE",FALSE,"Activated",1.62305955895887e-12
"UNC45B",1.9446584144586e-17,-1.72662272807693,2.33386248174638e-21,0.999999999961454,0.999999999996263,"SASH1","OE",FALSE,"Activated",1.62305955895887e-12
"IL21",1.93140882712126e-17,-1.7268351691495,2.30216810156858e-21,0.999999999961717,0.999999999996263,"SASH1","OE",FALSE,"Activated",1.62305955895887e-12
"NR5A2",1.92616556750647e-17,-1.72691959354802,2.28968552379915e-21,0.999999999961821,0.999999999996263,"SASH1","OE",FALSE,"Activated",1.62305955895887e-12
"TIMP4",1.91590093123749e-17,-1.72708545811016,2.26534684214454e-21,0.999999999962024,0.999999999996263,"SASH1","OE",FALSE,"Activated",1.62305955895887e-12
"GATA2",1.91500776347695e-17,-1.72709992769643,2.26323518479643e-21,0.999999999962042,0.999999999996263,"SASH1","OE",FALSE,"Activated",1.62305955895887e-12
"FOXD3",1.90356100612485e-17,-1.72728589744517,2.23625954826325e-21,0.999999999962269,0.999999999996263,"SASH1","OE",FALSE,"Activated",1.62305955895887e-12
"S100A7",1.88050960200226e-17,-1.72766341436974,2.18242696457059e-21,0.999999999962726,0.999999999996263,"SASH1","OE",FALSE,"Activated",1.62305955895887e-12
"EGLN3",1.87085201935309e-17,-1.72782279251678,2.16006829422619e-21,0.999999999962917,0.999999999996263,"SASH1","OE",FALSE,"Activated",1.62305955895887e-12
"ST8SIA6",1.8699354005864e-17,-1.7278379570622,2.15795217378738e-21,0.999999999962935,0.999999999996263,"SASH1","OE",FALSE,"Activated",1.62305955895887e-12
"CD40LG",1.84636878607231e-17,-1.72823011192195,2.1039020042084e-21,0.999999999963402,0.999999999996263,"SASH1","OE",FALSE,"Activated",1.62305955895887e-12
"MUSK",1.84448581533278e-17,-1.7282616351723,2.09961297388799e-21,0.99999999996344,0.999999999996263,"SASH1","OE",FALSE,"Activated",1.62305955895887e-12
"GATM",1.81836054589414e-17,-1.72870195855612,2.04055642165737e-21,0.999999999963957,0.999999999996263,"SASH1","OE",FALSE,"Activated",1.62305955895887e-12
"ZNF536",1.80747617440078e-17,-1.72888705531042,2.01620074457281e-21,0.999999999964173,0.999999999996263,"SASH1","OE",FALSE,"Activated",1.62305955895887e-12
"FCN1",1.80402349718092e-17,-1.72894597600741,2.00850532741409e-21,0.999999999964242,0.999999999996263,"SASH1","OE",FALSE,"Activated",1.62305955895887e-12
"PLAC4",1.79116258263208e-17,-1.72916632909383,1.97997006738279e-21,0.999999999964497,0.999999999996263,"SASH1","OE",FALSE,"Activated",1.62305955895887e-12
"AC020909.2",1.7816299088228e-17,-1.72933055981243,1.95895111173484e-21,0.999999999964686,0.999999999996263,"SASH1","OE",FALSE,"Activated",1.62305955895887e-12
"AL356515.1",1.73806329303493e-17,-1.73009114156306,1.8643171017132e-21,0.999999999965549,0.999999999996263,"SASH1","OE",FALSE,"Activated",1.62305955895887e-12
"KLRB1",1.73068419802411e-17,-1.73022162683631,1.84852047349901e-21,0.999999999965695,0.999999999996263,"SASH1","OE",FALSE,"Activated",1.62305955895887e-12
"PCSK2",1.72912995999816e-17,-1.73024917312157,1.84520184292479e-21,0.999999999965726,0.999999999996263,"SASH1","OE",FALSE,"Activated",1.62305955895887e-12
"SMIM22",1.70341939030684e-17,-1.7307080477602,1.79073689434942e-21,0.999999999966236,0.999999999996263,"SASH1","OE",FALSE,"Activated",1.62305955895887e-12
"SCYGR4",1.6700438977306e-17,-1.73131292209154,1.72125169936524e-21,0.999999999966897,0.999999999996263,"SASH1","OE",FALSE,"Activated",1.62305955895887e-12
"SLC27A6",1.66412295803189e-17,-1.73142134082382,1.70906835341602e-21,0.999999999967015,0.999999999996263,"SASH1","OE",FALSE,"Activated",1.62305955895887e-12
"SORCS1",1.63236153337645e-17,-1.73200879995917,1.64445242041072e-21,0.999999999967644,0.999999999996263,"SASH1","OE",FALSE,"Activated",1.62305955895887e-12
"TMIGD3",1.62949417333044e-17,-1.73206232948853,1.63868029732956e-21,0.999999999967701,0.999999999996263,"SASH1","OE",FALSE,"Activated",1.62305955895887e-12
"JSRP1",1.6148004841571e-17,-1.73233795026193,1.60926049514301e-21,0.999999999967992,0.999999999996263,"SASH1","OE",FALSE,"Activated",1.62305955895887e-12
"SMPD3",1.60402657676697e-17,-1.73254145362425,1.58785824231148e-21,0.999999999968206,0.999999999996263,"SASH1","OE",FALSE,"Activated",1.62305955895887e-12
"MRLN",1.58510856767851e-17,-1.73290172187425,1.55062447661142e-21,0.999999999968581,0.999999999996263,"SASH1","OE",FALSE,"Activated",1.62305955895887e-12
"GRIK3",1.55033191361453e-17,-1.73357400502007,1.48333069030627e-21,0.99999999996927,0.999999999996263,"SASH1","OE",FALSE,"Activated",1.62305955895887e-12
"IGHV4-39",1.54876446782154e-17,-1.73360461814054,1.4803327966596e-21,0.999999999969301,0.999999999996263,"SASH1","OE",FALSE,"Activated",1.62305955895887e-12
"IL1RAPL1",1.5429169428183e-17,-1.73371906530071,1.46917559120667e-21,0.999999999969417,0.999999999996263,"SASH1","OE",FALSE,"Activated",1.62305955895887e-12
"AC005614.1",1.52229317128463e-17,-1.73412578893104,1.43016190853818e-21,0.999999999969826,0.999999999996263,"SASH1","OE",FALSE,"Activated",1.62305955895887e-12
"AL449363.2",1.52035577523078e-17,-1.73416424578647,1.42652394060658e-21,0.999999999969864,0.999999999996263,"SASH1","OE",FALSE,"Activated",1.62305955895887e-12
"MIR133A1HG",1.51706345518482e-17,-1.7342296967975,1.42035237439378e-21,0.99999999996993,0.999999999996263,"SASH1","OE",FALSE,"Activated",1.62305955895887e-12
"CD300A",1.49400832169742e-17,-1.73469157298328,1.37750962262795e-21,0.999999999970387,0.999999999996263,"SASH1","OE",FALSE,"Activated",1.62305955895887e-12
"KRT34",1.47192118265685e-17,-1.73513999033503,1.33708100445434e-21,0.999999999970824,0.999999999996263,"SASH1","OE",FALSE,"Activated",1.62305955895887e-12
"AC019129.2",1.46700364322466e-17,-1.73524063427047,1.32816182428568e-21,0.999999999970922,0.999999999996263,"SASH1","OE",FALSE,"Activated",1.62305955895887e-12
"LINC01647",1.44830794672739e-17,-1.73562600230172,1.29452498062946e-21,0.999999999971293,0.999999999996263,"SASH1","OE",FALSE,"Activated",1.62305955895887e-12
"AL353151.2",1.43327564668417e-17,-1.73593905295595,1.26779213031209e-21,0.99999999997159,0.999999999996263,"SASH1","OE",FALSE,"Activated",1.62305955895887e-12
"ACSBG1",1.4019718798408e-17,-1.73660036406436,1.2130179119668e-21,0.999999999972211,0.999999999996263,"SASH1","OE",FALSE,"Activated",1.62305955895887e-12
"BEX1",1.39978404957447e-17,-1.73664706863493,1.20923494513064e-21,0.999999999972254,0.999999999996263,"SASH1","OE",FALSE,"Activated",1.62305955895887e-12
"GPAT3",1.39458784048755e-17,-1.73675825292786,1.20027388420281e-21,0.999999999972357,0.999999999996263,"SASH1","OE",FALSE,"Activated",1.62305955895887e-12
"RBP4",1.39245222198143e-17,-1.73680405513133,1.1966005918442e-21,0.9999999999724,0.999999999996263,"SASH1","OE",FALSE,"Activated",1.62305955895887e-12
"KBTBD12",1.37309336910369e-17,-1.73722209082117,1.16355990628094e-21,0.999999999972783,0.999999999996263,"SASH1","OE",FALSE,"Activated",1.62305955895887e-12
"FAM155B",1.33457317310422e-17,-1.73806959395146,1.09919157134479e-21,0.999999999973547,0.999999999996263,"SASH1","OE",FALSE,"Activated",1.62305955895887e-12
"TRBV28",1.33437513507838e-17,-1.73807400653848,1.09886537630021e-21,0.999999999973551,0.999999999996263,"SASH1","OE",FALSE,"Activated",1.62305955895887e-12
"ANK3",1.33272161350429e-17,-1.73811087206138,1.09614369515994e-21,0.999999999973584,0.999999999996263,"SASH1","OE",FALSE,"Activated",1.62305955895887e-12
"FA2H",1.32392296111046e-17,-1.738307720444,1.08171795105971e-21,0.999999999973758,0.999999999996263,"SASH1","OE",FALSE,"Activated",1.62305955895887e-12
"AC073210.3",1.29461190497313e-17,-1.7389719141934,1.03435067217644e-21,0.999999999974339,0.999999999996263,"SASH1","OE",FALSE,"Activated",1.62305955895887e-12
"KPNA7",1.27477241544587e-17,-1.7394290478351,1.00289143618466e-21,0.999999999974732,0.999999999996263,"SASH1","OE",FALSE,"Activated",1.62305955895887e-12
"ULBP1",1.24998173066411e-17,-1.74000916635811,9.64263969594127e-22,0.999999999975224,0.999999999996263,"SASH1","OE",FALSE,"Activated",1.62305955895887e-12
"AC010624.5",1.24127207247815e-17,-1.74021538841237,9.5087313350017e-22,0.999999999975396,0.999999999996263,"SASH1","OE",FALSE,"Activated",1.62305955895887e-12
"ANGPTL7",1.23780777791785e-17,-1.74029776878334,9.45572913023199e-22,0.999999999975465,0.999999999996263,"SASH1","OE",FALSE,"Activated",1.62305955895887e-12
"ROPN1B",1.23595037308566e-17,-1.74034202134094,9.42737264381125e-22,0.999999999975502,0.999999999996263,"SASH1","OE",FALSE,"Activated",1.62305955895887e-12
"ADH7",1.23587465849385e-17,-1.74034382648029,9.42621763334538e-22,0.999999999975503,0.999999999996263,"SASH1","OE",FALSE,"Activated",1.62305955895887e-12
"TRGC2",1.20891449082695e-17,-1.74099287997366,9.01944417630071e-22,0.999999999976038,0.999999999996263,"SASH1","OE",FALSE,"Activated",1.62305955895887e-12
"SBK1",1.20058361254088e-17,-1.74119602418215,8.89556281001949e-22,0.999999999976203,0.999999999996263,"SASH1","OE",FALSE,"Activated",1.62305955895887e-12
"RHOV",1.19687111359711e-17,-1.7412869522526,8.84063334596195e-22,0.999999999976276,0.999999999996263,"SASH1","OE",FALSE,"Activated",1.62305955895887e-12
"GABRB3",1.18189626346568e-17,-1.74165626612145,8.62079519288145e-22,0.999999999976573,0.999999999996263,"SASH1","OE",FALSE,"Activated",1.62305955895887e-12
"MYBPC1",1.16128484275919e-17,-1.74217139808309,8.32273608790023e-22,0.999999999976982,0.999999999996263,"SASH1","OE",FALSE,"Activated",1.62305955895887e-12
"TBC1D30",1.11287887026464e-17,-1.74341363699198,7.64336152264985e-22,0.999999999977941,0.999999999996263,"SASH1","OE",FALSE,"Activated",1.62305955895887e-12
"GPR78",1.10236998889815e-17,-1.743689608145,7.49969101735625e-22,0.99999999997815,0.999999999996263,"SASH1","OE",FALSE,"Activated",1.62305955895887e-12
"AL606500.1",1.05512848001546e-17,-1.74495960554955,6.87067331939826e-22,0.999999999979086,0.999999999996263,"SASH1","OE",FALSE,"Activated",1.62305955895887e-12
"SOX17",1.04233008174753e-17,-1.74531229370955,6.70500570502583e-22,0.99999999997934,0.999999999996263,"SASH1","OE",FALSE,"Activated",1.62305955895887e-12
"SOHLH2",1.0422605710055e-17,-1.74531421963571,6.70411145014544e-22,0.999999999979341,0.999999999996263,"SASH1","OE",FALSE,"Activated",1.62305955895887e-12
"FITM1",1.03244520284247e-17,-1.74558731695244,6.57843563292581e-22,0.999999999979535,0.999999999996263,"SASH1","OE",FALSE,"Activated",1.62305955895887e-12
"CASP14",1.03185738720119e-17,-1.74560374457007,6.57094699033068e-22,0.999999999979547,0.999999999996263,"SASH1","OE",FALSE,"Activated",1.62305955895887e-12
"AL354743.1",1.02453343892805e-17,-1.74580912116264,6.47799910054442e-22,0.999999999979692,0.999999999996263,"SASH1","OE",FALSE,"Activated",1.62305955895887e-12
"IGFL3",1.00885474424327e-17,-1.74625316874488,6.28124725865404e-22,0.999999999980003,0.999999999996263,"SASH1","OE",FALSE,"Activated",1.62305955895887e-12
"ELAVL3",1.00613166181491e-17,-1.74633091067084,6.24738456384174e-22,0.999999999980057,0.999999999996263,"SASH1","OE",FALSE,"Activated",1.62305955895887e-12
"TNFSF18",9.77295123282766e-18,-1.74716576161945,5.89440634310042e-22,0.999999999980629,0.999999999996263,"SASH1","OE",FALSE,"Activated",1.62305955895887e-12
"NPHS1",9.55660086364079e-18,-1.74780650663688,5.63631820795212e-22,0.999999999981057,0.999999999996263,"SASH1","OE",FALSE,"Activated",1.62305955895887e-12
"TRGV10",9.27047262025923e-18,-1.74867384558125,5.3038637548207e-22,0.999999999981625,0.999999999996263,"SASH1","OE",FALSE,"Activated",1.62305955895887e-12
"PTGER1",8.98588468937613e-18,-1.74956025762432,4.98322263733735e-22,0.999999999982189,0.999999999996263,"SASH1","OE",FALSE,"Activated",1.62305955895887e-12
"CCL17",8.97998262274607e-18,-1.74957890154441,4.97667867329723e-22,0.9999999999822,0.999999999996263,"SASH1","OE",FALSE,"Activated",1.62305955895887e-12
"NHLH2",8.97308646425525e-18,-1.74960069937604,4.96903794873053e-22,0.999999999982214,0.999999999996263,"SASH1","OE",FALSE,"Activated",1.62305955895887e-12
"AL158839.1",8.89791325832814e-18,-1.74983927499304,4.88612916799439e-22,0.999999999982363,0.999999999996263,"SASH1","OE",FALSE,"Activated",1.62305955895887e-12
"GALR1",8.73451108051268e-18,-1.75036405393588,4.7083182280649e-22,0.999999999982687,0.999999999996263,"SASH1","OE",FALSE,"Activated",1.62305955895887e-12
"LINC00324",8.72789058477892e-18,-1.75038549813239,4.70118340690216e-22,0.9999999999827,0.999999999996263,"SASH1","OE",FALSE,"Activated",1.62305955895887e-12
"DCT",8.20056557137122e-18,-1.75214143072248,4.1502687412483e-22,0.999999999983745,0.999999999996263,"SASH1","OE",FALSE,"Activated",1.62305955895887e-12
"PSG5",8.14987742768992e-18,-1.75231542144093,4.09912122855172e-22,0.999999999983846,0.999999999996263,"SASH1","OE",FALSE,"Activated",1.62305955895887e-12
"FCRLA",8.0890390521304e-18,-1.75252551813,4.03815023587598e-22,0.999999999983966,0.999999999996263,"SASH1","OE",FALSE,"Activated",1.62305955895887e-12
"CD27",8.07517695657246e-18,-1.75257358377474,4.02432182923446e-22,0.999999999983994,0.999999999996263,"SASH1","OE",FALSE,"Activated",1.62305955895887e-12
"GPR171",8.01639686922707e-18,-1.75277821066074,3.96594811100961e-22,0.99999999998411,0.999999999996263,"SASH1","OE",FALSE,"Activated",1.62305955895887e-12
"FOXD3-AS1",7.89603851248228e-18,-1.7532013677117,3.84775245620534e-22,0.999999999984349,0.999999999996263,"SASH1","OE",FALSE,"Activated",1.62305955895887e-12
"AL355607.2",7.82397228713596e-18,-1.75345746940997,3.77783699551301e-22,0.999999999984492,0.999999999996263,"SASH1","OE",FALSE,"Activated",1.62305955895887e-12
"ODAPH",7.65146972447868e-18,-1.75407904515044,3.6130863132611e-22,0.999999999984834,0.999999999996263,"SASH1","OE",FALSE,"Activated",1.62305955895887e-12
"MGAT4C",7.51693758960034e-18,-1.75457243947611,3.48714894182937e-22,0.9999999999851,0.999999999996263,"SASH1","OE",FALSE,"Activated",1.62305955895887e-12
"ACOD1",7.46125101433675e-18,-1.75477895093534,3.43567369798e-22,0.999999999985211,0.999999999996263,"SASH1","OE",FALSE,"Activated",1.62305955895887e-12
"UNC5B-AS1",7.42431815587054e-18,-1.7549166659536,3.40174501708557e-22,0.999999999985284,0.999999999996263,"SASH1","OE",FALSE,"Activated",1.62305955895887e-12
"AL590550.1",7.32950740015562e-18,-1.75527298167293,3.31541717984705e-22,0.999999999985472,0.999999999996263,"SASH1","OE",FALSE,"Activated",1.62305955895887e-12
"AC106798.1",7.17761082760038e-18,-1.75585239971496,3.17942381076411e-22,0.999999999985773,0.999999999996263,"SASH1","OE",FALSE,"Activated",1.62305955895887e-12
"STRIT1",6.9820673726153e-18,-1.75661444593335,3.00854615553276e-22,0.99999999998616,0.999999999996263,"SASH1","OE",FALSE,"Activated",1.62305955895887e-12
"AL160272.1",6.82702432187212e-18,-1.75723215607792,2.8764147584633e-22,0.999999999986468,0.999999999996263,"SASH1","OE",FALSE,"Activated",1.62305955895887e-12
"HTR2A",6.82078126704591e-18,-1.75725728732687,2.8711564194228e-22,0.99999999998648,0.999999999996263,"SASH1","OE",FALSE,"Activated",1.62305955895887e-12
"LUZP2",6.69283155962529e-18,-1.75777686613979,2.76444783040965e-22,0.999999999986734,0.999999999996263,"SASH1","OE",FALSE,"Activated",1.62305955895887e-12
"LINC00370",6.20320073957535e-18,-1.7598496744068,2.37476302929971e-22,0.999999999987704,0.999999999996263,"SASH1","OE",FALSE,"Activated",1.62305955895887e-12
"DEFB1",6.13311815128375e-18,-1.76015808227629,2.32140689852303e-22,0.999999999987843,0.999999999996263,"SASH1","OE",FALSE,"Activated",1.62305955895887e-12
"AC083967.1",6.0781152264857e-18,-1.76040231447594,2.27995600243904e-22,0.999999999987952,0.999999999996263,"SASH1","OE",FALSE,"Activated",1.62305955895887e-12
"MAL",5.847900773377e-18,-1.76144617822784,2.11051575322326e-22,0.999999999988409,0.999999999996263,"SASH1","OE",FALSE,"Activated",1.62305955895887e-12
"MEOX1",5.81161925687713e-18,-1.7616139846107,2.08440888887493e-22,0.99999999998848,0.999999999996263,"SASH1","OE",FALSE,"Activated",1.62305955895887e-12
"DNAAF1",5.51984254737676e-18,-1.76299813367406,1.88036425882009e-22,0.999999999989059,0.999999999996263,"SASH1","OE",FALSE,"Activated",1.62305955895887e-12
"SMTNL2",5.44907118311514e-18,-1.76334357107509,1.83245606513623e-22,0.999999999989199,0.999999999996263,"SASH1","OE",FALSE,"Activated",1.62305955895887e-12
"MYCT1",5.32962514366109e-18,-1.76393566866257,1.75300008323919e-22,0.999999999989436,0.999999999996263,"SASH1","OE",FALSE,"Activated",1.62305955895887e-12
"STATH",4.65850767879204e-18,-1.76749790756947,1.33931347896517e-22,0.999999999990766,0.999999999996263,"SASH1","OE",FALSE,"Activated",1.62305955895887e-12
"EPHA7",4.55046541896667e-18,-1.76811322333751,1.27790993015115e-22,0.99999999999098,0.999999999996263,"SASH1","OE",FALSE,"Activated",1.62305955895887e-12
"NRIP2",4.33833503737448e-18,-1.76935977980705,1.16154164395417e-22,0.999999999991401,0.999999999996263,"SASH1","OE",FALSE,"Activated",1.62305955895887e-12
"AL132986.1",4.29784685054026e-18,-1.76960379338636,1.13996227615895e-22,0.999999999991481,0.999999999996263,"SASH1","OE",FALSE,"Activated",1.62305955895887e-12
"IGLV3-19",3.54451352945558e-18,-1.77455957062403,7.75357308787558e-23,0.999999999992974,0.999999999996263,"SASH1","OE",FALSE,"Activated",1.62305955895887e-12
"EDN2",3.23123907870048e-18,-1.77689939809155,6.44357359833427e-23,0.999999999993595,0.999999999996263,"SASH1","OE",FALSE,"Activated",1.62305955895887e-12
"RBFOX1",3.13814422383135e-18,-1.77763330448163,6.07763209109354e-23,0.99999999999378,0.999999999996263,"SASH1","OE",FALSE,"Activated",1.62305955895887e-12
"ENTPD3",2.6630267876038e-18,-1.78170791987368,4.37662844246404e-23,0.999999999994722,0.999999999996263,"SASH1","OE",FALSE,"Activated",1.62305955895887e-12
"SLC8A3",1.88544389908254e-18,-1.79002460144075,2.19389499549166e-23,0.999999999996263,0.999999999996263,"SASH1","OE",FALSE,"Activated",1.62305955895887e-12
