"gene","distance","Z","FC","p.value","p.adj","target_gene","perturbation","significant","direction","minus_log10_fdr"
"PERP",2.56202111257236e-05,2.66496275221352,1.31877541497025,0.250811943695299,0.999999999999662,"EMP1","KO",FALSE,"Activated",1.46577774916124e-13
"KRT6A",1.95738218526242e-05,2.49516254221737,0.769762405032012,0.380290564262265,0.999999999999662,"EMP1","KO",FALSE,"Activated",1.46577774916124e-13
"KRT5",1.88615835955771e-05,2.47221613437816,0.714762467267439,0.397867307404039,0.999999999999662,"EMP1","KO",FALSE,"Activated",1.46577774916124e-13
"KRT17",1.83395116939508e-05,2.45490813700848,0.675742088546252,0.411056787917942,0.999999999999662,"EMP1","KO",FALSE,"Activated",1.46577774916124e-13
"KRT14",1.79904627410342e-05,2.44309339417026,0.650264585302778,0.42001809929515,0.999999999999662,"EMP1","KO",FALSE,"Activated",1.46577774916124e-13
"DCN",1.56635144979221e-05,2.35874904287562,0.49292842253155,0.482623902282213,0.999999999999662,"EMP1","KO",FALSE,"Activated",1.46577774916124e-13
"LUM",1.44391789094704e-05,2.30984866718376,0.418880775510099,0.517496044451974,0.999999999999662,"EMP1","KO",FALSE,"Activated",1.46577774916124e-13
"PDGFRA",1.15277425009039e-05,2.17705540156979,0.266989368185732,0.60535851696238,0.999999999999662,"EMP1","KO",FALSE,"Activated",1.46577774916124e-13
"CTSK",1.13252042884477e-05,2.16675675462401,0.257689974904321,0.611711633022692,0.999999999999662,"EMP1","KO",FALSE,"Activated",1.46577774916124e-13
"MMP2",1.11777157829538e-05,2.15915503528363,0.251021869038164,0.616356465439232,0.999999999999662,"EMP1","KO",FALSE,"Activated",1.46577774916124e-13
"S100A2",1.03673742413852e-05,2.11574709855954,0.215944916904464,0.642147212389072,0.999999999999662,"EMP1","KO",FALSE,"Activated",1.46577774916124e-13
"WNT5A",9.90507763366287e-06,2.08962982790034,0.197115693055742,0.657059117896174,0.999999999999662,"EMP1","KO",FALSE,"Activated",1.46577774916124e-13
"SPINT2",9.20324804383532e-06,2.04785786749689,0.170171837414111,0.679959135486979,0.999999999999662,"EMP1","KO",FALSE,"Activated",1.46577774916124e-13
"GAS1",8.53068454275807e-06,2.00511577058335,0.146208694263789,0.702185118728035,0.999999999999662,"EMP1","KO",FALSE,"Activated",1.46577774916124e-13
"SOD2",8.07153067812807e-06,1.97420271786014,0.13089324583335,0.717507683014146,0.999999999999662,"EMP1","KO",FALSE,"Activated",1.46577774916124e-13
"TIMP2",7.62188862635808e-06,1.94239591425751,0.116716063227121,0.732623842669778,0.999999999999662,"EMP1","KO",FALSE,"Activated",1.46577774916124e-13
"BICC1",7.53715077777132e-06,1.93621795929334,0.114135262044265,0.735484437832508,0.999999999999662,"EMP1","KO",FALSE,"Activated",1.46577774916124e-13
"SERPINB5",7.50642584961785e-06,1.93396283744362,0.113206621988913,0.736522564614986,0.999999999999662,"EMP1","KO",FALSE,"Activated",1.46577774916124e-13
"COL1A2",7.46186752083426e-06,1.93067794371076,0.111866616386896,0.738028945541855,0.999999999999662,"EMP1","KO",FALSE,"Activated",1.46577774916124e-13
"COL17A1",7.30251667901116e-06,1.91878774508472,0.107139730328191,0.743424309866461,0.999999999999662,"EMP1","KO",FALSE,"Activated",1.46577774916124e-13
"DSG3",7.27553452575665e-06,1.91675192161127,0.106349449384501,0.744339139334912,0.999999999999662,"EMP1","KO",FALSE,"Activated",1.46577774916124e-13
"FXYD3",6.86444693557159e-06,1.88488568331201,0.0946709070221876,0.758320986224225,0.999999999999662,"EMP1","KO",FALSE,"Activated",1.46577774916124e-13
"STEAP1",6.85669355471794e-06,1.88426873244737,0.094457166551073,0.758585470331571,0.999999999999662,"EMP1","KO",FALSE,"Activated",1.46577774916124e-13
"COL6A3",6.78344195156057e-06,1.87840954377426,0.0924497326576588,0.761085626643304,0.999999999999662,"EMP1","KO",FALSE,"Activated",1.46577774916124e-13
"TWIST2",6.7391637196648e-06,1.87484086229688,0.0912467590812004,0.762598103035964,0.999999999999662,"EMP1","KO",FALSE,"Activated",1.46577774916124e-13
"FAP",6.66954483827913e-06,1.86918796207707,0.0893712489001709,0.764978009214799,0.999999999999662,"EMP1","KO",FALSE,"Activated",1.46577774916124e-13
"SLC2A1",6.62703900141455e-06,1.86571106076802,0.088235730748053,0.766432155351602,0.999999999999662,"EMP1","KO",FALSE,"Activated",1.46577774916124e-13
"CTHRC1",6.46943958778157e-06,1.85264647182003,0.0840889166310162,0.771830857262816,0.999999999999662,"EMP1","KO",FALSE,"Activated",1.46577774916124e-13
"TP63",6.23376463857215e-06,1.83257854180667,0.0780739650446208,0.779924681919453,0.999999999999662,"EMP1","KO",FALSE,"Activated",1.46577774916124e-13
"COL1A1",6.19591662397941e-06,1.82929387652507,0.0771287980919772,0.781226754109224,0.999999999999662,"EMP1","KO",FALSE,"Activated",1.46577774916124e-13
"COL3A1",6.0925587954717e-06,1.82023332262809,0.0745769970213423,0.784785653523355,0.999999999999662,"EMP1","KO",FALSE,"Activated",1.46577774916124e-13
"ITGA6",6.04920452968364e-06,1.81639257730456,0.0735194028890603,0.786279807632552,0.999999999999662,"EMP1","KO",FALSE,"Activated",1.46577774916124e-13
"LAMC2",6.02139495414304e-06,1.81391619152295,0.0728449856952775,0.787238647063139,0.999999999999662,"EMP1","KO",FALSE,"Activated",1.46577774916124e-13
"CDH3",5.9808059156168e-06,1.81028373860022,0.0718662282279158,0.788638685135424,0.999999999999662,"EMP1","KO",FALSE,"Activated",1.46577774916124e-13
"CLCA2",5.85586683329031e-06,1.7989650483822,0.0688950179667871,0.792952478190711,0.999999999999662,"EMP1","KO",FALSE,"Activated",1.46577774916124e-13
"IL1R1",5.79928550455659e-06,1.79376924674668,0.0675700769952787,0.794908166554309,0.999999999999662,"EMP1","KO",FALSE,"Activated",1.46577774916124e-13
"COL6A1",5.7828250998907e-06,1.79224934966994,0.0671870462376585,0.795477349970281,0.999999999999662,"EMP1","KO",FALSE,"Activated",1.46577774916124e-13
"HTRA3",5.73521670676809e-06,1.78783187720421,0.0660853354353547,0.797124209689088,0.999999999999662,"EMP1","KO",FALSE,"Activated",1.46577774916124e-13
"FSTL1",5.73149314407203e-06,1.78748502065128,0.0659995521000342,0.797253052596305,0.999999999999662,"EMP1","KO",FALSE,"Activated",1.46577774916124e-13
"STEAP2",5.5396400765201e-06,1.76934017067066,0.0616550324653216,0.803898961242982,0.999999999999662,"EMP1","KO",FALSE,"Activated",1.46577774916124e-13
"COL6A2",5.4737216590523e-06,1.76297834536054,0.0601964462320429,0.806185718259176,0.999999999999662,"EMP1","KO",FALSE,"Activated",1.46577774916124e-13
"FGFR1",5.39222085348671e-06,1.75501900479007,0.0584172053939892,0.809015330095433,0.999999999999662,"EMP1","KO",FALSE,"Activated",1.46577774916124e-13
"FBN1",5.35633292587939e-06,1.75148066563828,0.0576422015658873,0.810262111352592,0.999999999999662,"EMP1","KO",FALSE,"Activated",1.46577774916124e-13
"MRC2",5.31416341853764e-06,1.74729630619626,0.0567381596179813,0.811727735962162,0.999999999999662,"EMP1","KO",FALSE,"Activated",1.46577774916124e-13
"DSC3",5.16546465747996e-06,1.73230493228352,0.053607335623835,0.816901077733894,0.999999999999662,"EMP1","KO",FALSE,"Activated",1.46577774916124e-13
"DSP",5.13985863479658e-06,1.72968525615122,0.0530771729103685,0.817792742959693,0.999999999999662,"EMP1","KO",FALSE,"Activated",1.46577774916124e-13
"FBLN2",5.08638671488967e-06,1.72417755148307,0.0519785531160341,0.819655526916417,0.999999999999662,"EMP1","KO",FALSE,"Activated",1.46577774916124e-13
"KRT6B",5.04878296859666e-06,1.72027377379011,0.0512128373809513,0.820966126829641,0.999999999999662,"EMP1","KO",FALSE,"Activated",1.46577774916124e-13
"TMEM45A",5.0250549789561e-06,1.71779733231043,0.0507325940549362,0.821793373789575,0.999999999999662,"EMP1","KO",FALSE,"Activated",1.46577774916124e-13
"GJB2",4.98605249041966e-06,1.71370432865947,0.0499481176688782,0.823153577453177,0.999999999999662,"EMP1","KO",FALSE,"Activated",1.46577774916124e-13
"MXRA8",4.87674292775398e-06,1.70208151409735,0.0477820919190108,0.826968545479713,0.999999999999662,"EMP1","KO",FALSE,"Activated",1.46577774916124e-13
"MMP14",4.77686565164961e-06,1.69125991856164,0.045844948350385,0.830457897487427,0.999999999999662,"EMP1","KO",FALSE,"Activated",1.46577774916124e-13
"COL5A2",4.7642046655819e-06,1.68987395999512,0.0456022481911718,0.830900467076145,0.999999999999662,"EMP1","KO",FALSE,"Activated",1.46577774916124e-13
"OCIAD2",4.75082121106553e-06,1.68840539518142,0.0453463992436404,0.831368349137986,0.999999999999662,"EMP1","KO",FALSE,"Activated",1.46577774916124e-13
"F11R",4.48391810094974e-06,1.65833234091133,0.0403943642102345,0.84071148186714,0.999999999999662,"EMP1","KO",FALSE,"Activated",1.46577774916124e-13
"FBLN5",4.34627551865083e-06,1.64220418921122,0.0379524608527929,0.845538629664652,0.999999999999662,"EMP1","KO",FALSE,"Activated",1.46577774916124e-13
"SDC1",4.31389249198841e-06,1.63834465745872,0.0373890188893888,0.846675157812717,0.999999999999662,"EMP1","KO",FALSE,"Activated",1.46577774916124e-13
"MME",4.30762362425946e-06,1.63759457309587,0.0372804318019244,0.846895209526449,0.999999999999662,"EMP1","KO",FALSE,"Activated",1.46577774916124e-13
"VCAN",4.22562887175713e-06,1.62769443397375,0.0358746882842679,0.849774507550628,0.999999999999662,"EMP1","KO",FALSE,"Activated",1.46577774916124e-13
"COL5A1",4.21746125865437e-06,1.62669905310319,0.0357361397242589,0.85006142891915,0.999999999999662,"EMP1","KO",FALSE,"Activated",1.46577774916124e-13
"ADAMTS2",4.19909765746325e-06,1.6244549005514,0.0354256138064621,0.850706599218938,0.999999999999662,"EMP1","KO",FALSE,"Activated",1.46577774916124e-13
"TBX3",4.19400518245371e-06,1.6238310408771,0.0353397407571589,0.850885531391869,0.999999999999662,"EMP1","KO",FALSE,"Activated",1.46577774916124e-13
"CCN4",4.15680037355799e-06,1.61925293717089,0.0347155276504911,0.852193013650995,0.999999999999662,"EMP1","KO",FALSE,"Activated",1.46577774916124e-13
"COL12A1",4.15003379668332e-06,1.61841643686423,0.0346025974771804,0.852430854081401,0.999999999999662,"EMP1","KO",FALSE,"Activated",1.46577774916124e-13
"IGFBP4",4.05613932037925e-06,1.60668365712361,0.0330545433115687,0.855732554718503,0.999999999999662,"EMP1","KO",FALSE,"Activated",1.46577774916124e-13
"LAMA3",4.02624094418675e-06,1.6028975778366,0.0325690398671959,0.856784432923189,0.999999999999662,"EMP1","KO",FALSE,"Activated",1.46577774916124e-13
"SCARA5",3.99041196650852e-06,1.59832784932736,0.0319919639759375,0.85804529524728,0.999999999999662,"EMP1","KO",FALSE,"Activated",1.46577774916124e-13
"FKBP10",3.98592545024276e-06,1.59775309129041,0.0319200657461551,0.858203206422613,0.999999999999662,"EMP1","KO",FALSE,"Activated",1.46577774916124e-13
"NNMT",3.97951847848187e-06,1.59693132238434,0.0318175316686581,0.85842872138911,0.999999999999662,"EMP1","KO",FALSE,"Activated",1.46577774916124e-13
"AEBP1",3.90691358044406e-06,1.58753682495164,0.0306671235978972,0.860985098393618,0.999999999999662,"EMP1","KO",FALSE,"Activated",1.46577774916124e-13
"MASP1",3.89572282126058e-06,1.5860752201467,0.030491692592055,0.861379248913443,0.999999999999662,"EMP1","KO",FALSE,"Activated",1.46577774916124e-13
"LOXL1",3.87494157034763e-06,1.5833512135645,0.0301672519349146,0.862111278332656,0.999999999999662,"EMP1","KO",FALSE,"Activated",1.46577774916124e-13
"RHOD",3.72662828180465e-06,1.56352913873884,0.0279021445864315,0.867339086717687,0.999999999999662,"EMP1","KO",FALSE,"Activated",1.46577774916124e-13
"RCN3",3.69144670459142e-06,1.55872563971051,0.0273778058318989,0.868580042281419,0.999999999999662,"EMP1","KO",FALSE,"Activated",1.46577774916124e-13
"ITGB4",3.6724674229527e-06,1.55611760041545,0.027097007890426,0.869249630876179,0.999999999999662,"EMP1","KO",FALSE,"Activated",1.46577774916124e-13
"RARRES2",3.65572948878014e-06,1.55380771860355,0.0268505717379012,0.869840222618697,0.999999999999662,"EMP1","KO",FALSE,"Activated",1.46577774916124e-13
"DSEL",3.64606348376499e-06,1.55246955047748,0.0267087698656032,0.870181317081861,0.999999999999662,"EMP1","KO",FALSE,"Activated",1.46577774916124e-13
"KLK8",3.62793492748569e-06,1.54995140128492,0.0264438333289385,0.870821103551339,0.999999999999662,"EMP1","KO",FALSE,"Activated",1.46577774916124e-13
"PCOLCE",3.61635980628587e-06,1.54833777330035,0.0262753615770084,0.871229652804998,0.999999999999662,"EMP1","KO",FALSE,"Activated",1.46577774916124e-13
"THBS2",3.54648927852524e-06,1.53850007281115,0.0252698542063145,0.873696491265437,0.999999999999662,"EMP1","KO",FALSE,"Activated",1.46577774916124e-13
"SRPX2",3.54539433569397e-06,1.53834455655733,0.0252542529892978,0.873735158991905,0.999999999999662,"EMP1","KO",FALSE,"Activated",1.46577774916124e-13
"GLIS3",3.51612168429221e-06,1.53417120944391,0.0248389496306425,0.874769029392981,0.999999999999662,"EMP1","KO",FALSE,"Activated",1.46577774916124e-13
"FERMT1",3.51485729275358e-06,1.53399026123914,0.0248210887522317,0.87481369081935,0.999999999999662,"EMP1","KO",FALSE,"Activated",1.46577774916124e-13
"LAMB3",3.40882452174744e-06,1.51860857758193,0.0233461205895943,0.878560434889052,0.999999999999662,"EMP1","KO",FALSE,"Activated",1.46577774916124e-13
"SPON1",3.36026141720251e-06,1.511423064697,0.0226856676094713,0.880277360806532,0.999999999999662,"EMP1","KO",FALSE,"Activated",1.46577774916124e-13
"CYB5R1",3.27482805109902e-06,1.4985579009278,0.021546782971022,0.883299179167463,0.999999999999662,"EMP1","KO",FALSE,"Activated",1.46577774916124e-13
"EMILIN1",3.26792910081869e-06,1.49750619598866,0.0214560950909993,0.883543273006985,0.999999999999662,"EMP1","KO",FALSE,"Activated",1.46577774916124e-13
"GJB6",3.21457437175748e-06,1.48930609654533,0.0207611970126211,0.885431404439413,0.999999999999662,"EMP1","KO",FALSE,"Activated",1.46577774916124e-13
"PPP1R14B",3.20792103515077e-06,1.48827518014067,0.0206753453456924,0.885666900345735,0.999999999999662,"EMP1","KO",FALSE,"Activated",1.46577774916124e-13
"DAB2",3.17213176339163e-06,1.48269731104019,0.0202165884894321,0.886933840055842,0.999999999999662,"EMP1","KO",FALSE,"Activated",1.46577774916124e-13
"PRRX1",3.12797868025732e-06,1.47573928654146,0.0196577135553404,0.888497256441,0.999999999999662,"EMP1","KO",FALSE,"Activated",1.46577774916124e-13
"CDH11",3.12005680330501e-06,1.47448177550091,0.0195582699151685,0.888777808237508,0.999999999999662,"EMP1","KO",FALSE,"Activated",1.46577774916124e-13
"RHOBTB3",3.06954634591106e-06,1.46639723927712,0.0189301399098638,0.890566952833071,0.999999999999662,"EMP1","KO",FALSE,"Activated",1.46577774916124e-13
"KRT16",3.06723044005921e-06,1.46602377018879,0.0189015859292208,0.890648998594796,0.999999999999662,"EMP1","KO",FALSE,"Activated",1.46577774916124e-13
"IRF6",3.06082090688665e-06,1.46498885980912,0.0188226718980722,0.890876075685636,0.999999999999662,"EMP1","KO",FALSE,"Activated",1.46577774916124e-13
"TINAGL1",3.03995876195549e-06,1.4616071443421,0.0185669607085211,0.891615242125768,0.999999999999662,"EMP1","KO",FALSE,"Activated",1.46577774916124e-13
"SLC39A14",2.99196384027974e-06,1.45374923304644,0.017985317741256,0.893316106252511,0.999999999999662,"EMP1","KO",FALSE,"Activated",1.46577774916124e-13
"BCAM",2.97940736156189e-06,1.45167518285522,0.0178346752920601,0.893761169311414,0.999999999999662,"EMP1","KO",FALSE,"Activated",1.46577774916124e-13
"CALML3",2.89551330428832e-06,1.43761746540042,0.016844439457966,0.896735637000962,0.999999999999662,"EMP1","KO",FALSE,"Activated",1.46577774916124e-13
"TNFAIP6",2.85109623468217e-06,1.43002932363806,0.0163316170117544,0.898311036783694,0.999999999999662,"EMP1","KO",FALSE,"Activated",1.46577774916124e-13
"METRNL",2.84490238461532e-06,1.42896294391843,0.016260735006152,0.898530754360051,0.999999999999662,"EMP1","KO",FALSE,"Activated",1.46577774916124e-13
"GREM1",2.83688205215352e-06,1.42757907083688,0.0161691799026786,0.898815275225463,0.999999999999662,"EMP1","KO",FALSE,"Activated",1.46577774916124e-13
"ANGPTL2",2.77480648484319e-06,1.41675048453384,0.0154693061772251,0.901017839816202,0.999999999999662,"EMP1","KO",FALSE,"Activated",1.46577774916124e-13
"GGT5",2.77076410426626e-06,1.41603797210584,0.0154242671636696,0.901161298139616,0.999999999999662,"EMP1","KO",FALSE,"Activated",1.46577774916124e-13
"CLEC11A",2.73465238241645e-06,1.40963208697449,0.0150248342857524,0.90244299435321,0.999999999999662,"EMP1","KO",FALSE,"Activated",1.46577774916124e-13
"DDR2",2.71718985860719e-06,1.40650771804598,0.0148335603803755,0.903062874857893,0.999999999999662,"EMP1","KO",FALSE,"Activated",1.46577774916124e-13
"LRP1",2.6829614594036e-06,1.40033214097604,0.0144621979617269,0.904278077502852,0.999999999999662,"EMP1","KO",FALSE,"Activated",1.46577774916124e-13
"CSGALNACT1",2.6421812421519e-06,1.39288352604928,0.0140258969508514,0.905726180257391,0.999999999999662,"EMP1","KO",FALSE,"Activated",1.46577774916124e-13
"CRIP1",2.6395524828983e-06,1.39239992139928,0.0139980015407197,0.90581953812797,0.999999999999662,"EMP1","KO",FALSE,"Activated",1.46577774916124e-13
"WIPI1",2.63694040492257e-06,1.3919189665766,0.0139703106498416,0.905912304868049,0.999999999999662,"EMP1","KO",FALSE,"Activated",1.46577774916124e-13
"TACSTD2",2.62930112345056e-06,1.39050996226618,0.0138894832292997,0.90618361777588,0.999999999999662,"EMP1","KO",FALSE,"Activated",1.46577774916124e-13
"IER3",2.62652353827058e-06,1.3899967679121,0.0138601531195238,0.906282267820662,0.999999999999662,"EMP1","KO",FALSE,"Activated",1.46577774916124e-13
"CDH1",2.61650549894961e-06,1.38814184039377,0.013754624458269,0.90663808530209,0.999999999999662,"EMP1","KO",FALSE,"Activated",1.46577774916124e-13
"FMOD",2.60831377614445e-06,1.38662043208888,0.013668633665123,0.906929050193414,0.999999999999662,"EMP1","KO",FALSE,"Activated",1.46577774916124e-13
"AHNAK2",2.56621881142112e-06,1.37873554454025,0.013231004043699,0.908424433289092,0.999999999999662,"EMP1","KO",FALSE,"Activated",1.46577774916124e-13
"SFRP2",2.56041733821767e-06,1.37763997152923,0.0131712487727558,0.908630550607319,0.999999999999662,"EMP1","KO",FALSE,"Activated",1.46577774916124e-13
"MIR205HG",2.55011472379707e-06,1.37568900271957,0.0130654650132661,0.90899660162417,0.999999999999662,"EMP1","KO",FALSE,"Activated",1.46577774916124e-13
"RUNX2",2.54031386173726e-06,1.37382661612234,0.0129652289365961,0.909344843357305,0.999999999999662,"EMP1","KO",FALSE,"Activated",1.46577774916124e-13
"ISLR",2.50809828458125e-06,1.3676601570162,0.0126384709938879,0.910489641415854,0.999999999999662,"EMP1","KO",FALSE,"Activated",1.46577774916124e-13
"BGN",2.48247423773342e-06,1.36270554985802,0.0123815476744159,0.911400338680334,0.999999999999662,"EMP1","KO",FALSE,"Activated",1.46577774916124e-13
"LBH",2.45596589361625e-06,1.3575324837477,0.0121185343039678,0.912342586989734,0.999999999999662,"EMP1","KO",FALSE,"Activated",1.46577774916124e-13
"EZR",2.45238613451113e-06,1.35683014630208,0.0120832326593149,0.912469840247165,0.999999999999662,"EMP1","KO",FALSE,"Activated",1.46577774916124e-13
"MAL2",2.4185382352758e-06,1.35014443247343,0.0117519882633301,0.913673175681263,0.999999999999662,"EMP1","KO",FALSE,"Activated",1.46577774916124e-13
"CD24",2.40514809617285e-06,1.34747688733935,0.0116222196745527,0.914149266775661,0.999999999999662,"EMP1","KO",FALSE,"Activated",1.46577774916124e-13
"SPARC",2.40159706403532e-06,1.34676727395277,0.0115879262280363,0.914275530144472,0.999999999999662,"EMP1","KO",FALSE,"Activated",1.46577774916124e-13
"LSAMP",2.38990651973e-06,1.34442459155705,0.0114753849136042,0.914691223854673,0.999999999999662,"EMP1","KO",FALSE,"Activated",1.46577774916124e-13
"TNS4",2.38596148201241e-06,1.34363177016035,0.0114375311636956,0.914831507228128,0.999999999999662,"EMP1","KO",FALSE,"Activated",1.46577774916124e-13
"FRMD4B",2.36930234463585e-06,1.34027109539639,0.01127837166583,0.915423926203115,0.999999999999662,"EMP1","KO",FALSE,"Activated",1.46577774916124e-13
"LY6K",2.35691230895312e-06,1.33775815565699,0.011160721800805,0.915864561266572,0.999999999999662,"EMP1","KO",FALSE,"Activated",1.46577774916124e-13
"TMEM154",2.35322686409974e-06,1.3370084380928,0.0111258456063459,0.915995634183106,0.999999999999662,"EMP1","KO",FALSE,"Activated",1.46577774916124e-13
"WNT2",2.33088039121112e-06,1.33244037211295,0.0109155446490844,0.916790435698092,0.999999999999662,"EMP1","KO",FALSE,"Activated",1.46577774916124e-13
"SERPINF1",2.30051742843643e-06,1.32617157104633,0.0106330165367978,0.917870494467797,0.999999999999662,"EMP1","KO",FALSE,"Activated",1.46577774916124e-13
"FYN",2.24977930887019e-06,1.31553210534473,0.0101691644439525,0.919675667205216,0.999999999999662,"EMP1","KO",FALSE,"Activated",1.46577774916124e-13
"ZBTB20",2.22668181658733e-06,1.31061877620706,0.00996143164068268,0.920497572912776,0.999999999999662,"EMP1","KO",FALSE,"Activated",1.46577774916124e-13
"RIPOR3",2.19885146232837e-06,1.30463887980196,0.00971398031817723,0.921488006452766,0.999999999999662,"EMP1","KO",FALSE,"Activated",1.46577774916124e-13
"TMEM158",2.19138008966537e-06,1.30302219866005,0.00964807912778816,0.921753920311724,0.999999999999662,"EMP1","KO",FALSE,"Activated",1.46577774916124e-13
"MUSTN1",2.17757417780631e-06,1.30002205414562,0.00952689436171313,0.922245309947664,0.999999999999662,"EMP1","KO",FALSE,"Activated",1.46577774916124e-13
"MYH11",2.17488026913661e-06,1.29943469817764,0.00950333722316583,0.92234119688906,0.999999999999662,"EMP1","KO",FALSE,"Activated",1.46577774916124e-13
"LAMA4",2.16507453020531e-06,1.2972913343264,0.00941783626798936,0.92269023172253,0.999999999999662,"EMP1","KO",FALSE,"Activated",1.46577774916124e-13
"PRRX2",2.16300321392593e-06,1.29683749072042,0.0093998248914492,0.922763962038586,0.999999999999662,"EMP1","KO",FALSE,"Activated",1.46577774916124e-13
"CXCL1",2.13904008268152e-06,1.29155902960287,0.0091927040618183,0.923616998762879,0.999999999999662,"EMP1","KO",FALSE,"Activated",1.46577774916124e-13
"NDRG1",2.12584184731697e-06,1.28862958893278,0.00907961299127813,0.924086865572362,0.999999999999662,"EMP1","KO",FALSE,"Activated",1.46577774916124e-13
"NID1",2.11121010162512e-06,1.28536324986396,0.0089550567865192,0.924607797347582,0.999999999999662,"EMP1","KO",FALSE,"Activated",1.46577774916124e-13
"MCAM",2.10522661012014e-06,1.28402178858693,0.00890436872314822,0.924820835995572,0.999999999999662,"EMP1","KO",FALSE,"Activated",1.46577774916124e-13
"TUBA4A",2.0739662901273e-06,1.27695851661943,0.0086418917129162,0.925933928371346,0.999999999999662,"EMP1","KO",FALSE,"Activated",1.46577774916124e-13
"FNDC1",2.04093148335446e-06,1.2693919934083,0.00836878256006376,0.92711036278016,0.999999999999662,"EMP1","KO",FALSE,"Activated",1.46577774916124e-13
"LMOD1",2.0387706841673e-06,1.26889333131959,0.00835107134727715,0.927187318667724,0.999999999999662,"EMP1","KO",FALSE,"Activated",1.46577774916124e-13
"PDGFRB",2.0134501752427e-06,1.26301511072343,0.00814492721759007,0.928089147727089,0.999999999999662,"EMP1","KO",FALSE,"Activated",1.46577774916124e-13
"MRVI1",2.00921897299716e-06,1.26202650459294,0.0081107305699902,0.92823985757395,0.999999999999662,"EMP1","KO",FALSE,"Activated",1.46577774916124e-13
"CDKN2A",1.99746010755316e-06,1.2592694564737,0.00801607298652571,0.928658706362638,0.999999999999662,"EMP1","KO",FALSE,"Activated",1.46577774916124e-13
"FBLN1",1.95112627456093e-06,1.24826519597781,0.00764849854497352,0.930309300904919,0.999999999999662,"EMP1","KO",FALSE,"Activated",1.46577774916124e-13
"BNC2",1.91366235214367e-06,1.23919850360412,0.00735759807317871,0.931644133674844,0.999999999999662,"EMP1","KO",FALSE,"Activated",1.46577774916124e-13
"ITGA7",1.91351656132035e-06,1.23916291729543,0.00735647705052883,0.931649328553487,0.999999999999662,"EMP1","KO",FALSE,"Activated",1.46577774916124e-13
"MYLK",1.91021177573008e-06,1.23835560786329,0.00733108862600325,0.931767086814957,0.999999999999662,"EMP1","KO",FALSE,"Activated",1.46577774916124e-13
"AREG",1.90574944510685e-06,1.23726357982078,0.00729687720359164,0.931926093840488,0.999999999999662,"EMP1","KO",FALSE,"Activated",1.46577774916124e-13
"PDGFRL",1.88249262708443e-06,1.23153553723914,0.00711986897681108,0.932754852032256,0.999999999999662,"EMP1","KO",FALSE,"Activated",1.46577774916124e-13
"PPP1R12B",1.88023047447882e-06,1.23097506982664,0.00710276765841715,0.932835467889189,0.999999999999662,"EMP1","KO",FALSE,"Activated",1.46577774916124e-13
"MXRA5",1.87699197026944e-06,1.23017167183873,0.00707832115179645,0.932950878981877,0.999999999999662,"EMP1","KO",FALSE,"Activated",1.46577774916124e-13
"DIO2",1.85279159741733e-06,1.22412929517701,0.00689697384001573,0.933813355996712,0.999999999999662,"EMP1","KO",FALSE,"Activated",1.46577774916124e-13
"DSG2",1.83018425922461e-06,1.21842174695192,0.00672969009721741,0.934619129070361,0.999999999999662,"EMP1","KO",FALSE,"Activated",1.46577774916124e-13
"ANKRD28",1.82299667207539e-06,1.21659416808001,0.00667693556950311,0.934875323863978,0.999999999999662,"EMP1","KO",FALSE,"Activated",1.46577774916124e-13
"SYNPO2",1.79839456938368e-06,1.21029036744849,0.00649793553792187,0.935752293599544,0.999999999999662,"EMP1","KO",FALSE,"Activated",1.46577774916124e-13
"DSC2",1.78197710196562e-06,1.20604146693031,0.00637983830851631,0.936337556202578,0.999999999999662,"EMP1","KO",FALSE,"Activated",1.46577774916124e-13
"GPRC5C",1.77829406127349e-06,1.20508356515463,0.00635349350113307,0.936468856827348,0.999999999999662,"EMP1","KO",FALSE,"Activated",1.46577774916124e-13
"PRRG4",1.76024443416978e-06,1.20036380333223,0.00622517254338233,0.937112352046766,0.999999999999662,"EMP1","KO",FALSE,"Activated",1.46577774916124e-13
"FARP1",1.75992765649033e-06,1.20028059106637,0.00622293215195518,0.937123645995594,0.999999999999662,"EMP1","KO",FALSE,"Activated",1.46577774916124e-13
"FAM83A",1.74681996715763e-06,1.19682583556461,0.00613058232528182,0.937590980303578,0.999999999999662,"EMP1","KO",FALSE,"Activated",1.46577774916124e-13
"TMEM176B",1.7464660501284e-06,1.19673223955169,0.00612809838563675,0.937603598964452,0.999999999999662,"EMP1","KO",FALSE,"Activated",1.46577774916124e-13
"MET",1.74441689338099e-06,1.19618999715497,0.00611372642892465,0.937676660504077,0.999999999999662,"EMP1","KO",FALSE,"Activated",1.46577774916124e-13
"SAT1",1.74418351679657e-06,1.19612820620126,0.00611209069017971,0.937684981449176,0.999999999999662,"EMP1","KO",FALSE,"Activated",1.46577774916124e-13
"AOC3",1.74274599474214e-06,1.19574743437605,0.0061020199099585,0.937736235850445,0.999999999999662,"EMP1","KO",FALSE,"Activated",1.46577774916124e-13
"TWIST1",1.74239237070475e-06,1.1956537239438,0.00609954381533603,0.93774884424494,0.999999999999662,"EMP1","KO",FALSE,"Activated",1.46577774916124e-13
"FRZB",1.73682483519553e-06,1.19417612095704,0.00606062586390359,0.937947355667954,0.999999999999662,"EMP1","KO",FALSE,"Activated",1.46577774916124e-13
"PLOD2",1.73497690835416e-06,1.19368476895422,0.00604773609519963,0.93801324466603,0.999999999999662,"EMP1","KO",FALSE,"Activated",1.46577774916124e-13
"CPXM2",1.73393220295541e-06,1.19340678510701,0.00604045507570521,0.938050494484341,0.999999999999662,"EMP1","KO",FALSE,"Activated",1.46577774916124e-13
"THY1",1.70668833537076e-06,1.1861050879936,0.00585212877657169,0.939021944304897,0.999999999999662,"EMP1","KO",FALSE,"Activated",1.46577774916124e-13
"ACTA2",1.69566096695192e-06,1.18312049349933,0.00577674876208816,0.939415179229635,0.999999999999662,"EMP1","KO",FALSE,"Activated",1.46577774916124e-13
"LRRC15",1.69310060074197e-06,1.18242508498797,0.00575931670924078,0.939506483765571,0.999999999999662,"EMP1","KO",FALSE,"Activated",1.46577774916124e-13
"IMPA2",1.68760282235357e-06,1.18092873541213,0.00572197452332345,0.939702541258562,0.999999999999662,"EMP1","KO",FALSE,"Activated",1.46577774916124e-13
"SPARCL1",1.68296770833483e-06,1.17966385165412,0.00569058611635027,0.939867837926333,0.999999999999662,"EMP1","KO",FALSE,"Activated",1.46577774916124e-13
"GPM6B",1.68269868572784e-06,1.17959034377796,0.00568876697989536,0.93987743184556,0.999999999999662,"EMP1","KO",FALSE,"Activated",1.46577774916124e-13
"MTSS1",1.68001351098126e-06,1.1788560792953,0.00567062570990015,0.939973191374847,0.999999999999662,"EMP1","KO",FALSE,"Activated",1.46577774916124e-13
"UNC5B",1.67587172693986e-06,1.17772148045093,0.00564270027245923,0.940120898655014,0.999999999999662,"EMP1","KO",FALSE,"Activated",1.46577774916124e-13
"GFPT2",1.65654269122131e-06,1.17239371908949,0.0055132882491766,0.940810251779159,0.999999999999662,"EMP1","KO",FALSE,"Activated",1.46577774916124e-13
"EFEMP2",1.65075611777176e-06,1.17078812143322,0.00547483789555687,0.941016633500409,0.999999999999662,"EMP1","KO",FALSE,"Activated",1.46577774916124e-13
"COL5A3",1.63276144727441e-06,1.16576337996444,0.00535612752072996,0.941658449801812,0.999999999999662,"EMP1","KO",FALSE,"Activated",1.46577774916124e-13
"PID1",1.62048924123508e-06,1.16230859328652,0.00527591436507291,0.942096184595425,0.999999999999662,"EMP1","KO",FALSE,"Activated",1.46577774916124e-13
"SULF1",1.61328186334784e-06,1.16026890165251,0.00522908783221693,0.942353271235855,0.999999999999662,"EMP1","KO",FALSE,"Activated",1.46577774916124e-13
"FAM20A",1.60448813251738e-06,1.15776940890257,0.00517223742241754,0.942666951100953,0.999999999999662,"EMP1","KO",FALSE,"Activated",1.46577774916124e-13
"PARM1",1.60353695098631e-06,1.15749832881351,0.00516610677135436,0.942700881089733,0.999999999999662,"EMP1","KO",FALSE,"Activated",1.46577774916124e-13
"LTBP2",1.599108537082e-06,1.15623440030918,0.0051376121751352,0.942858850236864,0.999999999999662,"EMP1","KO",FALSE,"Activated",1.46577774916124e-13
"ZNF469",1.58149343583694e-06,1.15117619898094,0.00502504807562157,0.943487233411274,0.999999999999662,"EMP1","KO",FALSE,"Activated",1.46577774916124e-13
"PAPPA",1.57108223186415e-06,1.14816330426895,0.00495910458864999,0.943858648656344,0.999999999999662,"EMP1","KO",FALSE,"Activated",1.46577774916124e-13
"SORT1",1.56647716755273e-06,1.1468250519943,0.00493007552083582,0.944022936252645,0.999999999999662,"EMP1","KO",FALSE,"Activated",1.46577774916124e-13
"EVA1A",1.5506894759825e-06,1.14221070954605,0.00483120106931086,0.944586186787481,0.999999999999662,"EMP1","KO",FALSE,"Activated",1.46577774916124e-13
"KLF5",1.53935218238656e-06,1.1388715953179,0.00476081622381127,0.944990679536832,0.999999999999662,"EMP1","KO",FALSE,"Activated",1.46577774916124e-13
"SLC7A5",1.53376201952607e-06,1.13721719948417,0.00472630116689016,0.945190130983413,0.999999999999662,"EMP1","KO",FALSE,"Activated",1.46577774916124e-13
"NRGN",1.53127225690275e-06,1.13647865556278,0.00471096917035864,0.945278964342217,0.999999999999662,"EMP1","KO",FALSE,"Activated",1.46577774916124e-13
"CERCAM",1.52962794917437e-06,1.13599032262289,0.00470085715542338,0.94533763270928,0.999999999999662,"EMP1","KO",FALSE,"Activated",1.46577774916124e-13
"TAGLN",1.52930803116195e-06,1.13589525857145,0.00469889101508021,0.945349047314786,0.999999999999662,"EMP1","KO",FALSE,"Activated",1.46577774916124e-13
"CTSV",1.51847954436388e-06,1.13266721827288,0.00463258424099049,0.945735411984327,0.999999999999662,"EMP1","KO",FALSE,"Activated",1.46577774916124e-13
"ABL2",1.50791272403492e-06,1.12949764136786,0.0045683339682496,0.946112452597066,0.999999999999662,"EMP1","KO",FALSE,"Activated",1.46577774916124e-13
"SMOC2",1.50293700298797e-06,1.12799838837986,0.0045382350741775,0.946289998261517,0.999999999999662,"EMP1","KO",FALSE,"Activated",1.46577774916124e-13
"RAMP1",1.46610430447524e-06,1.11676264818941,0.00431852234850553,0.94760435968843,0.999999999999662,"EMP1","KO",FALSE,"Activated",1.46577774916124e-13
"NTN1",1.4589845526769e-06,1.11456224880093,0.0042766806456299,0.947858441995236,0.999999999999662,"EMP1","KO",FALSE,"Activated",1.46577774916124e-13
"GJA4",1.45562595979553e-06,1.11352098281738,0.00425701340987008,0.94797830181168,0.999999999999662,"EMP1","KO",FALSE,"Activated",1.46577774916124e-13
"NTM",1.45113204550066e-06,1.1121244286164,0.00423076886192772,0.948138680263265,0.999999999999662,"EMP1","KO",FALSE,"Activated",1.46577774916124e-13
"NDUFA4L2",1.43867967216145e-06,1.10823472693559,0.00415847072359245,0.948583090518815,0.999999999999662,"EMP1","KO",FALSE,"Activated",1.46577774916124e-13
"RGS5",1.43362933699019e-06,1.10664874331338,0.00412932621106441,0.948763335485367,0.999999999999662,"EMP1","KO",FALSE,"Activated",1.46577774916124e-13
"COL4A2",1.43329898761505e-06,1.1065448311236,0.00412742339960244,0.948775125648191,0.999999999999662,"EMP1","KO",FALSE,"Activated",1.46577774916124e-13
"COLEC12",1.43051878967409e-06,1.10566947915009,0.00411142684208965,0.948874351303207,0.999999999999662,"EMP1","KO",FALSE,"Activated",1.46577774916124e-13
"FRY",1.42347719400531e-06,1.10344571609917,0.00407105023000083,0.949125670385333,0.999999999999662,"EMP1","KO",FALSE,"Activated",1.46577774916124e-13
"SAMD5",1.42051318159465e-06,1.10250678047471,0.00405411412358457,0.949231459411246,0.999999999999662,"EMP1","KO",FALSE,"Activated",1.46577774916124e-13
"PPP1R14B-AS1",1.41968597495159e-06,1.1022444321636,0.00404939383836499,0.949260983531439,0.999999999999662,"EMP1","KO",FALSE,"Activated",1.46577774916124e-13
"CDCP1",1.418830926217e-06,1.10197311265923,0.00404451756789086,0.949291501446628,0.999999999999662,"EMP1","KO",FALSE,"Activated",1.46577774916124e-13
"ESAM",1.41126062568585e-06,1.09956466368278,0.00400147293190682,0.949561699565417,0.999999999999662,"EMP1","KO",FALSE,"Activated",1.46577774916124e-13
"MYL9",1.40732110590543e-06,1.09830683727574,0.00397916397051272,0.949702310656526,0.999999999999662,"EMP1","KO",FALSE,"Activated",1.46577774916124e-13
"GALNT3",1.40360563143494e-06,1.09711770943653,0.00395818089025178,0.949834926458101,0.999999999999662,"EMP1","KO",FALSE,"Activated",1.46577774916124e-13
"CSRP1",1.39527621919126e-06,1.09444182916258,0.00391134224160358,0.950132231803555,0.999999999999662,"EMP1","KO",FALSE,"Activated",1.46577774916124e-13
"ZEB1",1.39504264027507e-06,1.09436658841121,0.00391003277958169,0.950140569137983,0.999999999999662,"EMP1","KO",FALSE,"Activated",1.46577774916124e-13
"SDC4",1.39136057682441e-06,1.09317905358911,0.00388941980513946,0.950271996936318,0.999999999999662,"EMP1","KO",FALSE,"Activated",1.46577774916124e-13
"GNG11",1.38559618377032e-06,1.0913143761715,0.00385725890930296,0.950477754250373,0.999999999999662,"EMP1","KO",FALSE,"Activated",1.46577774916124e-13
"EFHD1",1.38348532608872e-06,1.09062984790142,0.00384551533968472,0.950553101154716,0.999999999999662,"EMP1","KO",FALSE,"Activated",1.46577774916124e-13
"PALM2-AKAP2",1.36955101997433e-06,1.08608796060341,0.00376844225769071,0.951050496211245,0.999999999999662,"EMP1","KO",FALSE,"Activated",1.46577774916124e-13
"PTP4A3",1.36385319603872e-06,1.08421906082542,0.00373715133864598,0.951253889630136,0.999999999999662,"EMP1","KO",FALSE,"Activated",1.46577774916124e-13
"F2R",1.36221830915088e-06,1.08368154857181,0.00372819706447933,0.95131225025717,0.999999999999662,"EMP1","KO",FALSE,"Activated",1.46577774916124e-13
"HMGA1",1.34135211212873e-06,1.07677102426456,0.0036148562252988,0.952057134610757,0.999999999999662,"EMP1","KO",FALSE,"Activated",1.46577774916124e-13
"MEF2C",1.33894186706315e-06,1.0759667233886,0.00360187699115957,0.952143178579602,0.999999999999662,"EMP1","KO",FALSE,"Activated",1.46577774916124e-13
"AKR1B1",1.33731489441135e-06,1.07542308233518,0.00359312889669322,0.952201260617192,0.999999999999662,"EMP1","KO",FALSE,"Activated",1.46577774916124e-13
"ATP1B1",1.33458737036095e-06,1.07451039609092,0.00357848709263819,0.952298632309787,0.999999999999662,"EMP1","KO",FALSE,"Activated",1.46577774916124e-13
"IGFBP6",1.32607418871598e-06,1.07165113872111,0.00353297917443806,0.952602554608958,0.999999999999662,"EMP1","KO",FALSE,"Activated",1.46577774916124e-13
"FYB1",1.32290174375104e-06,1.07058151120499,0.00351609508892725,0.952715813298506,0.999999999999662,"EMP1","KO",FALSE,"Activated",1.46577774916124e-13
"SPON2",1.31847918358161e-06,1.06908662864534,0.00349262524391805,0.952873703641396,0.999999999999662,"EMP1","KO",FALSE,"Activated",1.46577774916124e-13
"C1QTNF1",1.31118014429933e-06,1.06660980392166,0.00345406226064212,0.953134291547484,0.999999999999662,"EMP1","KO",FALSE,"Activated",1.46577774916124e-13
"PLEK2",1.3047046147538e-06,1.06440227191024,0.0034200293314192,0.953365482974504,0.999999999999662,"EMP1","KO",FALSE,"Activated",1.46577774916124e-13
"KCNQ1OT1",1.30431596964526e-06,1.06426947561892,0.00341799211979578,0.953379358631503,0.999999999999662,"EMP1","KO",FALSE,"Activated",1.46577774916124e-13
"KLHL23",1.29331080505076e-06,1.06049462255631,0.00336055684171214,0.953772277928077,0.999999999999662,"EMP1","KO",FALSE,"Activated",1.46577774916124e-13
"CDH6",1.28470949260682e-06,1.05752462558897,0.00331600594089215,0.954079379902712,0.999999999999662,"EMP1","KO",FALSE,"Activated",1.46577774916124e-13
"ANTXR1",1.27759031250715e-06,1.05505316983522,0.00327935666848409,0.954333568859899,0.999999999999662,"EMP1","KO",FALSE,"Activated",1.46577774916124e-13
"HOPX",1.26746385871855e-06,1.05151681404653,0.0032275769303652,0.954695139942566,0.999999999999662,"EMP1","KO",FALSE,"Activated",1.46577774916124e-13
"COL10A1",1.26737055219658e-06,1.0514841144258,0.00322710174065353,0.954698471551146,0.999999999999662,"EMP1","KO",FALSE,"Activated",1.46577774916124e-13
"PMP22",1.25559006320432e-06,1.04733852073678,0.00316738732007759,0.95511911277607,0.999999999999662,"EMP1","KO",FALSE,"Activated",1.46577774916124e-13
"MIR100HG",1.25018442793641e-06,1.04542481975771,0.00314017320875826,0.955312133831145,0.999999999999662,"EMP1","KO",FALSE,"Activated",1.46577774916124e-13
"ADRA2A",1.2292902355608e-06,1.03795889592662,0.00303608759736763,0.956058235171438,0.999999999999662,"EMP1","KO",FALSE,"Activated",1.46577774916124e-13
"COL4A1",1.22811296531243e-06,1.03753492633184,0.00303027516353295,0.956100274938432,0.999999999999662,"EMP1","KO",FALSE,"Activated",1.46577774916124e-13
"ANPEP",1.22375037754662e-06,1.03596071320101,0.00300878469561824,0.956256061959997,0.999999999999662,"EMP1","KO",FALSE,"Activated",1.46577774916124e-13
"SDC2",1.2159617685663e-06,1.03313795117909,0.00297060750880176,0.956534195574393,0.999999999999662,"EMP1","KO",FALSE,"Activated",1.46577774916124e-13
"SLC16A3",1.21413452211349e-06,1.03247341902907,0.00296168625194109,0.95659944787308,0.999999999999662,"EMP1","KO",FALSE,"Activated",1.46577774916124e-13
"JAG1",1.20677430843657e-06,1.029787737707,0.00292588697203483,0.956862289392966,0.999999999999662,"EMP1","KO",FALSE,"Activated",1.46577774916124e-13
"OLFML3",1.19158979096096e-06,1.02420128880542,0.0028527189113604,0.957404560401965,0.999999999999662,"EMP1","KO",FALSE,"Activated",1.46577774916124e-13
"SNCG",1.1873877237205e-06,1.0226442919127,0.00283263451568782,0.9575546285413,0.999999999999662,"EMP1","KO",FALSE,"Activated",1.46577774916124e-13
"NEURL1B",1.18676869314851e-06,1.02241451314268,0.00282968176445165,0.957576736064947,0.999999999999662,"EMP1","KO",FALSE,"Activated",1.46577774916124e-13
"PSD3",1.18345666071866e-06,1.02118332504961,0.00281390965966857,0.957695019686899,0.999999999999662,"EMP1","KO",FALSE,"Activated",1.46577774916124e-13
"NRARP",1.17320936099553e-06,1.01735482543099,0.0027653905399304,0.958060990507857,0.999999999999662,"EMP1","KO",FALSE,"Activated",1.46577774916124e-13
"SLC7A1",1.17072475080901e-06,1.01642212830232,0.00275368991401359,0.958149726909514,0.999999999999662,"EMP1","KO",FALSE,"Activated",1.46577774916124e-13
"EBF2",1.1561965453607e-06,1.01093334335431,0.00268576969137874,0.95866860362787,0.999999999999662,"EMP1","KO",FALSE,"Activated",1.46577774916124e-13
"SERPINI1",1.14453753342605e-06,1.00648457894105,0.00263187653671589,0.959085019408214,0.999999999999662,"EMP1","KO",FALSE,"Activated",1.46577774916124e-13
"ODC1",1.12083239417394e-06,0.99731528453509,0.00252398507532977,0.959931711570471,0.999999999999662,"EMP1","KO",FALSE,"Activated",1.46577774916124e-13
"CELF2",1.09421936922169e-06,0.986816096200271,0.00240554912352375,0.960882320421623,0.999999999999662,"EMP1","KO",FALSE,"Activated",1.46577774916124e-13
"CAV1",1.09334870177542e-06,0.986468834645546,0.00240172246846055,0.960913421334902,0.999999999999662,"EMP1","KO",FALSE,"Activated",1.46577774916124e-13
"KLF9",1.09145227226135e-06,0.98571161174392,0.00239339804776773,0.960981163466883,0.999999999999662,"EMP1","KO",FALSE,"Activated",1.46577774916124e-13
"PXDN",1.08873362589429e-06,0.9846240697061,0.00238148969532709,0.961078276400061,0.999999999999662,"EMP1","KO",FALSE,"Activated",1.46577774916124e-13
"FGFBP1",1.08457553964561e-06,0.982956087015285,0.00236333368426322,0.961226808769926,0.999999999999662,"EMP1","KO",FALSE,"Activated",1.46577774916124e-13
"LINGO1",1.07815559342623e-06,0.980369719386581,0.00233543784989326,0.961456140426761,0.999999999999662,"EMP1","KO",FALSE,"Activated",1.46577774916124e-13
"GJA1",1.06415744120957e-06,0.97468315280719,0.00227518756903678,0.961956189828565,0.999999999999662,"EMP1","KO",FALSE,"Activated",1.46577774916124e-13
"WFDC1",1.06379490283078e-06,0.974535005888309,0.00227363760607717,0.961969140816067,0.999999999999662,"EMP1","KO",FALSE,"Activated",1.46577774916124e-13
"ADAP2",1.06256128166913e-06,0.974030569313544,0.00226836745264599,0.962013209638642,0.999999999999662,"EMP1","KO",FALSE,"Activated",1.46577774916124e-13
"IL11",1.05722015891593e-06,0.971840596529262,0.00224562019333145,0.962204012656628,0.999999999999662,"EMP1","KO",FALSE,"Activated",1.46577774916124e-13
"CD248",1.05531059720016e-06,0.971055278588557,0.00223751539573936,0.962272229202842,0.999999999999662,"EMP1","KO",FALSE,"Activated",1.46577774916124e-13
"TGFB3",1.0484154973396e-06,0.968209206471517,0.00220837233321286,0.962518549747427,0.999999999999662,"EMP1","KO",FALSE,"Activated",1.46577774916124e-13
"PRXL2A",1.04776953060598e-06,0.967941731381233,0.00220565185531765,0.962541626446396,0.999999999999662,"EMP1","KO",FALSE,"Activated",1.46577774916124e-13
"GPR4",1.0474209154846e-06,0.967797320359145,0.00220418436528628,0.962554080484996,0.999999999999662,"EMP1","KO",FALSE,"Activated",1.46577774916124e-13
"PDGFA",1.03787389972604e-06,0.96382605221953,0.00216418615709288,0.962895144684045,0.999999999999662,"EMP1","KO",FALSE,"Activated",1.46577774916124e-13
"HAS2",1.02936661435668e-06,0.960260166999672,0.00212885259334887,0.963199070557816,0.999999999999662,"EMP1","KO",FALSE,"Activated",1.46577774916124e-13
"ITGA1",1.00981034954509e-06,0.951963906393994,0.00204873161209194,0.963897745455782,0.999999999999662,"EMP1","KO",FALSE,"Activated",1.46577774916124e-13
"TFPI",1.00772962106704e-06,0.951072926211083,0.002040297429623,0.963972084030334,0.999999999999662,"EMP1","KO",FALSE,"Activated",1.46577774916124e-13
"LOX",1.00268111919006e-06,0.948904396443379,0.00201990576163014,0.964152454099294,0.999999999999662,"EMP1","KO",FALSE,"Activated",1.46577774916124e-13
"S100A4",9.93152573443244e-07,0.944785262234278,0.00198169757671012,0.964492889676556,0.999999999999662,"EMP1","KO",FALSE,"Activated",1.46577774916124e-13
"RCAN2",9.86461379182927e-07,0.941871912230343,0.00195508483747928,0.964731956323039,0.999999999999662,"EMP1","KO",FALSE,"Activated",1.46577774916124e-13
"OLFML2B",9.85825103959158e-07,0.941593975134623,0.00195256356116193,0.964754689677482,0.999999999999662,"EMP1","KO",FALSE,"Activated",1.46577774916124e-13
"TUBA1A",9.82968436140609e-07,0.940344184418959,0.00194126390179229,0.964856755362414,0.999999999999662,"EMP1","KO",FALSE,"Activated",1.46577774916124e-13
"OLFM2",9.82215307003144e-07,0.940014159716468,0.00193829033261294,0.96488366395674,0.999999999999662,"EMP1","KO",FALSE,"Activated",1.46577774916124e-13
"CREB3L1",9.59765980356756e-07,0.930073288495426,0.00185070048037597,0.965685775469299,0.999999999999662,"EMP1","KO",FALSE,"Activated",1.46577774916124e-13
"FILIP1",9.56872623928303e-07,0.92877725711594,0.00183955887936148,0.96578915726019,0.999999999999662,"EMP1","KO",FALSE,"Activated",1.46577774916124e-13
"EFEMP1",9.47131256302961e-07,0.924388333899725,0.00180229455974297,0.966137227834132,0.999999999999662,"EMP1","KO",FALSE,"Activated",1.46577774916124e-13
"CHN1",9.46162603735266e-07,0.923949749056648,0.00179860995001597,0.966171839288544,0.999999999999662,"EMP1","KO",FALSE,"Activated",1.46577774916124e-13
"NOTCH3",9.34497891024596e-07,0.918637031465452,0.00175453519747116,0.96658864250092,0.999999999999662,"EMP1","KO",FALSE,"Activated",1.46577774916124e-13
"P4HA3",9.33002426540868e-07,0.917951714390827,0.00174892417224285,0.966642079061665,0.999999999999662,"EMP1","KO",FALSE,"Activated",1.46577774916124e-13
"COL18A1",9.26273556204324e-07,0.91485613580711,0.00172378844513343,0.966882519713309,0.999999999999662,"EMP1","KO",FALSE,"Activated",1.46577774916124e-13
"CALCRL",9.19543440382848e-07,0.911740173955117,0.00169883005248929,0.967123007881225,0.999999999999662,"EMP1","KO",FALSE,"Activated",1.46577774916124e-13
"FN1",9.16244317522993e-07,0.910205401163925,0.00168666185100682,0.967240896992329,0.999999999999662,"EMP1","KO",FALSE,"Activated",1.46577774916124e-13
"SEPTIN4",9.15177726330018e-07,0.90970817839853,0.00168273728295321,0.967279010151087,0.999999999999662,"EMP1","KO",FALSE,"Activated",1.46577774916124e-13
"NID2",9.146177717398e-07,0.909446935466806,0.00168067873590335,0.967299019382603,0.999999999999662,"EMP1","KO",FALSE,"Activated",1.46577774916124e-13
"ANXA6",9.0463407978631e-07,0.904765384774496,0.00164418742780336,0.96765577676213,0.999999999999662,"EMP1","KO",FALSE,"Activated",1.46577774916124e-13
"ATP1B2",9.00064985391658e-07,0.90260770035352,0.00162762056187834,0.96781905100489,0.999999999999662,"EMP1","KO",FALSE,"Activated",1.46577774916124e-13
"DPT",8.99031098072077e-07,0.902118129227462,0.00162388347666568,0.967855996624946,0.999999999999662,"EMP1","KO",FALSE,"Activated",1.46577774916124e-13
"LGI4",8.94231288468152e-07,0.899838807258957,0.00160659035952056,0.968027517129743,0.999999999999662,"EMP1","KO",FALSE,"Activated",1.46577774916124e-13
"TSPAN11",8.87314530919232e-07,0.896535230950606,0.001581832962406,0.968274689063854,0.999999999999662,"EMP1","KO",FALSE,"Activated",1.46577774916124e-13
"TENM2",8.80366962190631e-07,0.893194101444202,0.00155715880672746,0.968522965110779,0.999999999999662,"EMP1","KO",FALSE,"Activated",1.46577774916124e-13
"BARX1",8.71044551585945e-07,0.888674338909581,0.00152435517998104,0.968856112520601,0.999999999999662,"EMP1","KO",FALSE,"Activated",1.46577774916124e-13
"PDE5A",8.70246385433734e-07,0.888285395123154,0.00152156282852006,0.968884636188992,0.999999999999662,"EMP1","KO",FALSE,"Activated",1.46577774916124e-13
"ITGA2",8.68075557324075e-07,0.887225971267564,0.00151398122476733,0.968962214199024,0.999999999999662,"EMP1","KO",FALSE,"Activated",1.46577774916124e-13
"FCGRT",8.67787092143291e-07,0.887085017303467,0.00151297518721619,0.968972522985158,0.999999999999662,"EMP1","KO",FALSE,"Activated",1.46577774916124e-13
"STEAP4",8.66755997066331e-07,0.886580852434445,0.0015093819222756,0.96900937093619,0.999999999999662,"EMP1","KO",FALSE,"Activated",1.46577774916124e-13
"PDE1A",8.63283153131822e-07,0.8848788865962,0.00149731082827199,0.969133479456799,0.999999999999662,"EMP1","KO",FALSE,"Activated",1.46577774916124e-13
"TMEM204",8.57065222144353e-07,0.881816541314463,0.00147581927854998,0.969355690621245,0.999999999999662,"EMP1","KO",FALSE,"Activated",1.46577774916124e-13
"PRKG1",8.52163321604272e-07,0.879388564624306,0.0014589859474521,0.969530872279419,0.999999999999662,"EMP1","KO",FALSE,"Activated",1.46577774916124e-13
"LOXL2",8.45698215825472e-07,0.876167493054801,0.00143693215216874,0.96976192122775,0.999999999999662,"EMP1","KO",FALSE,"Activated",1.46577774916124e-13
"ENPP2",8.38544229683374e-07,0.872577911895215,0.00141272419533053,0.97001759223307,0.999999999999662,"EMP1","KO",FALSE,"Activated",1.46577774916124e-13
"EFNA1",8.38185323735344e-07,0.872397120120124,0.00141151513183586,0.970030418987975,0.999999999999662,"EMP1","KO",FALSE,"Activated",1.46577774916124e-13
"SLC6A6",8.3217503040663e-07,0.869359410775842,0.00139134488210748,0.970245218916409,0.999999999999662,"EMP1","KO",FALSE,"Activated",1.46577774916124e-13
"TMEM265",8.29860420250368e-07,0.868184426677811,0.00138361587741289,0.97032794059635,0.999999999999662,"EMP1","KO",FALSE,"Activated",1.46577774916124e-13
"CRISPLD2",8.27836912702252e-07,0.867154857957007,0.00137687656636705,0.97040025884343,0.999999999999662,"EMP1","KO",FALSE,"Activated",1.46577774916124e-13
"RAP2B",8.21204150502144e-07,0.863764521638834,0.00135490144253073,0.970637309198216,0.999999999999662,"EMP1","KO",FALSE,"Activated",1.46577774916124e-13
"LINC01197",8.18923884335703e-07,0.86259340951892,0.00134738748511738,0.970718804941459,0.999999999999662,"EMP1","KO",FALSE,"Activated",1.46577774916124e-13
"CSRNP3",8.1479089308854e-07,0.860463448414402,0.00133382166179363,0.970866517070054,0.999999999999662,"EMP1","KO",FALSE,"Activated",1.46577774916124e-13
"FAT4",8.12682713034077e-07,0.859373330176004,0.00132692836324889,0.970941863311261,0.999999999999662,"EMP1","KO",FALSE,"Activated",1.46577774916124e-13
"FAT2",8.09232043568352e-07,0.857583655592206,0.00131568394944085,0.971065190610841,0.999999999999662,"EMP1","KO",FALSE,"Activated",1.46577774916124e-13
"PTHLH",8.08695823123846e-07,0.857304946017776,0.00131394090701782,0.971084355249659,0.999999999999662,"EMP1","KO",FALSE,"Activated",1.46577774916124e-13
"MEG3",8.05011584119117e-07,0.855385602294735,0.00130199613067424,0.971216031227959,0.999999999999662,"EMP1","KO",FALSE,"Activated",1.46577774916124e-13
"CCDC80",8.04463033091325e-07,0.855099169496094,0.0013002223227172,0.971235636698914,0.999999999999662,"EMP1","KO",FALSE,"Activated",1.46577774916124e-13
"SLC7A2",7.97725180005854e-07,0.851566855577058,0.00127853327404215,0.971476452142014,0.999999999999662,"EMP1","KO",FALSE,"Activated",1.46577774916124e-13
"IL24",7.93062470262329e-07,0.84910706783421,0.0012636308805795,0.971643102077236,0.999999999999662,"EMP1","KO",FALSE,"Activated",1.46577774916124e-13
"KLK5",7.90722198573777e-07,0.847867681089931,0.0012561841121795,0.971726746207961,0.999999999999662,"EMP1","KO",FALSE,"Activated",1.46577774916124e-13
"SPRY1",7.88892949370316e-07,0.846896682998786,0.00125037874627204,0.971792125995749,0.999999999999662,"EMP1","KO",FALSE,"Activated",1.46577774916124e-13
"MAP3K7CL",7.87019543923602e-07,0.845900195133982,0.00124444718104141,0.971859084182589,0.999999999999662,"EMP1","KO",FALSE,"Activated",1.46577774916124e-13
"GJB5",7.78544710712143e-07,0.841366143002463,0.00121779041315117,0.972161989299185,0.999999999999662,"EMP1","KO",FALSE,"Activated",1.46577774916124e-13
"NTN4",7.75509168486714e-07,0.839731578619538,0.00120831260782739,0.972270485778755,0.999999999999662,"EMP1","KO",FALSE,"Activated",1.46577774916124e-13
"TSTD1",7.75365622607518e-07,0.83965414371703,0.0012078653346032,0.972275616414409,0.999999999999662,"EMP1","KO",FALSE,"Activated",1.46577774916124e-13
"CITED4",7.71890148881101e-07,0.837775470023107,0.00119706140974911,0.972399837602126,0.999999999999662,"EMP1","KO",FALSE,"Activated",1.46577774916124e-13
"C16orf74",7.71573307529674e-07,0.837603831720277,0.00119607888467547,0.972411162252515,0.999999999999662,"EMP1","KO",FALSE,"Activated",1.46577774916124e-13
"GALNT15",7.55723754814324e-07,0.828937873279318,0.00114744421608407,0.972977669359411,0.999999999999662,"EMP1","KO",FALSE,"Activated",1.46577774916124e-13
"FERMT2",7.48357638666299e-07,0.824855920614021,0.00112518471966388,0.9732409595005,0.999999999999662,"EMP1","KO",FALSE,"Activated",1.46577774916124e-13
"RGS3",7.40798096856297e-07,0.820629941263584,0.00110256740575831,0.973511166366776,0.999999999999662,"EMP1","KO",FALSE,"Activated",1.46577774916124e-13
"NMNAT2",7.40510024954446e-07,0.820468154046147,0.00110171006842135,0.973521463215962,0.999999999999662,"EMP1","KO",FALSE,"Activated",1.46577774916124e-13
"A2M",7.4049872008161e-07,0.820461803866029,0.00110167643053196,0.973521867297706,0.999999999999662,"EMP1","KO",FALSE,"Activated",1.46577774916124e-13
"SLIT3",7.35256823301257e-07,0.817508112770945,0.00108613437981303,0.973709234558074,0.999999999999662,"EMP1","KO",FALSE,"Activated",1.46577774916124e-13
"GUCY1A1",7.319153557092e-07,0.815615608192693,0.00107628466241179,0.973828673308435,0.999999999999662,"EMP1","KO",FALSE,"Activated",1.46577774916124e-13
"COX7A1",7.31110615280205e-07,0.815158694812088,0.00107391921504237,0.973857438359092,0.999999999999662,"EMP1","KO",FALSE,"Activated",1.46577774916124e-13
"ST14",7.29102953140622e-07,0.814016862105435,0.00106802925372507,0.97392920140254,0.999999999999662,"EMP1","KO",FALSE,"Activated",1.46577774916124e-13
"SLC8A1",7.27856476680222e-07,0.813306554627296,0.00106438056366355,0.973973756288491,0.999999999999662,"EMP1","KO",FALSE,"Activated",1.46577774916124e-13
"LINC00632",7.23318045629462e-07,0.810711264368396,0.00105114840131507,0.974135981680066,0.999999999999662,"EMP1","KO",FALSE,"Activated",1.46577774916124e-13
"RCSD1",7.19234371084524e-07,0.80836377792961,0.00103931285908325,0.974281952797831,0.999999999999662,"EMP1","KO",FALSE,"Activated",1.46577774916124e-13
"SGIP1",7.1581241494613e-07,0.806387650259004,0.00102944674954942,0.974404271426946,0.999999999999662,"EMP1","KO",FALSE,"Activated",1.46577774916124e-13
"TXNIP",7.14200651664568e-07,0.805454006967402,0.00102481604900465,0.974461884494236,0.999999999999662,"EMP1","KO",FALSE,"Activated",1.46577774916124e-13
"SORL1",7.07116255306696e-07,0.801328180481755,0.0010045858941576,0.974715120405967,0.999999999999662,"EMP1","KO",FALSE,"Activated",1.46577774916124e-13
"PDE4B",7.05635456448669e-07,0.800461206937172,0.00100038281715329,0.974768052754401,0.999999999999662,"EMP1","KO",FALSE,"Activated",1.46577774916124e-13
"CD302",7.047570897634e-07,0.799946188540662,0.000997893837804089,0.974799450731891,0.999999999999662,"EMP1","KO",FALSE,"Activated",1.46577774916124e-13
"PPP1R14A",6.9927845928356e-07,0.796721090097839,0.000982439316875617,0.974995290000231,0.999999999999662,"EMP1","KO",FALSE,"Activated",1.46577774916124e-13
"GALNT6",6.98440202986476e-07,0.796225679605548,0.000980085340921395,0.975025254464996,0.999999999999662,"EMP1","KO",FALSE,"Activated",1.46577774916124e-13
"EBF1",6.95806570175825e-07,0.794665796004181,0.000972707992314801,0.975119397020088,0.999999999999662,"EMP1","KO",FALSE,"Activated",1.46577774916124e-13
"CTNNAL1",6.93201763298853e-07,0.793117879097009,0.000965438805755886,0.975212509496451,0.999999999999662,"EMP1","KO",FALSE,"Activated",1.46577774916124e-13
"LAMA2",6.9129715695684e-07,0.79198282408218,0.000960140911553907,0.975280592536175,0.999999999999662,"EMP1","KO",FALSE,"Activated",1.46577774916124e-13
"COL8A1",6.89201019104814e-07,0.790730447672245,0.000954327097847232,0.97535552236811,0.999999999999662,"EMP1","KO",FALSE,"Activated",1.46577774916124e-13
"CSPG4",6.87078459072199e-07,0.78945887288842,0.000948457990537246,0.97543139692516,0.999999999999662,"EMP1","KO",FALSE,"Activated",1.46577774916124e-13
"ITIH5",6.85730497346419e-07,0.788649549788211,0.00094474012996617,0.975479582249663,0.999999999999662,"EMP1","KO",FALSE,"Activated",1.46577774916124e-13
"PDZRN3",6.84556440786457e-07,0.787943501460881,0.000941507872322218,0.975521551093093,0.999999999999662,"EMP1","KO",FALSE,"Activated",1.46577774916124e-13
"NDRG2",6.73636650057691e-07,0.781325190308412,0.000911710273683993,0.97591190262844,0.999999999999662,"EMP1","KO",FALSE,"Activated",1.46577774916124e-13
"OMD",6.66175297428865e-07,0.776748606596013,0.00089162550448368,0.976178628137858,0.999999999999662,"EMP1","KO",FALSE,"Activated",1.46577774916124e-13
"TUBA1C",6.58446246509591e-07,0.771960126850094,0.000871056019574613,0.976454926029188,0.999999999999662,"EMP1","KO",FALSE,"Activated",1.46577774916124e-13
"TIMP3",6.55490889552054e-07,0.770116106680825,0.00086325430666409,0.976560574793668,0.999999999999662,"EMP1","KO",FALSE,"Activated",1.46577774916124e-13
"RORA",6.53982312745482e-07,0.769172001929709,0.00085928541288928,0.976614503894909,0.999999999999662,"EMP1","KO",FALSE,"Activated",1.46577774916124e-13
"DMD",6.51145596942334e-07,0.767391525451934,0.000851847101780282,0.976715912036339,0.999999999999662,"EMP1","KO",FALSE,"Activated",1.46577774916124e-13
"DAPP1",6.50743953066291e-07,0.767138881920285,0.000850796542110974,0.976730270205503,0.999999999999662,"EMP1","KO",FALSE,"Activated",1.46577774916124e-13
"TGFA",6.48814060008876e-07,0.765923020912927,0.000845757658245502,0.976799261107243,0.999999999999662,"EMP1","KO",FALSE,"Activated",1.46577774916124e-13
"C11orf96",6.48678796022799e-07,0.765837683602023,0.000845405049897088,0.976804096606759,0.999999999999662,"EMP1","KO",FALSE,"Activated",1.46577774916124e-13
"ADGRA2",6.43862541946848e-07,0.76278890727939,0.000832897873792407,0.976976271550673,0.999999999999662,"EMP1","KO",FALSE,"Activated",1.46577774916124e-13
"SLC3A2",6.18669203058954e-07,0.746507048049678,0.000768993075385468,0.977876918598987,0.999999999999662,"EMP1","KO",FALSE,"Activated",1.46577774916124e-13
"SLCO1B3",6.1408515040245e-07,0.743482072520346,0.000757639528013846,0.978040798851909,0.999999999999662,"EMP1","KO",FALSE,"Activated",1.46577774916124e-13
"MAP1LC3A",6.1130436953757e-07,0.741637386003196,0.000750793378779149,0.978140212444655,0.999999999999662,"EMP1","KO",FALSE,"Activated",1.46577774916124e-13
"KCNK1",6.09805439026305e-07,0.740639982803898,0.000747115972160439,0.978193799716196,0.999999999999662,"EMP1","KO",FALSE,"Activated",1.46577774916124e-13
"PRDM1",6.07273119141397e-07,0.738950052137853,0.000740923805876234,0.978284331229968,0.999999999999662,"EMP1","KO",FALSE,"Activated",1.46577774916124e-13
"NR2F2",6.07256291019721e-07,0.738938801301114,0.000740882743023919,0.978284932843417,0.999999999999662,"EMP1","KO",FALSE,"Activated",1.46577774916124e-13
"VSTM4",6.04599179510504e-07,0.737158883915276,0.000734413312668512,0.978379926013527,0.999999999999662,"EMP1","KO",FALSE,"Activated",1.46577774916124e-13
"AVPR1A",6.03199217069034e-07,0.736218328130968,0.000731016150594587,0.978429975549577,0.999999999999662,"EMP1","KO",FALSE,"Activated",1.46577774916124e-13
"DLC1",6.00988489264795e-07,0.734729155113697,0.000725667614927432,0.978509010629112,0.999999999999662,"EMP1","KO",FALSE,"Activated",1.46577774916124e-13
"ZEB2",5.94666727584729e-07,0.730444044631368,0.000710481400894803,0.978735019233233,0.999999999999662,"EMP1","KO",FALSE,"Activated",1.46577774916124e-13
"CNN1",5.90700615654732e-07,0.727735215878811,0.000701035935558009,0.978876812135692,0.999999999999662,"EMP1","KO",FALSE,"Activated",1.46577774916124e-13
"NREP",5.86407428350633e-07,0.724784941125663,0.000690882766964875,0.979030299097813,0.999999999999662,"EMP1","KO",FALSE,"Activated",1.46577774916124e-13
"MEGF10",5.81079451525456e-07,0.721097077200091,0.00067838536410929,0.97922078219379,0.999999999999662,"EMP1","KO",FALSE,"Activated",1.46577774916124e-13
"GUCY1B1",5.76665057213712e-07,0.718019012271487,0.000668117283083272,0.979378604254096,0.999999999999662,"EMP1","KO",FALSE,"Activated",1.46577774916124e-13
"LINC01705",5.76025679261306e-07,0.717571473654832,0.000666636553022522,0.979401463163995,0.999999999999662,"EMP1","KO",FALSE,"Activated",1.46577774916124e-13
"PDPN",5.68638953899616e-07,0.712369193963155,0.000649648811255658,0.979665553081385,0.999999999999662,"EMP1","KO",FALSE,"Activated",1.46577774916124e-13
"PLAU",5.68198539627803e-07,0.712057151178133,0.000648642887171686,0.979681298825962,0.999999999999662,"EMP1","KO",FALSE,"Activated",1.46577774916124e-13
"EHF",5.6440794639386e-07,0.709362622256514,0.000640017240563588,0.979816820902646,0.999999999999662,"EMP1","KO",FALSE,"Activated",1.46577774916124e-13
"HAS1",5.5820580731231e-07,0.704919398863156,0.000626028542594383,0.980038562321927,0.999999999999662,"EMP1","KO",FALSE,"Activated",1.46577774916124e-13
"CXCL6",5.56013561512614e-07,0.70333849924923,0.000621120985237831,0.980116940762386,0.999999999999662,"EMP1","KO",FALSE,"Activated",1.46577774916124e-13
"PMAIP1",5.49439543900553e-07,0.698564733298064,0.00060652018628199,0.980351979992181,0.999999999999662,"EMP1","KO",FALSE,"Activated",1.46577774916124e-13
"ADAMTS12",5.37883288126239e-07,0.690050188752212,0.000581274854257409,0.98076515207587,0.999999999999662,"EMP1","KO",FALSE,"Activated",1.46577774916124e-13
"RGS12",5.34551469354336e-07,0.687565512984728,0.000574095957866192,0.980884275922043,0.999999999999662,"EMP1","KO",FALSE,"Activated",1.46577774916124e-13
"IGFBP7",5.33983389264073e-07,0.687140516076459,0.000572876396390744,0.980904586758821,0.999999999999662,"EMP1","KO",FALSE,"Activated",1.46577774916124e-13
"PLPP3",5.33605568446982e-07,0.686857637722073,0.000572066003934155,0.980918095172463,0.999999999999662,"EMP1","KO",FALSE,"Activated",1.46577774916124e-13
"ADAM12",5.29790144626397e-07,0.683991093917936,0.00056391439895863,0.981054510204296,0.999999999999662,"EMP1","KO",FALSE,"Activated",1.46577774916124e-13
"FXYD1",5.2961084285471e-07,0.683855938405545,0.000563532762033522,0.981060920896833,0.999999999999662,"EMP1","KO",FALSE,"Activated",1.46577774916124e-13
"CPE",5.28876687866087e-07,0.683302121935043,0.000561971488728113,0.981087169629061,0.999999999999662,"EMP1","KO",FALSE,"Activated",1.46577774916124e-13
"C12orf75",5.27462876469463e-07,0.682233696516248,0.000558970941560311,0.981137718627132,0.999999999999662,"EMP1","KO",FALSE,"Activated",1.46577774916124e-13
"LAMC3",5.26530317111385e-07,0.681527579138946,0.000556996156993032,0.981171061122412,0.999999999999662,"EMP1","KO",FALSE,"Activated",1.46577774916124e-13
"PLXDC1",5.2558159223099e-07,0.680808094000671,0.000554990726286181,0.981204981629507,0.999999999999662,"EMP1","KO",FALSE,"Activated",1.46577774916124e-13
"PTPRC",5.24757256787824e-07,0.680182015862254,0.000553251168596408,0.981234454770778,0.999999999999662,"EMP1","KO",FALSE,"Activated",1.46577774916124e-13
"PKIG",5.24153668915543e-07,0.679723046490544,0.000551979176104214,0.981256035359323,0.999999999999662,"EMP1","KO",FALSE,"Activated",1.46577774916124e-13
"SHOX2",5.19437375982426e-07,0.676120704367367,0.000542090536498943,0.981424661447216,0.999999999999662,"EMP1","KO",FALSE,"Activated",1.46577774916124e-13
"COX4I2",5.17508225826559e-07,0.674638924291463,0.000538071449196513,0.981493636419384,0.999999999999662,"EMP1","KO",FALSE,"Activated",1.46577774916124e-13
"FOXQ1",5.15044304740455e-07,0.672739318754823,0.000532959996060142,0.981581731830631,0.999999999999662,"EMP1","KO",FALSE,"Activated",1.46577774916124e-13
"PTPRZ1",5.1238008346664e-07,0.670676290056764,0.000527460465799721,0.981676989058124,0.999999999999662,"EMP1","KO",FALSE,"Activated",1.46577774916124e-13
"PTGFR",5.07644694395868e-07,0.666986104508116,0.000517755995778736,0.981846299976152,0.999999999999662,"EMP1","KO",FALSE,"Activated",1.46577774916124e-13
"MGLL",4.97339753759465e-07,0.658850093463483,0.000496948957350327,0.982214749593803,0.999999999999662,"EMP1","KO",FALSE,"Activated",1.46577774916124e-13
"OVOL1",4.93136236006231e-07,0.655488751757602,0.000488584028102926,0.982365046023057,0.999999999999662,"EMP1","KO",FALSE,"Activated",1.46577774916124e-13
"TMEM176A",4.914223848447e-07,0.654111048582537,0.000485193868721491,0.982426324809379,0.999999999999662,"EMP1","KO",FALSE,"Activated",1.46577774916124e-13
"FABP5",4.91296228389058e-07,0.654009469365458,0.000484944785717546,0.982430835540352,0.999999999999662,"EMP1","KO",FALSE,"Activated",1.46577774916124e-13
"HIGD1B",4.86284868902531e-07,0.649955761356032,0.00047510209617547,0.98261001742578,0.999999999999662,"EMP1","KO",FALSE,"Activated",1.46577774916124e-13
"CYGB",4.79444786859496e-07,0.644363191912967,0.000461830525853009,0.982854586965648,0.999999999999662,"EMP1","KO",FALSE,"Activated",1.46577774916124e-13
"CA2",4.79401563183655e-07,0.644327629357889,0.000461747258233186,0.982856132448532,0.999999999999662,"EMP1","KO",FALSE,"Activated",1.46577774916124e-13
"MYADM",4.69673058494143e-07,0.636250904863096,0.000443196917685092,0.983203981340869,0.999999999999662,"EMP1","KO",FALSE,"Activated",1.46577774916124e-13
"POU2F2",4.62177205390502e-07,0.629926957199577,0.000429163203303935,0.983472002532804,0.999999999999662,"EMP1","KO",FALSE,"Activated",1.46577774916124e-13
"LMCD1",4.58309919616566e-07,0.62662899595833,0.000422011171819289,0.983610281660082,0.999999999999662,"EMP1","KO",FALSE,"Activated",1.46577774916124e-13
"RERG",4.57923969028341e-07,0.62629852398112,0.000421300705504103,0.983624081782028,0.999999999999662,"EMP1","KO",FALSE,"Activated",1.46577774916124e-13
"APOLD1",4.57824798733848e-07,0.626213569472213,0.000421118247306837,0.983627627734554,0.999999999999662,"EMP1","KO",FALSE,"Activated",1.46577774916124e-13
"ANGPT1",4.56465981881705e-07,0.625047905131542,0.000418622212146929,0.983676213889318,0.999999999999662,"EMP1","KO",FALSE,"Activated",1.46577774916124e-13
"F2RL2",4.55963214454983e-07,0.624615832696368,0.0004177005500233,0.983694190967562,0.999999999999662,"EMP1","KO",FALSE,"Activated",1.46577774916124e-13
"P3H2",4.55518384109033e-07,0.624233201844078,0.000416885943758253,0.983710096439914,0.999999999999662,"EMP1","KO",FALSE,"Activated",1.46577774916124e-13
"LINC02381",4.51651928547187e-07,0.620893494913255,0.000409838894839855,0.983848346727067,0.999999999999662,"EMP1","KO",FALSE,"Activated",1.46577774916124e-13
"TNS1",4.50318260387091e-07,0.619735696471145,0.000407422068749527,0.983896033927651,0.999999999999662,"EMP1","KO",FALSE,"Activated",1.46577774916124e-13
"TIMP1",4.44741876407571e-07,0.614861822399056,0.000397394161231952,0.984095426083786,0.999999999999662,"EMP1","KO",FALSE,"Activated",1.46577774916124e-13
"SLC25A4",4.4455265846288e-07,0.614695502898296,0.000397056085981881,0.984102191878912,0.999999999999662,"EMP1","KO",FALSE,"Activated",1.46577774916124e-13
"CCN2",4.44140556982303e-07,0.614333057215345,0.000396320283119039,0.984116927241046,0.999999999999662,"EMP1","KO",FALSE,"Activated",1.46577774916124e-13
"TPM2",4.41430952042525e-07,0.611942564516467,0.00039149930628129,0.98421381372999,0.999999999999662,"EMP1","KO",FALSE,"Activated",1.46577774916124e-13
"SOWAHC",4.34796777893868e-07,0.606034868955673,0.000379820208498157,0.984451030781904,0.999999999999662,"EMP1","KO",FALSE,"Activated",1.46577774916124e-13
"GK",4.3358463419552e-07,0.604946920934026,0.000377705404803364,0.984494373349902,0.999999999999662,"EMP1","KO",FALSE,"Activated",1.46577774916124e-13
"GJC1",4.25452642017521e-07,0.597578300786402,0.000363670340861304,0.984785149807583,0.999999999999662,"EMP1","KO",FALSE,"Activated",1.46577774916124e-13
"ADGRF5",4.24736858751936e-07,0.596923804289146,0.000362447689285514,0.984810744238751,0.999999999999662,"EMP1","KO",FALSE,"Activated",1.46577774916124e-13
"NPM3",4.24135421052286e-07,0.596373113821621,0.000361421946590277,0.984832250000617,0.999999999999662,"EMP1","KO",FALSE,"Activated",1.46577774916124e-13
"ISG15",4.21086255312299e-07,0.593570633431015,0.000356244005661971,0.984941279970194,0.999999999999662,"EMP1","KO",FALSE,"Activated",1.46577774916124e-13
"HRH2",4.17638432666833e-07,0.590380205958554,0.000350434090666701,0.985064565177685,0.999999999999662,"EMP1","KO",FALSE,"Activated",1.46577774916124e-13
"MMP28",4.15758612439408e-07,0.588630970111853,0.000347286532906719,0.98513178283047,0.999999999999662,"EMP1","KO",FALSE,"Activated",1.46577774916124e-13
"CASC15",4.15036158393233e-07,0.587956854947909,0.000346080638125032,0.985157616001827,0.999999999999662,"EMP1","KO",FALSE,"Activated",1.46577774916124e-13
"PTGS2",4.08851693009043e-07,0.582143651158885,0.000335843567586204,0.985378757834897,0.999999999999662,"EMP1","KO",FALSE,"Activated",1.46577774916124e-13
"PRSS23",4.0489825615929e-07,0.578386966491281,0.000329380016076123,0.985520123961874,0.999999999999662,"EMP1","KO",FALSE,"Activated",1.46577774916124e-13
"MT2A",4.03864535866684e-07,0.577399382309505,0.000327700324135298,0.985557087580326,0.999999999999662,"EMP1","KO",FALSE,"Activated",1.46577774916124e-13
"PPP1R14C",4.01187555558308e-07,0.574831526315329,0.000323370456771157,0.985652810793068,0.999999999999662,"EMP1","KO",FALSE,"Activated",1.46577774916124e-13
"EREG",3.94975630818554e-07,0.56881437893201,0.000313433950484806,0.985874937013221,0.999999999999662,"EMP1","KO",FALSE,"Activated",1.46577774916124e-13
"CYP7B1",3.94756059940358e-07,0.568600176550183,0.000313085565251561,0.985882788456431,0.999999999999662,"EMP1","KO",FALSE,"Activated",1.46577774916124e-13
"TMEM106C",3.86182255235471e-07,0.560153098768627,0.000299633289789518,0.986189372710091,0.999999999999662,"EMP1","KO",FALSE,"Activated",1.46577774916124e-13
"KCNMB1",3.84776880571282e-07,0.558752820613917,0.000297456437741291,0.986239626644689,0.999999999999662,"EMP1","KO",FALSE,"Activated",1.46577774916124e-13
"FILIP1L",3.8034316459454e-07,0.554305563568683,0.000290640856755412,0.986398169544287,0.999999999999662,"EMP1","KO",FALSE,"Activated",1.46577774916124e-13
"JAM2",3.79147325335104e-07,0.553098280739038,0.000288816118482984,0.986440931018769,0.999999999999662,"EMP1","KO",FALSE,"Activated",1.46577774916124e-13
"CYBRD1",3.78103407948152e-07,0.552041637744764,0.000287227896264361,0.986478260019667,0.999999999999662,"EMP1","KO",FALSE,"Activated",1.46577774916124e-13
"NECTIN1",3.78009954125598e-07,0.55194691984458,0.000287085928606726,0.986481601796879,0.999999999999662,"EMP1","KO",FALSE,"Activated",1.46577774916124e-13
"SRGN",3.7644349818733e-07,0.550356207727505,0.000284711516667534,0.986537616092597,0.999999999999662,"EMP1","KO",FALSE,"Activated",1.46577774916124e-13
"SDR16C5",3.73734457407319e-07,0.547591452254935,0.000280628461250336,0.986634487796903,0.999999999999662,"EMP1","KO",FALSE,"Activated",1.46577774916124e-13
"NQO1",3.69340415443525e-07,0.543069404463696,0.000274068485865187,0.986791613326499,0.999999999999662,"EMP1","KO",FALSE,"Activated",1.46577774916124e-13
"CPXM1",3.69121173105475e-07,0.542842540468164,0.000273743205559982,0.986799453175992,0.999999999999662,"EMP1","KO",FALSE,"Activated",1.46577774916124e-13
"LYPD3",3.58910072093684e-07,0.532143110914203,0.00025880742154612,0.98716459160055,0.999999999999662,"EMP1","KO",FALSE,"Activated",1.46577774916124e-13
"ABCA6",3.55445643804468e-07,0.528452241185081,0.000253835187830869,0.98728847659223,0.999999999999662,"EMP1","KO",FALSE,"Activated",1.46577774916124e-13
"DHCR24",3.44010156009995e-07,0.516040942148573,0.000237765020307144,0.987697402011609,0.999999999999662,"EMP1","KO",FALSE,"Activated",1.46577774916124e-13
"UPP1",3.39626115556471e-07,0.511186582153811,0.000231743514859055,0.987854173238249,0.999999999999662,"EMP1","KO",FALSE,"Activated",1.46577774916124e-13
"FIBIN",3.34559752467689e-07,0.505507701545668,0.000224881030154012,0.988035344585462,0.999999999999662,"EMP1","KO",FALSE,"Activated",1.46577774916124e-13
"CARMN",3.29977917366308e-07,0.500306539709052,0.000218763663758035,0.988199189915231,0.999999999999662,"EMP1","KO",FALSE,"Activated",1.46577774916124e-13
"PLXNC1",3.28648119495238e-07,0.498785123117771,0.000217003998894035,0.988246743263236,0.999999999999662,"EMP1","KO",FALSE,"Activated",1.46577774916124e-13
"MXD1",3.26015972996064e-07,0.495757691215028,0.000213541943501519,0.988340868501893,0.999999999999662,"EMP1","KO",FALSE,"Activated",1.46577774916124e-13
"AC134312.5",3.23483927752403e-07,0.49282507606957,0.000210237822188347,0.988431414284982,0.999999999999662,"EMP1","KO",FALSE,"Activated",1.46577774916124e-13
"S100A8",3.22284185296366e-07,0.491428491881959,0.00020868124716326,0.988474317053949,0.999999999999662,"EMP1","KO",FALSE,"Activated",1.46577774916124e-13
"NRG1",3.2109732032249e-07,0.490042399907761,0.000207147070685408,0.988516759357177,0.999999999999662,"EMP1","KO",FALSE,"Activated",1.46577774916124e-13
"CCN1",3.20897859348176e-07,0.489809016123334,0.000206889797136631,0.988523892086788,0.999999999999662,"EMP1","KO",FALSE,"Activated",1.46577774916124e-13
"TMEM47",3.20446280927506e-07,0.489280165775363,0.000206307922073803,0.988540040546203,0.999999999999662,"EMP1","KO",FALSE,"Activated",1.46577774916124e-13
"TPPP3",3.17894843108778e-07,0.486279788727519,0.000203035696410848,0.988631280135879,0.999999999999662,"EMP1","KO",FALSE,"Activated",1.46577774916124e-13
"ITGB6",3.15341520032497e-07,0.483255955806997,0.000199787239952049,0.98872258729134,0.999999999999662,"EMP1","KO",FALSE,"Activated",1.46577774916124e-13
"MSX2",3.14524767972745e-07,0.482284160079635,0.000198753660095873,0.988751794479316,0.999999999999662,"EMP1","KO",FALSE,"Activated",1.46577774916124e-13
"PCDH18",3.14448897471757e-07,0.482193774699957,0.000198657783888103,0.988754507621674,0.999999999999662,"EMP1","KO",FALSE,"Activated",1.46577774916124e-13
"NFIB",3.13277001482411e-07,0.480795244619053,0.000197179817528722,0.988796414843305,0.999999999999662,"EMP1","KO",FALSE,"Activated",1.46577774916124e-13
"HSPB2",3.1119351081887e-07,0.478297445193461,0.000194565797396227,0.988870920938693,0.999999999999662,"EMP1","KO",FALSE,"Activated",1.46577774916124e-13
"NR4A1",3.09365939279954e-07,0.47609433904653,0.000192287222997745,0.988936275388472,0.999999999999662,"EMP1","KO",FALSE,"Activated",1.46577774916124e-13
"TM4SF1",3.07975523075225e-07,0.474410550197495,0.0001905626733537,0.988985997095671,0.999999999999662,"EMP1","KO",FALSE,"Activated",1.46577774916124e-13
"S100A9",3.0459883301687e-07,0.470293439711942,0.000186406865637336,0.989106748738882,0.999999999999662,"EMP1","KO",FALSE,"Activated",1.46577774916124e-13
"DPYSL3",3.04227141955883e-07,0.4698378016839,0.000185952211944101,0.98912004055935,0.999999999999662,"EMP1","KO",FALSE,"Activated",1.46577774916124e-13
"MSX1",2.99280589561844e-07,0.46372706681466,0.000179954427058452,0.989296931530324,0.999999999999662,"EMP1","KO",FALSE,"Activated",1.46577774916124e-13
"CAVIN2",2.93363645880689e-07,0.45629999674081,0.000172909168539067,0.989508524826893,0.999999999999662,"EMP1","KO",FALSE,"Activated",1.46577774916124e-13
"AKAP12",2.92123882771956e-07,0.454727175072229,0.000171450818453418,0.989552859560073,0.999999999999662,"EMP1","KO",FALSE,"Activated",1.46577774916124e-13
"UACA",2.9022195396212e-07,0.45230287104077,0.000169225558943162,0.989620873831026,0.999999999999662,"EMP1","KO",FALSE,"Activated",1.46577774916124e-13
"AIM2",2.89655158966459e-07,0.451577705154068,0.000168565219241973,0.989641142821116,0.999999999999662,"EMP1","KO",FALSE,"Activated",1.46577774916124e-13
"DUSP4",2.87095444867749e-07,0.44828717228026,0.000165599124956546,0.989732680091537,0.999999999999662,"EMP1","KO",FALSE,"Activated",1.46577774916124e-13
"BTG2",2.84036890118662e-07,0.44432143231158,0.000162089518330291,0.989842056449893,0.999999999999662,"EMP1","KO",FALSE,"Activated",1.46577774916124e-13
"TESC",2.82970594066773e-07,0.442930050574684,0.000160874809953901,0.989880188092528,0.999999999999662,"EMP1","KO",FALSE,"Activated",1.46577774916124e-13
"PLCG2",2.80848909534888e-07,0.440147774432087,0.000158471408393457,0.989956061382535,0.999999999999662,"EMP1","KO",FALSE,"Activated",1.46577774916124e-13
"CRYAB",2.80353360905518e-07,0.439495278196436,0.000157912666632256,0.989973782646993,0.999999999999662,"EMP1","KO",FALSE,"Activated",1.46577774916124e-13
"EDNRA",2.78841750921329e-07,0.437498645005074,0.000156214389538459,0.990027839209403,0.999999999999662,"EMP1","KO",FALSE,"Activated",1.46577774916124e-13
"MMP19",2.76944293922581e-07,0.434978866300823,0.000154095613688557,0.990095694080467,0.999999999999662,"EMP1","KO",FALSE,"Activated",1.46577774916124e-13
"KLF2",2.75722244588125e-07,0.433347977562408,0.000152738684003763,0.990139395767567,0.999999999999662,"EMP1","KO",FALSE,"Activated",1.46577774916124e-13
"KHDC1L",2.75390461643866e-07,0.432904100673019,0.000152371317195896,0.99015126065735,0.999999999999662,"EMP1","KO",FALSE,"Activated",1.46577774916124e-13
"MTHFD2",2.73115067267082e-07,0.429847243959117,0.00014986380459678,0.990232631093614,0.999999999999662,"EMP1","KO",FALSE,"Activated",1.46577774916124e-13
"EPB41L1",2.71397351740403e-07,0.427524750621253,0.00014798464154605,0.990294058429657,0.999999999999662,"EMP1","KO",FALSE,"Activated",1.46577774916124e-13
"FOXS1",2.71327649591878e-07,0.427430235392318,0.000147908638424921,0.990296551053916,0.999999999999662,"EMP1","KO",FALSE,"Activated",1.46577774916124e-13
"PDLIM4",2.70448128292158e-07,0.426235780645295,0.000146951287018729,0.990328003695486,0.999999999999662,"EMP1","KO",FALSE,"Activated",1.46577774916124e-13
"GPX3",2.68485898445108e-07,0.423558588516473,0.000144826619807631,0.99039817523046,0.999999999999662,"EMP1","KO",FALSE,"Activated",1.46577774916124e-13
"VAMP5",2.68427967638385e-07,0.423479289196465,0.000144764128497449,0.990400246902061,0.999999999999662,"EMP1","KO",FALSE,"Activated",1.46577774916124e-13
"IL1RN",2.62393566495537e-07,0.415135557634203,0.000138328541826381,0.99061604430888,0.999999999999662,"EMP1","KO",FALSE,"Activated",1.46577774916124e-13
"NFKBIZ",2.62259617107792e-07,0.414948442994814,0.00013818734709902,0.990620834507142,0.999999999999662,"EMP1","KO",FALSE,"Activated",1.46577774916124e-13
"PCLAF",2.61687546271322e-07,0.414148368590659,0.000137585144347248,0.990641292482222,0.999999999999662,"EMP1","KO",FALSE,"Activated",1.46577774916124e-13
"PAG1",2.5649214690092e-07,0.406811150816685,0.000132176296550968,0.990827086800466,0.999999999999662,"EMP1","KO",FALSE,"Activated",1.46577774916124e-13
"GEM",2.55942628402563e-07,0.406027480432241,0.000131610544229217,0.990846738334357,0.999999999999662,"EMP1","KO",FALSE,"Activated",1.46577774916124e-13
"RPA3",2.55770355921649e-07,0.405781497880689,0.000131433432314215,0.99085289903529,0.999999999999662,"EMP1","KO",FALSE,"Activated",1.46577774916124e-13
"CACNA2D3",2.55079321551344e-07,0.404793327102091,0.000130724184173614,0.99087761138059,0.999999999999662,"EMP1","KO",FALSE,"Activated",1.46577774916124e-13
"EGFLAM",2.52310612539642e-07,0.400810386151616,0.000127901744974132,0.990976624333582,0.999999999999662,"EMP1","KO",FALSE,"Activated",1.46577774916124e-13
"IKZF1",2.52013522130774e-07,0.400380728716692,0.0001276007191062,0.990987248715377,0.999999999999662,"EMP1","KO",FALSE,"Activated",1.46577774916124e-13
"SCD",2.48437615939194e-07,0.395173998621158,0.000124005269283698,0.991115128406537,0.999999999999662,"EMP1","KO",FALSE,"Activated",1.46577774916124e-13
"LURAP1L",2.47990083436955e-07,0.39451773989817,0.000123558908510319,0.991131132846478,0.999999999999662,"EMP1","KO",FALSE,"Activated",1.46577774916124e-13
"VEGFC",2.47551779806203e-07,0.393874005815183,0.000123122532515982,0.991146807251459,0.999999999999662,"EMP1","KO",FALSE,"Activated",1.46577774916124e-13
"BIRC5",2.47212998433704e-07,0.393375753574606,0.000122785770010473,0.991158922591343,0.999999999999662,"EMP1","KO",FALSE,"Activated",1.46577774916124e-13
"FLNB",2.45791911514866e-07,0.391279181208165,0.000121378176292078,0.99120974285461,0.999999999999662,"EMP1","KO",FALSE,"Activated",1.46577774916124e-13
"CKS1B",2.45429594154867e-07,0.390742941339293,0.000121020597338651,0.991222699888762,0.999999999999662,"EMP1","KO",FALSE,"Activated",1.46577774916124e-13
"HSPB6",2.44963877429299e-07,0.390052645828492,0.000120561746057099,0.991239354648971,0.999999999999662,"EMP1","KO",FALSE,"Activated",1.46577774916124e-13
"GLIPR1",2.43507417097667e-07,0.387886387901328,0.000119132381064117,0.991291439978321,0.999999999999662,"EMP1","KO",FALSE,"Activated",1.46577774916124e-13
"TPM1",2.38904755471515e-07,0.380965064453474,0.000114671375761209,0.991456038694312,0.999999999999662,"EMP1","KO",FALSE,"Activated",1.46577774916124e-13
"SAMD9",2.37692805808509e-07,0.379123114265571,0.000113510884614049,0.991499380059434,0.999999999999662,"EMP1","KO",FALSE,"Activated",1.46577774916124e-13
"EGFL6",2.37557146562332e-07,0.378916423300662,0.000113381352660556,0.991504231464566,0.999999999999662,"EMP1","KO",FALSE,"Activated",1.46577774916124e-13
"HLA-DQB1",2.35698838416456e-07,0.376074615970852,0.000111614422925859,0.991570687752731,0.999999999999662,"EMP1","KO",FALSE,"Activated",1.46577774916124e-13
"TBX2",2.34705369823321e-07,0.374547281722688,0.000110675498203925,0.991606215918439,0.999999999999662,"EMP1","KO",FALSE,"Activated",1.46577774916124e-13
"CD3D",2.33614912784015e-07,0.372864292346058,0.000109649475522918,0.991645212578918,0.999999999999662,"EMP1","KO",FALSE,"Activated",1.46577774916124e-13
"RGS16",2.33307916575978e-07,0.372389236582501,0.000109361481447601,0.991656191306545,0.999999999999662,"EMP1","KO",FALSE,"Activated",1.46577774916124e-13
"EPHA2",2.32067430322993e-07,0.37046406252786,0.000108201634290002,0.991700553306052,0.999999999999662,"EMP1","KO",FALSE,"Activated",1.46577774916124e-13
"CKAP2",2.32024447619402e-07,0.370397193677362,0.000108161556558576,0.991702090444607,0.999999999999662,"EMP1","KO",FALSE,"Activated",1.46577774916124e-13
"TK1",2.3154004537179e-07,0.369642848865998,0.000107710405742949,0.991719413539723,0.999999999999662,"EMP1","KO",FALSE,"Activated",1.46577774916124e-13
"EFNB2",2.30237537454872e-07,0.367607600435494,0.000106501983664151,0.991765993583503,0.999999999999662,"EMP1","KO",FALSE,"Activated",1.46577774916124e-13
"SORBS1",2.26196443956366e-07,0.361228169737217,0.000102796180885338,0.991910510589006,0.999999999999662,"EMP1","KO",FALSE,"Activated",1.46577774916124e-13
"H2AFZ",2.23608752889992e-07,0.357090387363389,0.000100457654205752,0.992003051365087,0.999999999999662,"EMP1","KO",FALSE,"Activated",1.46577774916124e-13
"RUNX1T1",2.22792240420162e-07,0.355776037793479,9.97253468309957e-05,0.992032251433268,0.999999999999662,"EMP1","KO",FALSE,"Activated",1.46577774916124e-13
"FAM162B",2.20339611297126e-07,0.351802424947161,9.75417609260492e-05,0.992119962267497,0.999999999999662,"EMP1","KO",FALSE,"Activated",1.46577774916124e-13
"SLA",2.19700259248416e-07,0.350760203751381,9.69765148929466e-05,0.992142826768092,0.999999999999662,"EMP1","KO",FALSE,"Activated",1.46577774916124e-13
"DEPP1",2.19480056815248e-07,0.350400630653627,9.67822159606183e-05,0.992150701646463,0.999999999999662,"EMP1","KO",FALSE,"Activated",1.46577774916124e-13
"ECEL1",2.19167338618985e-07,0.349889442034062,9.65066191792814e-05,0.992161885074429,0.999999999999662,"EMP1","KO",FALSE,"Activated",1.46577774916124e-13
"CPM",2.18964330037052e-07,0.349557248708149,9.63279192103808e-05,0.992169145068051,0.999999999999662,"EMP1","KO",FALSE,"Activated",1.46577774916124e-13
"S1PR3",2.18940567519127e-07,0.349518347210409,9.63070128855648e-05,0.992169994863344,0.999999999999662,"EMP1","KO",FALSE,"Activated",1.46577774916124e-13
"STMN1",2.18073548217533e-07,0.348096413205797,9.55457587504985e-05,0.992201001218275,0.999999999999662,"EMP1","KO",FALSE,"Activated",1.46577774916124e-13
"FAM13C",2.17806265882317e-07,0.347657062453443,9.53116905330396e-05,0.992210559774813,0.999999999999662,"EMP1","KO",FALSE,"Activated",1.46577774916124e-13
"AC058791.1",2.16840583181906e-07,0.346065747671261,9.44684015614694e-05,0.992245094549323,0.999999999999662,"EMP1","KO",FALSE,"Activated",1.46577774916124e-13
"GASK1B",2.16785614299614e-07,0.345974979350946,9.44205123316794e-05,0.992247060348624,0.999999999999662,"EMP1","KO",FALSE,"Activated",1.46577774916124e-13
"CLU",2.16547670981959e-07,0.345581838146661,9.42133546720742e-05,0.992255569687325,0.999999999999662,"EMP1","KO",FALSE,"Activated",1.46577774916124e-13
"BMP2",2.14987282602555e-07,0.342994252150022,9.28604907361734e-05,0.992311372382433,0.999999999999662,"EMP1","KO",FALSE,"Activated",1.46577774916124e-13
"POSTN",2.14680126709218e-07,0.342482955463343,9.25953376419669e-05,0.992322356912836,0.999999999999662,"EMP1","KO",FALSE,"Activated",1.46577774916124e-13
"COL14A1",2.11545036327769e-07,0.337227173964988,8.99106449232675e-05,0.992434474315787,0.999999999999662,"EMP1","KO",FALSE,"Activated",1.46577774916124e-13
"SYNM",2.08757922579843e-07,0.332497020109931,8.75570995534293e-05,0.9925341474705,0.999999999999662,"EMP1","KO",FALSE,"Activated",1.46577774916124e-13
"CST7",2.07053560591118e-07,0.329577070736859,8.61332511507617e-05,0.99259509916169,0.999999999999662,"EMP1","KO",FALSE,"Activated",1.46577774916124e-13
"C1orf54",2.06823504100965e-07,0.329181318106363,8.59419527744898e-05,0.9926033264854,0.999999999999662,"EMP1","KO",FALSE,"Activated",1.46577774916124e-13
"TMEM119",2.05231353174899e-07,0.326431793593001,8.46238638661319e-05,0.992660265309438,0.999999999999662,"EMP1","KO",FALSE,"Activated",1.46577774916124e-13
"LCP1",2.04838976766852e-07,0.325751313828449,8.43005929242392e-05,0.992674297559803,0.999999999999662,"EMP1","KO",FALSE,"Activated",1.46577774916124e-13
"CD4",2.03923908246666e-07,0.324159896972791,8.35490902945159e-05,0.992707022447855,0.999999999999662,"EMP1","KO",FALSE,"Activated",1.46577774916124e-13
"CKB",2.0361290467576e-07,0.323617595886275,8.32944438280812e-05,0.992718144630922,0.999999999999662,"EMP1","KO",FALSE,"Activated",1.46577774916124e-13
"C3",2.02066690921734e-07,0.320910599200735,8.20341896947392e-05,0.992773440712903,0.999999999999662,"EMP1","KO",FALSE,"Activated",1.46577774916124e-13
"HAS3",2.02039057209369e-07,0.320862054964839,8.20117539911043e-05,0.992774428956934,0.999999999999662,"EMP1","KO",FALSE,"Activated",1.46577774916124e-13
"C6orf141",2.01960028966837e-07,0.320723193606462,8.19476082037074e-05,0.992777255185624,0.999999999999662,"EMP1","KO",FALSE,"Activated",1.46577774916124e-13
"MAP1B",2.0062687160196e-07,0.318373469717577,8.08692911103984e-05,0.992824931921801,0.999999999999662,"EMP1","KO",FALSE,"Activated",1.46577774916124e-13
"TNFSF10",2.00499105127361e-07,0.318147558877499,8.07663229075119e-05,0.992829501142554,0.999999999999662,"EMP1","KO",FALSE,"Activated",1.46577774916124e-13
"DENND2C",1.99864740176429e-07,0.317024028815924,8.0256053577691e-05,0.99285218748459,0.999999999999662,"EMP1","KO",FALSE,"Activated",1.46577774916124e-13
"TUBA1B",1.99137428308009e-07,0.315732020845037,7.96730095323027e-05,0.992878197828162,0.999999999999662,"EMP1","KO",FALSE,"Activated",1.46577774916124e-13
"PDE3A",1.9902466195758e-07,0.315531330157538,7.95828015712675e-05,0.992882230612637,0.999999999999662,"EMP1","KO",FALSE,"Activated",1.46577774916124e-13
"ANXA3",1.98888417844636e-07,0.315288722805016,7.94738806278081e-05,0.992887103016229,0.999999999999662,"EMP1","KO",FALSE,"Activated",1.46577774916124e-13
"COL11A1",1.97791415533715e-07,0.313329976839604,7.85995954848125e-05,0.992926334357673,0.999999999999662,"EMP1","KO",FALSE,"Activated",1.46577774916124e-13
"TMEM40",1.95068026291638e-07,0.308425702361424,7.64500217514979e-05,0.993023729133471,0.999999999999662,"EMP1","KO",FALSE,"Activated",1.46577774916124e-13
"FAM20C",1.94010268741303e-07,0.306504674837764,7.56231682461313e-05,0.993061557048196,0.999999999999662,"EMP1","KO",FALSE,"Activated",1.46577774916124e-13
"SLC2A3",1.93346585373075e-07,0.305294638430767,7.51066595792936e-05,0.993085291944986,0.999999999999662,"EMP1","KO",FALSE,"Activated",1.46577774916124e-13
"EPDR1",1.93181330629013e-07,0.304992776830422,7.49783260213658e-05,0.993091201848887,0.999999999999662,"EMP1","KO",FALSE,"Activated",1.46577774916124e-13
"FMO1",1.90924779970339e-07,0.300848016553808,7.32369131998886e-05,0.993171901521745,0.999999999999662,"EMP1","KO",FALSE,"Activated",1.46577774916124e-13
"LINC00472",1.86401822773784e-07,0.292409246386979,6.98080880674708e-05,0.99333365354687,0.999999999999662,"EMP1","KO",FALSE,"Activated",1.46577774916124e-13
"ADAMTS14",1.84654055007002e-07,0.289100105943037,6.85051358934108e-05,0.993396158075885,0.999999999999662,"EMP1","KO",FALSE,"Activated",1.46577774916124e-13
"ADAMTS9",1.83323196015636e-07,0.286561829640105,6.75212189315137e-05,0.993443752935776,0.999999999999662,"EMP1","KO",FALSE,"Activated",1.46577774916124e-13
"ADM",1.82629904641419e-07,0.285233137066704,6.70114813409324e-05,0.993468546785723,0.999999999999662,"EMP1","KO",FALSE,"Activated",1.46577774916124e-13
"KRT6C",1.82259676483233e-07,0.284521780308888,6.67400647800971e-05,0.993481787081988,0.999999999999662,"EMP1","KO",FALSE,"Activated",1.46577774916124e-13
"SQLE",1.81488978960493e-07,0.283036883195335,6.61768282770084e-05,0.993509349182375,0.999999999999662,"EMP1","KO",FALSE,"Activated",1.46577774916124e-13
"GUCY1A2",1.79163631238369e-07,0.278522860996772,6.449189612344e-05,0.993592509568302,0.999999999999662,"EMP1","KO",FALSE,"Activated",1.46577774916124e-13
"ARHGAP15",1.78431746407728e-07,0.277091465170797,6.39660725212477e-05,0.993618683657442,0.999999999999662,"EMP1","KO",FALSE,"Activated",1.46577774916124e-13
"SOD3",1.77310387252641e-07,0.274888318397936,6.31646058401503e-05,0.993658786366225,0.999999999999662,"EMP1","KO",FALSE,"Activated",1.46577774916124e-13
"MCM4",1.76817389315062e-07,0.27391584679343,6.28138454626071e-05,0.993676417254886,0.999999999999662,"EMP1","KO",FALSE,"Activated",1.46577774916124e-13
"PRKAR2B",1.75987875475648e-07,0.272274189933074,6.22258633325873e-05,0.993706082834525,0.999999999999662,"EMP1","KO",FALSE,"Activated",1.46577774916124e-13
"ITGA11",1.75633451091502e-07,0.271570691111694,6.19754806805045e-05,0.993718757978082,0.999999999999662,"EMP1","KO",FALSE,"Activated",1.46577774916124e-13
"FADS1",1.74976006743139e-07,0.270262419822499,6.15123665233883e-05,0.993742269912801,0.999999999999662,"EMP1","KO",FALSE,"Activated",1.46577774916124e-13
"RNF19B",1.7475995544567e-07,0.269831549724698,6.13605557460059e-05,0.993749996475201,0.999999999999662,"EMP1","KO",FALSE,"Activated",1.46577774916124e-13
"FMO3",1.73654191638868e-07,0.267618981437724,6.05865154231525e-05,0.993789541505169,0.999999999999662,"EMP1","KO",FALSE,"Activated",1.46577774916124e-13
"CDK6",1.72811293928495e-07,0.265924069927029,5.99997827339597e-05,0.993819685760522,0.999999999999662,"EMP1","KO",FALSE,"Activated",1.46577774916124e-13
"EPPK1",1.72753084022664e-07,0.265806752849081,5.99593687841382e-05,0.993821767501306,0.999999999999662,"EMP1","KO",FALSE,"Activated",1.46577774916124e-13
"MT1M",1.71435325616482e-07,0.263141594586926,5.90481189323567e-05,0.993868894051878,0.999999999999662,"EMP1","KO",FALSE,"Activated",1.46577774916124e-13
"ABI3BP",1.70091015370876e-07,0.260404139185178,5.81256980046067e-05,0.993916970188991,0.999999999999662,"EMP1","KO",FALSE,"Activated",1.46577774916124e-13
"ENPEP",1.69974834223432e-07,0.260166665625186,5.80463192801049e-05,0.993921125139227,0.999999999999662,"EMP1","KO",FALSE,"Activated",1.46577774916124e-13
"HCAR2",1.69289455162303e-07,0.258762848230233,5.75791498518169e-05,0.99394563614074,0.999999999999662,"EMP1","KO",FALSE,"Activated",1.46577774916124e-13
"NTRK2",1.6871127184956e-07,0.257574707685674,5.71865152037669e-05,0.99396631353797,0.999999999999662,"EMP1","KO",FALSE,"Activated",1.46577774916124e-13
"CXCR4",1.68500181702856e-07,0.257140036104586,5.7043502139317e-05,0.993973862692888,0.999999999999662,"EMP1","KO",FALSE,"Activated",1.46577774916124e-13
"ITGAV",1.65918060688417e-07,0.251783942563325,5.53086119706643e-05,0.994066206371796,0.999999999999662,"EMP1","KO",FALSE,"Activated",1.46577774916124e-13
"CENPW",1.65184432230707e-07,0.250248829996807,5.48205847415502e-05,0.994092442937757,0.999999999999662,"EMP1","KO",FALSE,"Activated",1.46577774916124e-13
"ALPL",1.64486515358683e-07,0.248782878261869,5.43583210239656e-05,0.994117402365389,0.999999999999662,"EMP1","KO",FALSE,"Activated",1.46577774916124e-13
"TRAC",1.62849740011375e-07,0.24532334805706,5.32818840198903e-05,0.994175937977863,0.999999999999662,"EMP1","KO",FALSE,"Activated",1.46577774916124e-13
"TJP2",1.62539538859274e-07,0.244664260593834,5.30790914309463e-05,0.994187031632381,0.999999999999662,"EMP1","KO",FALSE,"Activated",1.46577774916124e-13
"PLAT",1.62479608440114e-07,0.244536798577622,5.30399567591863e-05,0.994189174910706,0.999999999999662,"EMP1","KO",FALSE,"Activated",1.46577774916124e-13
"CD3G",1.62455612325514e-07,0.244485751268508,5.30242912992741e-05,0.994190033078456,0.999999999999662,"EMP1","KO",FALSE,"Activated",1.46577774916124e-13
"ADRB2",1.61806463837612e-07,0.243102289708961,5.26013835505208e-05,0.994213248435109,0.999999999999662,"EMP1","KO",FALSE,"Activated",1.46577774916124e-13
"PDGFB",1.61406134867462e-07,0.242246679976916,5.23414210329616e-05,0.994227565315731,0.999999999999662,"EMP1","KO",FALSE,"Activated",1.46577774916124e-13
"CPA4",1.6068876176669e-07,0.240708791278341,5.18771897897806e-05,0.994253220583449,0.999999999999662,"EMP1","KO",FALSE,"Activated",1.46577774916124e-13
"NR2F1",1.59693817843529e-07,0.23856584529757,5.12367579261044e-05,0.99428880256964,0.999999999999662,"EMP1","KO",FALSE,"Activated",1.46577774916124e-13
"SLAMF8",1.59562216512794e-07,0.23828152050613,5.11523458018921e-05,0.994293509003311,0.999999999999662,"EMP1","KO",FALSE,"Activated",1.46577774916124e-13
"HSPB8",1.59123597695811e-07,0.237332395353657,5.0871508090678e-05,0.994309195247105,0.999999999999662,"EMP1","KO",FALSE,"Activated",1.46577774916124e-13
"HMGB3",1.58750202550194e-07,0.236522595830911,5.06330407902381e-05,0.994322548910512,0.999999999999662,"EMP1","KO",FALSE,"Activated",1.46577774916124e-13
"HEPHL1",1.58683495356839e-07,0.236377748805106,5.05904974945089e-05,0.994324934548033,0.999999999999662,"EMP1","KO",FALSE,"Activated",1.46577774916124e-13
"LYAR",1.58632676715651e-07,0.236267366072318,5.05580993089251e-05,0.994326751966115,0.999999999999662,"EMP1","KO",FALSE,"Activated",1.46577774916124e-13
"ADAMTS1",1.56524317072398e-07,0.231660227667541,4.92231121828593e-05,0.994402152885216,0.999999999999662,"EMP1","KO",FALSE,"Activated",1.46577774916124e-13
"PTTG1",1.5445344351467e-07,0.227081659351234,4.79292490201608e-05,0.994476213244277,0.999999999999662,"EMP1","KO",FALSE,"Activated",1.46577774916124e-13
"TNNT1",1.53405120336467e-07,0.224743302294951,4.72808357999669e-05,0.994513704296475,0.999999999999662,"EMP1","KO",FALSE,"Activated",1.46577774916124e-13
"KIF20B",1.52545431290296e-07,0.222815214261569,4.67523928996587e-05,0.994544449258578,0.999999999999662,"EMP1","KO",FALSE,"Activated",1.46577774916124e-13
"SLC7A8",1.5211882780122e-07,0.221854895437874,4.64912661602375e-05,0.994559705833906,0.999999999999662,"EMP1","KO",FALSE,"Activated",1.46577774916124e-13
"SLITRK6",1.51722136509654e-07,0.220959787636619,4.62491050349027e-05,0.994573892664273,0.999999999999662,"EMP1","KO",FALSE,"Activated",1.46577774916124e-13
"HMCN1",1.51336902671682e-07,0.220088564277246,4.60145433334538e-05,0.994587669744533,0.999999999999662,"EMP1","KO",FALSE,"Activated",1.46577774916124e-13
"MKI67",1.51089736548841e-07,0.219528561313484,4.58643625304441e-05,0.994596509123382,0.999999999999662,"EMP1","KO",FALSE,"Activated",1.46577774916124e-13
"DUSP2",1.51018231062975e-07,0.219366401730802,4.5820960807037e-05,0.994599066367484,0.999999999999662,"EMP1","KO",FALSE,"Activated",1.46577774916124e-13
"DHCR7",1.50638156256291e-07,0.218503338054835,4.55906114297165e-05,0.994612658948706,0.999999999999662,"EMP1","KO",FALSE,"Activated",1.46577774916124e-13
"HMGB2",1.50068933825394e-07,0.21720718081808,4.52467122757273e-05,0.99463301600237,0.999999999999662,"EMP1","KO",FALSE,"Activated",1.46577774916124e-13
"COL13A1",1.50025235506531e-07,0.217107498556062,4.52203654850811e-05,0.994634578781797,0.999999999999662,"EMP1","KO",FALSE,"Activated",1.46577774916124e-13
"ENPP1",1.48820727115828e-07,0.214349754074785,4.44971584263036e-05,0.99467765552559,0.999999999999662,"EMP1","KO",FALSE,"Activated",1.46577774916124e-13
"POU3F1",1.47999397606158e-07,0.212458046985104,4.40073613324915e-05,0.994707028680526,0.999999999999662,"EMP1","KO",FALSE,"Activated",1.46577774916124e-13
"HSPA2",1.44290905615337e-07,0.203800090552924,4.18295653767349e-05,0.994839655332106,0.999999999999662,"EMP1","KO",FALSE,"Activated",1.46577774916124e-13
"UBE2T",1.42664123999033e-07,0.199940373649051,4.08916826638991e-05,0.99489783390356,0.999999999999662,"EMP1","KO",FALSE,"Activated",1.46577774916124e-13
"RDH5",1.42380548952306e-07,0.199263609821565,4.07292825329134e-05,0.994907975397344,0.999999999999662,"EMP1","KO",FALSE,"Activated",1.46577774916124e-13
"PCNA",1.42248823930592e-07,0.198948839921795,4.06539550547002e-05,0.994912686279291,0.999999999999662,"EMP1","KO",FALSE,"Activated",1.46577774916124e-13
"GAS7",1.40949971718991e-07,0.195831327361816,3.99149344042447e-05,0.994959137140361,0.999999999999662,"EMP1","KO",FALSE,"Activated",1.46577774916124e-13
"NEGR1",1.40492353493575e-07,0.194726939535582,3.96561738000281e-05,0.994975502948356,0.999999999999662,"EMP1","KO",FALSE,"Activated",1.46577774916124e-13
"CD3E",1.39336121677924e-07,0.191922426654113,3.9006130546629e-05,0.995016853294878,0.999999999999662,"EMP1","KO",FALSE,"Activated",1.46577774916124e-13
"HLA-DRA",1.35380431898374e-07,0.182170583905151,3.68228352035588e-05,0.99515832082514,0.999999999999662,"EMP1","KO",FALSE,"Activated",1.46577774916124e-13
"CD69",1.35315089413945e-07,0.182007407601871,3.67872980902368e-05,0.995160657672949,0.999999999999662,"EMP1","KO",FALSE,"Activated",1.46577774916124e-13
"FMNL1",1.34822222417176e-07,0.180774363557785,3.65198005790931e-05,0.995178284110927,0.999999999999662,"EMP1","KO",FALSE,"Activated",1.46577774916124e-13
"CD52",1.34217249990854e-07,0.179255435417542,3.61927936034341e-05,0.99519991978669,0.999999999999662,"EMP1","KO",FALSE,"Activated",1.46577774916124e-13
"KCNE4",1.34178778740828e-07,0.179158641010313,3.61720483943076e-05,0.995201295637105,0.999999999999662,"EMP1","KO",FALSE,"Activated",1.46577774916124e-13
"SUSD2",1.33485986650359e-07,0.177411379684606,3.57994855331334e-05,0.995226072018912,0.999999999999662,"EMP1","KO",FALSE,"Activated",1.46577774916124e-13
"SGCD",1.33141725533631e-07,0.176540170695792,3.56150694926844e-05,0.995238383859902,0.999999999999662,"EMP1","KO",FALSE,"Activated",1.46577774916124e-13
"PRC1",1.28832101679449e-07,0.165463243411647,3.33467579384683e-05,0.995392509416747,0.999999999999662,"EMP1","KO",FALSE,"Activated",1.46577774916124e-13
"CDKN1A",1.28760786326092e-07,0.165277223129085,3.33098497830789e-05,0.995395059877117,0.999999999999662,"EMP1","KO",FALSE,"Activated",1.46577774916124e-13
"IL7R",1.28036283973765e-07,0.163382273382014,3.29360532247501e-05,0.995420970352775,0.999999999999662,"EMP1","KO",FALSE,"Activated",1.46577774916124e-13
"ECM2",1.27927819368474e-07,0.163097772448521,3.2880273991817e-05,0.995424849387547,0.999999999999662,"EMP1","KO",FALSE,"Activated",1.46577774916124e-13
"AC245041.2",1.2723147919661e-07,0.161266223139582,3.25232985960932e-05,0.995449752700578,0.999999999999662,"EMP1","KO",FALSE,"Activated",1.46577774916124e-13
"RUNX3",1.27181132972146e-07,0.161133459081497,3.2497564377919e-05,0.995451553239967,0.999999999999662,"EMP1","KO",FALSE,"Activated",1.46577774916124e-13
"HSBP1L1",1.27056923330367e-07,0.160805718198377,3.24341188080395e-05,0.995455995367652,0.999999999999662,"EMP1","KO",FALSE,"Activated",1.46577774916124e-13
"AC016831.1",1.26256876582568e-07,0.158687940432664,3.20269451744497e-05,0.995484607560514,0.999999999999662,"EMP1","KO",FALSE,"Activated",1.46577774916124e-13
"PTPN22",1.25313110660287e-07,0.156174529765336,3.15499339997216e-05,0.995518359611417,0.999999999999662,"EMP1","KO",FALSE,"Activated",1.46577774916124e-13
"OLFML2A",1.25211392630532e-07,0.155902646055159,3.14987359305307e-05,0.995521997369985,0.999999999999662,"EMP1","KO",FALSE,"Activated",1.46577774916124e-13
"TNFRSF19",1.2493732072788e-07,0.155169108747223,3.13609933477983e-05,0.995531799048821,0.999999999999662,"EMP1","KO",FALSE,"Activated",1.46577774916124e-13
"CD2",1.24300405598445e-07,0.153458971820421,3.10420593770886e-05,0.995554577152658,0.999999999999662,"EMP1","KO",FALSE,"Activated",1.46577774916124e-13
"CXCL8",1.2363822776846e-07,0.151672827941349,3.07122034645154e-05,0.995578258734583,0.999999999999662,"EMP1","KO",FALSE,"Activated",1.46577774916124e-13
"GSN",1.2343250613613e-07,0.151116209084738,3.061008442987e-05,0.995585615994211,0.999999999999662,"EMP1","KO",FALSE,"Activated",1.46577774916124e-13
"AL161431.1",1.22754934721303e-07,0.149277134631876,3.02749443233147e-05,0.995609848104877,0.999999999999662,"EMP1","KO",FALSE,"Activated",1.46577774916124e-13
"MMP16",1.22370391414862e-07,0.148229433818329,3.00855622466627e-05,0.995623600599412,0.999999999999662,"EMP1","KO",FALSE,"Activated",1.46577774916124e-13
"MMP1",1.22352385468596e-07,0.148180305227831,3.00767091383923e-05,0.995624244549484,0.999999999999662,"EMP1","KO",FALSE,"Activated",1.46577774916124e-13
"PTN",1.22332218463051e-07,0.148125272727185,3.00667950338316e-05,0.995624965785932,0.999999999999662,"EMP1","KO",FALSE,"Activated",1.46577774916124e-13
"DIRAS3",1.2212239169794e-07,0.14755221636656,2.99637411055993e-05,0.995632469860583,0.999999999999662,"EMP1","KO",FALSE,"Activated",1.46577774916124e-13
"LRRC32",1.21257375381271e-07,0.145180612118947,2.95407665873358e-05,0.9956634056083,0.999999999999662,"EMP1","KO",FALSE,"Activated",1.46577774916124e-13
"MAD2L1",1.17359438071703e-07,0.134305886421977,2.76720591004352e-05,0.995802808382879,0.999999999999662,"EMP1","KO",FALSE,"Activated",1.46577774916124e-13
"TENT5C",1.16655284673129e-07,0.13230765886451,2.73409920993474e-05,0.995827991186869,0.999999999999662,"EMP1","KO",FALSE,"Activated",1.46577774916124e-13
"IL2RG",1.16456376635728e-07,0.131741285110592,2.72478337541322e-05,0.995835104782655,0.999999999999662,"EMP1","KO",FALSE,"Activated",1.46577774916124e-13
"BMP8A",1.1539655336627e-07,0.128709133615697,2.67541470023232e-05,0.995873007501668,0.999999999999662,"EMP1","KO",FALSE,"Activated",1.46577774916124e-13
"MEDAG",1.15024245974304e-07,0.12763815891257,2.65817900636951e-05,0.995886322424276,0.999999999999662,"EMP1","KO",FALSE,"Activated",1.46577774916124e-13
"LINC00958",1.14320719620238e-07,0.125606068653039,2.62576184254679e-05,0.995911482816798,0.999999999999662,"EMP1","KO",FALSE,"Activated",1.46577774916124e-13
"CH25H",1.14206317546303e-07,0.12527458847541,2.62050921120822e-05,0.995915574207745,0.999999999999662,"EMP1","KO",FALSE,"Activated",1.46577774916124e-13
"CREM",1.14031550495894e-07,0.124767637461869,2.61249514931325e-05,0.99592182444716,0.999999999999662,"EMP1","KO",FALSE,"Activated",1.46577774916124e-13
"FOXM1",1.12756758113864e-07,0.121049043822737,2.55440994044987e-05,0.99596741518576,0.999999999999662,"EMP1","KO",FALSE,"Activated",1.46577774916124e-13
"BIRC3",1.12623805552228e-07,0.120659096267655,2.54838963392642e-05,0.995972170004301,0.999999999999662,"EMP1","KO",FALSE,"Activated",1.46577774916124e-13
"TP53AIP1",1.0995880006861e-07,0.112756180342604,2.4292119989428e-05,0.996067479348549,0.999999999999662,"EMP1","KO",FALSE,"Activated",1.46577774916124e-13
"MT1X",1.09280318590972e-07,0.110717346982273,2.39932643349179e-05,0.99609174408239,0.999999999999662,"EMP1","KO",FALSE,"Activated",1.46577774916124e-13
"WNT6",1.09166666917569e-07,0.110374738212197,2.39433842338968e-05,0.996095808641168,0.999999999999662,"EMP1","KO",FALSE,"Activated",1.46577774916124e-13
"DLX5",1.08665368131742e-07,0.108859800817856,2.37239906941116e-05,0.996113736740744,0.999999999999662,"EMP1","KO",FALSE,"Activated",1.46577774916124e-13
"SPOCK2",1.07220206459953e-07,0.10445788978556,2.30971668731678e-05,0.996165420504155,0.999999999999662,"EMP1","KO",FALSE,"Activated",1.46577774916124e-13
"APCDD1",1.07117862678359e-07,0.104144183133094,2.30530945232115e-05,0.996169080657052,0.999999999999662,"EMP1","KO",FALSE,"Activated",1.46577774916124e-13
"FOSL1",1.06667156183451e-07,0.102759528041279,2.28595073765327e-05,0.99618519941635,0.999999999999662,"EMP1","KO",FALSE,"Activated",1.46577774916124e-13
"KCNJ8",1.06083077556163e-07,0.100957467578439,2.26098486250036e-05,0.996206088007826,0.999999999999662,"EMP1","KO",FALSE,"Activated",1.46577774916124e-13
"MFAP4",1.05457924562966e-07,0.0990190038555523,2.23441518359272e-05,0.996228445557918,0.999999999999662,"EMP1","KO",FALSE,"Activated",1.46577774916124e-13
"HLA-DRB1",1.04583736060908e-07,0.0962913494588332,2.19752456250536e-05,0.996259709450981,0.999999999999662,"EMP1","KO",FALSE,"Activated",1.46577774916124e-13
"LAPTM5",1.04275387695908e-07,0.0953244604018373,2.1845855677943e-05,0.996270737017102,0.999999999999662,"EMP1","KO",FALSE,"Activated",1.46577774916124e-13
"NR4A2",1.04114531984579e-07,0.0948190679470104,2.17785086202716e-05,0.996276489754205,0.999999999999662,"EMP1","KO",FALSE,"Activated",1.46577774916124e-13
"ANLN",1.03228885709142e-07,0.0920241174844302,2.14095684132214e-05,0.996308163424372,0.999999999999662,"EMP1","KO",FALSE,"Activated",1.46577774916124e-13
"FJX1",1.03036895206217e-07,0.0914154526883618,2.13300051906113e-05,0.996315029647055,0.999999999999662,"EMP1","KO",FALSE,"Activated",1.46577774916124e-13
"GZMA",1.0258973609344e-07,0.089993961376443,2.11452711709458e-05,0.996331021553944,0.999999999999662,"EMP1","KO",FALSE,"Activated",1.46577774916124e-13
"PDE4DIP",1.02431375281325e-07,0.0894892376543918,2.10800405162462e-05,0.996336685067104,0.999999999999662,"EMP1","KO",FALSE,"Activated",1.46577774916124e-13
"EPHA3",1.02091283916964e-07,0.0884029873506365,2.09402935241457e-05,0.996348847874247,0.999999999999662,"EMP1","KO",FALSE,"Activated",1.46577774916124e-13
"ZNF141",1.02074877179712e-07,0.0883505040257609,2.0933563580622e-05,0.996349434634187,0.999999999999662,"EMP1","KO",FALSE,"Activated",1.46577774916124e-13
"GXYLT2",1.01472192158887e-07,0.0864174303742875,2.06870954987707e-05,0.996370988672828,0.999999999999662,"EMP1","KO",FALSE,"Activated",1.46577774916124e-13
"ARRDC3",1.0110576084974e-07,0.0852371926880045,2.05379568560511e-05,0.99638409348729,0.999999999999662,"EMP1","KO",FALSE,"Activated",1.46577774916124e-13
"NT5C3A",1.00818782049894e-07,0.0843102384517665,2.04215323625545e-05,0.99639435681382,0.999999999999662,"EMP1","KO",FALSE,"Activated",1.46577774916124e-13
"CCDC71L",9.86658961867469e-08,0.0772814907478465,1.95586810098012e-05,0.996471351267878,0.999999999999662,"EMP1","KO",FALSE,"Activated",1.46577774916124e-13
"ID3",9.8208267023039e-08,0.0757700902232859,1.93776688075034e-05,0.996487717633319,0.999999999999662,"EMP1","KO",FALSE,"Activated",1.46577774916124e-13
"KIF11",9.73617515791878e-08,0.0729579543472098,1.90450532209659e-05,0.996517991890261,0.999999999999662,"EMP1","KO",FALSE,"Activated",1.46577774916124e-13
"CKAP5",9.6869659752946e-08,0.0713133378559261,1.88530223503093e-05,0.996535590761548,0.999999999999662,"EMP1","KO",FALSE,"Activated",1.46577774916124e-13
"KRT15",9.67932636720762e-08,0.0710573576730612,1.88232972727159e-05,0.99653832294444,0.999999999999662,"EMP1","KO",FALSE,"Activated",1.46577774916124e-13
"MT1E",9.66488493740819e-08,0.0705729840822246,1.87671709415113e-05,0.996543487689518,0.999999999999662,"EMP1","KO",FALSE,"Activated",1.46577774916124e-13
"AC036176.3",9.58544880347696e-08,0.0678972369003477,1.84599422322083e-05,0.996571896747679,0.999999999999662,"EMP1","KO",FALSE,"Activated",1.46577774916124e-13
"FGF1",9.56988583229108e-08,0.0673707304748698,1.84000476292301e-05,0.996577462595011,0.999999999999662,"EMP1","KO",FALSE,"Activated",1.46577774916124e-13
"MALL",9.56739703640355e-08,0.0672864630295053,1.83904784433567e-05,0.996578352673007,0.999999999999662,"EMP1","KO",FALSE,"Activated",1.46577774916124e-13
"HEYL",9.48137414444031e-08,0.0643619439477285,1.80612582713156e-05,0.996609117385409,0.999999999999662,"EMP1","KO",FALSE,"Activated",1.46577774916124e-13
"EPS8",9.46494783725262e-08,0.0638008519793754,1.79987308832169e-05,0.996614991992206,0.999999999999662,"EMP1","KO",FALSE,"Activated",1.46577774916124e-13
"RRM2",9.4446783030784e-08,0.0631073030988746,1.79217235392865e-05,0.996622241068097,0.999999999999662,"EMP1","KO",FALSE,"Activated",1.46577774916124e-13
"ABCC9",9.37907360783988e-08,0.0608535575154071,1.76736122380112e-05,0.996645703543807,0.999999999999662,"EMP1","KO",FALSE,"Activated",1.46577774916124e-13
"SORBS2",9.2343379710072e-08,0.0558320347418966,1.71323510447446e-05,0.996697465952312,0.999999999999662,"EMP1","KO",FALSE,"Activated",1.46577774916124e-13
"RASD1",9.13797040874903e-08,0.0524501588261788,1.67766378023409e-05,0.996731930292615,0.999999999999662,"EMP1","KO",FALSE,"Activated",1.46577774916124e-13
"THBD",9.11331558874809e-08,0.0515799062834816,1.66862310766407e-05,0.996740747701517,0.999999999999662,"EMP1","KO",FALSE,"Activated",1.46577774916124e-13
"ZWINT",9.10244725092929e-08,0.0511956250312248,1.66464555511352e-05,0.996744634591859,0.999999999999662,"EMP1","KO",FALSE,"Activated",1.46577774916124e-13
"CEP55",9.06057508599937e-08,0.0497113392049404,1.64936570948055e-05,0.996759609514797,0.999999999999662,"EMP1","KO",FALSE,"Activated",1.46577774916124e-13
"FANCI",9.03060710034494e-08,0.0486453314926864,1.63847315017714e-05,0.99677032709546,0.999999999999662,"EMP1","KO",FALSE,"Activated",1.46577774916124e-13
"HCST",9.00717151153851e-08,0.0478095251916465,1.62998008698505e-05,0.996778708467117,0.999999999999662,"EMP1","KO",FALSE,"Activated",1.46577774916124e-13
"BNIP3",8.98965246575092e-08,0.0471834784532939,1.62364559559183e-05,0.996784973879967,0.999999999999662,"EMP1","KO",FALSE,"Activated",1.46577774916124e-13
"SGK1",8.97553898542319e-08,0.0466783508427594,1.61855144938177e-05,0.996790021345714,0.999999999999662,"EMP1","KO",FALSE,"Activated",1.46577774916124e-13
"IVNS1ABP",8.77986289752774e-08,0.0396021928887192,1.54874851216777e-05,0.99686000185469,0.999999999999662,"EMP1","KO",FALSE,"Activated",1.46577774916124e-13
"CXCL11",8.74256504260084e-08,0.0382377185623985,1.53561794239404e-05,0.99687334085507,0.999999999999662,"EMP1","KO",FALSE,"Activated",1.46577774916124e-13
"CA12",8.51822462988775e-08,0.029921146255812,1.4578190151098e-05,0.996953572748815,0.999999999999662,"EMP1","KO",FALSE,"Activated",1.46577774916124e-13
"DUSP1",8.50614905903847e-08,0.0294680583293741,1.45368868990386e-05,0.996957891391645,0.999999999999662,"EMP1","KO",FALSE,"Activated",1.46577774916124e-13
"TRIP13",8.43791610906829e-08,0.0268972269566769,1.43046040229592e-05,0.996982293862057,0.999999999999662,"EMP1","KO",FALSE,"Activated",1.46577774916124e-13
"ORC6",8.32225753278277e-08,0.0224975439896912,1.39151449824851e-05,0.997023657388419,0.999999999999662,"EMP1","KO",FALSE,"Activated",1.46577774916124e-13
"DUSP6",8.23264609175527e-08,0.0190516406340101,1.3617090572647e-05,0.997055705559501,0.999999999999662,"EMP1","KO",FALSE,"Activated",1.46577774916124e-13
"RARRES1",8.15305029518714e-08,0.0159631523437005,1.33550548686873e-05,0.997084171791421,0.999999999999662,"EMP1","KO",FALSE,"Activated",1.46577774916124e-13
"RAET1G",8.13968475600931e-08,0.0154419471564645,1.33113040773982e-05,0.997088951774579,0.999999999999662,"EMP1","KO",FALSE,"Activated",1.46577774916124e-13
"ADAM8",8.02394269864384e-08,0.0108967503444299,1.29354359816298e-05,0.997130345177093,0.999999999999662,"EMP1","KO",FALSE,"Activated",1.46577774916124e-13
"CORO1A",8.02174546195012e-08,0.0108099094477285,1.29283526002657e-05,0.997131130985758,0.999999999999662,"EMP1","KO",FALSE,"Activated",1.46577774916124e-13
"HBB",7.97985423259057e-08,0.00915024460622579,1.27936760631695e-05,0.997146112754575,0.999999999999662,"EMP1","KO",FALSE,"Activated",1.46577774916124e-13
"MAP1A",7.97569413603182e-08,0.00898501087868485,1.27803402169259e-05,0.997147600550664,0.999999999999662,"EMP1","KO",FALSE,"Activated",1.46577774916124e-13
"WNT4",7.97234602924593e-08,0.00885197339002533,1.27696123826565e-05,0.997148797950806,0.999999999999662,"EMP1","KO",FALSE,"Activated",1.46577774916124e-13
"RGS1",7.71426966396797e-08,-0.00155337750288339,1.19562521698596e-05,0.997241095108656,0.999999999999662,"EMP1","KO",FALSE,"Activated",1.46577774916124e-13
"PDLIM3",7.61011039671107e-08,-0.0058397200359243,1.16355615447406e-05,0.997278346125571,0.999999999999662,"EMP1","KO",FALSE,"Activated",1.46577774916124e-13
"RBP1",7.56989289084603e-08,-0.00750853588255545,1.1512904517943e-05,0.997292729321579,0.999999999999662,"EMP1","KO",FALSE,"Activated",1.46577774916124e-13
"MELK",7.53328558313906e-08,-0.00903432793401107,1.14018230582679e-05,0.997305821384389,0.999999999999662,"EMP1","KO",FALSE,"Activated",1.46577774916124e-13
"LY6D",7.49735159703132e-08,-0.0105383996517153,1.12933084465058e-05,0.997318672644382,0.999999999999662,"EMP1","KO",FALSE,"Activated",1.46577774916124e-13
"ALOX5AP",7.49339064044435e-08,-0.0107045785414585,1.12813787703936e-05,0.997320089222111,0.999999999999662,"EMP1","KO",FALSE,"Activated",1.46577774916124e-13
"ABCA8",7.40673498981434e-08,-0.0143595864365566,1.10219654626721e-05,0.997351080340156,0.999999999999662,"EMP1","KO",FALSE,"Activated",1.46577774916124e-13
"C19orf48",7.37754313488191e-08,-0.0155993115223461,1.09352558492727e-05,0.997361520378327,0.999999999999662,"EMP1","KO",FALSE,"Activated",1.46577774916124e-13
"F10",7.35972201620737e-08,-0.0163582606614246,1.08824894701655e-05,0.997367893839901,0.999999999999662,"EMP1","KO",FALSE,"Activated",1.46577774916124e-13
"ICAM1",7.30902788665417e-08,-0.0185260310261022,1.07330875400314e-05,0.997386023852332,0.999999999999662,"EMP1","KO",FALSE,"Activated",1.46577774916124e-13
"ITGA8",7.25934421210901e-08,-0.0206634377742208,1.05876655218625e-05,0.997403792491649,0.999999999999662,"EMP1","KO",FALSE,"Activated",1.46577774916124e-13
"GPR157",7.25471841835332e-08,-0.0208630937458755,1.05741764927465e-05,0.997405446839175,0.999999999999662,"EMP1","KO",FALSE,"Activated",1.46577774916124e-13
"SOX9",7.22067257418662e-08,-0.0223360097521879,1.04751617544456e-05,0.997417622838068,0.999999999999662,"EMP1","KO",FALSE,"Activated",1.46577774916124e-13
"ZNF275",7.09704224442884e-08,-0.027736371461294,1.01195270217834e-05,0.9974618374248,0.999999999999662,"EMP1","KO",FALSE,"Activated",1.46577774916124e-13
"EDNRB",7.0862377422869e-08,-0.0282122437847048,1.008873863953e-05,0.997465701497993,0.999999999999662,"EMP1","KO",FALSE,"Activated",1.46577774916124e-13
"CRABP2",7.00712645875637e-08,-0.0317161502814169,9.86473321281495e-06,0.997493994500803,0.999999999999662,"EMP1","KO",FALSE,"Activated",1.46577774916124e-13
"CDC20",6.98552385192768e-08,-0.0326789835427382,9.80400205287061e-06,0.997501720360275,0.999999999999662,"EMP1","KO",FALSE,"Activated",1.46577774916124e-13
"CTSS",6.97960922095826e-08,-0.0329430558214641,9.78740701816011e-06,0.997503835642423,0.999999999999662,"EMP1","KO",FALSE,"Activated",1.46577774916124e-13
"PI15",6.96097397054704e-08,-0.0337763558620297,9.73521289462043e-06,0.99751050027009,0.999999999999662,"EMP1","KO",FALSE,"Activated",1.46577774916124e-13
"PKMYT1",6.95859460122894e-08,-0.0338828934780801,9.72855873728166e-06,0.997511351217111,0.999999999999662,"EMP1","KO",FALSE,"Activated",1.46577774916124e-13
"INMT",6.9358779653397e-08,-0.0349016571520072,9.66514380742156e-06,0.9975194754935,0.999999999999662,"EMP1","KO",FALSE,"Activated",1.46577774916124e-13
"TGM2",6.79441755648398e-08,-0.0413124014527445,9.27491419054964e-06,0.997570066769253,0.999999999999662,"EMP1","KO",FALSE,"Activated",1.46577774916124e-13
"MCM3",6.70677564812657e-08,-0.0453432179738137,9.03718122307257e-06,0.997601410639133,0.999999999999662,"EMP1","KO",FALSE,"Activated",1.46577774916124e-13
"GADD45B",6.69769497559979e-08,-0.0457634947627093,9.01272591629428e-06,0.997604658211465,0.999999999999662,"EMP1","KO",FALSE,"Activated",1.46577774916124e-13
"CXCL12",6.68973425780156e-08,-0.0461323488639215,8.99131403383458e-06,0.997607505248079,0.999999999999662,"EMP1","KO",FALSE,"Activated",1.46577774916124e-13
"MYO1G",6.67993832947441e-08,-0.0465867653005248,8.96500094666062e-06,0.997611008621475,0.999999999999662,"EMP1","KO",FALSE,"Activated",1.46577774916124e-13
"TRBC2",6.66864997206488e-08,-0.0471111390376392,8.93472682694436e-06,0.997615045740804,0.999999999999662,"EMP1","KO",FALSE,"Activated",1.46577774916124e-13
"SATB1",6.63803457589203e-08,-0.048537236913478,8.8528774874762e-06,0.997625994899005,0.999999999999662,"EMP1","KO",FALSE,"Activated",1.46577774916124e-13
"GRIA3",6.63088878264583e-08,-0.048870926577205,8.83382763724219e-06,0.997628550489737,0.999999999999662,"EMP1","KO",FALSE,"Activated",1.46577774916124e-13
"CDCA5",6.58940578059619e-08,-0.0508143321764866,8.72364409161431e-06,0.997643386292471,0.999999999999662,"EMP1","KO",FALSE,"Activated",1.46577774916124e-13
"DDIT4",6.50469275555022e-08,-0.054816581185624,8.50078455205389e-06,0.997673682697535,0.999999999999662,"EMP1","KO",FALSE,"Activated",1.46577774916124e-13
"TYMS",6.4810387344986e-08,-0.0559422813266794,8.43907152755168e-06,0.997682142221365,0.999999999999662,"EMP1","KO",FALSE,"Activated",1.46577774916124e-13
"GMFG",6.4087702401278e-08,-0.0594040402086966,8.25191674835522e-06,0.997707988020987,0.999999999999662,"EMP1","KO",FALSE,"Activated",1.46577774916124e-13
"SELENOP",6.38465243200612e-08,-0.0605669444765533,8.18992555199188e-06,0.997716613412733,0.999999999999662,"EMP1","KO",FALSE,"Activated",1.46577774916124e-13
"RSPO3",6.25287825204015e-08,-0.0669897279982498,7.85534709103589e-06,0.997763740582476,0.999999999999662,"EMP1","KO",FALSE,"Activated",1.46577774916124e-13
"MGP",6.24688239050666e-08,-0.0672847882921733,7.84028938808517e-06,0.997765884917648,0.999999999999662,"EMP1","KO",FALSE,"Activated",1.46577774916124e-13
"TPX2",6.10867864547733e-08,-0.0741557529683913,7.49721545938985e-06,0.99781531153905,0.999999999999662,"EMP1","KO",FALSE,"Activated",1.46577774916124e-13
"NEAT1",6.07323130195647e-08,-0.0759400373282408,7.41045846207878e-06,0.997827988783181,0.999999999999662,"EMP1","KO",FALSE,"Activated",1.46577774916124e-13
"COL15A1",6.03508357481949e-08,-0.0778704915555345,7.31765636129293e-06,0.997841631782167,0.999999999999662,"EMP1","KO",FALSE,"Activated",1.46577774916124e-13
"SRPX",6.02089410777746e-08,-0.078591279362893,7.28328680284317e-06,0.997846706445984,0.999999999999662,"EMP1","KO",FALSE,"Activated",1.46577774916124e-13
"RGS2",6.01994274543795e-08,-0.078639659406177,7.2809853183067e-06,0.997847046687381,0.999999999999662,"EMP1","KO",FALSE,"Activated",1.46577774916124e-13
"ATAD2",5.94032467233953e-08,-0.0827124956361417,7.08966636927629e-06,0.99787552097587,0.999999999999662,"EMP1","KO",FALSE,"Activated",1.46577774916124e-13
"SPOCK1",5.91618562309495e-08,-0.0839567883223095,7.032164431917e-06,0.997884153969208,0.999999999999662,"EMP1","KO",FALSE,"Activated",1.46577774916124e-13
"SAMSN1",5.89398438496984e-08,-0.0851051337511374,6.97948527957941e-06,0.997892093931723,0.999999999999662,"EMP1","KO",FALSE,"Activated",1.46577774916124e-13
"KRT8",5.87667030656001e-08,-0.0860033322918138,6.9385398498962e-06,0.997898286070016,0.999999999999662,"EMP1","KO",FALSE,"Activated",1.46577774916124e-13
"GATA3",5.87169811346591e-08,-0.0862617029921106,6.9268035559843e-06,0.997900064305446,0.999999999999662,"EMP1","KO",FALSE,"Activated",1.46577774916124e-13
"MYLIP",5.83832086940584e-08,-0.0880010780917886,6.84827755028067e-06,0.997912001210985,0.999999999999662,"EMP1","KO",FALSE,"Activated",1.46577774916124e-13
"TDO2",5.80977282721975e-08,-0.0894957310950154,6.7814682967983e-06,0.997922211020238,0.999999999999662,"EMP1","KO",FALSE,"Activated",1.46577774916124e-13
"CENPF",5.78604116319555e-08,-0.0907431348847786,6.72617978945183e-06,0.997930698319255,0.999999999999662,"EMP1","KO",FALSE,"Activated",1.46577774916124e-13
"CKAP2L",5.76724588968126e-08,-0.0917342592274385,6.68255235770208e-06,0.997937420187143,0.999999999999662,"EMP1","KO",FALSE,"Activated",1.46577774916124e-13
"AC104083.1",5.76289790321699e-08,-0.0919639438229743,6.67248006493813e-06,0.997938975183987,0.999999999999662,"EMP1","KO",FALSE,"Activated",1.46577774916124e-13
"INHBA",5.75740256768209e-08,-0.0922544554577976,6.65976075778686e-06,0.997940940514267,0.999999999999662,"EMP1","KO",FALSE,"Activated",1.46577774916124e-13
"HEG1",5.75316582141429e-08,-0.0924785978350302,6.6499628204219e-06,0.99794245572762,0.999999999999662,"EMP1","KO",FALSE,"Activated",1.46577774916124e-13
"AMIGO2",5.71585829707027e-08,-0.0944586094156691,6.56399650146341e-06,0.997955798244925,0.999999999999662,"EMP1","KO",FALSE,"Activated",1.46577774916124e-13
"LYPD1",5.62790134688325e-08,-0.0991720101792742,6.36353424622507e-06,0.997987254827336,0.999999999999662,"EMP1","KO",FALSE,"Activated",1.46577774916124e-13
"GPR65",5.62078433111344e-08,-0.0995562159262628,6.34744983591463e-06,0.997989800129381,0.999999999999662,"EMP1","KO",FALSE,"Activated",1.46577774916124e-13
"SOX4",5.61151561893003e-08,-0.100057219857226,6.32653311881169e-06,0.997993114955855,0.999999999999662,"EMP1","KO",FALSE,"Activated",1.46577774916124e-13
"CCL11",5.60085676071161e-08,-0.100634264549117,6.30252193170347e-06,0.997996926948838,0.999999999999662,"EMP1","KO",FALSE,"Activated",1.46577774916124e-13
"TNFRSF1B",5.5692193214183e-08,-0.102352734220939,6.23152118930748e-06,0.998008241640992,0.999999999999662,"EMP1","KO",FALSE,"Activated",1.46577774916124e-13
"WNT10A",5.47613242043976e-08,-0.107459167711108,6.02494818938188e-06,0.998041532884687,0.999999999999662,"EMP1","KO",FALSE,"Activated",1.46577774916124e-13
"MEST",5.4627166737926e-08,-0.108201382663367,5.99546381527647e-06,0.998046330841355,0.999999999999662,"EMP1","KO",FALSE,"Activated",1.46577774916124e-13
"LINC00511",5.414289769338e-08,-0.110893942085486,5.88963558625477e-06,0.99806365005609,0.999999999999662,"EMP1","KO",FALSE,"Activated",1.46577774916124e-13
"FGF2",5.34575338155005e-08,-0.114740960264717,5.74147228094418e-06,0.998088161151856,0.999999999999662,"EMP1","KO",FALSE,"Activated",1.46577774916124e-13
"SYTL3",5.32921943741583e-08,-0.115675507355158,5.70601146882696e-06,0.998094074289675,0.999999999999662,"EMP1","KO",FALSE,"Activated",1.46577774916124e-13
"CLSPN",5.32044855715443e-08,-0.116172297002997,5.68724490826537e-06,0.998097211074465,0.999999999999662,"EMP1","KO",FALSE,"Activated",1.46577774916124e-13
"SOX15",5.26390231006689e-08,-0.119392490854775,5.56699813023352e-06,0.998117434063345,0.999999999999662,"EMP1","KO",FALSE,"Activated",1.46577774916124e-13
"PLIN2",5.26342599019845e-08,-0.119419745032084,5.56599068302474e-06,0.998117604412611,0.999999999999662,"EMP1","KO",FALSE,"Activated",1.46577774916124e-13
"VCAM1",5.24317906136365e-08,-0.120580245263395,5.52325142312671e-06,0.998124845449013,0.999999999999662,"EMP1","KO",FALSE,"Activated",1.46577774916124e-13
"CFD",5.1617320284374e-08,-0.125288678287769,5.35298889602451e-06,0.998153973864809,0.999999999999662,"EMP1","KO",FALSE,"Activated",1.46577774916124e-13
"ADAMTS6",5.14857131794817e-08,-0.126055608467207,5.32572699024619e-06,0.998158680612893,0.999999999999662,"EMP1","KO",FALSE,"Activated",1.46577774916124e-13
"TRPC6",5.11323360360211e-08,-0.128123433504532,5.25287060098731e-06,0.998171318663369,0.999999999999662,"EMP1","KO",FALSE,"Activated",1.46577774916124e-13
"CDKN1C",5.1022888542465e-08,-0.128766422145523,5.23040738996555e-06,0.998175232903457,0.999999999999662,"EMP1","KO",FALSE,"Activated",1.46577774916124e-13
"CYTIP",5.05318344939193e-08,-0.131666283256449,5.13021497242553e-06,0.998192794781199,0.999999999999662,"EMP1","KO",FALSE,"Activated",1.46577774916124e-13
"CLEC2D",5.04197128907983e-08,-0.132331871674139,5.1074740690637e-06,0.998196804657408,0.999999999999662,"EMP1","KO",FALSE,"Activated",1.46577774916124e-13
"ITPKC",5.01830027409957e-08,-0.133741334233249,5.05962956931145e-06,0.998205270273209,0.999999999999662,"EMP1","KO",FALSE,"Activated",1.46577774916124e-13
"ITM2A",5.01045052346712e-08,-0.134210027122733,5.04381315131534e-06,0.998208077629551,0.999999999999662,"EMP1","KO",FALSE,"Activated",1.46577774916124e-13
"CCNB2",4.89506675218248e-08,-0.141174805091316,4.81418384009301e-06,0.99824934306552,0.999999999999662,"EMP1","KO",FALSE,"Activated",1.46577774916124e-13
"IGFBP5",4.86199860058259e-08,-0.143197427063581,4.74936002790585e-06,0.998261169440905,0.999999999999662,"EMP1","KO",FALSE,"Activated",1.46577774916124e-13
"STARD4-AS1",4.81648067909395e-08,-0.146001386182119,4.66084948986015e-06,0.99827744830806,0.999999999999662,"EMP1","KO",FALSE,"Activated",1.46577774916124e-13
"NKG7",4.78471197923701e-08,-0.147972193117841,4.59956789494943e-06,0.998288809953036,0.999999999999662,"EMP1","KO",FALSE,"Activated",1.46577774916124e-13
"KBTBD7",4.78026040670483e-08,-0.148249268421968,4.59101323780816e-06,0.998290401997652,0.999999999999662,"EMP1","KO",FALSE,"Activated",1.46577774916124e-13
"MAFB",4.75781937283641e-08,-0.149649504628165,4.54800919894813e-06,0.998298427729539,0.999999999999662,"EMP1","KO",FALSE,"Activated",1.46577774916124e-13
"CXADR",4.73814850578573e-08,-0.150881669509604,4.51048009685451e-06,0.998305462748916,0.999999999999662,"EMP1","KO",FALSE,"Activated",1.46577774916124e-13
"TSPAN15",4.73686491369262e-08,-0.150962228513134,4.50803659709468e-06,0.998305921808261,0.999999999999662,"EMP1","KO",FALSE,"Activated",1.46577774916124e-13
"BRCA1",4.73002053302467e-08,-0.151392109724417,4.49501852382024e-06,0.99830836960841,0.999999999999662,"EMP1","KO",FALSE,"Activated",1.46577774916124e-13
"HELLPAR",4.67957461000232e-08,-0.154577465864139,4.39965057443237e-06,0.998326410910788,0.999999999999662,"EMP1","KO",FALSE,"Activated",1.46577774916124e-13
"LTB",4.65831934448057e-08,-0.155928641970447,4.35977371881236e-06,0.998334012569404,0.999999999999662,"EMP1","KO",FALSE,"Activated",1.46577774916124e-13
"RAB3IP",4.581150878102e-08,-0.160880097408388,4.21652446341633e-06,0.998361610830343,0.999999999999662,"EMP1","KO",FALSE,"Activated",1.46577774916124e-13
"CENPN",4.5469066804203e-08,-0.163100842095169,4.15372285029921e-06,0.998373857806294,0.999999999999662,"EMP1","KO",FALSE,"Activated",1.46577774916124e-13
"SMC2",4.53575424640594e-08,-0.163827250131891,4.13337173580883e-06,0.998377846324152,0.999999999999662,"EMP1","KO",FALSE,"Activated",1.46577774916124e-13
"GPR183",4.53251833462425e-08,-0.1640383130492,4.1274761539611e-06,0.998379003604437,0.999999999999662,"EMP1","KO",FALSE,"Activated",1.46577774916124e-13
"CD48",4.53218110861784e-08,-0.164060316285504,4.12686199625989e-06,0.998379124208779,0.999999999999662,"EMP1","KO",FALSE,"Activated",1.46577774916124e-13
"ARHGAP11A",4.49426156781155e-08,-0.166543696104655,4.05809419610133e-06,0.998392685622311,0.999999999999662,"EMP1","KO",FALSE,"Activated",1.46577774916124e-13
"MFAP5",4.48201646816894e-08,-0.167349566633875,4.03601089197886e-06,0.99839706491753,0.999999999999662,"EMP1","KO",FALSE,"Activated",1.46577774916124e-13
"IL32",4.45895634622503e-08,-0.168872453456422,3.99458691347815e-06,0.998405312060169,0.999999999999662,"EMP1","KO",FALSE,"Activated",1.46577774916124e-13
"GTSE1",4.40150496099019e-08,-0.172696819455028,3.89231361290586e-06,0.998425858776576,0.999999999999662,"EMP1","KO",FALSE,"Activated",1.46577774916124e-13
"RGS4",4.36994216006022e-08,-0.174816549601022,3.83669089328045e-06,0.998437146788913,0.999999999999662,"EMP1","KO",FALSE,"Activated",1.46577774916124e-13
"FBXO32",4.34927273799167e-08,-0.176211984558534,3.80048234198751e-06,0.998444538930605,0.999999999999662,"EMP1","KO",FALSE,"Activated",1.46577774916124e-13
"HMGA2",4.33577979945149e-08,-0.177126064431308,3.77693811555607e-06,0.998449364499248,0.999999999999662,"EMP1","KO",FALSE,"Activated",1.46577774916124e-13
"LGALS7B",4.27600134947585e-08,-0.181206042577458,3.67350893874938e-06,0.998470743461442,0.999999999999662,"EMP1","KO",FALSE,"Activated",1.46577774916124e-13
"FST",4.1642458397517e-08,-0.18896972997372,3.48400006811369e-06,0.99851071132601,0.999999999999662,"EMP1","KO",FALSE,"Activated",1.46577774916124e-13
"ARHGAP45",4.10759777676023e-08,-0.1929751933918,3.38985603199564e-06,0.998530970750135,0.999999999999662,"EMP1","KO",FALSE,"Activated",1.46577774916124e-13
"VGLL3",4.08320019832509e-08,-0.19471525163429,3.34970669565506e-06,0.998539696218927,0.999999999999662,"EMP1","KO",FALSE,"Activated",1.46577774916124e-13
"NUF2",4.07569017267383e-08,-0.195252710993862,3.33739613161222e-06,0.998542382079553,0.999999999999662,"EMP1","KO",FALSE,"Activated",1.46577774916124e-13
"IER5",4.07164002002634e-08,-0.195542923490764,3.3307664580741e-06,0.998543830562699,0.999999999999662,"EMP1","KO",FALSE,"Activated",1.46577774916124e-13
"CCNA2",4.06307997404255e-08,-0.196157125841978,3.31677625108432e-06,0.99854689194914,0.999999999999662,"EMP1","KO",FALSE,"Activated",1.46577774916124e-13
"ECT2",4.04749254408914e-08,-0.197278482138022,3.29137638304186e-06,0.998552466585919,0.999999999999662,"EMP1","KO",FALSE,"Activated",1.46577774916124e-13
"PLPP1",4.04360642241493e-08,-0.197558639213424,3.2850591144641e-06,0.998553856405603,0.999999999999662,"EMP1","KO",FALSE,"Activated",1.46577774916124e-13
"KNL1",4.03947115405943e-08,-0.197857017395036,3.27834349809951e-06,0.998555335329287,0.999999999999662,"EMP1","KO",FALSE,"Activated",1.46577774916124e-13
"SYTL2",4.03347986765881e-08,-0.198289791654969,3.26862592464757e-06,0.998557478033128,0.999999999999662,"EMP1","KO",FALSE,"Activated",1.46577774916124e-13
"CDCA8",4.00437579293797e-08,-0.200400157175659,3.22162575412928e-06,0.998567886718243,0.999999999999662,"EMP1","KO",FALSE,"Activated",1.46577774916124e-13
"TOP2A",4.00146298611433e-08,-0.20061210828878,3.21694059919588e-06,0.998568928444865,0.999999999999662,"EMP1","KO",FALSE,"Activated",1.46577774916124e-13
"NUSAP1",3.99527820399985e-08,-0.201062594989246,3.20700388316899e-06,0.99857114034994,0.999999999999662,"EMP1","KO",FALSE,"Activated",1.46577774916124e-13
"FHL1",3.99254225949311e-08,-0.201262070848282,3.20261310988477e-06,0.998572118824113,0.999999999999662,"EMP1","KO",FALSE,"Activated",1.46577774916124e-13
"IL6",3.85402136734368e-08,-0.211521850034624,2.98423946928246e-06,0.998621658982044,0.999999999999662,"EMP1","KO",FALSE,"Activated",1.46577774916124e-13
"CXCL14",3.84185942524836e-08,-0.212438031555377,2.9654347568231e-06,0.998626008539416,0.999999999999662,"EMP1","KO",FALSE,"Activated",1.46577774916124e-13
"SMOX",3.81280612825901e-08,-0.214637019003056,2.92075332541602e-06,0.99863639906612,0.999999999999662,"EMP1","KO",FALSE,"Activated",1.46577774916124e-13
"KCNMA1",3.80188669666379e-08,-0.215467294137496,2.90404788789501e-06,0.998640304256205,0.999999999999662,"EMP1","KO",FALSE,"Activated",1.46577774916124e-13
"YPEL2",3.74240562882303e-08,-0.220027129718244,2.8138902139489e-06,0.998661576872874,0.999999999999662,"EMP1","KO",FALSE,"Activated",1.46577774916124e-13
"FADS3",3.72095982001983e-08,-0.221686786284765,2.78173269226093e-06,0.998669246682787,0.999999999999662,"EMP1","KO",FALSE,"Activated",1.46577774916124e-13
"MYBL2",3.71815179106134e-08,-0.221904716481038,2.77753579738992e-06,0.998670250937219,0.999999999999662,"EMP1","KO",FALSE,"Activated",1.46577774916124e-13
"DDX60L",3.68252473902585e-08,-0.224682340021043,2.72456253204604e-06,0.998682992481535,0.999999999999662,"EMP1","KO",FALSE,"Activated",1.46577774916124e-13
"HCLS1",3.68136855062566e-08,-0.22477287554366,2.72285195937937e-06,0.998683405977042,0.999999999999662,"EMP1","KO",FALSE,"Activated",1.46577774916124e-13
"HIST1H2BG",3.67106335828413e-08,-0.225580929947189,2.70762922929151e-06,0.998687091492956,0.999999999999662,"EMP1","KO",FALSE,"Activated",1.46577774916124e-13
"CCL8",3.66694411312961e-08,-0.225904486835601,2.70155625807308e-06,0.99868856468658,0.999999999999662,"EMP1","KO",FALSE,"Activated",1.46577774916124e-13
"C1QBP",3.64721444207078e-08,-0.227458643557739,2.67256349216449e-06,0.998695620742915,0.999999999999662,"EMP1","KO",FALSE,"Activated",1.46577774916124e-13
"TNFSF9",3.59537746505281e-08,-0.231577424823226,2.59713435921195e-06,0.998714159553749,0.999999999999662,"EMP1","KO",FALSE,"Activated",1.46577774916124e-13
"MAB21L2",3.59495949962597e-08,-0.231610846176751,2.59653055653158e-06,0.998714309033572,0.999999999999662,"EMP1","KO",FALSE,"Activated",1.46577774916124e-13
"RHOH",3.5744867999672e-08,-0.233252074764844,2.56704114099641e-06,0.998721630824659,0.999999999999662,"EMP1","KO",FALSE,"Activated",1.46577774916124e-13
"PDE3B",3.55518112085206e-08,-0.234807324628308,2.53938702250923e-06,0.998728535246335,0.999999999999662,"EMP1","KO",FALSE,"Activated",1.46577774916124e-13
"KLK10",3.5226061847271e-08,-0.237448424124198,2.49306510657475e-06,0.9987401852431,0.999999999999662,"EMP1","KO",FALSE,"Activated",1.46577774916124e-13
"FEN1",3.49758411489335e-08,-0.239491754856534,2.45777300256296e-06,0.99874913405692,0.999999999999662,"EMP1","KO",FALSE,"Activated",1.46577774916124e-13
"SMC4",3.45859539704279e-08,-0.242701340072863,2.40328320828383e-06,0.998763077858822,0.999999999999662,"EMP1","KO",FALSE,"Activated",1.46577774916124e-13
"CDK1",3.40013225129003e-08,-0.247574111190222,2.32272103534422e-06,0.998783986434314,0.999999999999662,"EMP1","KO",FALSE,"Activated",1.46577774916124e-13
"CDCA7",3.36566462343022e-08,-0.250481484051072,2.27586821009845e-06,0.998796313328681,0.999999999999662,"EMP1","KO",FALSE,"Activated",1.46577774916124e-13
"PTGDS",3.24883421748121e-08,-0.260534627573789,2.12060868115669e-06,0.998838096190905,0.999999999999662,"EMP1","KO",FALSE,"Activated",1.46577774916124e-13
"ASPM",3.2319023916422e-08,-0.262017836767575,2.09856248853604e-06,0.998844151636588,0.999999999999662,"EMP1","KO",FALSE,"Activated",1.46577774916124e-13
"GADD45A",3.22795255570155e-08,-0.262364819083561,2.09343615030352e-06,0.998845564243675,0.999999999999662,"EMP1","KO",FALSE,"Activated",1.46577774916124e-13
"ID4",3.2193706427547e-08,-0.263120003278142,2.0823196270667e-06,0.99884863345244,0.999999999999662,"EMP1","KO",FALSE,"Activated",1.46577774916124e-13
"RAD51AP1",3.21630554354862e-08,-0.263390151739511,2.07835644381767e-06,0.99884972964503,0.999999999999662,"EMP1","KO",FALSE,"Activated",1.46577774916124e-13
"IL1A",3.2005216622209e-08,-0.264784883659324,2.05800760717379e-06,0.998855374543516,0.999999999999662,"EMP1","KO",FALSE,"Activated",1.46577774916124e-13
"DSE",3.19973975558788e-08,-0.264854133159617,2.05700216280956e-06,0.998855654182187,0.999999999999662,"EMP1","KO",FALSE,"Activated",1.46577774916124e-13
"VMO1",3.1994285845681e-08,-0.264881696129296,2.05660210006316e-06,0.998855765468428,0.999999999999662,"EMP1","KO",FALSE,"Activated",1.46577774916124e-13
"CD74",3.19336437152587e-08,-0.265419323599782,2.04881330058701e-06,0.998857934254836,0.999999999999662,"EMP1","KO",FALSE,"Activated",1.46577774916124e-13
"KIF23",3.18459607079975e-08,-0.266198271075887,2.03757753444224e-06,0.998861070122819,0.999999999999662,"EMP1","KO",FALSE,"Activated",1.46577774916124e-13
"TNFAIP3",3.16296588857798e-08,-0.268127907822934,2.00999256160404e-06,0.998868805874441,0.999999999999662,"EMP1","KO",FALSE,"Activated",1.46577774916124e-13
"GBP6",3.13668755177076e-08,-0.270487855755896,1.976732736061e-06,0.998878203977868,0.999999999999662,"EMP1","KO",FALSE,"Activated",1.46577774916124e-13
"ARL6IP1",3.13452482589189e-08,-0.270682853291659,1.97400778680438e-06,0.998878977448496,0.999999999999662,"EMP1","KO",FALSE,"Activated",1.46577774916124e-13
"MITF",3.1182387440134e-08,-0.272155058334898,1.95354833207409e-06,0.998884801952737,0.999999999999662,"EMP1","KO",FALSE,"Activated",1.46577774916124e-13
"KHDRBS3",3.09845228240205e-08,-0.273952795051027,1.92883491186047e-06,0.998891878322101,0.999999999999662,"EMP1","KO",FALSE,"Activated",1.46577774916124e-13
"RAB11FIP1",3.09395081420292e-08,-0.274363191354941,1.92323451453805e-06,0.998893488213376,0.999999999999662,"EMP1","KO",FALSE,"Activated",1.46577774916124e-13
"FGF7",3.07513245182643e-08,-0.27608454700078,1.89991025350733e-06,0.998900218354802,0.999999999999662,"EMP1","KO",FALSE,"Activated",1.46577774916124e-13
"ITGA5",3.06842131357917e-08,-0.276700666606626,1.89162661225244e-06,0.998902618505729,0.999999999999662,"EMP1","KO",FALSE,"Activated",1.46577774916124e-13
"NCAPD2",3.0666605402848e-08,-0.276862511226779,1.88945626494033e-06,0.998903248223298,0.999999999999662,"EMP1","KO",FALSE,"Activated",1.46577774916124e-13
"AKR1B10",3.03939175246617e-08,-0.279379442271386,1.85600351796359e-06,0.998913000549162,0.999999999999662,"EMP1","KO",FALSE,"Activated",1.46577774916124e-13
"COL8A2",3.03615623673263e-08,-0.279679397264171,1.85205408810341e-06,0.998914157689123,0.999999999999662,"EMP1","KO",FALSE,"Activated",1.46577774916124e-13
"KRT18",2.99681007894742e-08,-0.283349696526992,1.80436284272477e-06,0.998928229328952,0.999999999999662,"EMP1","KO",FALSE,"Activated",1.46577774916124e-13
"PSAT1",2.92537573753532e-08,-0.29012274844656,1.71936762148091e-06,0.998953776889725,0.999999999999662,"EMP1","KO",FALSE,"Activated",1.46577774916124e-13
"PHLDA2",2.89372327659084e-08,-0.293170404512106,1.68236191819652e-06,0.99896509698001,0.999999999999662,"EMP1","KO",FALSE,"Activated",1.46577774916124e-13
"TCEAL7",2.86839604274512e-08,-0.295630186509805,1.65304114347413e-06,0.998974154935378,0.999999999999662,"EMP1","KO",FALSE,"Activated",1.46577774916124e-13
"ULBP2",2.819955401855e-08,-0.30038833005033,1.59768042282772e-06,0.998991479100156,0.999999999999662,"EMP1","KO",FALSE,"Activated",1.46577774916124e-13
"SOX2",2.80188356031058e-08,-0.302181852701329,1.57726839062514e-06,0.998997942259209,0.999999999999662,"EMP1","KO",FALSE,"Activated",1.46577774916124e-13
"CENPA",2.75756592383998e-08,-0.306623480172609,1.52776740881763e-06,0.999013791885692,0.999999999999662,"EMP1","KO",FALSE,"Activated",1.46577774916124e-13
"RTKN2",2.75635252379518e-08,-0.306745969222559,1.52642319059392e-06,0.999014225842448,0.999999999999662,"EMP1","KO",FALSE,"Activated",1.46577774916124e-13
"EVI2A",2.74235015832914e-08,-0.308162901123268,1.51095401817153e-06,0.999019233606488,0.999999999999662,"EMP1","KO",FALSE,"Activated",1.46577774916124e-13
"LPL",2.72664521236781e-08,-0.309759697702237,1.49369764849553e-06,0.999024850276362,0.999999999999662,"EMP1","KO",FALSE,"Activated",1.46577774916124e-13
"TNF",2.69817700815097e-08,-0.312674891609806,1.46266984612192e-06,0.999035031559847,0.999999999999662,"EMP1","KO",FALSE,"Activated",1.46577774916124e-13
"TINCR",2.67673015868553e-08,-0.314888973962531,1.43950977413446e-06,0.999042701747104,0.999999999999662,"EMP1","KO",FALSE,"Activated",1.46577774916124e-13
"KRT7",2.67517701489023e-08,-0.315049918039671,1.43783973875398e-06,0.99904325720882,0.999999999999662,"EMP1","KO",FALSE,"Activated",1.46577774916124e-13
"GINS2",2.65662746343417e-08,-0.316978477110175,1.41796904357072e-06,0.999049891215138,0.999999999999662,"EMP1","KO",FALSE,"Activated",1.46577774916124e-13
"ANK2",2.64944659808656e-08,-0.317728232213856,1.41031386150053e-06,0.999052459358444,0.999999999999662,"EMP1","KO",FALSE,"Activated",1.46577774916124e-13
"XIST",2.62148043505972e-08,-0.320665290025806,1.38069793504268e-06,0.999062461093831,0.999999999999662,"EMP1","KO",FALSE,"Activated",1.46577774916124e-13
"ATAD5",2.61577427338113e-08,-0.321267938234749,1.37469376197027e-06,0.999064501828545,0.999999999999662,"EMP1","KO",FALSE,"Activated",1.46577774916124e-13
"AC023157.3",2.57141468599675e-08,-0.325992679813092,1.32846364413424e-06,0.999080366459821,0.999999999999662,"EMP1","KO",FALSE,"Activated",1.46577774916124e-13
"SERPINE2",2.55117830387256e-08,-0.32817186516702,1.30763657511686e-06,0.999087603739631,0.999999999999662,"EMP1","KO",FALSE,"Activated",1.46577774916124e-13
"TACC3",2.54161557713551e-08,-0.329206926126684,1.29785197055004e-06,0.999091023724945,0.999999999999662,"EMP1","KO",FALSE,"Activated",1.46577774916124e-13
"CENPU",2.53831146558397e-08,-0.329565354987334,1.29447973726968e-06,0.999092205397634,0.999999999999662,"EMP1","KO",FALSE,"Activated",1.46577774916124e-13
"PHYH",2.52642048507702e-08,-0.330858682964956,1.28237989897509e-06,0.999096458052772,0.999999999999662,"EMP1","KO",FALSE,"Activated",1.46577774916124e-13
"GZMB",2.51638492162787e-08,-0.331954370516481,1.27221227668296e-06,0.999100047142055,0.999999999999662,"EMP1","KO",FALSE,"Activated",1.46577774916124e-13
"LMNB1",2.4938339248718e-08,-0.334430562600101,1.24951217134392e-06,0.999108112214022,0.999999999999662,"EMP1","KO",FALSE,"Activated",1.46577774916124e-13
"HELLS",2.48913652130645e-08,-0.334948829297156,1.2448094243095e-06,0.999109792179589,0.999999999999662,"EMP1","KO",FALSE,"Activated",1.46577774916124e-13
"LINC01322",2.4852607931826e-08,-0.335377087030052,1.24093596312442e-06,0.999111178283577,0.999999999999662,"EMP1","KO",FALSE,"Activated",1.46577774916124e-13
"HJURP",2.47513039973702e-08,-0.336499244089964,1.23084000188907e-06,0.999114801287655,0.999999999999662,"EMP1","KO",FALSE,"Activated",1.46577774916124e-13
"TCOF1",2.47141155543628e-08,-0.336912197298836,1.22714414516618e-06,0.999116131284183,0.999999999999662,"EMP1","KO",FALSE,"Activated",1.46577774916124e-13
"SMOC1",2.45036556827972e-08,-0.339259547151215,1.20633296647896e-06,0.999123658109122,0.999999999999662,"EMP1","KO",FALSE,"Activated",1.46577774916124e-13
"MMP9",2.41678061140986e-08,-0.343042338401992,1.17349134292576e-06,0.999135669334466,0.999999999999662,"EMP1","KO",FALSE,"Activated",1.46577774916124e-13
"MMP13",2.38761950387636e-08,-0.346364473930946,1.14534327328366e-06,0.999146098427484,0.999999999999662,"EMP1","KO",FALSE,"Activated",1.46577774916124e-13
"FZD4",2.38447814918318e-08,-0.34672447020861,1.14233143442873e-06,0.999147221892377,0.999999999999662,"EMP1","KO",FALSE,"Activated",1.46577774916124e-13
"MCM5",2.38063309890213e-08,-0.347165676460868,1.13865030996799e-06,0.999148597024901,0.999999999999662,"EMP1","KO",FALSE,"Activated",1.46577774916124e-13
"CXXC5",2.36726506709532e-08,-0.348704495988612,1.12589842755127e-06,0.999153377928676,0.999999999999662,"EMP1","KO",FALSE,"Activated",1.46577774916124e-13
"SLC40A1",2.35663205637107e-08,-0.3499339387301,1.11580677901904e-06,0.999157180687536,0.999999999999662,"EMP1","KO",FALSE,"Activated",1.46577774916124e-13
"SVEP1",2.35398744754538e-08,-0.350240477954174,1.11330387092582e-06,0.999158126497705,0.999999999999662,"EMP1","KO",FALSE,"Activated",1.46577774916124e-13
"EGR1",2.34002306134976e-08,-0.351864134311038,1.10013430858777e-06,0.999163120679982,0.999999999999662,"EMP1","KO",FALSE,"Activated",1.46577774916124e-13
"PPP2R2C",2.33712287886461e-08,-0.352202408470887,1.0974090251274e-06,0.999164157892776,0.999999999999662,"EMP1","KO",FALSE,"Activated",1.46577774916124e-13
"DLL1",2.33288319344821e-08,-0.352697584525667,1.09343110084534e-06,0.999165674161489,0.999999999999662,"EMP1","KO",FALSE,"Activated",1.46577774916124e-13
"HLA-DPA1",2.30418571992012e-08,-0.356070245151433,1.06669533383643e-06,0.999175937442207,0.999999999999662,"EMP1","KO",FALSE,"Activated",1.46577774916124e-13
"HIST1H4C",2.23009612996086e-08,-0.364951199476173,9.99200406012748e-07,0.999202434627659,0.999999999999662,"EMP1","KO",FALSE,"Activated",1.46577774916124e-13
"LSP1",2.22519722356465e-08,-0.365547506622883,9.94815292094604e-07,0.999204186658324,0.999999999999662,"EMP1","KO",FALSE,"Activated",1.46577774916124e-13
"CREB5",2.18043772784255e-08,-0.371049772358649,9.5519669184225e-07,0.999220194314647,0.999999999999662,"EMP1","KO",FALSE,"Activated",1.46577774916124e-13
"TRIB1",2.16899179881971e-08,-0.372472727357866,9.45194647383258e-07,0.999224287803579,0.999999999999662,"EMP1","KO",FALSE,"Activated",1.46577774916124e-13
"KIF2C",2.16204238883406e-08,-0.373339895730866,9.39147577610692e-07,0.999226773170465,0.999999999999662,"EMP1","KO",FALSE,"Activated",1.46577774916124e-13
"DLGAP5",2.15826085072162e-08,-0.373812796010923,9.35865202987555e-07,0.999228125588821,0.999999999999662,"EMP1","KO",FALSE,"Activated",1.46577774916124e-13
"PRR11",2.14274825572867e-08,-0.375760367837772,9.22460405731033e-07,0.999233673468461,0.999999999999662,"EMP1","KO",FALSE,"Activated",1.46577774916124e-13
"CKS2",2.13367410647539e-08,-0.376905352441977,9.14664044665419e-07,0.999236918720991,0.999999999999662,"EMP1","KO",FALSE,"Activated",1.46577774916124e-13
"KIF4A",2.1129111674242e-08,-0.379541406266561,8.96949332006705e-07,0.999244344318593,0.999999999999662,"EMP1","KO",FALSE,"Activated",1.46577774916124e-13
"MRGPRF",2.10253283963556e-08,-0.380867569113063,8.88159589714904e-07,0.999248055993816,0.999999999999662,"EMP1","KO",FALSE,"Activated",1.46577774916124e-13
"ATF3",2.09469493166136e-08,-0.381872926394672,8.81550096949233e-07,0.999250859120633,0.999999999999662,"EMP1","KO",FALSE,"Activated",1.46577774916124e-13
"NEDD4L",2.06914228020191e-08,-0.385173622157346,8.60173668422037e-07,0.999259997697317,0.999999999999662,"EMP1","KO",FALSE,"Activated",1.46577774916124e-13
"SEMA3C",2.06441933038847e-08,-0.38578761145218,8.56251347001952e-07,0.999261686799498,0.999999999999662,"EMP1","KO",FALSE,"Activated",1.46577774916124e-13
"CDKN3",2.0573498137155e-08,-0.386708965641499,8.50396995147327e-07,0.999264215121105,0.999999999999662,"EMP1","KO",FALSE,"Activated",1.46577774916124e-13
"IL2RB",2.05316389085866e-08,-0.387255818416676,8.46940047881456e-07,0.999265712162518,0.999999999999662,"EMP1","KO",FALSE,"Activated",1.46577774916124e-13
"CHRDL2",2.03366673528251e-08,-0.389815913230226,8.30931080116533e-07,0.999272685069203,0.999999999999662,"EMP1","KO",FALSE,"Activated",1.46577774916124e-13
"AQP1",2.01103229462328e-08,-0.392815119994482,8.12537705705519e-07,0.999280779985579,0.999999999999662,"EMP1","KO",FALSE,"Activated",1.46577774916124e-13
"HLA-DMA",2.00816769710489e-08,-0.393196807329347,8.10224529789453e-07,0.999281804472017,0.999999999999662,"EMP1","KO",FALSE,"Activated",1.46577774916124e-13
"CXCL13",2.00132611452932e-08,-0.394110337364355,8.04713261483325e-07,0.999284251275985,0.999999999999662,"EMP1","KO",FALSE,"Activated",1.46577774916124e-13
"NGFR",1.96306207224283e-08,-0.399270711825458,7.74236244650485e-07,0.999297935918436,0.999999999999662,"EMP1","KO",FALSE,"Activated",1.46577774916124e-13
"WARS",1.95941220444078e-08,-0.39976754299648,7.71359888412676e-07,0.99929924124671,0.999999999999662,"EMP1","KO",FALSE,"Activated",1.46577774916124e-13
"WNT7B",1.95477104436291e-08,-0.400400486634985,7.6771005421845e-07,0.999300901097919,0.999999999999662,"EMP1","KO",FALSE,"Activated",1.46577774916124e-13
"RPL39L",1.93986627100234e-08,-0.402442102686221,7.56047388415459e-07,0.999306231598433,0.999999999999662,"EMP1","KO",FALSE,"Activated",1.46577774916124e-13
"LAMP3",1.89345707456161e-08,-0.408888520364175,7.20304887525898e-07,0.999322829250904,0.999999999999662,"EMP1","KO",FALSE,"Activated",1.46577774916124e-13
"SERPINB3",1.89177626617333e-08,-0.409124583601058,7.19026636066296e-07,0.999323430370421,0.999999999999662,"EMP1","KO",FALSE,"Activated",1.46577774916124e-13
"IGKC",1.86021522027427e-08,-0.413591758367727,6.95235309140252e-07,0.999334717772914,0.999999999999662,"EMP1","KO",FALSE,"Activated",1.46577774916124e-13
"MMP10",1.82999617505789e-08,-0.417931779845264,6.72830697624614e-07,0.999345525226233,0.999999999999662,"EMP1","KO",FALSE,"Activated",1.46577774916124e-13
"CD70",1.82884968780915e-08,-0.418097672358736,6.71987908783263e-07,0.999345935252672,0.999999999999662,"EMP1","KO",FALSE,"Activated",1.46577774916124e-13
"TNFRSF6B",1.80674708803456e-08,-0.421313817486869,6.55843412361261e-07,0.999353839963624,0.999999999999662,"EMP1","KO",FALSE,"Activated",1.46577774916124e-13
"APOE",1.80355273875891e-08,-0.421781479907665,6.53526385304749e-07,0.999354982381623,0.999999999999662,"EMP1","KO",FALSE,"Activated",1.46577774916124e-13
"ITGB8",1.79972962718182e-08,-0.422342151911127,6.50758674538679e-07,0.999356349668388,0.999999999999662,"EMP1","KO",FALSE,"Activated",1.46577774916124e-13
"AQP3",1.79223942291502e-08,-0.423443652847367,6.45353226694624e-07,0.999359028443771,0.999999999999662,"EMP1","KO",FALSE,"Activated",1.46577774916124e-13
"CEMIP",1.79057412484983e-08,-0.42368909870905,6.44154496019346e-07,0.999359624016242,0.999999999999662,"EMP1","KO",FALSE,"Activated",1.46577774916124e-13
"DACT1",1.78075100577923e-08,-0.425141004715173,6.37106198436372e-07,0.999363137128664,0.999999999999662,"EMP1","KO",FALSE,"Activated",1.46577774916124e-13
"PDZK1IP1",1.76920124335669e-08,-0.426857138043464,6.28868592816373e-07,0.999367267752928,0.999999999999662,"EMP1","KO",FALSE,"Activated",1.46577774916124e-13
"CD83",1.73472656791333e-08,-0.43203873585358,6.04599096108805e-07,0.999379597178143,0.999999999999662,"EMP1","KO",FALSE,"Activated",1.46577774916124e-13
"COL23A1",1.72618393703805e-08,-0.433336673870675,5.98659082446518e-07,0.99938265234046,0.999999999999662,"EMP1","KO",FALSE,"Activated",1.46577774916124e-13
"SLC5A3",1.72550593285181e-08,-0.433439928866986,5.9818889657273e-07,0.999382894819958,0.999999999999662,"EMP1","KO",FALSE,"Activated",1.46577774916124e-13
"SLC20A1",1.71274985292987e-08,-0.435389254218038,5.89377173342045e-07,0.999387456868279,0.999999999999662,"EMP1","KO",FALSE,"Activated",1.46577774916124e-13
"NMU",1.70715567057988e-08,-0.436248154307076,5.85533414244045e-07,0.999389457555829,0.999999999999662,"EMP1","KO",FALSE,"Activated",1.46577774916124e-13
"CENPE",1.66931142546004e-08,-0.442124321753013,5.5986093553404e-07,0.999402992064691,0.999999999999662,"EMP1","KO",FALSE,"Activated",1.46577774916124e-13
"IL1B",1.66803203424061e-08,-0.442325011964536,5.59003088797329e-07,0.999403449622553,0.999999999999662,"EMP1","KO",FALSE,"Activated",1.46577774916124e-13
"CCL4",1.66308552599685e-08,-0.443102213621049,5.55692584691594e-07,0.999405218677795,0.999999999999662,"EMP1","KO",FALSE,"Activated",1.46577774916124e-13
"TCIM",1.64555059829299e-08,-0.445873770819349,5.44036346311948e-07,0.99941148981985,0.999999999999662,"EMP1","KO",FALSE,"Activated",1.46577774916124e-13
"AURKA",1.64504260648648e-08,-0.445954449357171,5.43700503283242e-07,0.999411671496606,0.999999999999662,"EMP1","KO",FALSE,"Activated",1.46577774916124e-13
"PTGER4",1.64342053646458e-08,-0.446212210714671,5.42628816165182e-07,0.999412251609152,0.999999999999662,"EMP1","KO",FALSE,"Activated",1.46577774916124e-13
"MCM7",1.63027837429208e-08,-0.448308892472245,5.33984891172007e-07,0.999416951734968,0.999999999999662,"EMP1","KO",FALSE,"Activated",1.46577774916124e-13
"SHCBP1",1.62978504931411e-08,-0.448387885397191,5.33661770615502e-07,0.999417128166322,0.999999999999662,"EMP1","KO",FALSE,"Activated",1.46577774916124e-13
"HYMAI",1.62456735780983e-08,-0.449224648012942,5.30250246766584e-07,0.999418994206802,0.999999999999662,"EMP1","KO",FALSE,"Activated",1.46577774916124e-13
"DRAM1",1.62433331781483e-08,-0.449262236328827,5.30097478922993e-07,0.999419077908206,0.999999999999662,"EMP1","KO",FALSE,"Activated",1.46577774916124e-13
"TNFRSF18",1.61284657799628e-08,-0.451112948967107,5.22626645509787e-07,0.999423185993464,0.999999999999662,"EMP1","KO",FALSE,"Activated",1.46577774916124e-13
"TSPYL2",1.60481791357396e-08,-0.452413388392652,5.17436380924455e-07,0.999426057342392,0.999999999999662,"EMP1","KO",FALSE,"Activated",1.46577774916124e-13
"C10orf99",1.59912134780811e-08,-0.453339555466633,5.13769449200679e-07,0.99942809464613,0.999999999999662,"EMP1","KO",FALSE,"Activated",1.46577774916124e-13
"PSRC1",1.56793657160133e-08,-0.458461610634601,4.9392659819698e-07,0.999439247481736,0.999999999999662,"EMP1","KO",FALSE,"Activated",1.46577774916124e-13
"RCAN1",1.56274598057808e-08,-0.459322825423954,4.90661762893411e-07,0.999441103830113,0.999999999999662,"EMP1","KO",FALSE,"Activated",1.46577774916124e-13
"PLAC9",1.5366468201468e-08,-0.463691593642509,4.74409696394259e-07,0.999450437860504,0.999999999999662,"EMP1","KO",FALSE,"Activated",1.46577774916124e-13
"HLA-DRB5",1.52821758079337e-08,-0.465116493956,4.69219245524544e-07,0.999453452469994,0.999999999999662,"EMP1","KO",FALSE,"Activated",1.46577774916124e-13
"ZNF331",1.52348329050308e-08,-0.465919819143738,4.66316544679996e-07,0.999455145628281,0.999999999999662,"EMP1","KO",FALSE,"Activated",1.46577774916124e-13
"MTURN",1.50975268179034e-08,-0.468262118117662,4.5794893482772e-07,0.999460056204645,0.999999999999662,"EMP1","KO",FALSE,"Activated",1.46577774916124e-13
"ANXA8",1.50065045617454e-08,-0.469825192229326,4.52443676685877e-07,0.999463311499079,0.999999999999662,"EMP1","KO",FALSE,"Activated",1.46577774916124e-13
"IGFBP3",1.49609501386886e-08,-0.470610600270349,4.49700929096854e-07,0.999464940694688,0.999999999999662,"EMP1","KO",FALSE,"Activated",1.46577774916124e-13
"STC2",1.47405706665178e-08,-0.474440087624843,4.36550035638564e-07,0.999472822284354,0.999999999999662,"EMP1","KO",FALSE,"Activated",1.46577774916124e-13
"UBE2C",1.47123764905798e-08,-0.474933632490587,4.34881660930531e-07,0.999473830612962,0.999999999999662,"EMP1","KO",FALSE,"Activated",1.46577774916124e-13
"MMP3",1.45918491674637e-08,-0.477052894607666,4.27785536948219e-07,0.999478141118385,0.999999999999662,"EMP1","KO",FALSE,"Activated",1.46577774916124e-13
"CENPM",1.45812115450826e-08,-0.477240675785953,4.27162043349432e-07,0.999478521559333,0.999999999999662,"EMP1","KO",FALSE,"Activated",1.46577774916124e-13
"NCAPG",1.43047204637705e-08,-0.482164137402354,4.11115815843766e-07,0.999488409908977,0.999999999999662,"EMP1","KO",FALSE,"Activated",1.46577774916124e-13
"RBM38",1.3717883023173e-08,-0.492897041289181,3.78076447956944e-07,0.999509397399209,0.999999999999662,"EMP1","KO",FALSE,"Activated",1.46577774916124e-13
"FAM83G",1.37062618270946e-08,-0.493113626292264,3.77436139324692e-07,0.999509813016422,0.999999999999662,"EMP1","KO",FALSE,"Activated",1.46577774916124e-13
"CHAF1A",1.35256117404606e-08,-0.496501314059345,3.67552403475927e-07,0.999516273735708,0.999999999999662,"EMP1","KO",FALSE,"Activated",1.46577774916124e-13
"DNAJA4",1.34595089068907e-08,-0.49775085684899,3.63968553063239e-07,0.999518637819009,0.999999999999662,"EMP1","KO",FALSE,"Activated",1.46577774916124e-13
"CCDC102B",1.34484668975953e-08,-0.497960109016706,3.63371607717207e-07,0.99951903272235,0.999999999999662,"EMP1","KO",FALSE,"Activated",1.46577774916124e-13
"ENC1",1.33777789081333e-08,-0.499303270053226,3.59561730647514e-07,0.999521560787893,0.999999999999662,"EMP1","KO",FALSE,"Activated",1.46577774916124e-13
"CFL2",1.32656444896034e-08,-0.501446801514229,3.53559199871279e-07,0.999525571131977,0.999999999999662,"EMP1","KO",FALSE,"Activated",1.46577774916124e-13
"BRCA2",1.30397058982802e-08,-0.505814540597634,3.41618220682437e-07,0.999533651536807,0.999999999999662,"EMP1","KO",FALSE,"Activated",1.46577774916124e-13
"NFKBIA",1.30271008853943e-08,-0.506060166351386,3.40958079904628e-07,0.999534102338978,0.999999999999662,"EMP1","KO",FALSE,"Activated",1.46577774916124e-13
"MARCKSL1",1.29972188089973e-08,-0.506643293737172,3.39395667814663e-07,0.999535171033236,0.999999999999662,"EMP1","KO",FALSE,"Activated",1.46577774916124e-13
"CD7",1.28918358143499e-08,-0.508709205789522,3.33914259411393e-07,0.999538939921316,0.999999999999662,"EMP1","KO",FALSE,"Activated",1.46577774916124e-13
"TTK",1.27079932414974e-08,-0.512348983298177,3.24458670376853e-07,0.999545514815931,0.999999999999662,"EMP1","KO",FALSE,"Activated",1.46577774916124e-13
"GBP5",1.26701185124125e-08,-0.513104577829925,3.22527528087994e-07,0.999546869357206,0.999999999999662,"EMP1","KO",FALSE,"Activated",1.46577774916124e-13
"CENPK",1.26064907995216e-08,-0.51437841527686,3.1929627807413e-07,0.999549144921032,0.999999999999662,"EMP1","KO",FALSE,"Activated",1.46577774916124e-13
"ANGPT2",1.23939498239387e-08,-0.518674835247367,3.08620592690801e-07,0.999556746177394,0.999999999999662,"EMP1","KO",FALSE,"Activated",1.46577774916124e-13
"C3orf80",1.23923196285655e-08,-0.518708038090728,3.08539411343147e-07,0.999556804479248,0.999999999999662,"EMP1","KO",FALSE,"Activated",1.46577774916124e-13
"HIST2H2AC",1.22835493584668e-08,-0.520932116513442,3.031469368878e-07,0.999560694508964,0.999999999999662,"EMP1","KO",FALSE,"Activated",1.46577774916124e-13
"PLPPR4",1.21866121343015e-08,-0.522928857137269,2.98381169416684e-07,0.999564161344922,0.999999999999662,"EMP1","KO",FALSE,"Activated",1.46577774916124e-13
"GPC3",1.20397923501082e-08,-0.52597980696679,2.91234906683173e-07,0.999569412166917,0.999999999999662,"EMP1","KO",FALSE,"Activated",1.46577774916124e-13
"ITGB2",1.20060848486986e-08,-0.526684864476868,2.89606463464551e-07,0.99957061767264,0.999999999999662,"EMP1","KO",FALSE,"Activated",1.46577774916124e-13
"ARTN",1.19932453146279e-08,-0.526953885229532,2.88987373422875e-07,0.999571076862173,0.999999999999662,"EMP1","KO",FALSE,"Activated",1.46577774916124e-13
"KDM7A-DT",1.1458733642106e-08,-0.538384028779286,2.63802363678076e-07,0.999590192989388,0.999999999999662,"EMP1","KO",FALSE,"Activated",1.46577774916124e-13
"HK2",1.12914903297976e-08,-0.54205660030779,2.56158025868632e-07,0.999596174232875,0.999999999999662,"EMP1","KO",FALSE,"Activated",1.46577774916124e-13
"ENTPD1",1.12339556353132e-08,-0.543331075240177,2.53554219750862e-07,0.999598231887754,0.999999999999662,"EMP1","KO",FALSE,"Activated",1.46577774916124e-13
"TRPV3",1.1006250980743e-08,-0.548431940019959,2.43379647511877e-07,0.999606375453982,0.999999999999662,"EMP1","KO",FALSE,"Activated",1.46577774916124e-13
"SPRR1B",1.09653742232562e-08,-0.549357423107388,2.41575200828407e-07,0.999607837359024,0.999999999999662,"EMP1","KO",FALSE,"Activated",1.46577774916124e-13
"CD55",1.07877386647053e-08,-0.553414751527603,2.338117152017e-07,0.999614190267998,0.999999999999662,"EMP1","KO",FALSE,"Activated",1.46577774916124e-13
"FZD10",1.07775165424329e-08,-0.553650012668483,2.33368819865302e-07,0.999614555849151,0.999999999999662,"EMP1","KO",FALSE,"Activated",1.46577774916124e-13
"WEE1",1.05260517126517e-08,-0.559500037478829,2.226057777826e-07,0.9996235491678,0.999999999999662,"EMP1","KO",FALSE,"Activated",1.46577774916124e-13
"TPD52",1.04823345070902e-08,-0.560529561252042,2.20760547724894e-07,0.999625112657858,0.999999999999662,"EMP1","KO",FALSE,"Activated",1.46577774916124e-13
"CDA",1.04800905732349e-08,-0.560582506688424,2.20666042241418e-07,0.999625192909288,0.999999999999662,"EMP1","KO",FALSE,"Activated",1.46577774916124e-13
"PIF1",1.04573445796871e-08,-0.561119759023456,2.19709214353954e-07,0.999626006390716,0.999999999999662,"EMP1","KO",FALSE,"Activated",1.46577774916124e-13
"SFRP1",1.04326049938983e-08,-0.561705265246324,2.18670884718923e-07,0.999626891170426,0.999999999999662,"EMP1","KO",FALSE,"Activated",1.46577774916124e-13
"SLC2A13",1.0310532092834e-08,-0.564612306680666,2.13583446632133e-07,0.999631256951935,0.999999999999662,"EMP1","KO",FALSE,"Activated",1.46577774916124e-13
"PAMR1",1.01760433862852e-08,-0.567850209229071,2.08047898662076e-07,0.999636066768895,0.999999999999662,"EMP1","KO",FALSE,"Activated",1.46577774916124e-13
"HIST1H1B",1.011057893513e-08,-0.569439923298548,2.05379684352903e-07,0.999638408021451,0.999999999999662,"EMP1","KO",FALSE,"Activated",1.46577774916124e-13
"TROAP",1.00108786671746e-08,-0.571878454037386,2.01349163270226e-07,0.999641973674314,0.999999999999662,"EMP1","KO",FALSE,"Activated",1.46577774916124e-13
"DCLK1",1.00082882030083e-08,-0.571942096898998,2.01244972554229e-07,0.999642066318959,0.999999999999662,"EMP1","KO",FALSE,"Activated",1.46577774916124e-13
"SNCA",9.84241189236732e-09,-0.576047792712868,1.94629427534409e-07,0.999647998673561,0.999999999999662,"EMP1","KO",FALSE,"Activated",1.46577774916124e-13
"TPRG1",9.67039736816125e-09,-0.580370083138148,1.87885850055977e-07,0.99965415055356,0.999999999999662,"EMP1","KO",FALSE,"Activated",1.46577774916124e-13
"STX11",9.62385816519993e-09,-0.58155109311905,1.86081784142148e-07,0.999655814968782,0.999999999999662,"EMP1","KO",FALSE,"Activated",1.46577774916124e-13
"KIFC1",9.12914859050676e-09,-0.59442514789175,1.67442610265801e-07,0.99967350762569,0.999999999999662,"EMP1","KO",FALSE,"Activated",1.46577774916124e-13
"SSTR2",8.93624100677239e-09,-0.599611800964884,1.6044093334743e-07,0.999680406719402,0.999999999999662,"EMP1","KO",FALSE,"Activated",1.46577774916124e-13
"HBEGF",8.92712118113866e-09,-0.599859428266717,1.60113626438616e-07,0.999680732878335,0.999999999999662,"EMP1","KO",FALSE,"Activated",1.46577774916124e-13
"SNHG1",8.92282543828646e-09,-0.599976145955313,1.5995956972413e-07,0.9996808865101,0.999999999999662,"EMP1","KO",FALSE,"Activated",1.46577774916124e-13
"TNFRSF11B",8.80875096370513e-09,-0.603093804185942,1.55895686139001e-07,0.999684966238213,0.999999999999662,"EMP1","KO",FALSE,"Activated",1.46577774916124e-13
"TLR2",8.63260079063807e-09,-0.607978328400094,1.49723078827573e-07,0.999691266024538,0.999999999999662,"EMP1","KO",FALSE,"Activated",1.46577774916124e-13
"SLC47A2",8.60106481637988e-09,-0.608862020177661,1.48631162530278e-07,0.999692393868447,0.999999999999662,"EMP1","KO",FALSE,"Activated",1.46577774916124e-13
"VEGFA",8.34175505575109e-09,-0.616238178428743,1.39804226246689e-07,0.999701667751422,0.999999999999662,"EMP1","KO",FALSE,"Activated",1.46577774916124e-13
"HPGD",8.2325083811657e-09,-0.619406154043799,1.36166350199933e-07,0.999705574819464,0.999999999999662,"EMP1","KO",FALSE,"Activated",1.46577774916124e-13
"PCSK5",8.00119697198028e-09,-0.626237482345936,1.28622029398744e-07,0.999713847377145,0.999999999999662,"EMP1","KO",FALSE,"Activated",1.46577774916124e-13
"NR4A3",7.99162892852816e-09,-0.626523772645996,1.28314594063288e-07,0.999714189566023,0.999999999999662,"EMP1","KO",FALSE,"Activated",1.46577774916124e-13
"CXCL3",7.97164667662937e-09,-0.627122643501033,1.27673721211076e-07,0.999714904205791,0.999999999999662,"EMP1","KO",FALSE,"Activated",1.46577774916124e-13
"LGALS7",7.93101915669488e-09,-0.628344330566385,1.2637565848614e-07,0.999716357197255,0.999999999999662,"EMP1","KO",FALSE,"Activated",1.46577774916124e-13
"MND1",7.90421687354509e-09,-0.629153298014589,1.25522947681814e-07,0.999717315746748,0.999999999999662,"EMP1","KO",FALSE,"Activated",1.46577774916124e-13
"SAA1",7.87824578928631e-09,-0.629939478101743,1.24699435011339e-07,0.999718244569473,0.999999999999662,"EMP1","KO",FALSE,"Activated",1.46577774916124e-13
"NRCAM",7.7239675917715e-09,-0.634657144241055,1.1986332464876e-07,0.999723762132566,0.999999999999662,"EMP1","KO",FALSE,"Activated",1.46577774916124e-13
"NDC80",7.54952950592942e-09,-0.640091977591813,1.14510472685178e-07,0.999730000688386,0.999999999999662,"EMP1","KO",FALSE,"Activated",1.46577774916124e-13
"CLDN1",7.5260339731121e-09,-0.640832414504259,1.1379882623784e-07,0.999730840976174,0.999999999999662,"EMP1","KO",FALSE,"Activated",1.46577774916124e-13
"GPX2",7.50412457950972e-09,-0.641524696595751,1.13137220362532e-07,0.999731624537714,0.999999999999662,"EMP1","KO",FALSE,"Activated",1.46577774916124e-13
"GPC6",7.49388990459444e-09,-0.64184869497611,1.12828821153783e-07,0.999731990567819,0.999999999999662,"EMP1","KO",FALSE,"Activated",1.46577774916124e-13
"MCM10",7.41845317858755e-09,-0.644248846569389,1.10568687343785e-07,0.999734688466188,0.999999999999662,"EMP1","KO",FALSE,"Activated",1.46577774916124e-13
"ADAMTS4",7.36675086512545e-09,-0.645906251659886,1.09032858808002e-07,0.999736537533542,0.999999999999662,"EMP1","KO",FALSE,"Activated",1.46577774916124e-13
"CCNB1",7.34165450860625e-09,-0.646714442231592,1.0829123835282e-07,0.999737435072751,0.999999999999662,"EMP1","KO",FALSE,"Activated",1.46577774916124e-13
"PLEK",7.34019470976938e-09,-0.646761527468229,1.08248177839111e-07,0.999737487280597,0.999999999999662,"EMP1","KO",FALSE,"Activated",1.46577774916124e-13
"CCL5",7.30491979549733e-09,-0.647901812760604,1.07210257141799e-07,0.999738748842954,0.999999999999662,"EMP1","KO",FALSE,"Activated",1.46577774916124e-13
"AGR2",7.29577637225865e-09,-0.648198168837497,1.06942039203061e-07,0.999739075845834,0.999999999999662,"EMP1","KO",FALSE,"Activated",1.46577774916124e-13
"CDC6",7.22432201621292e-09,-0.650525440003245,1.04857530548512e-07,0.999741631319825,0.999999999999662,"EMP1","KO",FALSE,"Activated",1.46577774916124e-13
"NFKBID",7.19394509149948e-09,-0.651520943869009,1.03977571816116e-07,0.999742717711829,0.999999999999662,"EMP1","KO",FALSE,"Activated",1.46577774916124e-13
"CIT",7.17286853038203e-09,-0.652213829613992,1.0336920482257e-07,0.99974347148818,0.999999999999662,"EMP1","KO",FALSE,"Activated",1.46577774916124e-13
"CITED2",7.05644890890627e-09,-0.656073606031989,1.00040956784058e-07,0.999747635087598,0.999999999999662,"EMP1","KO",FALSE,"Activated",1.46577774916124e-13
"DTL",7.00804307895525e-09,-0.657694927524541,9.86731424376685e-08,0.999749366260429,0.999999999999662,"EMP1","KO",FALSE,"Activated",1.46577774916124e-13
"EGR3",6.87213257022797e-09,-0.662300291658,9.48830183066734e-08,0.999754226926606,0.999999999999662,"EMP1","KO",FALSE,"Activated",1.46577774916124e-13
"FCER1G",6.87033179338973e-09,-0.662361846313527,9.48332984406977e-08,0.999754291329095,0.999999999999662,"EMP1","KO",FALSE,"Activated",1.46577774916124e-13
"TRAF1",6.83485317753346e-09,-0.663577483910396,9.38563829340381e-08,0.999755560176589,0.999999999999662,"EMP1","KO",FALSE,"Activated",1.46577774916124e-13
"CDC42EP3",6.81761354062155e-09,-0.66417018309603,9.3383509762459e-08,0.999756176730238,0.999999999999662,"EMP1","KO",FALSE,"Activated",1.46577774916124e-13
"MBOAT2",6.77445559519331e-09,-0.665659744425939,9.22049495643201e-08,0.999757720219171,0.999999999999662,"EMP1","KO",FALSE,"Activated",1.46577774916124e-13
"KPNA2",6.74935198839541e-09,-0.666530011435191,9.15228613576485e-08,0.999758618017685,0.999999999999662,"EMP1","KO",FALSE,"Activated",1.46577774916124e-13
"IKZF2",6.67088445295495e-09,-0.669268690546001,8.9407153917092e-08,0.999761424309121,0.999999999999662,"EMP1","KO",FALSE,"Activated",1.46577774916124e-13
"ASPN",6.63059832169956e-09,-0.670685764192947,8.83305373624022e-08,0.999762865091281,0.999999999999662,"EMP1","KO",FALSE,"Activated",1.46577774916124e-13
"NSG1",6.62372560571839e-09,-0.670928267853295,8.81475203713813e-08,0.999763110885213,0.999999999999662,"EMP1","KO",FALSE,"Activated",1.46577774916124e-13
"CSAG1",6.60942448231433e-09,-0.671433591603322,8.77672969844114e-08,0.999763622346672,0.999999999999662,"EMP1","KO",FALSE,"Activated",1.46577774916124e-13
"HLA-DQA1",6.59352272097178e-09,-0.671996601442485,8.73454824388863e-08,0.999764191052908,0.999999999999662,"EMP1","KO",FALSE,"Activated",1.46577774916124e-13
"HIST3H2A",6.57187706434578e-09,-0.672764895471212,8.67729366165607e-08,0.999764965182242,0.999999999999662,"EMP1","KO",FALSE,"Activated",1.46577774916124e-13
"ACKR4",6.53317874387495e-09,-0.674144012272629,8.5754025207261e-08,0.999766349178374,0.999999999999662,"EMP1","KO",FALSE,"Activated",1.46577774916124e-13
"EDIL3",6.49840873697309e-09,-0.675389263280858,8.48436770143872e-08,0.999767592683376,0.999999999999662,"EMP1","KO",FALSE,"Activated",1.46577774916124e-13
"FCGR2A",6.48551042365438e-09,-0.675852690434439,8.45072087104449e-08,0.999768053975121,0.999999999999662,"EMP1","KO",FALSE,"Activated",1.46577774916124e-13
"NES",6.44499772361654e-09,-0.677313563166272,8.34547326784153e-08,0.999769502860229,0.999999999999662,"EMP1","KO",FALSE,"Activated",1.46577774916124e-13
"ANGPTL1",6.38530000284483e-09,-0.679481000657396,8.1915869817956e-08,0.999771637873164,0.999999999999662,"EMP1","KO",FALSE,"Activated",1.46577774916124e-13
"AIF1",6.35510440766503e-09,-0.680584091121782,8.1142953917285e-08,0.999772717780161,0.999999999999662,"EMP1","KO",FALSE,"Activated",1.46577774916124e-13
"RAB40B",6.26743561705495e-09,-0.683813039887675,7.89196583314327e-08,0.999775853142782,0.999999999999662,"EMP1","KO",FALSE,"Activated",1.46577774916124e-13
"KIF20A",6.2412584207715e-09,-0.684784865401236,7.8261787648609e-08,0.999776789336863,0.999999999999662,"EMP1","KO",FALSE,"Activated",1.46577774916124e-13
"STC1",6.21731191769221e-09,-0.68567701564183,7.76623890208455e-08,0.999777645753042,0.999999999999662,"EMP1","KO",FALSE,"Activated",1.46577774916124e-13
"RTTN",6.18078306131472e-09,-0.687043761418424,7.67524831469588e-08,0.999778952161061,0.999999999999662,"EMP1","KO",FALSE,"Activated",1.46577774916124e-13
"BCL2A1",6.16480954061551e-09,-0.687643648378941,7.63562799057807e-08,0.999779523433682,0.999999999999662,"EMP1","KO",FALSE,"Activated",1.46577774916124e-13
"HIST1H1A",6.15374279045905e-09,-0.68806006183081,7.60823842071585e-08,0.999779919221905,0.999999999999662,"EMP1","KO",FALSE,"Activated",1.46577774916124e-13
"TNFAIP2",6.14077133745807e-09,-0.688548982068327,7.57619746730077e-08,0.999780383129399,0.999999999999662,"EMP1","KO",FALSE,"Activated",1.46577774916124e-13
"DDAH1",6.11669779627403e-09,-0.689458770075365,7.51691227660703e-08,0.999781244088936,0.999999999999662,"EMP1","KO",FALSE,"Activated",1.46577774916124e-13
"KDM7A",6.10312544721812e-09,-0.689973083285235,7.48359071255947e-08,0.999781729486713,0.999999999999662,"EMP1","KO",FALSE,"Activated",1.46577774916124e-13
"FLT1",6.01003465727181e-09,-0.693527994556236,7.25703782239608e-08,0.999785058760244,0.999999999999662,"EMP1","KO",FALSE,"Activated",1.46577774916124e-13
"PLAUR",5.97118056617387e-09,-0.695026052853551,7.16350951874505e-08,0.999786448327324,0.999999999999662,"EMP1","KO",FALSE,"Activated",1.46577774916124e-13
"HES1",5.96944635493115e-09,-0.695093116392796,7.15934912379662e-08,0.99978651034918,0.999999999999662,"EMP1","KO",FALSE,"Activated",1.46577774916124e-13
"BMP7",5.93325558391462e-09,-0.696496564175345,7.07280275965895e-08,0.99978780466601,0.999999999999662,"EMP1","KO",FALSE,"Activated",1.46577774916124e-13
"DIAPH3",5.88925499189213e-09,-0.698213028605314,6.96828895331117e-08,0.999789378291142,0.999999999999662,"EMP1","KO",FALSE,"Activated",1.46577774916124e-13
"RETREG1",5.87397412286057e-09,-0.6988117702057,6.93217458330847e-08,0.999789924791961,0.999999999999662,"EMP1","KO",FALSE,"Activated",1.46577774916124e-13
"FOXC2",5.82808050331222e-09,-0.700618250475662,6.82427497554483e-08,0.999791566118813,0.999999999999662,"EMP1","KO",FALSE,"Activated",1.46577774916124e-13
"PRELP",5.75750814072789e-09,-0.703420660493292,6.66000499906251e-08,0.999794090049479,0.999999999999662,"EMP1","KO",FALSE,"Activated",1.46577774916124e-13
"HLA-DPB1",5.71473474338365e-09,-0.705133893114565,6.56141621439509e-08,0.99979561978556,0.999999999999662,"EMP1","KO",FALSE,"Activated",1.46577774916124e-13
"GCLC",5.6371683554579e-09,-0.708269636028924,6.38450813119827e-08,0.999798393848639,0.999999999999662,"EMP1","KO",FALSE,"Activated",1.46577774916124e-13
"RGCC",5.53775946619606e-09,-0.712344250921493,6.16131779738225e-08,0.999801949080964,0.999999999999662,"EMP1","KO",FALSE,"Activated",1.46577774916124e-13
"SERPINB9",5.51186353931611e-09,-0.713416222376203,6.10382885027415e-08,0.999802875215811,0.999999999999662,"EMP1","KO",FALSE,"Activated",1.46577774916124e-13
"BATF",5.43263534273057e-09,-0.716723584199395,5.92961563927613e-08,0.999805708711366,0.999999999999662,"EMP1","KO",FALSE,"Activated",1.46577774916124e-13
"HEY2",5.426273533288e-09,-0.716990989293387,5.91573618856812e-08,0.99980593623338,0.999999999999662,"EMP1","KO",FALSE,"Activated",1.46577774916124e-13
"CYFIP2",5.39908369817265e-09,-0.718136966900015,5.85659987548641e-08,0.999806908643208,0.999999999999662,"EMP1","KO",FALSE,"Activated",1.46577774916124e-13
"MISP",5.358825092932e-09,-0.71984309679762,5.76958529788474e-08,0.999808348440957,0.999999999999662,"EMP1","KO",FALSE,"Activated",1.46577774916124e-13
"METTL7A",5.30841179945146e-09,-0.721995513932438,5.66154085258015e-08,0.999810151408201,0.999999999999662,"EMP1","KO",FALSE,"Activated",1.46577774916124e-13
"AC110995.1",5.29387427008449e-09,-0.722619533253378,5.63057410764678e-08,0.999810671324427,0.999999999999662,"EMP1","KO",FALSE,"Activated",1.46577774916124e-13
"IQCG",5.22944122425583e-09,-0.725403542976532,5.49434601181624e-08,0.999812975690262,0.999999999999662,"EMP1","KO",FALSE,"Activated",1.46577774916124e-13
"GADD45G",5.20512747498685e-09,-0.726461916840632,5.44337398883097e-08,0.999813845240544,0.999999999999662,"EMP1","KO",FALSE,"Activated",1.46577774916124e-13
"EPCAM",5.17570846693945e-09,-0.727748340042539,5.3820167529835e-08,0.999814897373906,0.999999999999662,"EMP1","KO",FALSE,"Activated",1.46577774916124e-13
"ITGBL1",5.14384591826523e-09,-0.729148874799162,5.315955487352e-08,0.999816036897387,0.999999999999662,"EMP1","KO",FALSE,"Activated",1.46577774916124e-13
"ZC3HAV1",5.0731393740866e-09,-0.732284224282045,5.17081525522079e-08,0.999818565626906,0.999999999999662,"EMP1","KO",FALSE,"Activated",1.46577774916124e-13
"UBE2S",5.06719028622312e-09,-0.732549771847736,5.15869510811592e-08,0.999818778388458,0.999999999999662,"EMP1","KO",FALSE,"Activated",1.46577774916124e-13
"CXCL2",5.03051522547008e-09,-0.734192895633926,5.08429064684199e-08,0.999820090025307,0.999999999999662,"EMP1","KO",FALSE,"Activated",1.46577774916124e-13
"LCP2",4.95689877426598e-09,-0.737523065572602,4.93657266546588e-08,0.999822722823949,0.999999999999662,"EMP1","KO",FALSE,"Activated",1.46577774916124e-13
"TYROBP",4.92388050567251e-09,-0.739030828993274,4.87102595095743e-08,0.999823903680284,0.999999999999662,"EMP1","KO",FALSE,"Activated",1.46577774916124e-13
"PCSK1",4.91276401850344e-09,-0.739540455591191,4.84905646062048e-08,0.999824301247294,0.999999999999662,"EMP1","KO",FALSE,"Activated",1.46577774916124e-13
"CDCA3",4.89749171582469e-09,-0.74024225556786,4.81895481177217e-08,0.999824847441753,0.999999999999662,"EMP1","KO",FALSE,"Activated",1.46577774916124e-13
"SNHG9",4.74336509552471e-09,-0.747434386292946,4.52041742861094e-08,0.999830359584089,0.999999999999662,"EMP1","KO",FALSE,"Activated",1.46577774916124e-13
"NELL2",4.72081417330129e-09,-0.748503850142318,4.47753763376014e-08,0.99983116608911,0.999999999999662,"EMP1","KO",FALSE,"Activated",1.46577774916124e-13
"LINC02577",4.65100568377367e-09,-0.751843145939647,4.34609459009397e-08,0.999833662700859,0.999999999999662,"EMP1","KO",FALSE,"Activated",1.46577774916124e-13
"CDC45",4.57033178909755e-09,-0.755757442096911,4.19663204485123e-08,0.999836547899991,0.999999999999662,"EMP1","KO",FALSE,"Activated",1.46577774916124e-13
"GNLY",4.55905914750093e-09,-0.756309212025658,4.17595573947946e-08,0.999836951051666,0.999999999999662,"EMP1","KO",FALSE,"Activated",1.46577774916124e-13
"PBK",4.5338566008095e-09,-0.757547164017577,4.12991386157283e-08,0.999837852388662,0.999999999999662,"EMP1","KO",FALSE,"Activated",1.46577774916124e-13
"CCNF",4.52909991652875e-09,-0.757781490328018,4.12125262987409e-08,0.99983802250542,0.999999999999662,"EMP1","KO",FALSE,"Activated",1.46577774916124e-13
"CCL20",4.48910328296884e-09,-0.759760417506232,4.04878419370763e-08,0.999839452934098,0.999999999999662,"EMP1","KO",FALSE,"Activated",1.46577774916124e-13
"LRRC17",4.46226481311644e-09,-0.76109700970998,4.00051693858964e-08,0.999840412777804,0.999999999999662,"EMP1","KO",FALSE,"Activated",1.46577774916124e-13
"C15orf48",4.45661892567018e-09,-0.761379080721832,3.99040002239326e-08,0.99984061469578,0.999999999999662,"EMP1","KO",FALSE,"Activated",1.46577774916124e-13
"NPTX2",4.44564301775568e-09,-0.761928340791034,3.97076884906899e-08,0.999841007235153,0.999999999999662,"EMP1","KO",FALSE,"Activated",1.46577774916124e-13
"DEPDC1",4.43636838814252e-09,-0.762393393688563,3.95421826459741e-08,0.999841338930474,0.999999999999662,"EMP1","KO",FALSE,"Activated",1.46577774916124e-13
"KRTDAP",4.41167042653491e-09,-0.763635986249315,3.9103133067954e-08,0.999842222221628,0.999999999999662,"EMP1","KO",FALSE,"Activated",1.46577774916124e-13
"FBXO5",4.31914119692146e-09,-0.76834623755348,3.74800565372031e-08,0.999845531411727,0.999999999999662,"EMP1","KO",FALSE,"Activated",1.46577774916124e-13
"ANXA8L1",4.31002356284429e-09,-0.768815157581133,3.73219840257491e-08,0.999845857492303,0.999999999999662,"EMP1","KO",FALSE,"Activated",1.46577774916124e-13
"LRRN3",4.30178718345224e-09,-0.769239503917808,3.71794770071627e-08,0.999846152055926,0.999999999999662,"EMP1","KO",FALSE,"Activated",1.46577774916124e-13
"H19",4.29172690409322e-09,-0.769758788096232,3.70057824268572e-08,0.99984651184901,0.999999999999662,"EMP1","KO",FALSE,"Activated",1.46577774916124e-13
"NPHP1",4.27320938160426e-09,-0.770717412129804,3.66871335066606e-08,0.999847174104628,0.999999999999662,"EMP1","KO",FALSE,"Activated",1.46577774916124e-13
"DCBLD2",4.24914763567948e-09,-0.771968515092452,3.62751381759607e-08,0.999848034642339,0.999999999999662,"EMP1","KO",FALSE,"Activated",1.46577774916124e-13
"CMYA5",4.20559895231693e-09,-0.774248751376869,3.55353948457404e-08,0.999849592105561,0.999999999999662,"EMP1","KO",FALSE,"Activated",1.46577774916124e-13
"C1QB",4.17997085427159e-09,-0.775600361485557,3.51036229313888e-08,0.999850508661862,0.999999999999662,"EMP1","KO",FALSE,"Activated",1.46577774916124e-13
"APOBEC3G",4.15712746049897e-09,-0.776811254171805,3.47209912000818e-08,0.99985132562676,0.999999999999662,"EMP1","KO",FALSE,"Activated",1.46577774916124e-13
"SERPINB2",4.07714236168212e-09,-0.781097687676454,3.33977481752545e-08,0.999854186191997,0.999999999999662,"EMP1","KO",FALSE,"Activated",1.46577774916124e-13
"ADAM19",3.97301774077483e-09,-0.786789760008663,3.17136655906574e-08,0.999857910076515,0.999999999999662,"EMP1","KO",FALSE,"Activated",1.46577774916124e-13
"CAPNS2",3.95060277027538e-09,-0.788032203613562,3.13568307323556e-08,0.999858711719402,0.999999999999662,"EMP1","KO",FALSE,"Activated",1.46577774916124e-13
"LINP1",3.90453855380627e-09,-0.790605054730198,3.06298496241831e-08,0.999860359147466,0.999999999999662,"EMP1","KO",FALSE,"Activated",1.46577774916124e-13
"KANK4",3.86259218990444e-09,-0.792971194855905,2.99752731844314e-08,0.999861859305776,0.999999999999662,"EMP1","KO",FALSE,"Activated",1.46577774916124e-13
"KLF4",3.86051507696157e-09,-0.793088947282327,2.99430433842857e-08,0.999861933591076,0.999999999999662,"EMP1","KO",FALSE,"Activated",1.46577774916124e-13
"SGPP2",3.85299690847073e-09,-0.793515620993975,2.98265316553257e-08,0.999862202468802,0.999999999999662,"EMP1","KO",FALSE,"Activated",1.46577774916124e-13
"F3",3.82054032783891e-09,-0.795366037933072,2.93261472079986e-08,0.999863363237094,0.999999999999662,"EMP1","KO",FALSE,"Activated",1.46577774916124e-13
"MIR155HG",3.81927428759181e-09,-0.795438496777416,2.93067143907681e-08,0.999863408515412,0.999999999999662,"EMP1","KO",FALSE,"Activated",1.46577774916124e-13
"DNAH5",3.76786386746614e-09,-0.798398814953427,2.85230419416217e-08,0.999865247143646,0.999999999999662,"EMP1","KO",FALSE,"Activated",1.46577774916124e-13
"C1QA",3.73677703093829e-09,-0.800206107960245,2.80543236749132e-08,0.999866358924784,0.999999999999662,"EMP1","KO",FALSE,"Activated",1.46577774916124e-13
"SGO1",3.67775994465148e-09,-0.803673800292225,2.7175165065632e-08,0.999868469595753,0.999999999999662,"EMP1","KO",FALSE,"Activated",1.46577774916124e-13
"FGFR3",3.65669578143432e-09,-0.80492331285681,2.68647680504596e-08,0.999869222928738,0.999999999999662,"EMP1","KO",FALSE,"Activated",1.46577774916124e-13
"BCAR3",3.56804045799321e-09,-0.810252545949949,2.55779052440901e-08,0.999872393573535,0.999999999999662,"EMP1","KO",FALSE,"Activated",1.46577774916124e-13
"HIST1H1D",3.54864641754035e-09,-0.811433834695058,2.5300604146362e-08,0.999873087176706,0.999999999999662,"EMP1","KO",FALSE,"Activated",1.46577774916124e-13
"SCG5",3.5058919471988e-09,-0.814058155116593,2.46946279510923e-08,0.999874616235917,0.999999999999662,"EMP1","KO",FALSE,"Activated",1.46577774916124e-13
"QPCT",3.48954147073763e-09,-0.815069198409436,2.4464827713243e-08,0.999875200989896,0.999999999999662,"EMP1","KO",FALSE,"Activated",1.46577774916124e-13
"FAM83D",3.45979000395683e-09,-0.816919617799906,2.40494369424922e-08,0.999876265013237,0.999999999999662,"EMP1","KO",FALSE,"Activated",1.46577774916124e-13
"TMCC3",3.423347462296e-09,-0.819205324909478,2.35454717570961e-08,0.999877568334355,0.999999999999662,"EMP1","KO",FALSE,"Activated",1.46577774916124e-13
"KC877982.1",3.41047933993979e-09,-0.820017529298791,2.33687928991763e-08,0.999878028546372,0.999999999999662,"EMP1","KO",FALSE,"Activated",1.46577774916124e-13
"PI3",3.37293167047052e-09,-0.822402919772906,2.28570679967285e-08,0.99987937139098,0.999999999999662,"EMP1","KO",FALSE,"Activated",1.46577774916124e-13
"FGF18",3.36581202644103e-09,-0.822857855509351,2.27606756280292e-08,0.999879626015986,0.999999999999662,"EMP1","KO",FALSE,"Activated",1.46577774916124e-13
"SNED1",3.17637386388153e-09,-0.835284253205513,2.02706960425936e-08,0.999886401030757,0.999999999999662,"EMP1","KO",FALSE,"Activated",1.46577774916124e-13
"FSTL3",3.16613565050569e-09,-0.835974206911164,2.01402320282175e-08,0.999886767187427,0.999999999999662,"EMP1","KO",FALSE,"Activated",1.46577774916124e-13
"MEG8",3.16365727904639e-09,-0.836141518899881,2.01087138333862e-08,0.999886855823228,0.999999999999662,"EMP1","KO",FALSE,"Activated",1.46577774916124e-13
"SERPINE1",3.09349015147747e-09,-0.840926830815061,1.92266185094368e-08,0.99988936526124,0.999999999999662,"EMP1","KO",FALSE,"Activated",1.46577774916124e-13
"TNIP3",3.08888750987024e-09,-0.841244044596121,1.91694485184112e-08,0.999889529868859,0.999999999999662,"EMP1","KO",FALSE,"Activated",1.46577774916124e-13
"AC007952.4",3.06859701367792e-09,-0.842647430158197,1.89184325036317e-08,0.999890255532631,0.999999999999662,"EMP1","KO",FALSE,"Activated",1.46577774916124e-13
"CADM3",3.0649650683941e-09,-0.842899491641838,1.88736758614789e-08,0.999890385424532,0.999999999999662,"EMP1","KO",FALSE,"Activated",1.46577774916124e-13
"SGO2",3.05130213877386e-09,-0.843850070455471,1.87057816529261e-08,0.99989087406182,0.999999999999662,"EMP1","KO",FALSE,"Activated",1.46577774916124e-13
"SNAI1",2.97461563520927e-09,-0.849255819884923,1.77773550587079e-08,0.99989361665702,0.999999999999662,"EMP1","KO",FALSE,"Activated",1.46577774916124e-13
"CLDN7",2.97066438030122e-09,-0.849537651112843,1.77301582323757e-08,0.999893757968622,0.999999999999662,"EMP1","KO",FALSE,"Activated",1.46577774916124e-13
"LDLRAD4",2.95638507496727e-09,-0.850558902514956,1.75601182446434e-08,0.999894268649804,0.999999999999662,"EMP1","KO",FALSE,"Activated",1.46577774916124e-13
"CX3CL1",2.93171106282599e-09,-0.852333830370041,1.72682276507463e-08,0.999895151084446,0.999999999999662,"EMP1","KO",FALSE,"Activated",1.46577774916124e-13
"TSPAN1",2.9310221270125e-09,-0.852383576970902,1.72601127292005e-08,0.999895175723358,0.999999999999662,"EMP1","KO",FALSE,"Activated",1.46577774916124e-13
"BUB1B",2.9241655796531e-09,-0.852879234029802,1.71794539329756e-08,0.999895420939048,0.999999999999662,"EMP1","KO",FALSE,"Activated",1.46577774916124e-13
"ALDH1A3",2.86424458233753e-09,-0.857254864553766,1.64825967770242e-08,0.999897563937256,0.999999999999662,"EMP1","KO",FALSE,"Activated",1.46577774916124e-13
"TRIB3",2.86360049031207e-09,-0.857302333208365,1.64751846198736e-08,0.999897586972387,0.999999999999662,"EMP1","KO",FALSE,"Activated",1.46577774916124e-13
"SLPI",2.79668318078924e-09,-0.862285872784496,1.57141890964736e-08,0.999899980184798,0.999999999999662,"EMP1","KO",FALSE,"Activated",1.46577774916124e-13
"HMMR",2.75304226687345e-09,-0.865592646616398,1.52275905927355e-08,0.999901540946543,0.999999999999662,"EMP1","KO",FALSE,"Activated",1.46577774916124e-13
"GPRC5A",2.71400034655353e-09,-0.868590176029602,1.47987567382776e-08,0.999902937231136,0.999999999999662,"EMP1","KO",FALSE,"Activated",1.46577774916124e-13
"AC124319.1",2.66964975039467e-09,-0.872041566916096,1.43190434801613e-08,0.999904523373764,0.999999999999662,"EMP1","KO",FALSE,"Activated",1.46577774916124e-13
"TSLP",2.65025963716483e-09,-0.873566354760139,1.41117956395955e-08,0.999905216836487,0.999999999999662,"EMP1","KO",FALSE,"Activated",1.46577774916124e-13
"PHGDH",2.649371460055e-09,-0.873636432988581,1.41023386992426e-08,0.999905248601011,0.999999999999662,"EMP1","KO",FALSE,"Activated",1.46577774916124e-13
"CCNE2",2.64101846844783e-09,-0.874296504928298,1.40135546063806e-08,0.999905547335125,0.999999999999662,"EMP1","KO",FALSE,"Activated",1.46577774916124e-13
"AGPAT4",2.62484482647016e-09,-0.875579808866096,1.38424416718415e-08,0.999906125764847,0.999999999999662,"EMP1","KO",FALSE,"Activated",1.46577774916124e-13
"HMGCS1",2.60916916972005e-09,-0.876830241607979,1.36776003613315e-08,0.999906686384762,0.999999999999662,"EMP1","KO",FALSE,"Activated",1.46577774916124e-13
"MSMO1",2.60664502655625e-09,-0.877032206349496,1.36511493958164e-08,0.99990677665753,0.999999999999662,"EMP1","KO",FALSE,"Activated",1.46577774916124e-13
"KRT75",2.48242309510054e-09,-0.887190249494694,1.2381037523362e-08,0.999911219296819,0.999999999999662,"EMP1","KO",FALSE,"Activated",1.46577774916124e-13
"MIR99AHG",2.47677309821039e-09,-0.887662796414085,1.23247431573439e-08,0.999911421361768,0.999999999999662,"EMP1","KO",FALSE,"Activated",1.46577774916124e-13
"PDE4C",2.43874006306207e-09,-0.890868607176812,1.19491347697539e-08,0.999912781564868,0.999999999999662,"EMP1","KO",FALSE,"Activated",1.46577774916124e-13
"TTN",2.42027017283343e-09,-0.892441299115204,1.17688257044695e-08,0.999913442116988,0.999999999999662,"EMP1","KO",FALSE,"Activated",1.46577774916124e-13
"EDN1",2.41273012749834e-09,-0.893086356268761,1.16956113541417e-08,0.999913711777113,0.999999999999662,"EMP1","KO",FALSE,"Activated",1.46577774916124e-13
"MDK",2.40230097106038e-09,-0.893981502228188,1.1594720055511e-08,0.999914084762621,0.999999999999662,"EMP1","KO",FALSE,"Activated",1.46577774916124e-13
"SMYD3",2.36778108053404e-09,-0.896968917427745,1.12638932487225e-08,0.999915319322576,0.999999999999662,"EMP1","KO",FALSE,"Activated",1.46577774916124e-13
"HEY1",2.33252018708816e-09,-0.90006019860209,1.09309084243582e-08,0.999916580383557,0.999999999999662,"EMP1","KO",FALSE,"Activated",1.46577774916124e-13
"TNFAIP8L1",2.32495863486051e-09,-0.900728448877567,1.08601517717788e-08,0.999916850812849,0.999999999999662,"EMP1","KO",FALSE,"Activated",1.46577774916124e-13
"MMP12",2.3161043498825e-09,-0.901513373525747,1.07775904966446e-08,0.999917167475084,0.999999999999662,"EMP1","KO",FALSE,"Activated",1.46577774916124e-13
"CYP2S1",2.30430009682269e-09,-0.902563917384822,1.06680123531417e-08,0.999917589639173,0.999999999999662,"EMP1","KO",FALSE,"Activated",1.46577774916124e-13
"HIST1H2BH",2.30181992930434e-09,-0.90278524544008,1.06450602915956e-08,0.999917678339208,0.999999999999662,"EMP1","KO",FALSE,"Activated",1.46577774916124e-13
"RSAD2",2.2874306289715e-09,-0.90407348060594,1.05123859685307e-08,0.999918192954222,0.999999999999662,"EMP1","KO",FALSE,"Activated",1.46577774916124e-13
"ERRFI1",2.28529939586611e-09,-0.904264888664783,1.04928060018392e-08,0.999918269175062,0.999999999999662,"EMP1","KO",FALSE,"Activated",1.46577774916124e-13
"TH",2.26553672279133e-09,-0.906047296136191,1.03121125907779e-08,0.999918975961915,0.999999999999662,"EMP1","KO",FALSE,"Activated",1.46577774916124e-13
"DSG1",2.25911882574593e-09,-0.90662906666685,1.02537702697432e-08,0.999919205489835,0.999999999999662,"EMP1","KO",FALSE,"Activated",1.46577774916124e-13
"ANK3",2.19488898229867e-09,-0.912532712720203,9.6790013561426e-09,0.999921502588449,0.999999999999662,"EMP1","KO",FALSE,"Activated",1.46577774916124e-13
"ANGPTL4",2.18596580872862e-09,-0.91336484480393,9.60046266982762e-09,0.999921821714396,0.999999999999662,"EMP1","KO",FALSE,"Activated",1.46577774916124e-13
"SNHG3",2.16806988808824e-09,-0.915042758739216,9.44391324934574e-09,0.999922461739224,0.999999999999662,"EMP1","KO",FALSE,"Activated",1.46577774916124e-13
"CCL26",2.12373088404734e-09,-0.919252943562406,9.0615898130633e-09,0.99992404746728,0.999999999999662,"EMP1","KO",FALSE,"Activated",1.46577774916124e-13
"PODN",2.12229310112363e-09,-0.919390754662826,9.04932442768942e-09,0.999924098887756,0.999999999999662,"EMP1","KO",FALSE,"Activated",1.46577774916124e-13
"IDO1",2.10293279445753e-09,-0.921254461878879,8.8849752260247e-09,0.999924791284487,0.999999999999662,"EMP1","KO",FALSE,"Activated",1.46577774916124e-13
"DKK1",2.09867206554721e-09,-0.921666639460803,8.84900819881014e-09,0.999924943664034,0.999999999999662,"EMP1","KO",FALSE,"Activated",1.46577774916124e-13
"DHFR",2.06481024320454e-09,-0.924968765350398,8.56575652545108e-09,0.99992615468902,0.999999999999662,"EMP1","KO",FALSE,"Activated",1.46577774916124e-13
"RACGAP1",2.05572831471266e-09,-0.92586249655341,8.49057043648737e-09,0.999926479492635,0.999999999999662,"EMP1","KO",FALSE,"Activated",1.46577774916124e-13
"BUB1",2.04745374366938e-09,-0.926679800430303,8.42235672030956e-09,0.999926775422138,0.999999999999662,"EMP1","KO",FALSE,"Activated",1.46577774916124e-13
"CHI3L1",1.96856714037878e-09,-0.934620759313399,7.78584756778106e-09,0.999929596701118,0.999999999999662,"EMP1","KO",FALSE,"Activated",1.46577774916124e-13
"TRIM59",1.95776462405167e-09,-0.935729833387804,7.70063231067406e-09,0.999929983039368,0.999999999999662,"EMP1","KO",FALSE,"Activated",1.46577774916124e-13
"ZC3H12A",1.92426679492821e-09,-0.939203486150519,7.4393673656367e-09,0.9999311810466,0.999999999999662,"EMP1","KO",FALSE,"Activated",1.46577774916124e-13
"HIST1H2AC",1.89428222121788e-09,-0.942358144201318,7.20932825369756e-09,0.999932253406722,0.999999999999662,"EMP1","KO",FALSE,"Activated",1.46577774916124e-13
"PLK3",1.85908343159086e-09,-0.946117813147781,6.94389578950719e-09,0.999933512246642,0.999999999999662,"EMP1","KO",FALSE,"Activated",1.46577774916124e-13
"ACKR3",1.85836739525174e-09,-0.946194941162621,6.93854785931387e-09,0.99993353785477,0.999999999999662,"EMP1","KO",FALSE,"Activated",1.46577774916124e-13
"KIF18A",1.84399203068025e-09,-0.947748932734538,6.83161704374997e-09,0.999934051971391,0.999999999999662,"EMP1","KO",FALSE,"Activated",1.46577774916124e-13
"NEDD9",1.83795321809815e-09,-0.948404908614102,6.78694515539817e-09,0.999934267941839,0.999999999999662,"EMP1","KO",FALSE,"Activated",1.46577774916124e-13
"ARL14",1.826734119719e-09,-0.949628640549166,6.70434130001466e-09,0.999934669178616,0.999999999999662,"EMP1","KO",FALSE,"Activated",1.46577774916124e-13
"IFIT1",1.8211605880753e-09,-0.950239032802363,6.66349260381487e-09,0.999934868508882,0.999999999999662,"EMP1","KO",FALSE,"Activated",1.46577774916124e-13
"HLA-DMB",1.81607750652474e-09,-0.950797144304931,6.62634727200447e-09,0.999935050298826,0.999999999999662,"EMP1","KO",FALSE,"Activated",1.46577774916124e-13
"ASS1",1.81594296473195e-09,-0.950811935326848,6.62536549934906e-09,0.999935055110542,0.999999999999662,"EMP1","KO",FALSE,"Activated",1.46577774916124e-13
"IRF8",1.78583500535927e-09,-0.954146341579589,6.40749235935464e-09,0.999936131883396,0.999999999999662,"EMP1","KO",FALSE,"Activated",1.46577774916124e-13
"NEXN",1.77973922361461e-09,-0.954827440606474,6.36382425646882e-09,0.999936349891273,0.999999999999662,"EMP1","KO",FALSE,"Activated",1.46577774916124e-13
"LXN",1.73903498084698e-09,-0.959428665765491,6.07606022233625e-09,0.999937805626719,0.999999999999662,"EMP1","KO",FALSE,"Activated",1.46577774916124e-13
"CFI",1.73375147600004e-09,-0.960032831126147,6.03919595362334e-09,0.999937994584547,0.999999999999662,"EMP1","KO",FALSE,"Activated",1.46577774916124e-13
"PLTP",1.61808336405424e-09,-0.97368194933791,5.26026010572301e-09,0.999942131307383,0.999999999999662,"EMP1","KO",FALSE,"Activated",1.46577774916124e-13
"SFRP4",1.59356792382886e-09,-0.976684454552532,5.10207211317957e-09,0.999943008070907,0.999999999999662,"EMP1","KO",FALSE,"Activated",1.46577774916124e-13
"BMP8B",1.56020609425402e-09,-0.980836228027928,4.89068141934168e-09,0.999944201214289,0.999999999999662,"EMP1","KO",FALSE,"Activated",1.46577774916124e-13
"LYZ",1.48336615766886e-09,-0.990703430789443,4.42081322589545e-09,0.999946949296843,0.999999999999662,"EMP1","KO",FALSE,"Activated",1.46577774916124e-13
"CCL4L2",1.44156508621403e-09,-0.996261218056463,4.17516789752826e-09,0.999948444258973,0.999999999999662,"EMP1","KO",FALSE,"Activated",1.46577774916124e-13
"MIR193BHG",1.43458799263725e-09,-0.99720262437272,4.13485054755807e-09,0.999948693785847,0.999999999999662,"EMP1","KO",FALSE,"Activated",1.46577774916124e-13
"KCTD11",1.41280541198758e-09,-1.00016779500062,4.01023786673967e-09,0.999949472812126,0.999999999999662,"EMP1","KO",FALSE,"Activated",1.46577774916124e-13
"JPH1",1.36583723353265e-09,-1.00670044919668,3.74803233603163e-09,0.999951152569263,0.999999999999662,"EMP1","KO",FALSE,"Activated",1.46577774916124e-13
"CCL3L1",1.36142929318205e-09,-1.00732361437217,3.72387946708831e-09,0.999951310213641,0.999999999999662,"EMP1","KO",FALSE,"Activated",1.46577774916124e-13
"UBD",1.35225254767265e-09,-1.00862666419216,3.67384686960639e-09,0.999951638408267,0.999999999999662,"EMP1","KO",FALSE,"Activated",1.46577774916124e-13
"KIF14",1.35004606456386e-09,-1.00894113062921,3.66186735064929e-09,0.999951717320328,0.999999999999662,"EMP1","KO",FALSE,"Activated",1.46577774916124e-13
"UNG",1.34878541737555e-09,-1.00912099977735,3.65503178024362e-09,0.99995176240577,0.999999999999662,"EMP1","KO",FALSE,"Activated",1.46577774916124e-13
"NEK2",1.30982049624338e-09,-1.01475462396809,3.44690249071436e-09,0.999953155936593,0.999999999999662,"EMP1","KO",FALSE,"Activated",1.46577774916124e-13
"HIST1H1E",1.28487585235829e-09,-1.0184389129194,3.31686478975178e-09,0.99995404805004,0.999999999999662,"EMP1","KO",FALSE,"Activated",1.46577774916124e-13
"HSPA6",1.24282999679797e-09,-1.02479360131672,3.10333662802783e-09,0.999955551766563,0.999999999999662,"EMP1","KO",FALSE,"Activated",1.46577774916124e-13
"LDLR",1.23384319268149e-09,-1.02617627910345,3.05861893275225e-09,0.999955873168177,0.999999999999662,"EMP1","KO",FALSE,"Activated",1.46577774916124e-13
"DBF4",1.23317983103512e-09,-1.0262786915988,3.05533095405849e-09,0.999955896892462,0.999999999999662,"EMP1","KO",FALSE,"Activated",1.46577774916124e-13
"SEMA3B",1.20736010232047e-09,-1.03030291864641,2.92872823684987e-09,0.999956820302205,0.999999999999662,"EMP1","KO",FALSE,"Activated",1.46577774916124e-13
"SPC25",1.19790833295205e-09,-1.03179496621232,2.88305286395033e-09,0.99995715833271,0.999999999999662,"EMP1","KO",FALSE,"Activated",1.46577774916124e-13
"RNF144B",1.196463146291e-09,-1.03202401230721,2.87610068553637e-09,0.999957210017972,0.999999999999662,"EMP1","KO",FALSE,"Activated",1.46577774916124e-13
"LMO7",1.16615435192002e-09,-1.03688447081895,2.7322315907167e-09,0.999958293973436,0.999999999999662,"EMP1","KO",FALSE,"Activated",1.46577774916124e-13
"OASL",1.1565912567105e-09,-1.03844107614703,2.6876037821959e-09,0.999958635985368,0.999999999999662,"EMP1","KO",FALSE,"Activated",1.46577774916124e-13
"AC116366.1",1.13447072193204e-09,-1.04208543497108,2.58578265654986e-09,0.999959427098147,0.999999999999662,"EMP1","KO",FALSE,"Activated",1.46577774916124e-13
"HGF",1.11827802385843e-09,-1.04479294090661,2.51249389068868e-09,0.999960006209389,0.999999999999662,"EMP1","KO",FALSE,"Activated",1.46577774916124e-13
"SLC43A3",1.11509992652595e-09,-1.04532837248199,2.4982333874473e-09,0.999960119869996,0.999999999999662,"EMP1","KO",FALSE,"Activated",1.46577774916124e-13
"HIST1H3B",1.10167722357437e-09,-1.04760465093193,2.43845179916915e-09,0.999960599915888,0.999999999999662,"EMP1","KO",FALSE,"Activated",1.46577774916124e-13
"HES6",1.09508845373861e-09,-1.04873092423742,2.40937185925148e-09,0.999960835554857,0.999999999999662,"EMP1","KO",FALSE,"Activated",1.46577774916124e-13
"NOVA1",1.07515133668186e-09,-1.05217555364411,2.32244069134831e-09,0.99996154858048,0.999999999999662,"EMP1","KO",FALSE,"Activated",1.46577774916124e-13
"MT1G",1.06918116485947e-09,-1.053217958642,2.29671989609128e-09,0.999961762096078,0.999999999999662,"EMP1","KO",FALSE,"Activated",1.46577774916124e-13
"PTGER3",9.9876958670066e-10,-1.0659137416309,2.00417690065187e-09,0.999964280276577,0.999999999999662,"EMP1","KO",FALSE,"Activated",1.46577774916124e-13
"HIST1H3G",9.71317922814513e-10,-1.07107733794662,1.89551942176759e-09,0.999965262050405,0.999999999999662,"EMP1","KO",FALSE,"Activated",1.46577774916124e-13
"CCL3",9.62586942490818e-10,-1.07274647946043,1.86159569557527e-09,0.999965574302807,0.999999999999662,"EMP1","KO",FALSE,"Activated",1.46577774916124e-13
"EGR2",9.46667792314976e-10,-1.07582432450982,1.80053114152947e-09,0.999966143630957,0.999999999999662,"EMP1","KO",FALSE,"Activated",1.46577774916124e-13
"MANCR",9.17024092516135e-10,-1.08167882579208,1.68953395917605e-09,0.999967203800161,0.999999999999662,"EMP1","KO",FALSE,"Activated",1.46577774916124e-13
"CNKSR3",9.14735451462057e-10,-1.08213770060668,1.68111125435379e-09,0.999967285650496,0.999999999999662,"EMP1","KO",FALSE,"Activated",1.46577774916124e-13
"DUSP5",9.08413388794148e-10,-1.08341053826942,1.65795403786292e-09,0.999967511751023,0.999999999999662,"EMP1","KO",FALSE,"Activated",1.46577774916124e-13
"BMP4",8.99911429820309e-10,-1.08513457734542,1.62706524889605e-09,0.999967815812767,0.999999999999662,"EMP1","KO",FALSE,"Activated",1.46577774916124e-13
"CALHM6",8.91132205965323e-10,-1.0869299121303,1.59547393247258e-09,0.999968129790538,0.999999999999662,"EMP1","KO",FALSE,"Activated",1.46577774916124e-13
"IFIT3",8.84089922210799e-10,-1.0883813041282,1.57035670743849e-09,0.999968381648855,0.999999999999662,"EMP1","KO",FALSE,"Activated",1.46577774916124e-13
"DAPL1",8.80339932267921e-10,-1.08915831099508,1.55706318924553e-09,0.999968515762474,0.999999999999662,"EMP1","KO",FALSE,"Activated",1.46577774916124e-13
"ANKRD37",8.01403592600432e-10,-1.10622830514283,1.29035141898739e-09,0.999971338820222,0.999999999999662,"EMP1","KO",FALSE,"Activated",1.46577774916124e-13
"TRIML2",8.01269315506211e-10,-1.10625857817296,1.28991905226178e-09,0.999971343622471,0.999999999999662,"EMP1","KO",FALSE,"Activated",1.46577774916124e-13
"SPRR2D",8.00360854442428e-10,-1.10646350954648,1.28699574817868e-09,0.999971376112425,0.999999999999662,"EMP1","KO",FALSE,"Activated",1.46577774916124e-13
"AC239799.2",7.99175308993523e-10,-1.10673125318311,1.28318581196437e-09,0.99997141851195,0.999999999999662,"EMP1","KO",FALSE,"Activated",1.46577774916124e-13
"FAM49A",7.53218421942349e-10,-1.11738890806864,1.13984894168935e-09,0.999973062101539,0.999999999999662,"EMP1","KO",FALSE,"Activated",1.46577774916124e-13
"HIST1H2AH",7.30149253161973e-10,-1.12295573894236,1.07109680638259e-09,0.999973887141006,0.999999999999662,"EMP1","KO",FALSE,"Activated",1.46577774916124e-13
"NPR3",6.79549041224763e-10,-1.13572819302142,9.27784348674907e-10,0.999975696793202,0.999999999999662,"EMP1","KO",FALSE,"Activated",1.46577774916124e-13
"ISG20",6.76809297451462e-10,-1.13644332236987,9.20318317069972e-10,0.999975794776652,0.999999999999662,"EMP1","KO",FALSE,"Activated",1.46577774916124e-13
"BAMBI",6.56909199338215e-10,-1.14171529896719,8.66994058502719e-10,0.99997650647834,0.999999999999662,"EMP1","KO",FALSE,"Activated",1.46577774916124e-13
"KDM6B",6.34753300633455e-10,-1.14775244875042,8.09497234507182e-10,0.999977298855865,0.999999999999662,"EMP1","KO",FALSE,"Activated",1.46577774916124e-13
"PLSCR3",6.27571358187593e-10,-1.14974914821967,7.91282685597339e-10,0.999977555708898,0.999999999999662,"EMP1","KO",FALSE,"Activated",1.46577774916124e-13
"HIST1H1C",6.23173129336577e-10,-1.15098185531739,7.80230406222808e-10,0.999977713005957,0.999999999999662,"EMP1","KO",FALSE,"Activated",1.46577774916124e-13
"AIFM1",6.09183170588132e-10,-1.15495431219357,7.45591979571183e-10,0.999978213339031,0.999999999999662,"EMP1","KO",FALSE,"Activated",1.46577774916124e-13
"HMOX1",6.02706287254997e-10,-1.15682061416471,7.29821877089036e-10,0.999978444976522,0.999999999999662,"EMP1","KO",FALSE,"Activated",1.46577774916124e-13
"SHISA2",5.79389321425782e-10,-1.16368846916553,6.74444794274426e-10,0.999979278878136,0.999999999999662,"EMP1","KO",FALSE,"Activated",1.46577774916124e-13
"G0S2",5.76041184970212e-10,-1.16469448656369,6.66672443128929e-10,0.999979398619976,0.999999999999662,"EMP1","KO",FALSE,"Activated",1.46577774916124e-13
"CADM1",5.65293118750023e-10,-1.16795902801283,6.42026318639723e-10,0.999979783010888,0.999999999999662,"EMP1","KO",FALSE,"Activated",1.46577774916124e-13
"NRN1",5.56211133058911e-10,-1.17076028058937,6.21562476757656e-10,0.999980107816551,0.999999999999662,"EMP1","KO",FALSE,"Activated",1.46577774916124e-13
"KNSTRN",5.43626668697138e-10,-1.17470895765782,5.93754537161957e-10,0.999980557883906,0.999999999999662,"EMP1","KO",FALSE,"Activated",1.46577774916124e-13
"CTSH",5.41856892920822e-10,-1.17527068874581,5.89894895984318e-10,0.999980621177685,0.999999999999662,"EMP1","KO",FALSE,"Activated",1.46577774916124e-13
"AC015912.3",5.38757881051263e-10,-1.17625821361667,5.83166685425173e-10,0.999980732009901,0.999999999999662,"EMP1","KO",FALSE,"Activated",1.46577774916124e-13
"OLR1",5.23577360508772e-10,-1.18116886749161,5.50766038137762e-10,0.999981274921902,0.999999999999662,"EMP1","KO",FALSE,"Activated",1.46577774916124e-13
"TGFBI",5.10116371083635e-10,-1.18562897846101,5.22810085275942e-10,0.999981756337061,0.999999999999662,"EMP1","KO",FALSE,"Activated",1.46577774916124e-13
"THBS1",5.07821704977963e-10,-1.18639957039098,5.18117131311619e-10,0.999981838402875,0.999999999999662,"EMP1","KO",FALSE,"Activated",1.46577774916124e-13
"CRADD",5.02479906243337e-10,-1.18820535581199,5.07274267568642e-10,0.99998202944551,0.999999999999662,"EMP1","KO",FALSE,"Activated",1.46577774916124e-13
"AURKB",4.93376061004609e-10,-1.19132209761063,4.89059365941581e-10,0.999982355032951,0.999999999999662,"EMP1","KO",FALSE,"Activated",1.46577774916124e-13
"CPVL",4.78828065131743e-10,-1.19640907850192,4.60643161878989e-10,0.999982875323512,0.999999999999662,"EMP1","KO",FALSE,"Activated",1.46577774916124e-13
"CCL2",4.61338452774642e-10,-1.20270743406121,4.27606938181087e-10,0.999983500817244,0.999999999999662,"EMP1","KO",FALSE,"Activated",1.46577774916124e-13
"AC103858.1",4.54172818220644e-10,-1.20534862208615,4.14426684035034e-10,0.999983757087046,0.999999999999662,"EMP1","KO",FALSE,"Activated",1.46577774916124e-13
"KCTD14",4.53792573013531e-10,-1.20548979668685,4.13733037091013e-10,0.999983770686032,0.999999999999662,"EMP1","KO",FALSE,"Activated",1.46577774916124e-13
"IGHG3",4.47311682679952e-10,-1.20791208367618,4.01999872927253e-10,0.999984002466829,0.999999999999662,"EMP1","KO",FALSE,"Activated",1.46577774916124e-13
"OTUD1",4.46863452548377e-10,-1.20808075019152,4.011946260102e-10,0.999984018497209,0.999999999999662,"EMP1","KO",FALSE,"Activated",1.46577774916124e-13
"GBP4",4.34971578265045e-10,-1.21261074819866,3.8012566641624e-10,0.999984443794962,0.999999999999662,"EMP1","KO",FALSE,"Activated",1.46577774916124e-13
"IGLC2",4.34141065211521e-10,-1.21293116339421,3.78675466203552e-10,0.999984473497204,0.999999999999662,"EMP1","KO",FALSE,"Activated",1.46577774916124e-13
"HSPA1B",4.28772472809581e-10,-1.2150154657404,3.69367963978081e-10,0.99998466549808,0.999999999999662,"EMP1","KO",FALSE,"Activated",1.46577774916124e-13
"ARC",4.24310164966635e-10,-1.21676542096542,3.61719819829563e-10,0.999984825086843,0.999999999999662,"EMP1","KO",FALSE,"Activated",1.46577774916124e-13
"APOC1",4.19882514502455e-10,-1.21851782675511,3.54210158628375e-10,0.999984983436128,0.999999999999662,"EMP1","KO",FALSE,"Activated",1.46577774916124e-13
"PLK1",4.17449181626604e-10,-1.21948782699862,3.50116567255583e-10,0.999985070461182,0.999999999999662,"EMP1","KO",FALSE,"Activated",1.46577774916124e-13
"LINC01127",4.11887076392666e-10,-1.22172382747036,3.4084879638699e-10,0.999985269382798,0.999999999999662,"EMP1","KO",FALSE,"Activated",1.46577774916124e-13
"SEMA7A",4.03785457198299e-10,-1.22502862339493,3.27572006019168e-10,0.9999855591269,0.999999999999662,"EMP1","KO",FALSE,"Activated",1.46577774916124e-13
"KLK9",4.03331296817602e-10,-1.22521560141291,3.26835542834785e-10,0.999985575369368,0.999999999999662,"EMP1","KO",FALSE,"Activated",1.46577774916124e-13
"INSIG1",3.87338072653077e-10,-1.23192086142111,3.01429538212529e-10,0.999986147346681,0.999999999999662,"EMP1","KO",FALSE,"Activated",1.46577774916124e-13
"CAPN3",3.8590371217417e-10,-1.23253404003007,2.99201210512708e-10,0.999986198644758,0.999999999999662,"EMP1","KO",FALSE,"Activated",1.46577774916124e-13
"ID1",3.84866440157805e-10,-1.23297871407071,2.9759492410704e-10,0.999986235741472,0.999999999999662,"EMP1","KO",FALSE,"Activated",1.46577774916124e-13
"SCN1B",3.84728454181658e-10,-1.23303794733026,2.97381569236359e-10,0.999986240676365,0.999999999999662,"EMP1","KO",FALSE,"Activated",1.46577774916124e-13
"NEFL",3.7744792923296e-10,-1.23619002725593,2.86232884980034e-10,0.999986501055076,0.999999999999662,"EMP1","KO",FALSE,"Activated",1.46577774916124e-13
"SERPINB13",3.62540509666661e-10,-1.24281430002568,2.64069665708136e-10,0.999987034199968,0.999999999999662,"EMP1","KO",FALSE,"Activated",1.46577774916124e-13
"AATK",3.59109515695046e-10,-1.24437269424549,2.59095136101652e-10,0.999987156905102,0.999999999999662,"EMP1","KO",FALSE,"Activated",1.46577774916124e-13
"IFIH1",3.58713380896911e-10,-1.24455346368511,2.5852383411392e-10,0.999987171072359,0.999999999999662,"EMP1","KO",FALSE,"Activated",1.46577774916124e-13
"CYP27B1",3.5473644021306e-10,-1.246378050698,2.52823268081545e-10,0.999987313302583,0.999999999999662,"EMP1","KO",FALSE,"Activated",1.46577774916124e-13
"TAF4B",3.50814812817542e-10,-1.24819493048828,2.47264221297117e-10,0.999987453554597,0.999999999999662,"EMP1","KO",FALSE,"Activated",1.46577774916124e-13
"FOLR3",3.49669343118955e-10,-1.24872898806664,2.45652138455769e-10,0.999987494520863,0.999999999999662,"EMP1","KO",FALSE,"Activated",1.46577774916124e-13
"EGLN3",3.49591247837122e-10,-1.2487654546854,2.45542422628221e-10,0.999987497313841,0.999999999999662,"EMP1","KO",FALSE,"Activated",1.46577774916124e-13
"CXCL10",3.39900267750022e-10,-1.25334714698857,2.32117800772329e-10,0.999987843899413,0.999999999999662,"EMP1","KO",FALSE,"Activated",1.46577774916124e-13
"GPNMB",3.37781729978907e-10,-1.25436400126396,2.29233320360082e-10,0.999987919666221,0.999999999999662,"EMP1","KO",FALSE,"Activated",1.46577774916124e-13
"FAM110C",3.36439141588385e-10,-1.25501131807892,2.27414664552035e-10,0.999987967682186,0.999999999999662,"EMP1","KO",FALSE,"Activated",1.46577774916124e-13
"NCF2",3.34274309318574e-10,-1.25605986428341,2.24497461207142e-10,0.999988045104658,0.999999999999662,"EMP1","KO",FALSE,"Activated",1.46577774916124e-13
"SLC7A11",3.28781970798583e-10,-1.25874709656089,2.17180797003133e-10,0.999988241531157,0.999999999999662,"EMP1","KO",FALSE,"Activated",1.46577774916124e-13
"HILPDA",3.25810348596473e-10,-1.26021749111277,2.13272658617935e-10,0.999988347807444,0.999999999999662,"EMP1","KO",FALSE,"Activated",1.46577774916124e-13
"SPRR2A",3.25576488184791e-10,-1.26033370716754,2.12966602460229e-10,0.999988356171164,0.999999999999662,"EMP1","KO",FALSE,"Activated",1.46577774916124e-13
"AC108134.2",3.21213476091519e-10,-1.26251543887487,2.07296967167394e-10,0.99998851220874,0.999999999999662,"EMP1","KO",FALSE,"Activated",1.46577774916124e-13
"CDC42EP4",3.03636730870864e-10,-1.27157692587789,1.85231160469593e-10,0.999989140818668,0.999999999999662,"EMP1","KO",FALSE,"Activated",1.46577774916124e-13
"INCENP",3.01600159948873e-10,-1.27265643551637,1.82754705907419e-10,0.999989213654035,0.999999999999662,"EMP1","KO",FALSE,"Activated",1.46577774916124e-13
"ALPK2",3.00713746998639e-10,-1.27312828960685,1.81682040150027e-10,0.999989245355467,0.999999999999662,"EMP1","KO",FALSE,"Activated",1.46577774916124e-13
"APOD",3.00570168603809e-10,-1.27320483393304,1.81508590225956e-10,0.999989250490365,0.999999999999662,"EMP1","KO",FALSE,"Activated",1.46577774916124e-13
"CES1",2.99607250965843e-10,-1.27371901442768,1.80347477920944e-10,0.999989284927889,0.999999999999662,"EMP1","KO",FALSE,"Activated",1.46577774916124e-13
"IL20",2.99189750668755e-10,-1.2739424029751,1.79845202600222e-10,0.999989299859256,0.999999999999662,"EMP1","KO",FALSE,"Activated",1.46577774916124e-13
"WFDC2",2.91565176161105e-10,-1.27807092570242,1.70795623118427e-10,0.999989572542462,0.999999999999662,"EMP1","KO",FALSE,"Activated",1.46577774916124e-13
"RHOV",2.87794253909639e-10,-1.28014793303551,1.66406264223786e-10,0.999989707404698,0.999999999999662,"EMP1","KO",FALSE,"Activated",1.46577774916124e-13
"PROSER2",2.79849426323113e-10,-1.28460328504459,1.57345481469035e-10,0.999989991541348,0.999999999999662,"EMP1","KO",FALSE,"Activated",1.46577774916124e-13
"ADAMTS5",2.78291555200576e-10,-1.28548991649844,1.55598529869914e-10,0.999990047256626,0.999999999999662,"EMP1","KO",FALSE,"Activated",1.46577774916124e-13
"SFTA1P",2.76132818604159e-10,-1.28672574836193,1.53193904623813e-10,0.999990124461094,0.999999999999662,"EMP1","KO",FALSE,"Activated",1.46577774916124e-13
"NAV3",2.29233410484165e-10,-1.31591877253095,1.05575042599234e-10,0.99999180175875,0.999999999999662,"EMP1","KO",FALSE,"Activated",1.46577774916124e-13
"ID2",2.18809844540034e-10,-1.32311429254214,9.6192043043726e-11,0.999992174544324,0.999999999999662,"EMP1","KO",FALSE,"Activated",1.46577774916124e-13
"NFATC2",2.18539446940913e-10,-1.3233049239323,9.595444837461e-11,0.99999218421475,0.999999999999662,"EMP1","KO",FALSE,"Activated",1.46577774916124e-13
"BCAT1",2.1829841011929e-10,-1.32347503049473,9.57429002918536e-11,0.999992192835125,0.999999999999662,"EMP1","KO",FALSE,"Activated",1.46577774916124e-13
"GBP1",2.09717096019897e-10,-1.32964123722864,8.83635396547984e-11,0.999992499734905,0.999999999999662,"EMP1","KO",FALSE,"Activated",1.46577774916124e-13
"SYT8",2.04878552641985e-10,-1.33321637213414,8.43331706307241e-11,0.999992672779252,0.999999999999662,"EMP1","KO",FALSE,"Activated",1.46577774916124e-13
"ISM1",1.99984850496445e-10,-1.33690846732411,8.03525436015091e-11,0.999992847796283,0.999999999999662,"EMP1","KO",FALSE,"Activated",1.46577774916124e-13
"HSPA1A",1.88667350505971e-10,-1.34576063611197,7.15152950866282e-11,0.999993252552269,0.999999999999662,"EMP1","KO",FALSE,"Activated",1.46577774916124e-13
"RAMP3",1.86310080868993e-10,-1.34766288881883,6.97393896947176e-11,0.999993336857019,0.999999999999662,"EMP1","KO",FALSE,"Activated",1.46577774916124e-13
"CD274",1.80314710689507e-10,-1.35259792899678,6.53232452879486e-11,0.999993551273804,0.999999999999662,"EMP1","KO",FALSE,"Activated",1.46577774916124e-13
"CFB",1.80167155708468e-10,-1.3527211937456,6.52163785061105e-11,0.999993556550921,0.999999999999662,"EMP1","KO",FALSE,"Activated",1.46577774916124e-13
"GMPR",1.71360969541761e-10,-1.3602432595719,5.8996908551177e-11,0.999993871492964,0.999999999999662,"EMP1","KO",FALSE,"Activated",1.46577774916124e-13
"MCM6",1.70152347086654e-10,-1.36130199152812,5.81676236937372e-11,0.999993914717808,0.999999999999662,"EMP1","KO",FALSE,"Activated",1.46577774916124e-13
"TRIM72",1.67212466154197e-10,-1.36390510034581,5.61749556346675e-11,0.999994019858909,0.999999999999662,"EMP1","KO",FALSE,"Activated",1.46577774916124e-13
"IL1R2",1.64184126370275e-10,-1.36662888753398,5.41586420581615e-11,0.999994128163628,0.999999999999662,"EMP1","KO",FALSE,"Activated",1.46577774916124e-13
"SERPINB7",1.6230575268838e-10,-1.36834060357428,5.29265103006001e-11,0.999994195341273,0.999999999999662,"EMP1","KO",FALSE,"Activated",1.46577774916124e-13
"AC092807.3",1.57729752400962e-10,-1.3725845392055,4.99841920954054e-11,0.999994358996101,0.999999999999662,"EMP1","KO",FALSE,"Activated",1.46577774916124e-13
"S100A7",1.47737849107375e-10,-1.38224052037158,4.38519567965892e-11,0.999994716343808,0.999999999999662,"EMP1","KO",FALSE,"Activated",1.46577774916124e-13
"FGL2",1.42208378885472e-10,-1.38783332041338,4.06308403849355e-11,0.999994914098275,0.999999999999662,"EMP1","KO",FALSE,"Activated",1.46577774916124e-13
"TSPAN7",1.32800787562329e-10,-1.39780310155085,3.54329029672742e-11,0.999995250548808,0.999999999999662,"EMP1","KO",FALSE,"Activated",1.46577774916124e-13
"LUCAT1",1.30920654570627e-10,-1.39986962818209,3.4436719233607e-11,0.999995317789373,0.999999999999662,"EMP1","KO",FALSE,"Activated",1.46577774916124e-13
"HIST1H2AL",1.21652466875098e-10,-1.41045410665318,2.97335848765751e-11,0.999995649254313,0.999999999999662,"EMP1","KO",FALSE,"Activated",1.46577774916124e-13
"GLDC",1.214742541474e-10,-1.41066447744128,2.96465332592645e-11,0.999995655627864,0.999999999999662,"EMP1","KO",FALSE,"Activated",1.46577774916124e-13
"FAM43A",1.13647056742965e-10,-1.42018257602334,2.59490712943424e-11,0.99999593555762,0.999999999999662,"EMP1","KO",FALSE,"Activated",1.46577774916124e-13
"OBSCN",1.06408111892176e-10,-1.42951220133289,2.27486122391779e-11,0.999996194449272,0.999999999999662,"EMP1","KO",FALSE,"Activated",1.46577774916124e-13
"PCSK9",9.73082126824785e-11,-1.44206523161934,1.9024113359689e-11,0.999996519895588,0.999999999999662,"EMP1","KO",FALSE,"Activated",1.46577774916124e-13
"HIST1H2BF",9.68247001752416e-11,-1.44276066126764,1.88355261141506e-11,0.999996537187798,0.999999999999662,"EMP1","KO",FALSE,"Activated",1.46577774916124e-13
"USP18",9.61533484373889e-11,-1.44373133018077,1.85752325310734e-11,0.999996561197839,0.999999999999662,"EMP1","KO",FALSE,"Activated",1.46577774916124e-13
"CYB5D2",9.5434906025248e-11,-1.44477669741747,1.82986872343466e-11,0.999996586892017,0.999999999999662,"EMP1","KO",FALSE,"Activated",1.46577774916124e-13
"H1F0",9.46612007064367e-11,-1.44591022939592,1.80031894434199e-11,0.999996614562604,0.999999999999662,"EMP1","KO",FALSE,"Activated",1.46577774916124e-13
"CD14",8.92909038920228e-11,-1.45401017701641,1.60184272241023e-11,0.999996806624436,0.999999999999662,"EMP1","KO",FALSE,"Activated",1.46577774916124e-13
"IGHG4",8.75573845303414e-11,-1.45671623739276,1.54024920706985e-11,0.99999686862155,0.999999999999662,"EMP1","KO",FALSE,"Activated",1.46577774916124e-13
"IGHG1",8.65316455383741e-11,-1.45833966809419,1.50437240668086e-11,0.9999969053058,0.999999999999662,"EMP1","KO",FALSE,"Activated",1.46577774916124e-13
"ICAM4",8.54578859595469e-11,-1.46005730092399,1.46726893918919e-11,0.999996943707445,0.999999999999662,"EMP1","KO",FALSE,"Activated",1.46577774916124e-13
"ZBP1",7.89606668778472e-11,-1.47087403505225,1.25264223023388e-11,0.999997176072219,0.999999999999662,"EMP1","KO",FALSE,"Activated",1.46577774916124e-13
"BIN1",7.60321126205996e-11,-1.47600721268741,1.16144740929511e-11,0.999997280808235,0.999999999999662,"EMP1","KO",FALSE,"Activated",1.46577774916124e-13
"CYP24A1",6.72458132067083e-11,-1.49252339777543,9.08523015160771e-12,0.999997595039054,0.999999999999662,"EMP1","KO",FALSE,"Activated",1.46577774916124e-13
"POLM",6.55699562890583e-11,-1.49588710694309,8.63804022409141e-12,0.999997654973944,0.999999999999662,"EMP1","KO",FALSE,"Activated",1.46577774916124e-13
"BHLHE41",6.23467000663983e-11,-1.50257458420962,7.80966450179677e-12,0.999997770249602,0.999999999999662,"EMP1","KO",FALSE,"Activated",1.46577774916124e-13
"MIR3945HG",6.17714849373071e-11,-1.50379981376651,7.6662242132644e-12,0.999997790821439,0.999999999999662,"EMP1","KO",FALSE,"Activated",1.46577774916124e-13
"ALG9",6.03814921712929e-11,-1.50680241377432,7.32509255149618e-12,0.999997840532762,0.999999999999662,"EMP1","KO",FALSE,"Activated",1.46577774916124e-13
"ACP5",5.83091387779195e-11,-1.5113936780456,6.83091195547922e-12,0.999997914647844,0.999999999999662,"EMP1","KO",FALSE,"Activated",1.46577774916124e-13
"ALDH3A1",5.65709560175469e-11,-1.51535642035456,6.42972605896598e-12,0.999997976811739,0.999999999999662,"EMP1","KO",FALSE,"Activated",1.46577774916124e-13
"LEPR",5.57863331754472e-11,-1.51718033992883,6.25260604671231e-12,0.999998004872776,0.999999999999662,"EMP1","KO",FALSE,"Activated",1.46577774916124e-13
"AUXG01000058.1",5.41658975164573e-11,-1.52101958848829,5.89464046608103e-12,0.999998062825596,0.999999999999662,"EMP1","KO",FALSE,"Activated",1.46577774916124e-13
"ZFAND2A",5.36830886595605e-11,-1.5221829903613,5.79002479889905e-12,0.99999808009264,0.999999999999662,"EMP1","KO",FALSE,"Activated",1.46577774916124e-13
"SLAMF7",5.25568076694022e-11,-1.52493305858075,5.54962183044396e-12,0.999998120372647,0.999999999999662,"EMP1","KO",FALSE,"Activated",1.46577774916124e-13
"AC025263.1",5.05746477513742e-11,-1.52990112761578,5.13891183698517e-12,0.999998191262074,0.999999999999662,"EMP1","KO",FALSE,"Activated",1.46577774916124e-13
"FAM111B",4.87874100292575e-11,-1.5345294282986,4.78212540282858e-12,0.999998255180357,0.999999999999662,"EMP1","KO",FALSE,"Activated",1.46577774916124e-13
"ELF3",4.73818504345336e-11,-1.53827508069491,4.51054966118239e-12,0.999998305448408,0.999999999999662,"EMP1","KO",FALSE,"Activated",1.46577774916124e-13
"GCNA",4.64639618002093e-11,-1.54077415055768,4.33748423207874e-12,0.999998338275527,0.999999999999662,"EMP1","KO",FALSE,"Activated",1.46577774916124e-13
"HERC5",4.63352428464023e-11,-1.54112806277106,4.31348528494388e-12,0.999998342878996,0.999999999999662,"EMP1","KO",FALSE,"Activated",1.46577774916124e-13
"LINC00707",4.48626523873675e-11,-1.54523958063197,4.04366646944346e-12,0.999998395544321,0.999999999999662,"EMP1","KO",FALSE,"Activated",1.46577774916124e-13
"IGLC3",4.37440118477337e-11,-1.54844281200127,3.84452469391554e-12,0.999998435551076,0.999999999999662,"EMP1","KO",FALSE,"Activated",1.46577774916124e-13
"NEFM",3.72446363650972e-11,-1.56861696187116,2.78697395811551e-12,0.99999866799297,0.999999999999662,"EMP1","KO",FALSE,"Activated",1.46577774916124e-13
"RBPJ",3.01198366825496e-11,-1.59464797837989,1.82268096931512e-12,0.999998922802365,0.999999999999662,"EMP1","KO",FALSE,"Activated",1.46577774916124e-13
"FOXD1",2.95195159439075e-11,-1.59708136299974,1.75074904128161e-12,0.999998944272073,0.999999999999662,"EMP1","KO",FALSE,"Activated",1.46577774916124e-13
"SNHG4",2.88608013945716e-11,-1.59980194987023,1.67348647287301e-12,0.999998967830161,0.999999999999662,"EMP1","KO",FALSE,"Activated",1.46577774916124e-13
"CXCL9",2.83453168450506e-11,-1.60196926399623,1.61423985465156e-12,0.99999898626581,0.999999999999662,"EMP1","KO",FALSE,"Activated",1.46577774916124e-13
"IL4I1",2.67226063101706e-11,-1.60902536269783,1.43470648296348e-12,0.999999044299987,0.999999999999662,"EMP1","KO",FALSE,"Activated",1.46577774916124e-13
"LINC02605",2.46224608260577e-11,-1.61873843357968,1.21805905342307e-12,0.999999119409018,0.999999999999662,"EMP1","KO",FALSE,"Activated",1.46577774916124e-13
"NFATC1",2.37821433524429e-11,-1.62282982488581,1.13633770928154e-12,0.999999149461903,0.999999999999662,"EMP1","KO",FALSE,"Activated",1.46577774916124e-13
"SERPINB4",1.94142243648549e-11,-1.6463962326368,7.57260881094457e-13,0.999999305674968,0.999999999999662,"EMP1","KO",FALSE,"Activated",1.46577774916124e-13
"GDNF",1.78055586953521e-11,-1.65626488075838,6.36966576784028e-13,0.999999363206849,0.999999999999662,"EMP1","KO",FALSE,"Activated",1.46577774916124e-13
"TFPI2",1.70278100288126e-11,-1.66132000054793,5.82536344724377e-13,0.99999939102204,0.999999999999662,"EMP1","KO",FALSE,"Activated",1.46577774916124e-13
"CYP26B1",1.491170138078e-11,-1.67617807751285,4.46745132885626e-13,0.999999466701974,0.999999999999662,"EMP1","KO",FALSE,"Activated",1.46577774916124e-13
"IGFBP2",1.16820001958958e-11,-1.70288771087596,2.74182575831802e-13,0.999999582208127,0.999999999999662,"EMP1","KO",FALSE,"Activated",1.46577774916124e-13
"CTSC",9.83280256561884e-12,-1.72127015812572,1.94249572514916e-13,0.999999648342327,0.999999999999662,"EMP1","KO",FALSE,"Activated",1.46577774916124e-13
"HIST1H2BN",1.00806082134954e-12,-1.93114988734865,2.04163877777122e-15,0.999999963947987,0.999999999999662,"EMP1","KO",FALSE,"Activated",1.46577774916124e-13
"ERAP2",6.16765960461702e-13,-1.96926111905346,7.64268970391806e-16,0.99999997794215,0.999999999999662,"EMP1","KO",FALSE,"Activated",1.46577774916124e-13
"SBSN",6.16734521426574e-13,-1.96926495591747,7.64191056667157e-16,0.999999977943275,0.999999999999662,"EMP1","KO",FALSE,"Activated",1.46577774916124e-13
"MGST1",4.20928525984234e-13,-1.99735554003485,3.55977173851813e-16,0.999999984946027,0.999999999999662,"EMP1","KO",FALSE,"Activated",1.46577774916124e-13
"RRAD",7.58695173704218e-17,-2.38033843457324,1.15648519263539e-23,0.999999999997287,0.999999999999662,"EMP1","KO",FALSE,"Activated",1.46577774916124e-13
"OSR2",6.08703901609191e-17,-2.38578643950067,7.44419266477798e-24,0.999999999997823,0.999999999999662,"EMP1","KO",FALSE,"Activated",1.46577774916124e-13
"TMPRSS11D",5.79597974292746e-17,-2.38697851671653,6.74930651276032e-24,0.999999999997927,0.999999999999662,"EMP1","KO",FALSE,"Activated",1.46577774916124e-13
"CCL19",5.39505425213524e-17,-2.38870969871883,5.84786133823544e-24,0.99999999999807,0.999999999999662,"EMP1","KO",FALSE,"Activated",1.46577774916124e-13
"SPOCD1",5.12629664202443e-17,-2.38993457005348,5.27974443752223e-24,0.999999999998167,0.999999999999662,"EMP1","KO",FALSE,"Activated",1.46577774916124e-13
"LINC02802",4.64465314412743e-17,-2.39227814109826,4.33423053940194e-24,0.999999999998339,0.999999999999662,"EMP1","KO",FALSE,"Activated",1.46577774916124e-13
"AKR1C3",4.44027139808017e-17,-2.3933376855994,3.96117897695377e-24,0.999999999998412,0.999999999999662,"EMP1","KO",FALSE,"Activated",1.46577774916124e-13
"IGLC1",4.15261207456945e-17,-2.3949039249513,3.46456057173251e-24,0.999999999998515,0.999999999999662,"EMP1","KO",FALSE,"Activated",1.46577774916124e-13
"CMPK2",3.98247491681584e-17,-2.39587571024219,3.18648245823575e-24,0.999999999998576,0.999999999999662,"EMP1","KO",FALSE,"Activated",1.46577774916124e-13
"SLC6A8",3.87556410738147e-17,-2.3965051772562,3.01769458824423e-24,0.999999999998614,0.999999999999662,"EMP1","KO",FALSE,"Activated",1.46577774916124e-13
"DMKN",3.87050734389182e-17,-2.39653532629678,3.00982486292706e-24,0.999999999998616,0.999999999999662,"EMP1","KO",FALSE,"Activated",1.46577774916124e-13
"AC103591.3",3.73858561550429e-17,-2.39733434204801,2.80814865990201e-24,0.999999999998663,0.999999999999662,"EMP1","KO",FALSE,"Activated",1.46577774916124e-13
"TREM2",3.64430023155301e-17,-2.3979207138624,2.66829431567428e-24,0.999999999998697,0.999999999999662,"EMP1","KO",FALSE,"Activated",1.46577774916124e-13
"AC253572.2",3.61784794630562e-17,-2.39808761548372,2.62969907645621e-24,0.999999999998706,0.999999999999662,"EMP1","KO",FALSE,"Activated",1.46577774916124e-13
"NLRP1",3.42529980033397e-17,-2.39933585698142,2.35723354211795e-24,0.999999999998775,0.999999999999662,"EMP1","KO",FALSE,"Activated",1.46577774916124e-13
"POPDC3",3.39674662987152e-17,-2.39952617809494,2.31809772168526e-24,0.999999999998785,0.999999999999662,"EMP1","KO",FALSE,"Activated",1.46577774916124e-13
"CCL13",3.33326490214137e-17,-2.39995439950564,2.23226162105598e-24,0.999999999998808,0.999999999999662,"EMP1","KO",FALSE,"Activated",1.46577774916124e-13
"LINC01133",3.2324192282072e-17,-2.40064961459558,2.09923373439728e-24,0.999999999998844,0.999999999999662,"EMP1","KO",FALSE,"Activated",1.46577774916124e-13
"AKR1C1",3.10290891611843e-17,-2.40157092216452,1.93438755039775e-24,0.99999999999889,0.999999999999662,"EMP1","KO",FALSE,"Activated",1.46577774916124e-13
"HYOU1",3.07423360864503e-17,-2.4017794679793,1.89879975057784e-24,0.9999999999989,0.999999999999662,"EMP1","KO",FALSE,"Activated",1.46577774916124e-13
"A2ML1",3.07334093462471e-17,-2.40178598746084,1.8976971908309e-24,0.999999999998901,0.999999999999662,"EMP1","KO",FALSE,"Activated",1.46577774916124e-13
"IL18BP",2.97124314144385e-17,-2.40254284107433,1.7737067478879e-24,0.999999999998937,0.999999999999662,"EMP1","KO",FALSE,"Activated",1.46577774916124e-13
"MMP11",2.89042544318803e-17,-2.40315830991603,1.67852949379125e-24,0.999999999998966,0.999999999999662,"EMP1","KO",FALSE,"Activated",1.46577774916124e-13
"CNFN",2.87679388885223e-17,-2.40326360696513,1.66273457922879e-24,0.999999999998971,0.999999999999662,"EMP1","KO",FALSE,"Activated",1.46577774916124e-13
"TMEM171",2.62300663451765e-17,-2.40530861823222,1.38230605983589e-24,0.999999999999062,0.999999999999662,"EMP1","KO",FALSE,"Activated",1.46577774916124e-13
"CSF2",2.53172892533412e-17,-2.40608679399603,1.28777455826791e-24,0.999999999999095,0.999999999999662,"EMP1","KO",FALSE,"Activated",1.46577774916124e-13
"FRMD6-AS1",2.47746075377071e-17,-2.40656120482152,1.23315878333455e-24,0.999999999999114,0.999999999999662,"EMP1","KO",FALSE,"Activated",1.46577774916124e-13
"SUGCT",2.41902998029064e-17,-2.40708231515735,1.17567676536736e-24,0.999999999999135,0.999999999999662,"EMP1","KO",FALSE,"Activated",1.46577774916124e-13
"TNFSF13B",2.22218133466638e-17,-2.40892322331196,9.92120502447071e-25,0.999999999999205,0.999999999999662,"EMP1","KO",FALSE,"Activated",1.46577774916124e-13
"IGHA1",2.00760074197589e-17,-2.41110079743055,8.09767101747941e-25,0.999999999999282,0.999999999999662,"EMP1","KO",FALSE,"Activated",1.46577774916124e-13
"MMP23B",1.89185227590314e-17,-2.41236174531359,7.1908441680841e-25,0.999999999999323,0.999999999999662,"EMP1","KO",FALSE,"Activated",1.46577774916124e-13
"TGM1",1.8620254480796e-17,-2.41269763525099,6.96589073620521e-25,0.999999999999334,0.999999999999662,"EMP1","KO",FALSE,"Activated",1.46577774916124e-13
"LRRC75A",1.84685063811434e-17,-2.41287034060395,6.8528145848153e-25,0.99999999999934,0.999999999999662,"EMP1","KO",FALSE,"Activated",1.46577774916124e-13
"IRX1",1.80931023692019e-17,-2.41330300366694,6.57705561987595e-25,0.999999999999353,0.999999999999662,"EMP1","KO",FALSE,"Activated",1.46577774916124e-13
"KLHDC7B",1.75289966335286e-17,-2.41396820617226,6.1733307942624e-25,0.999999999999373,0.999999999999662,"EMP1","KO",FALSE,"Activated",1.46577774916124e-13
"AKR1C2",1.71367638140816e-17,-2.414441900388,5.900150042977e-25,0.999999999999387,0.999999999999662,"EMP1","KO",FALSE,"Activated",1.46577774916124e-13
"CUL2",1.69946176698136e-17,-2.41461592030269,5.8026747869527e-25,0.999999999999392,0.999999999999662,"EMP1","KO",FALSE,"Activated",1.46577774916124e-13
"FBN2",1.58841150404029e-17,-2.41602123394459,5.06910726592959e-25,0.999999999999432,0.999999999999662,"EMP1","KO",FALSE,"Activated",1.46577774916124e-13
"DLK2",1.41379223592541e-17,-2.41841602731739,4.01584200837485e-25,0.999999999999494,0.999999999999662,"EMP1","KO",FALSE,"Activated",1.46577774916124e-13
"LINC02657",1.35442884992711e-17,-2.4192895638188,3.6856816930639e-25,0.999999999999516,0.999999999999662,"EMP1","KO",FALSE,"Activated",1.46577774916124e-13
"COL22A1",1.33751714671055e-17,-2.41954457082497,3.59421581128202e-25,0.999999999999522,0.999999999999662,"EMP1","KO",FALSE,"Activated",1.46577774916124e-13
"IFIT2",1.25794235362253e-17,-2.42078383523621,3.17926634692719e-25,0.99999999999955,0.999999999999662,"EMP1","KO",FALSE,"Activated",1.46577774916124e-13
"CYP1B1",1.21385397154558e-17,-2.4215003922861,2.96031769393323e-25,0.999999999999566,0.999999999999662,"EMP1","KO",FALSE,"Activated",1.46577774916124e-13
"AL355075.4",1.00986569731942e-17,-2.42514646050853,2.0489562004862e-25,0.999999999999639,0.999999999999662,"EMP1","KO",FALSE,"Activated",1.46577774916124e-13
"CCR1",9.95731898039352e-18,-2.42542241500996,1.99200430887056e-25,0.999999999999644,0.999999999999662,"EMP1","KO",FALSE,"Activated",1.46577774916124e-13
"MIR503HG",9.43745879726279e-18,-2.4264679196555,1.78943353039468e-25,0.999999999999662,0.999999999999662,"EMP1","KO",FALSE,"Activated",1.46577774916124e-13
