"gene","distance","Z","FC","p.value","p.adj","target_gene","perturbation","significant","direction","minus_log10_fdr"
"IGFBP4",1.05916718778425e-07,1.68453889799781,0.0457075962480692,0.830708211464098,0.999999999999164,"EMP1","OE",FALSE,"Activated",3.6316572390412e-13
"DCN",1.02605992025248e-07,1.6687098217252,0.042894814427591,0.83592345796446,0.999999999999164,"EMP1","OE",FALSE,"Activated",3.6316572390412e-13
"FBN1",1.0125753119196e-07,1.66213620254218,0.0417747649488377,0.83804971352423,0.999999999999164,"EMP1","OE",FALSE,"Activated",3.6316572390412e-13
"SERPINF1",9.57683363206401e-08,1.63457300865819,0.0373682906300115,0.84671713800265,0.999999999999164,"EMP1","OE",FALSE,"Activated",3.6316572390412e-13
"LRP1",9.46522783654869e-08,1.62880288656326,0.0365024059490955,0.848481697311339,0.999999999999164,"EMP1","OE",FALSE,"Activated",3.6316572390412e-13
"FSTL1",9.40042997179877e-08,1.62542581716855,0.0360043341026402,0.849506542279919,0.999999999999164,"EMP1","OE",FALSE,"Activated",3.6316572390412e-13
"PMP22",9.23818376643608e-08,1.61688118767224,0.0347722297195119,0.85207374527061,0.999999999999164,"EMP1","OE",FALSE,"Activated",3.6316572390412e-13
"NNMT",9.23681076322526e-08,1.61680832891509,0.0347618946067971,0.852095476871267,0.999999999999164,"EMP1","OE",FALSE,"Activated",3.6316572390412e-13
"TIMP2",9.20160404766235e-08,1.61493687999912,0.0344974051048569,0.852652759533469,0.999999999999164,"EMP1","OE",FALSE,"Activated",3.6316572390412e-13
"MRC2",9.17022141147792e-08,1.6132634944245,0.0342624953352305,0.853149573344153,0.999999999999164,"EMP1","OE",FALSE,"Activated",3.6316572390412e-13
"CCDC80",9.12927397701116e-08,1.61107265737502,0.033957196493412,0.85379789360976,0.999999999999164,"EMP1","OE",FALSE,"Activated",3.6316572390412e-13
"RUNX1T1",9.10293567309358e-08,1.60965898210998,0.0337615435179993,0.854214959892137,0.999999999999164,"EMP1","OE",FALSE,"Activated",3.6316572390412e-13
"IL1R1",8.84462633202294e-08,1.59560447515922,0.0318726611178267,0.858307422338463,0.999999999999164,"EMP1","OE",FALSE,"Activated",3.6316572390412e-13
"CDH11",8.83070990817771e-08,1.59483729032569,0.0317724410533933,0.858528013041904,0.999999999999164,"EMP1","OE",FALSE,"Activated",3.6316572390412e-13
"FGFR1",8.80201471792596e-08,1.59325208632411,0.0315662888980855,0.85898289838136,0.999999999999164,"EMP1","OE",FALSE,"Activated",3.6316572390412e-13
"MMP2",8.79579045014753e-08,1.59290765231963,0.0315216610321575,0.859081573649775,0.999999999999164,"EMP1","OE",FALSE,"Activated",3.6316572390412e-13
"BICC1",8.74458581356362e-08,1.59006612710036,0.0311557230073932,0.859893420203486,0.999999999999164,"EMP1","OE",FALSE,"Activated",3.6316572390412e-13
"AEBP1",8.61746361399681e-08,1.58294918006255,0.0302564703433134,0.861909573875194,0.999999999999164,"EMP1","OE",FALSE,"Activated",3.6316572390412e-13
"MXRA8",8.60811777326655e-08,1.58242238923507,0.0301908782319816,0.862057834260329,0.999999999999164,"EMP1","OE",FALSE,"Activated",3.6316572390412e-13
"FBLN5",8.59351374742868e-08,1.58159822597633,0.0300885249957031,0.862289519079041,0.999999999999164,"EMP1","OE",FALSE,"Activated",3.6316572390412e-13
"CTSK",8.54751760669684e-08,1.57899456896995,0.0297672938183243,0.86301929981874,0.999999999999164,"EMP1","OE",FALSE,"Activated",3.6316572390412e-13
"SFRP2",8.54037791103562e-08,1.57858933730909,0.0297175856653953,0.863132589654285,0.999999999999164,"EMP1","OE",FALSE,"Activated",3.6316572390412e-13
"VCAN",8.31270441521e-08,1.5655114841321,0.0281542538570026,0.866746685208105,0.999999999999164,"EMP1","OE",FALSE,"Activated",3.6316572390412e-13
"PCOLCE",8.30423696190128e-08,1.56501917563483,0.0280969263251462,0.866881152033509,0.999999999999164,"EMP1","OE",FALSE,"Activated",3.6316572390412e-13
"CYBRD1",8.2560363148354e-08,1.56220845946681,0.0277717044768051,0.86764667245056,0.999999999999164,"EMP1","OE",FALSE,"Activated",3.6316572390412e-13
"FBLN2",8.24604809387511e-08,1.56162424965431,0.0277045482493184,0.867805320457196,0.999999999999164,"EMP1","OE",FALSE,"Activated",3.6316572390412e-13
"PDGFRA",8.20584704028336e-08,1.55926671044341,0.0274350768274397,0.868443908063061,0.999999999999164,"EMP1","OE",FALSE,"Activated",3.6316572390412e-13
"DAB2",8.1915789848906e-08,1.55842758484649,0.0273397533640655,0.868670574606912,0.999999999999164,"EMP1","OE",FALSE,"Activated",3.6316572390412e-13
"LUM",8.18584778564608e-08,1.55809016982395,0.0273015104903638,0.868761625171284,0.999999999999164,"EMP1","OE",FALSE,"Activated",3.6316572390412e-13
"MME",8.10455606576564e-08,1.55328219387098,0.0267619532695863,0.870053279427206,0.999999999999164,"EMP1","OE",FALSE,"Activated",3.6316572390412e-13
"DDR2",7.99290570279691e-08,1.54661046376302,0.0260296737504648,0.8718278704572,0.999999999999164,"EMP1","OE",FALSE,"Activated",3.6316572390412e-13
"ZBTB20",7.9747837015879e-08,1.54552000619107,0.0259117754410972,0.872115965923069,0.999999999999164,"EMP1","OE",FALSE,"Activated",3.6316572390412e-13
"LTBP2",7.9028175931128e-08,1.54116838957325,0.02544621908825,0.873260217995217,0.999999999999164,"EMP1","OE",FALSE,"Activated",3.6316572390412e-13
"BGN",7.89888793031364e-08,1.54092979037147,0.0254209192004153,0.8733227067961,0.999999999999164,"EMP1","OE",FALSE,"Activated",3.6316572390412e-13
"PRRX1",7.88992713680912e-08,1.54038533076244,0.0253632750353114,0.873465202700245,0.999999999999164,"EMP1","OE",FALSE,"Activated",3.6316572390412e-13
"EFEMP2",7.88682960703412e-08,1.54019700027629,0.0253433640585651,0.873514461045794,0.999999999999164,"EMP1","OE",FALSE,"Activated",3.6316572390412e-13
"CPXM2",7.85630970648035e-08,1.53833796725165,0.0251475996219593,0.87399982875041,0.999999999999164,"EMP1","OE",FALSE,"Activated",3.6316572390412e-13
"SPON1",7.85130082865117e-08,1.53803227130806,0.0251155435791333,0.874079491065326,0.999999999999164,"EMP1","OE",FALSE,"Activated",3.6316572390412e-13
"COL6A3",7.83922231101193e-08,1.53729441748022,0.0250383270266429,0.874271595763956,0.999999999999164,"EMP1","OE",FALSE,"Activated",3.6316572390412e-13
"BNC2",7.80609664491848e-08,1.53526579289999,0.0248271686146117,0.874798486173195,0.999999999999164,"EMP1","OE",FALSE,"Activated",3.6316572390412e-13
"COL1A2",7.80116708684004e-08,1.53496327150645,0.0247958217503783,0.874876899517154,0.999999999999164,"EMP1","OE",FALSE,"Activated",3.6316572390412e-13
"COL3A1",7.7316650493382e-08,1.5306803779215,0.0243559687777847,0.875982582830023,0.999999999999164,"EMP1","OE",FALSE,"Activated",3.6316572390412e-13
"RHOBTB3",7.65725373220997e-08,1.52605802350566,0.0238894099130495,0.87716663444262,0.999999999999164,"EMP1","OE",FALSE,"Activated",3.6316572390412e-13
"FBLN1",7.63691795697008e-08,1.52478805160383,0.0237626896573791,0.87749027035923,0.999999999999164,"EMP1","OE",FALSE,"Activated",3.6316572390412e-13
"ANTXR1",7.6274928602673e-08,1.52419846433785,0.0237040724388416,0.87764027403883,0.999999999999164,"EMP1","OE",FALSE,"Activated",3.6316572390412e-13
"LOXL1",7.62239144422445e-08,1.52387908312208,0.0236723755498749,0.877721466675688,0.999999999999164,"EMP1","OE",FALSE,"Activated",3.6316572390412e-13
"FKBP10",7.55158484064434e-08,1.51942700591436,0.0232346191441213,0.878848536208295,0.999999999999164,"EMP1","OE",FALSE,"Activated",3.6316572390412e-13
"CD302",7.53463401072657e-08,1.51835586024589,0.0231304280218559,0.879118388856279,0.999999999999164,"EMP1","OE",FALSE,"Activated",3.6316572390412e-13
"COL5A2",7.4551526867822e-08,1.5133054573648,0.0226450055340536,0.880383896920204,0.999999999999164,"EMP1","OE",FALSE,"Activated",3.6316572390412e-13
"EMILIN1",7.4366053541224e-08,1.51212024774717,0.0225324707508141,0.880679253138623,0.999999999999164,"EMP1","OE",FALSE,"Activated",3.6316572390412e-13
"OLFML3",7.39980814117998e-08,1.50976127549109,0.0223100357115774,0.881265277901018,0.999999999999164,"EMP1","OE",FALSE,"Activated",3.6316572390412e-13
"RARRES2",7.34810461086452e-08,1.50642955735299,0.0219993579957417,0.882088807363041,0.999999999999164,"EMP1","OE",FALSE,"Activated",3.6316572390412e-13
"COL1A1",7.24833426541048e-08,1.49994294694423,0.0214060123836557,0.883678300586267,0.999999999999164,"EMP1","OE",FALSE,"Activated",3.6316572390412e-13
"CRISPLD2",7.22602546441927e-08,1.49848201124237,0.0212744490294444,0.88403377798955,0.999999999999164,"EMP1","OE",FALSE,"Activated",3.6316572390412e-13
"THY1",7.1217037513435e-08,1.49159827095714,0.0206646071744748,0.885696390834925,0.999999999999164,"EMP1","OE",FALSE,"Activated",3.6316572390412e-13
"COL6A1",7.11206990443031e-08,1.49095819996161,0.0206087371138801,0.88584995443337,0.999999999999164,"EMP1","OE",FALSE,"Activated",3.6316572390412e-13
"COL6A2",7.10913191179104e-08,1.49076285158496,0.0205917137121087,0.885896786913327,0.999999999999164,"EMP1","OE",FALSE,"Activated",3.6316572390412e-13
"NOVA1",7.0599534152103e-08,1.48748257872808,0.0203078065100716,0.886680765876971,0.999999999999164,"EMP1","OE",FALSE,"Activated",3.6316572390412e-13
"SRPX2",7.03949002713746e-08,1.48611183786472,0.0201902521189863,0.887007015681629,0.999999999999164,"EMP1","OE",FALSE,"Activated",3.6316572390412e-13
"ADAMTS2",7.01211938536698e-08,1.48427303564941,0.0200335516139962,0.887443418435296,0.999999999999164,"EMP1","OE",FALSE,"Activated",3.6316572390412e-13
"AKAP12",7.00901422584724e-08,1.48406403568897,0.0200158127260733,0.887492929851177,0.999999999999164,"EMP1","OE",FALSE,"Activated",3.6316572390412e-13
"TUBA1A",6.99887464669764e-08,1.48338101160813,0.0199579429284635,0.887654607345681,0.999999999999164,"EMP1","OE",FALSE,"Activated",3.6316572390412e-13
"LXN",6.96429326675981e-08,1.48104510245868,0.0197612061180545,0.888206049065459,0.999999999999164,"EMP1","OE",FALSE,"Activated",3.6316572390412e-13
"STEAP2",6.94999137330212e-08,1.48007611253864,0.0196801261128602,0.888434125800721,0.999999999999164,"EMP1","OE",FALSE,"Activated",3.6316572390412e-13
"COL5A1",6.90345436806914e-08,1.47691117219172,0.0194174530209771,0.88917632970234,0.999999999999164,"EMP1","OE",FALSE,"Activated",3.6316572390412e-13
"LSAMP",6.89185127458281e-08,1.47611919288524,0.0193522354732908,0.889361398908656,0.999999999999164,"EMP1","OE",FALSE,"Activated",3.6316572390412e-13
"FCGRT",6.84408821007444e-08,1.47284693306463,0.0190849287399882,0.890123282622344,0.999999999999164,"EMP1","OE",FALSE,"Activated",3.6316572390412e-13
"SPRY1",6.83292435201345e-08,1.47207925739335,0.0190227180672092,0.890301375502455,0.999999999999164,"EMP1","OE",FALSE,"Activated",3.6316572390412e-13
"TMEM176B",6.83186562872406e-08,1.47200639884587,0.0190168235970428,0.890318265209255,0.999999999999164,"EMP1","OE",FALSE,"Activated",3.6316572390412e-13
"ZEB1",6.81105411458123e-08,1.47057222587533,0.0189011403822787,0.890650279310076,0.999999999999164,"EMP1","OE",FALSE,"Activated",3.6316572390412e-13
"PDGFRL",6.8012750548726e-08,1.46989702195426,0.0188469042281243,0.89080629504166,0.999999999999164,"EMP1","OE",FALSE,"Activated",3.6316572390412e-13
"GGT5",6.74681895510739e-08,1.46612167665003,0.0185463076164838,0.891675168229044,0.999999999999164,"EMP1","OE",FALSE,"Activated",3.6316572390412e-13
"BARX1",6.72831781091794e-08,1.46483304688132,0.0184447316143541,0.891970392511971,0.999999999999164,"EMP1","OE",FALSE,"Activated",3.6316572390412e-13
"MEG3",6.72038720926078e-08,1.46427973441993,0.0184012759943594,0.892096946363637,0.999999999999164,"EMP1","OE",FALSE,"Activated",3.6316572390412e-13
"THBS2",6.71431513820383e-08,1.46385570980726,0.0183680388089245,0.892193844272025,0.999999999999164,"EMP1","OE",FALSE,"Activated",3.6316572390412e-13
"RCN3",6.68828623444112e-08,1.46203430724681,0.0182259027319524,0.892609230874983,0.999999999999164,"EMP1","OE",FALSE,"Activated",3.6316572390412e-13
"PCDH18",6.65186673158079e-08,1.45947552921886,0.0180279533414911,0.893190487017059,0.999999999999164,"EMP1","OE",FALSE,"Activated",3.6316572390412e-13
"ANGPTL2",6.61007345052572e-08,1.45652427697583,0.0178021278946152,0.893857579468547,0.999999999999164,"EMP1","OE",FALSE,"Activated",3.6316572390412e-13
"FERMT2",6.54630511789096e-08,1.45199010732155,0.0174603052977634,0.894875575972461,0.999999999999164,"EMP1","OE",FALSE,"Activated",3.6316572390412e-13
"C3",6.48665576885733e-08,1.44771422297156,0.0171435614804214,0.895827973871793,0.999999999999164,"EMP1","OE",FALSE,"Activated",3.6316572390412e-13
"ANXA6",6.43166809020922e-08,1.44374237883446,0.0168541399071178,0.896706073739891,0.999999999999164,"EMP1","OE",FALSE,"Activated",3.6316572390412e-13
"CCN1",6.41222077267013e-08,1.4423306618737,0.0167523708875555,0.897016658874239,0.999999999999164,"EMP1","OE",FALSE,"Activated",3.6316572390412e-13
"PTGFR",6.4025096773447e-08,1.44162433349265,0.0167016674926722,0.897171756706213,0.999999999999164,"EMP1","OE",FALSE,"Activated",3.6316572390412e-13
"S100A4",6.3972513284106e-08,1.44124148645744,0.016674244767676,0.897255740481422,0.999999999999164,"EMP1","OE",FALSE,"Activated",3.6316572390412e-13
"COL14A1",6.37124480106356e-08,1.43934402000212,0.0165389498570947,0.897671120912302,0.999999999999164,"EMP1","OE",FALSE,"Activated",3.6316572390412e-13
"SGCD",6.34754654567735e-08,1.43760914594668,0.016416143297688,0.898049657675712,0.999999999999164,"EMP1","OE",FALSE,"Activated",3.6316572390412e-13
"CERCAM",6.28266666604843e-08,1.43283077167461,0.0160822712478587,0.89908611484997,0.999999999999164,"EMP1","OE",FALSE,"Activated",3.6316572390412e-13
"FMOD",6.27186401782768e-08,1.43203103499671,0.016027013896715,0.899258704102877,0.999999999999164,"EMP1","OE",FALSE,"Activated",3.6316572390412e-13
"TMEM45A",6.26950752890309e-08,1.43185642277635,0.0160149726963437,0.899296353343677,0.999999999999164,"EMP1","OE",FALSE,"Activated",3.6316572390412e-13
"VGLL3",6.25834015209202e-08,1.43102816726766,0.0159579711049188,0.899474775789547,0.999999999999164,"EMP1","OE",FALSE,"Activated",3.6316572390412e-13
"FNDC1",6.23172269487886e-08,1.42904887108083,0.0158225175104019,0.899900066392639,0.999999999999164,"EMP1","OE",FALSE,"Activated",3.6316572390412e-13
"FGF7",6.22572992456286e-08,1.42860223901904,0.0157921005212413,0.899995822140917,0.999999999999164,"EMP1","OE",FALSE,"Activated",3.6316572390412e-13
"PSD3",6.21474253239649e-08,1.42778240205828,0.0157364087736769,0.90017138845753,0.999999999999164,"EMP1","OE",FALSE,"Activated",3.6316572390412e-13
"HEG1",6.21178559400937e-08,1.42756155336007,0.0157214377523658,0.900218637881439,0.999999999999164,"EMP1","OE",FALSE,"Activated",3.6316572390412e-13
"JAM2",6.16658553972389e-08,1.42417430976009,0.0154934760968666,0.90094094119149,0.999999999999164,"EMP1","OE",FALSE,"Activated",3.6316572390412e-13
"COLEC12",6.161060043547e-08,1.42375876841467,0.0154657230436225,0.901029245046858,0.999999999999164,"EMP1","OE",FALSE,"Activated",3.6316572390412e-13
"CELF2",6.16070088873174e-08,1.42373174729467,0.0154639199685144,0.901034984800929,0.999999999999164,"EMP1","OE",FALSE,"Activated",3.6316572390412e-13
"CREB3L1",6.15842955573152e-08,1.42356083142741,0.0154525195653298,0.901071283731958,0.999999999999164,"EMP1","OE",FALSE,"Activated",3.6316572390412e-13
"CSGALNACT1",6.13339142504702e-08,1.42167312420198,0.0153271253579886,0.90147144015125,0.999999999999164,"EMP1","OE",FALSE,"Activated",3.6316572390412e-13
"PRRX2",6.10807244942936e-08,1.4197574772608,0.0152008441196835,0.901876110461568,0.999999999999164,"EMP1","OE",FALSE,"Activated",3.6316572390412e-13
"SPARC",6.0980069903792e-08,1.41899401775058,0.0151507866233169,0.902036992639148,0.999999999999164,"EMP1","OE",FALSE,"Activated",3.6316572390412e-13
"PDZRN3",6.07966454593043e-08,1.41759995613522,0.0150597783626361,0.902330181105389,0.999999999999164,"EMP1","OE",FALSE,"Activated",3.6316572390412e-13
"FAP",6.07573016664076e-08,1.41730046355,0.0150402931729799,0.902393070568377,0.999999999999164,"EMP1","OE",FALSE,"Activated",3.6316572390412e-13
"GASK1B",6.07264894455789e-08,1.41706579821459,0.0150250420899944,0.902442323085891,0.999999999999164,"EMP1","OE",FALSE,"Activated",3.6316572390412e-13
"ADAM12",6.07067525338272e-08,1.41691542831409,0.0150152770025835,0.902473872212989,0.999999999999164,"EMP1","OE",FALSE,"Activated",3.6316572390412e-13
"NTM",6.06597822925203e-08,1.41655740592095,0.0149920506459682,0.902548953986402,0.999999999999164,"EMP1","OE",FALSE,"Activated",3.6316572390412e-13
"LAMA4",6.06566838043117e-08,1.41653377984057,0.0149905191038492,0.902553906940078,0.999999999999164,"EMP1","OE",FALSE,"Activated",3.6316572390412e-13
"PLPP3",6.04741418028809e-08,1.41514005159161,0.014900429053153,0.902845708210886,0.999999999999164,"EMP1","OE",FALSE,"Activated",3.6316572390412e-13
"LOX",6.04365718141599e-08,1.41485275075842,0.0148819208100545,0.902905767089892,0.999999999999164,"EMP1","OE",FALSE,"Activated",3.6316572390412e-13
"FARP1",6.03802137322005e-08,1.41442148703899,0.0148541784868487,0.902995861404002,0.999999999999164,"EMP1","OE",FALSE,"Activated",3.6316572390412e-13
"KCNQ1OT1",6.03712922740461e-08,1.41435318638929,0.0148497892628528,0.90301012340656,0.999999999999164,"EMP1","OE",FALSE,"Activated",3.6316572390412e-13
"FIBIN",5.99105593014183e-08,1.4108140390065,0.0146239971617862,0.903746701815288,0.999999999999164,"EMP1","OE",FALSE,"Activated",3.6316572390412e-13
"CASC15",5.94717846877337e-08,1.4074216911085,0.0144105742993863,0.904448252199965,0.999999999999164,"EMP1","OE",FALSE,"Activated",3.6316572390412e-13
"COL8A1",5.93559301581102e-08,1.40652237278256,0.0143544836962786,0.904633502802119,0.999999999999164,"EMP1","OE",FALSE,"Activated",3.6316572390412e-13
"PLAC9",5.91841421170954e-08,1.40518608300798,0.0142715143895949,0.904908200258432,0.999999999999164,"EMP1","OE",FALSE,"Activated",3.6316572390412e-13
"PODN",5.89328503947069e-08,1.40322532278454,0.0141505799741853,0.905310048467634,0.999999999999164,"EMP1","OE",FALSE,"Activated",3.6316572390412e-13
"P4HA3",5.87664136900342e-08,1.40192269238471,0.014070765399819,0.905576215800939,0.999999999999164,"EMP1","OE",FALSE,"Activated",3.6316572390412e-13
"PCSK5",5.87065588662591e-08,1.40145345631358,0.0140421172578027,0.905671938861102,0.999999999999164,"EMP1","OE",FALSE,"Activated",3.6316572390412e-13
"STEAP1",5.86531190856425e-08,1.40103416288452,0.0140165641973884,0.905757403796543,0.999999999999164,"EMP1","OE",FALSE,"Activated",3.6316572390412e-13
"SHOX2",5.84707500110464e-08,1.39960079497627,0.0139295368089957,0.90604907041361,0.999999999999164,"EMP1","OE",FALSE,"Activated",3.6316572390412e-13
"OLFML2B",5.82344100998759e-08,1.3977374887142,0.0138171574701235,0.906427072547683,0.999999999999164,"EMP1","OE",FALSE,"Activated",3.6316572390412e-13
"TMEM176A",5.80124511399612e-08,1.39598161784624,0.0137120307142695,0.906782093086898,0.999999999999164,"EMP1","OE",FALSE,"Activated",3.6316572390412e-13
"MYADM",5.79559099655129e-08,1.39553340723219,0.0136853151906347,0.906872532957267,0.999999999999164,"EMP1","OE",FALSE,"Activated",3.6316572390412e-13
"WIPI1",5.77223183168584e-08,1.39367768623623,0.0135752200155824,0.907246184929988,0.999999999999164,"EMP1","OE",FALSE,"Activated",3.6316572390412e-13
"GXYLT2",5.73407517747752e-08,1.39063244117246,0.0133963384488494,0.907856580878989,0.999999999999164,"EMP1","OE",FALSE,"Activated",3.6316572390412e-13
"NID1",5.67170221286648e-08,1.38561669953884,0.013106483563952,0.908854484668058,0.999999999999164,"EMP1","OE",FALSE,"Activated",3.6316572390412e-13
"WNT5A",5.64331118169727e-08,1.38331786507533,0.0129755968438065,0.909308759929589,0.999999999999164,"EMP1","OE",FALSE,"Activated",3.6316572390412e-13
"GLIS3",5.60814134046032e-08,1.38045628520251,0.0128143696311485,0.909871541738011,0.999999999999164,"EMP1","OE",FALSE,"Activated",3.6316572390412e-13
"VSTM4",5.59869114911656e-08,1.37968473828719,0.0127712194295975,0.910022769810862,0.999999999999164,"EMP1","OE",FALSE,"Activated",3.6316572390412e-13
"CTHRC1",5.58042730952518e-08,1.37819042785577,0.0126880317542255,0.910315048816089,0.999999999999164,"EMP1","OE",FALSE,"Activated",3.6316572390412e-13
"SOX4",5.56475488306982e-08,1.37690477744078,0.0126168640823319,0.910565866720249,0.999999999999164,"EMP1","OE",FALSE,"Activated",3.6316572390412e-13
"KCNE4",5.55273222784982e-08,1.37591641046247,0.0125624054947438,0.910758280568276,0.999999999999164,"EMP1","OE",FALSE,"Activated",3.6316572390412e-13
"TWIST1",5.54632308028061e-08,1.37538876879703,0.0125334223415158,0.910860856450639,0.999999999999164,"EMP1","OE",FALSE,"Activated",3.6316572390412e-13
"ITGBL1",5.54247065476082e-08,1.37507135978265,0.0125160171862299,0.910922513718647,0.999999999999164,"EMP1","OE",FALSE,"Activated",3.6316572390412e-13
"GNG11",5.51255210365878e-08,1.37259981731453,0.0123812576385172,0.911401372127575,0.999999999999164,"EMP1","OE",FALSE,"Activated",3.6316572390412e-13
"TNFAIP6",5.51052627157529e-08,1.37243204771848,0.0123721592246882,0.911433797547667,0.999999999999164,"EMP1","OE",FALSE,"Activated",3.6316572390412e-13
"LAMA2",5.50295509676948e-08,1.3718045687727,0.0123381851809982,0.911554982896485,0.999999999999164,"EMP1","OE",FALSE,"Activated",3.6316572390412e-13
"COL12A1",5.50130469825298e-08,1.37166768934182,0.0123307855680173,0.911581399693535,0.999999999999164,"EMP1","OE",FALSE,"Activated",3.6316572390412e-13
"TMEM47",5.49696586852171e-08,1.37130767005785,0.0123113428779591,0.911650848831132,0.999999999999164,"EMP1","OE",FALSE,"Activated",3.6316572390412e-13
"PDGFRB",5.48900723616899e-08,1.37064665646021,0.0122757193997759,0.911778239809235,0.999999999999164,"EMP1","OE",FALSE,"Activated",3.6316572390412e-13
"HMCN1",5.47528790311515e-08,1.36950523932572,0.0122144317365639,0.911997845582002,0.999999999999164,"EMP1","OE",FALSE,"Activated",3.6316572390412e-13
"ITGA11",5.45062186395758e-08,1.36744686704948,0.012104628188858,0.91239269249939,0.999999999999164,"EMP1","OE",FALSE,"Activated",3.6316572390412e-13
"SDC2",5.44949839267135e-08,1.36735292274838,0.0120996387395732,0.912410677222953,0.999999999999164,"EMP1","OE",FALSE,"Activated",3.6316572390412e-13
"TBX3",5.42548185219661e-08,1.36534066428628,0.0119932248613369,0.912795148891223,0.999999999999164,"EMP1","OE",FALSE,"Activated",3.6316572390412e-13
"PTGIS",5.41315118855384e-08,1.36430453854114,0.0119387720495912,0.912992553734793,0.999999999999164,"EMP1","OE",FALSE,"Activated",3.6316572390412e-13
"RARRES1",5.37023158701946e-08,1.36068213958795,0.0117502031577152,0.913679706732372,0.999999999999164,"EMP1","OE",FALSE,"Activated",3.6316572390412e-13
"METTL7A",5.36504597044763e-08,1.3602427874924,0.0117275215922925,0.913762734062919,0.999999999999164,"EMP1","OE",FALSE,"Activated",3.6316572390412e-13
"NR2F1",5.35553896689993e-08,1.35943635382184,0.0116859954599161,0.913914953917083,0.999999999999164,"EMP1","OE",FALSE,"Activated",3.6316572390412e-13
"HTRA3",5.34918742473086e-08,1.35889689508411,0.0116582932699394,0.91401665237016,0.999999999999164,"EMP1","OE",FALSE,"Activated",3.6316572390412e-13
"DIO2",5.34650480335255e-08,1.35866888481038,0.0116466029169516,0.914059605896022,0.999999999999164,"EMP1","OE",FALSE,"Activated",3.6316572390412e-13
"PKIG",5.32578601695295e-08,1.3569045556135,0.0115565119371028,0.914391358857028,0.999999999999164,"EMP1","OE",FALSE,"Activated",3.6316572390412e-13
"DPYSL3",5.31693131557703e-08,1.35614871970612,0.011518115953912,0.914533146492168,0.999999999999164,"EMP1","OE",FALSE,"Activated",3.6316572390412e-13
"VCAM1",5.29529165621422e-08,1.35429698638173,0.0114245503699423,0.914879667200304,0.999999999999164,"EMP1","OE",FALSE,"Activated",3.6316572390412e-13
"SOD3",5.2616419192084e-08,1.35140453815595,0.0112798136223341,0.915418540084411,0.999999999999164,"EMP1","OE",FALSE,"Activated",3.6316572390412e-13
"KLF9",5.24750724478632e-08,1.35018479938836,0.0112192917002887,0.915644906887548,0.999999999999164,"EMP1","OE",FALSE,"Activated",3.6316572390412e-13
"MMP14",5.24731801050429e-08,1.35016845039024,0.0112184825403467,0.915647937520918,0.999999999999164,"EMP1","OE",FALSE,"Activated",3.6316572390412e-13
"PDGFD",5.24526059603199e-08,1.34999066615079,0.0112096869829303,0.915680887596676,0.999999999999164,"EMP1","OE",FALSE,"Activated",3.6316572390412e-13
"CCN4",5.22761095659494e-08,1.34846306033981,0.0111343755413486,0.915963557519955,0.999999999999164,"EMP1","OE",FALSE,"Activated",3.6316572390412e-13
"TMEM119",5.20399585348531e-08,1.34641216595385,0.0110340063554824,0.916341784658808,0.999999999999164,"EMP1","OE",FALSE,"Activated",3.6316572390412e-13
"EPDR1",5.19245444842033e-08,1.34540691317843,0.0109851182608338,0.9165266424349,0.999999999999164,"EMP1","OE",FALSE,"Activated",3.6316572390412e-13
"LMCD1",5.18222782901264e-08,1.34451456735946,0.0109418901511148,0.916690445164671,0.999999999999164,"EMP1","OE",FALSE,"Activated",3.6316572390412e-13
"ANPEP",5.17811164858578e-08,1.34415497270151,0.0109245150342054,0.916756376219366,0.999999999999164,"EMP1","OE",FALSE,"Activated",3.6316572390412e-13
"MIR100HG",5.17778844791803e-08,1.34412672705751,0.0109231513322991,0.916761553120888,0.999999999999164,"EMP1","OE",FALSE,"Activated",3.6316572390412e-13
"MAP1LC3A",5.17665421449961e-08,1.34402759038155,0.010918366259906,0.916779720854814,0.999999999999164,"EMP1","OE",FALSE,"Activated",3.6316572390412e-13
"LINC00632",5.15245521336515e-08,1.34190802469067,0.010816525961213,0.917167341899044,0.999999999999164,"EMP1","OE",FALSE,"Activated",3.6316572390412e-13
"HELLPAR",5.15239704370229e-08,1.34190291934202,0.0108162817319706,0.917168273687937,0.999999999999164,"EMP1","OE",FALSE,"Activated",3.6316572390412e-13
"SULF1",5.12594704673826e-08,1.33957633207255,0.0107055153105062,0.917591973890856,0.999999999999164,"EMP1","OE",FALSE,"Activated",3.6316572390412e-13
"GAS1",5.12307328841732e-08,1.33932292857849,0.0106935150149439,0.917638009787486,0.999999999999164,"EMP1","OE",FALSE,"Activated",3.6316572390412e-13
"CPE",5.11603088616783e-08,1.33870142225551,0.0106641356681774,0.917750826044148,0.999999999999164,"EMP1","OE",FALSE,"Activated",3.6316572390412e-13
"MXRA5",5.10878970906406e-08,1.33806160431535,0.010633969217692,0.917866828315386,0.999999999999164,"EMP1","OE",FALSE,"Activated",3.6316572390412e-13
"CLEC11A",5.09481587086558e-08,1.33682468736115,0.0105758755603182,0.918090691469311,0.999999999999164,"EMP1","OE",FALSE,"Activated",3.6316572390412e-13
"DCLK1",5.0774574681178e-08,1.33528410170097,0.0105039327948089,0.918368784937583,0.999999999999164,"EMP1","OE",FALSE,"Activated",3.6316572390412e-13
"CD248",5.07706579115186e-08,1.33524928741504,0.0105023123027143,0.918375059985441,0.999999999999164,"EMP1","OE",FALSE,"Activated",3.6316572390412e-13
"MAP1B",5.07503627722871e-08,1.33506885658099,0.0104939175606497,0.918407574863751,0.999999999999164,"EMP1","OE",FALSE,"Activated",3.6316572390412e-13
"TWIST2",5.06769169634776e-08,1.3344153776762,0.0104635659919783,0.918525243663414,0.999999999999164,"EMP1","OE",FALSE,"Activated",3.6316572390412e-13
"ADGRA2",5.06371057709742e-08,1.33406081918588,0.0104471323397423,0.91858902660892,0.999999999999164,"EMP1","OE",FALSE,"Activated",3.6316572390412e-13
"F2R",5.05772361020633e-08,1.33352716732091,0.0104224430692347,0.918684946948176,0.999999999999164,"EMP1","OE",FALSE,"Activated",3.6316572390412e-13
"EGR1",5.02153007686981e-08,1.33028939164783,0.0102738088846987,0.919264847696833,0.999999999999164,"EMP1","OE",FALSE,"Activated",3.6316572390412e-13
"MEG8",5.00594961161472e-08,1.32888940915219,0.010210154025884,0.919514494576564,0.999999999999164,"EMP1","OE",FALSE,"Activated",3.6316572390412e-13
"COX7A1",4.972249822401e-08,1.32584842286715,0.0100731483023886,0.920054495750837,0.999999999999164,"EMP1","OE",FALSE,"Activated",3.6316572390412e-13
"DSEL",4.97032806307889e-08,1.32567447320965,0.0100653633252019,0.920085290893466,0.999999999999164,"EMP1","OE",FALSE,"Activated",3.6316572390412e-13
"FYN",4.96028245177247e-08,1.32476424170019,0.010024717900575,0.920246268272908,0.999999999999164,"EMP1","OE",FALSE,"Activated",3.6316572390412e-13
"PXDN",4.94193623728748e-08,1.32309778546995,0.00995069973355905,0.920540268321792,0.999999999999164,"EMP1","OE",FALSE,"Activated",3.6316572390412e-13
"NEGR1",4.89235986828386e-08,1.3185677560826,0.00975205486886996,0.921334789151048,0.999999999999164,"EMP1","OE",FALSE,"Activated",3.6316572390412e-13
"RASD1",4.88873399815671e-08,1.31823489269193,0.00973760516266111,0.921392901163568,0.999999999999164,"EMP1","OE",FALSE,"Activated",3.6316572390412e-13
"EFEMP1",4.86235907351891e-08,1.31580718898695,0.00963281901480271,0.921815626087957,0.999999999999164,"EMP1","OE",FALSE,"Activated",3.6316572390412e-13
"ARRDC3",4.84945089726821e-08,1.31461490517345,0.00958174212915095,0.922022520341913,0.999999999999164,"EMP1","OE",FALSE,"Activated",3.6316572390412e-13
"FAM20A",4.83453899656941e-08,1.31323413440648,0.00952290564993406,0.922261537170709,0.999999999999164,"EMP1","OE",FALSE,"Activated",3.6316572390412e-13
"ID3",4.80724267417771e-08,1.31069708831729,0.00941567454575444,0.922699077061665,0.999999999999164,"EMP1","OE",FALSE,"Activated",3.6316572390412e-13
"MGP",4.79114712077199e-08,1.30919526847806,0.00935272919725929,0.922957087869319,0.999999999999164,"EMP1","OE",FALSE,"Activated",3.6316572390412e-13
"COL5A3",4.71063210428002e-08,1.30161676649912,0.00904102606416783,0.924247860179163,0.999999999999164,"EMP1","OE",FALSE,"Activated",3.6316572390412e-13
"ANKRD28",4.68350835665048e-08,1.29903858671192,0.00893720963417791,0.924682738219629,0.999999999999164,"EMP1","OE",FALSE,"Activated",3.6316572390412e-13
"TPM2",4.67767505610188e-08,1.29848243613793,0.00891496094372976,0.924776267116775,0.999999999999164,"EMP1","OE",FALSE,"Activated",3.6316572390412e-13
"ABCA6",4.66806214710932e-08,1.29756462977623,0.0088783570115848,0.924930399069897,0.999999999999164,"EMP1","OE",FALSE,"Activated",3.6316572390412e-13
"ZNF469",4.65085175185096e-08,1.29591736586747,0.00881301154101519,0.925206355023094,0.999999999999164,"EMP1","OE",FALSE,"Activated",3.6316572390412e-13
"ISLR",4.63084727720072e-08,1.29399605609758,0.00873736066203249,0.925527123279598,0.999999999999164,"EMP1","OE",FALSE,"Activated",3.6316572390412e-13
"NR4A1",4.62972109287033e-08,1.2938876803047,0.00873311146892013,0.925545181809077,0.999999999999164,"EMP1","OE",FALSE,"Activated",3.6316572390412e-13
"DLC1",4.62575021606336e-08,1.29350537060651,0.00871813724584582,0.925608855702058,0.999999999999164,"EMP1","OE",FALSE,"Activated",3.6316572390412e-13
"PRKG1",4.61039221895065e-08,1.29202405949033,0.00866034300686307,0.925855129084421,0.999999999999164,"EMP1","OE",FALSE,"Activated",3.6316572390412e-13
"TNS1",4.59724325460625e-08,1.2907524310952,0.00861101438172301,0.926065985136579,0.999999999999164,"EMP1","OE",FALSE,"Activated",3.6316572390412e-13
"ITGAV",4.58811362128718e-08,1.28986766467306,0.0085768472347744,0.926212390478215,0.999999999999164,"EMP1","OE",FALSE,"Activated",3.6316572390412e-13
"GREM1",4.57590974159211e-08,1.28868259562634,0.00853128096767771,0.92640809919215,0.999999999999164,"EMP1","OE",FALSE,"Activated",3.6316572390412e-13
"GAS7",4.56925582741758e-08,1.28803531319123,0.00850648802287688,0.926514807216137,0.999999999999164,"EMP1","OE",FALSE,"Activated",3.6316572390412e-13
"PALM2-AKAP2",4.56350838158644e-08,1.2874755563407,0.00848510168233341,0.926606979380032,0.999999999999164,"EMP1","OE",FALSE,"Activated",3.6316572390412e-13
"TPM1",4.55849139314352e-08,1.28698644351012,0.00846645538935092,0.926687437956337,0.999999999999164,"EMP1","OE",FALSE,"Activated",3.6316572390412e-13
"GPC6",4.55781245533975e-08,1.28692021733017,0.00846393360393274,0.926698326292786,0.999999999999164,"EMP1","OE",FALSE,"Activated",3.6316572390412e-13
"OMD",4.53053473011198e-08,1.28425238499365,0.00836292638686326,0.927135798978941,0.999999999999164,"EMP1","OE",FALSE,"Activated",3.6316572390412e-13
"CYP7B1",4.52667966137621e-08,1.28387423344621,0.0083487002782554,0.927197627295075,0.999999999999164,"EMP1","OE",FALSE,"Activated",3.6316572390412e-13
"GADD45B",4.50699476881591e-08,1.28193896407644,0.00827624720202834,0.927513344143051,0.999999999999164,"EMP1","OE",FALSE,"Activated",3.6316572390412e-13
"COL10A1",4.49584614416303e-08,1.28083968227572,0.00823535314332852,0.927692156820529,0.999999999999164,"EMP1","OE",FALSE,"Activated",3.6316572390412e-13
"ABI3BP",4.4944524004215e-08,1.28070209054815,0.00823024790066274,0.927714511319209,0.999999999999164,"EMP1","OE",FALSE,"Activated",3.6316572390412e-13
"MYL9",4.48652645554539e-08,1.27991893370791,0.00820124549201275,0.927841638014148,0.999999999999164,"EMP1","OE",FALSE,"Activated",3.6316572390412e-13
"GUCY1A1",4.48405103794565e-08,1.27967409513394,0.00819219799970155,0.927881342384525,0.999999999999164,"EMP1","OE",FALSE,"Activated",3.6316572390412e-13
"IGFBP7",4.47856466450957e-08,1.27913103349758,0.00817216345458227,0.927969341511176,0.999999999999164,"EMP1","OE",FALSE,"Activated",3.6316572390412e-13
"TMEM204",4.44028023631678e-08,1.27532545679374,0.00803304327723501,0.928583432130422,0.999999999999164,"EMP1","OE",FALSE,"Activated",3.6316572390412e-13
"RORA",4.43898420827997e-08,1.27519613391471,0.0080283545957254,0.928604221450562,0.999999999999164,"EMP1","OE",FALSE,"Activated",3.6316572390412e-13
"PCDH9",4.43557224130057e-08,1.27485551848435,0.00801601756001667,0.928658952346632,0.999999999999164,"EMP1","OE",FALSE,"Activated",3.6316572390412e-13
"CCN2",4.42701287580895e-08,1.27400004526841,0.00798511024086134,0.928796253443495,0.999999999999164,"EMP1","OE",FALSE,"Activated",3.6316572390412e-13
"SVEP1",4.41537857148918e-08,1.27283495603557,0.0079431952377699,0.928982883145336,0.999999999999164,"EMP1","OE",FALSE,"Activated",3.6316572390412e-13
"VAMP5",4.39444709518274e-08,1.270732145467,0.00786806296597143,0.929318661669445,0.999999999999164,"EMP1","OE",FALSE,"Activated",3.6316572390412e-13
"GPX3",4.37549705989635e-08,1.26882093512186,0.0078003508793962,0.92962266517136,0.999999999999164,"EMP1","OE",FALSE,"Activated",3.6316572390412e-13
"CYGB",4.34633638760346e-08,1.26586594676289,0.00769672584981951,0.93009049154959,0.999999999999164,"EMP1","OE",FALSE,"Activated",3.6316572390412e-13
"PID1",4.34324141301502e-08,1.26555131622033,0.00768576825822551,0.93014014582962,0.999999999999164,"EMP1","OE",FALSE,"Activated",3.6316572390412e-13
"MSX1",4.34013536932583e-08,1.26523536607831,0.00767477932454837,0.930189977970374,0.999999999999164,"EMP1","OE",FALSE,"Activated",3.6316572390412e-13
"HYMAI",4.32313702510217e-08,1.26350281653473,0.00761477978249939,0.930462697548028,0.999999999999164,"EMP1","OE",FALSE,"Activated",3.6316572390412e-13
"COL11A1",4.31983058566368e-08,1.2631651270829,0.00760313630243168,0.930515746650789,0.999999999999164,"EMP1","OE",FALSE,"Activated",3.6316572390412e-13
"COL15A1",4.31621057766641e-08,1.26279515705648,0.00759039882053513,0.930573827057327,0.999999999999164,"EMP1","OE",FALSE,"Activated",3.6316572390412e-13
"C11orf96",4.30623195420922e-08,1.26177394099951,0.00755534298768708,0.93073392875712,0.999999999999164,"EMP1","OE",FALSE,"Activated",3.6316572390412e-13
"FN1",4.29525830766052e-08,1.26064853649245,0.00751688522493508,0.930909998308543,0.999999999999164,"EMP1","OE",FALSE,"Activated",3.6316572390412e-13
"CLU",4.29461834847184e-08,1.2605828289096,0.00751464548005252,0.930920266406094,0.999999999999164,"EMP1","OE",FALSE,"Activated",3.6316572390412e-13
"SLIT3",4.27958650058918e-08,1.2590370069954,0.00746213263195097,0.931161454589808,0.999999999999164,"EMP1","OE",FALSE,"Activated",3.6316572390412e-13
"IGFBP5",4.27104300609523e-08,1.2581563374554,0.00743236851659211,0.931298539019487,0.999999999999164,"EMP1","OE",FALSE,"Activated",3.6316572390412e-13
"S1PR3",4.26809264975134e-08,1.25785185990151,0.0074221037818191,0.9313458793629,0.999999999999164,"EMP1","OE",FALSE,"Activated",3.6316572390412e-13
"SFRP1",4.22341150232815e-08,1.25321843596779,0.00726751844742394,0.932062846378124,0.999999999999164,"EMP1","OE",FALSE,"Activated",3.6316572390412e-13
"TNFAIP2",4.20952345713495e-08,1.25176964213048,0.00721980077868601,0.932285709350113,0.999999999999164,"EMP1","OE",FALSE,"Activated",3.6316572390412e-13
"MMP19",4.19870018841332e-08,1.25063770520587,0.0071827222884583,0.932459395202156,0.999999999999164,"EMP1","OE",FALSE,"Activated",3.6316572390412e-13
"ELN",4.1789653847216e-08,1.24856727852961,0.00711536025688333,0.932776096728448,0.999999999999164,"EMP1","OE",FALSE,"Activated",3.6316572390412e-13
"IGF1",4.14765470056764e-08,1.24526504172684,0.00700913674561914,0.933278588273305,0.999999999999164,"EMP1","OE",FALSE,"Activated",3.6316572390412e-13
"MAP1A",4.14616487903719e-08,1.2451073802327,0.00700410234031831,0.93330249843498,0.999999999999164,"EMP1","OE",FALSE,"Activated",3.6316572390412e-13
"AKR1B1",4.12746023320319e-08,1.2431237808567,0.00694104949720844,0.933602694609405,0.999999999999164,"EMP1","OE",FALSE,"Activated",3.6316572390412e-13
"XIST",4.1184647242456e-08,1.24216706047476,0.00691082740929307,0.933747069453299,0.999999999999164,"EMP1","OE",FALSE,"Activated",3.6316572390412e-13
"TFPI",4.11259212418789e-08,1.24154150599386,0.00689113289057288,0.933841323852892,0.999999999999164,"EMP1","OE",FALSE,"Activated",3.6316572390412e-13
"PDE4B",4.10036692284762e-08,1.2402367934901,0.00685022425226611,0.934037539577355,0.999999999999164,"EMP1","OE",FALSE,"Activated",3.6316572390412e-13
"CYP1B1",4.09597331826247e-08,1.23976707494102,0.0068355518814943,0.934108058357207,0.999999999999164,"EMP1","OE",FALSE,"Activated",3.6316572390412e-13
"ECM2",4.09435670447803e-08,1.23959413410277,0.00683015718488774,0.934134005663392,0.999999999999164,"EMP1","OE",FALSE,"Activated",3.6316572390412e-13
"FILIP1L",4.08999732093159e-08,1.23912748590085,0.00681562038426762,0.934203975884137,0.999999999999164,"EMP1","OE",FALSE,"Activated",3.6316572390412e-13
"GPM6B",4.08702783423442e-08,1.23880937305279,0.00680572720078106,0.934251637877262,0.999999999999164,"EMP1","OE",FALSE,"Activated",3.6316572390412e-13
"CDKN1C",4.07078993518365e-08,1.23706632099982,0.00675175586300688,0.934512269789557,0.999999999999164,"EMP1","OE",FALSE,"Activated",3.6316572390412e-13
"UNC5B",4.06670619727735e-08,1.2366270105613,0.00673821619540421,0.934577818317206,0.999999999999164,"EMP1","OE",FALSE,"Activated",3.6316572390412e-13
"TIMP1",4.05531248750964e-08,1.23539931238718,0.0067005121037216,0.934760702353242,0.999999999999164,"EMP1","OE",FALSE,"Activated",3.6316572390412e-13
"CCN5",4.04341296971646e-08,1.23411393442671,0.00666124712326165,0.934951708949177,0.999999999999164,"EMP1","OE",FALSE,"Activated",3.6316572390412e-13
"DPT",4.03961131793946e-08,1.23370259535235,0.00664872708766184,0.935012732427203,0.999999999999164,"EMP1","OE",FALSE,"Activated",3.6316572390412e-13
"COMP",4.03671255884929e-08,1.23338872510405,0.00663918847537899,0.935059263079531,0.999999999999164,"EMP1","OE",FALSE,"Activated",3.6316572390412e-13
"PTN",4.03525095497721e-08,1.23323039268788,0.00663438154069389,0.935082724713766,0.999999999999164,"EMP1","OE",FALSE,"Activated",3.6316572390412e-13
"CXXC5",4.03453360091342e-08,1.23315266517568,0.00663202293767956,0.935094239686551,0.999999999999164,"EMP1","OE",FALSE,"Activated",3.6316572390412e-13
"PRELP",4.01183615101977e-08,1.23068715485667,0.0065576120650213,0.935458586320622,0.999999999999164,"EMP1","OE",FALSE,"Activated",3.6316572390412e-13
"TAGLN",4.01170112308562e-08,1.23067245151359,0.00655717064823573,0.93546075387219,0.999999999999164,"EMP1","OE",FALSE,"Activated",3.6316572390412e-13
"FAT4",4.00972926883243e-08,1.23045768548509,0.00655072619648116,0.935492407345685,0.999999999999164,"EMP1","OE",FALSE,"Activated",3.6316572390412e-13
"PAPPA",4.00812596669898e-08,1.23028299348932,0.00654548858925338,0.935518144658531,0.999999999999164,"EMP1","OE",FALSE,"Activated",3.6316572390412e-13
"HSD11B1",4.00808635507001e-08,1.23027867673792,0.00654535921398605,0.935518780532602,0.999999999999164,"EMP1","OE",FALSE,"Activated",3.6316572390412e-13
"GSN",4.00334364915815e-08,1.22976156554243,0.0065298783361246,0.935594914121818,0.999999999999164,"EMP1","OE",FALSE,"Activated",3.6316572390412e-13
"MFAP4",4.00059261894389e-08,1.22946137061005,0.00652090697521736,0.935639076059834,0.999999999999164,"EMP1","OE",FALSE,"Activated",3.6316572390412e-13
"CILP",3.98534990014219e-08,1.22779484012051,0.00647131082533183,0.935883769070038,0.999999999999164,"EMP1","OE",FALSE,"Activated",3.6316572390412e-13
"CFB",3.979208787312e-08,1.2271218616748,0.00645138262228514,0.935982354730023,0.999999999999164,"EMP1","OE",FALSE,"Activated",3.6316572390412e-13
"SCARA5",3.97609047652836e-08,1.22677979652337,0.00644127531977394,0.936032414555212,0.999999999999164,"EMP1","OE",FALSE,"Activated",3.6316572390412e-13
"ITM2A",3.94866743655807e-08,1.22376160941196,0.00635273095085806,0.936472661398616,0.999999999999164,"EMP1","OE",FALSE,"Activated",3.6316572390412e-13
"LRRC15",3.94628524188955e-08,1.22349857241041,0.00634506817494097,0.936510905841331,0.999999999999164,"EMP1","OE",FALSE,"Activated",3.6316572390412e-13
"HES1",3.94171224720881e-08,1.22299324807405,0.00633037123883941,0.936584322431983,0.999999999999164,"EMP1","OE",FALSE,"Activated",3.6316572390412e-13
"CES1",3.9369504710583e-08,1.2224665257644,0.00631508569726762,0.936660770364962,0.999999999999164,"EMP1","OE",FALSE,"Activated",3.6316572390412e-13
"GFPT2",3.93425823709167e-08,1.22216848216241,0.00630645166686963,0.936703993092363,0.999999999999164,"EMP1","OE",FALSE,"Activated",3.6316572390412e-13
"DIRAS3",3.92478882342915e-08,1.22111877291899,0.00627613005221537,0.936856022179618,0.999999999999164,"EMP1","OE",FALSE,"Activated",3.6316572390412e-13
"ZEB2",3.92424678418164e-08,1.22105862042802,0.00627439662193376,0.936864724554984,0.999999999999164,"EMP1","OE",FALSE,"Activated",3.6316572390412e-13
"MMP23B",3.89490549158746e-08,1.21779175274412,0.00618092102240602,0.937335806728924,0.999999999999164,"EMP1","OE",FALSE,"Activated",3.6316572390412e-13
"SCN1B",3.88723091621948e-08,1.21693376459753,0.00615658707637639,0.9374590276818,0.999999999999164,"EMP1","OE",FALSE,"Activated",3.6316572390412e-13
"ADAMTS14",3.86511918879101e-08,1.21445356955995,0.00608674528083674,0.937814056094705,0.999999999999164,"EMP1","OE",FALSE,"Activated",3.6316572390412e-13
"THBS4",3.84247624586008e-08,1.21190108446563,0.00601563848178228,0.938177626575448,0.999999999999164,"EMP1","OE",FALSE,"Activated",3.6316572390412e-13
"NID2",3.80718251050536e-08,1.20789653531439,0.00590563687393863,0.938744352450597,0.999999999999164,"EMP1","OE",FALSE,"Activated",3.6316572390412e-13
"CHN1",3.80471650930844e-08,1.20761554004705,0.00589798891324224,0.938783951198624,0.999999999999164,"EMP1","OE",FALSE,"Activated",3.6316572390412e-13
"EBF1",3.80307115759638e-08,1.20742796861843,0.00589288883925522,0.938810372140991,0.999999999999164,"EMP1","OE",FALSE,"Activated",3.6316572390412e-13
"MEDAG",3.76665776694451e-08,1.2032588051435,0.00578058339919228,0.939395113002638,0.999999999999164,"EMP1","OE",FALSE,"Activated",3.6316572390412e-13
"COL4A2",3.76257801674787e-08,1.20278953127721,0.0057680680256692,0.939460629312446,0.999999999999164,"EMP1","OE",FALSE,"Activated",3.6316572390412e-13
"NFKBIZ",3.76050038433901e-08,1.20255038274975,0.00576169972374844,0.939493993965808,0.999999999999164,"EMP1","OE",FALSE,"Activated",3.6316572390412e-13
"F2RL2",3.75725646302983e-08,1.20217675924972,0.00575176357849852,0.939546088239437,0.999999999999164,"EMP1","OE",FALSE,"Activated",3.6316572390412e-13
"RIPOR3",3.74971107553638e-08,1.20130663135287,0.00572868519255429,0.939667260946219,0.999999999999164,"EMP1","OE",FALSE,"Activated",3.6316572390412e-13
"ADAMTS12",3.74459639629112e-08,1.20071595218282,0.00571306777376306,0.939749399275616,0.999999999999164,"EMP1","OE",FALSE,"Activated",3.6316572390412e-13
"F10",3.73698829985348e-08,1.19983602789667,0.00568987626775175,0.939871581403782,0.999999999999164,"EMP1","OE",FALSE,"Activated",3.6316572390412e-13
"GEM",3.73324310636628e-08,1.19940230545113,0.00567847724394237,0.939931727811082,0.999999999999164,"EMP1","OE",FALSE,"Activated",3.6316572390412e-13
"SOD2",3.71524842584859e-08,1.19731313771964,0.00562386728941163,0.940220720425092,0.999999999999164,"EMP1","OE",FALSE,"Activated",3.6316572390412e-13
"COL4A4",3.70568736434898e-08,1.19619955599433,0.00559495888433155,0.940374273238847,0.999999999999164,"EMP1","OE",FALSE,"Activated",3.6316572390412e-13
"CD200",3.68144111793229e-08,1.19336444120829,0.00552198297532947,0.940763683374471,0.999999999999164,"EMP1","OE",FALSE,"Activated",3.6316572390412e-13
"PLPP1",3.66828421952548e-08,1.19181926224775,0.00548258408619505,0.940974997462875,0.999999999999164,"EMP1","OE",FALSE,"Activated",3.6316572390412e-13
"FADS1",3.66312163969221e-08,1.19121165092611,0.00546716305595053,0.941057915242075,0.999999999999164,"EMP1","OE",FALSE,"Activated",3.6316572390412e-13
"UCHL1",3.65623274617018e-08,1.19039971009191,0.00544661921739874,0.941168560870183,0.999999999999164,"EMP1","OE",FALSE,"Activated",3.6316572390412e-13
"FBXO32",3.64560479622196e-08,1.18914448556635,0.00541500073561486,0.941339263397574,0.999999999999164,"EMP1","OE",FALSE,"Activated",3.6316572390412e-13
"SMYD3",3.641615538151e-08,1.18867251611948,0.00540315632705802,0.941403338203678,0.999999999999164,"EMP1","OE",FALSE,"Activated",3.6316572390412e-13
"CMYA5",3.6302220828023e-08,1.18732209751358,0.00536939970562346,0.941586340093951,0.999999999999164,"EMP1","OE",FALSE,"Activated",3.6316572390412e-13
"CP",3.62641489015695e-08,1.1868700326045,0.00535814330358558,0.941647491980462,0.999999999999164,"EMP1","OE",FALSE,"Activated",3.6316572390412e-13
"SPON2",3.62184862396603e-08,1.18632729571557,0.00534465819197889,0.941720836711118,0.999999999999164,"EMP1","OE",FALSE,"Activated",3.6316572390412e-13
"FAM20C",3.60498990096204e-08,1.1843183814344,0.00529501812347169,0.941991630828461,0.999999999999164,"EMP1","OE",FALSE,"Activated",3.6316572390412e-13
"NREP",3.59275520805682e-08,1.18285539805287,0.00525913841695131,0.942188155421965,0.999999999999164,"EMP1","OE",FALSE,"Activated",3.6316572390412e-13
"SLC2A3",3.58470704168897e-08,1.18189068239547,0.00523560271214188,0.942317434197127,0.999999999999164,"EMP1","OE",FALSE,"Activated",3.6316572390412e-13
"COL8A2",3.55375253053383e-08,1.1781627511795,0.00514557259810717,0.942814674791334,0.999999999999164,"EMP1","OE",FALSE,"Activated",3.6316572390412e-13
"SGIP1",3.55359929007112e-08,1.1781442265344,0.00514512884580955,0.942817136438987,0.999999999999164,"EMP1","OE",FALSE,"Activated",3.6316572390412e-13
"OGN",3.54580672078179e-08,1.17720130414773,0.0051225884243293,0.94294231662852,0.999999999999164,"EMP1","OE",FALSE,"Activated",3.6316572390412e-13
"MGST1",3.50694160205306e-08,1.17247167910827,0.00501090782621671,0.943566668654403,0.999999999999164,"EMP1","OE",FALSE,"Activated",3.6316572390412e-13
"ID2",3.50660629465908e-08,1.17243067828704,0.00500994966134741,0.943572055380138,0.999999999999164,"EMP1","OE",FALSE,"Activated",3.6316572390412e-13
"KCNK15",3.50095199630565e-08,1.17173877082639,0.00499380589788199,0.943662892281621,0.999999999999164,"EMP1","OE",FALSE,"Activated",3.6316572390412e-13
"TSPAN11",3.48053005906298e-08,1.16923172320874,0.00493571555908201,0.943990978957874,0.999999999999164,"EMP1","OE",FALSE,"Activated",3.6316572390412e-13
"SLC2A13",3.42841816051943e-08,1.16277641039515,0.00478902296805686,0.944828220598957,0.999999999999164,"EMP1","OE",FALSE,"Activated",3.6316572390412e-13
"GRIA3",3.42649341158076e-08,1.16253636857831,0.00478364726474563,0.944859145226946,0.999999999999164,"EMP1","OE",FALSE,"Activated",3.6316572390412e-13
"C1orf54",3.41382060695746e-08,1.1609529932557,0.00474832828702126,0.945062759189198,0.999999999999164,"EMP1","OE",FALSE,"Activated",3.6316572390412e-13
"TNFRSF19",3.40370328553688e-08,1.15968526638833,0.0047202253595747,0.945225316777826,0.999999999999164,"EMP1","OE",FALSE,"Activated",3.6316572390412e-13
"GREM2",3.39518697156065e-08,1.15861562997434,0.00469663421339322,0.945362152338974,0.999999999999164,"EMP1","OE",FALSE,"Activated",3.6316572390412e-13
"BMPER",3.38495276156634e-08,1.15732716497112,0.00466836248795969,0.945526592263368,0.999999999999164,"EMP1","OE",FALSE,"Activated",3.6316572390412e-13
"KCNK2",3.35132657865517e-08,1.15306992913067,0.00457607198659323,0.946066903028542,0.999999999999164,"EMP1","OE",FALSE,"Activated",3.6316572390412e-13
"C1QTNF1",3.34694255926276e-08,1.15251218143894,0.00456410749066503,0.946137347971043,0.999999999999164,"EMP1","OE",FALSE,"Activated",3.6316572390412e-13
"BMP8A",3.34109386380513e-08,1.15176711224438,0.00454817010860702,0.946231328825718,0.999999999999164,"EMP1","OE",FALSE,"Activated",3.6316572390412e-13
"CRABP1",3.33000936740588e-08,1.15035196157679,0.00451804192329964,0.946409444176907,0.999999999999164,"EMP1","OE",FALSE,"Activated",3.6316572390412e-13
"FHL1",3.29337027784992e-08,1.14564520306556,0.00441916756714352,0.946998212020731,0.999999999999164,"EMP1","OE",FALSE,"Activated",3.6316572390412e-13
"TGFB3",3.2883684378764e-08,1.14499915593983,0.00440575444817509,0.947078590794075,0.999999999999164,"EMP1","OE",FALSE,"Activated",3.6316572390412e-13
"CHRDL1",3.28383806219995e-08,1.14441327266782,0.00439362322021871,0.947151393676017,0.999999999999164,"EMP1","OE",FALSE,"Activated",3.6316572390412e-13
"AOX1",3.28006732190094e-08,1.14392509652355,0.00438353886161996,0.94721198959676,0.999999999999164,"EMP1","OE",FALSE,"Activated",3.6316572390412e-13
"MMP16",3.27645363106391e-08,1.14345679857993,0.00437388538400099,0.947270062014032,0.999999999999164,"EMP1","OE",FALSE,"Activated",3.6316572390412e-13
"SFRP4",3.27314724511038e-08,1.14302793411461,0.00436506215139113,0.947323196252773,0.999999999999164,"EMP1","OE",FALSE,"Activated",3.6316572390412e-13
"AC104083.1",3.24742439798725e-08,1.13967866531521,0.0042967238698501,0.947736575185318,0.999999999999164,"EMP1","OE",FALSE,"Activated",3.6316572390412e-13
"INMT",3.23710101979771e-08,1.13832806700595,0.0042694492076378,0.947902480964048,0.999999999999164,"EMP1","OE",FALSE,"Activated",3.6316572390412e-13
"RUNX2",3.23329573167907e-08,1.13782928809336,0.00425941743218061,0.947963635865394,0.999999999999164,"EMP1","OE",FALSE,"Activated",3.6316572390412e-13
"ANGPTL1",3.2324091848644e-08,1.1377130111282,0.00425708194816046,0.947977883630321,0.999999999999164,"EMP1","OE",FALSE,"Activated",3.6316572390412e-13
"SYTL2",3.23235531466791e-08,1.13770594478027,0.0042569400552769,0.947978749383103,0.999999999999164,"EMP1","OE",FALSE,"Activated",3.6316572390412e-13
"DACT1",3.22925908261516e-08,1.13729963019002,0.00424878862372996,0.948028509310627,0.999999999999164,"EMP1","OE",FALSE,"Activated",3.6316572390412e-13
"OLFM2",3.22332549436075e-08,1.13652003378221,0.00423318913164272,0.94812386930622,0.999999999999164,"EMP1","OE",FALSE,"Activated",3.6316572390412e-13
"CCL11",3.17209792478433e-08,1.12973746650158,0.00409970415161579,0.948947189547699,0.999999999999164,"EMP1","OE",FALSE,"Activated",3.6316572390412e-13
"CADM3",3.16442408922213e-08,1.12871332767273,0.00407989240418195,0.949070526762146,0.999999999999164,"EMP1","OE",FALSE,"Activated",3.6316572390412e-13
"SAMD5",3.15212263363796e-08,1.12706711882434,0.00404823352307585,0.949268243638035,0.999999999999164,"EMP1","OE",FALSE,"Activated",3.6316572390412e-13
"PDE4DIP",3.14330314385459e-08,1.1258834632541,0.00402561168363964,0.949409998051887,0.999999999999164,"EMP1","OE",FALSE,"Activated",3.6316572390412e-13
"COL4A1",3.14092385571075e-08,1.12556365096849,0.00401951970669798,0.949448240288659,0.999999999999164,"EMP1","OE",FALSE,"Activated",3.6316572390412e-13
"AVPR1A",3.13277511898949e-08,1.12446675316798,0.00399869047222014,0.949579215604904,0.999999999999164,"EMP1","OE",FALSE,"Activated",3.6316572390412e-13
"CCDC71L",3.13209222071351e-08,1.12437471690298,0.00399694735239819,0.949590191947036,0.999999999999164,"EMP1","OE",FALSE,"Activated",3.6316572390412e-13
"TCEAL7",3.12464970874695e-08,1.12337054410783,0.00397797474020053,0.949709817349189,0.999999999999164,"EMP1","OE",FALSE,"Activated",3.6316572390412e-13
"SHOX",3.10774864504297e-08,1.12108250837271,0.00393505781601213,0.949981476682701,0.999999999999164,"EMP1","OE",FALSE,"Activated",3.6316572390412e-13
"CYS1",3.05024201043753e-08,1.1132161882196,0.00379077443048207,0.950905853221762,0.999999999999164,"EMP1","OE",FALSE,"Activated",3.6316572390412e-13
"TIMP3",3.0501112718304e-08,1.11319815940109,0.00379044947925124,0.950907954823734,0.999999999999164,"EMP1","OE",FALSE,"Activated",3.6316572390412e-13
"PKDCC",3.0491382688778e-08,1.11306396162985,0.00378803151482902,0.950923595699611,0.999999999999164,"EMP1","OE",FALSE,"Activated",3.6316572390412e-13
"GALNT15",3.04569603584494e-08,1.11258890815238,0.00377948357380114,0.950978929228747,0.999999999999164,"EMP1","OE",FALSE,"Activated",3.6316572390412e-13
"LIMCH1",3.04228074439106e-08,1.11211711527235,0.00377101207790448,0.951033829908467,0.999999999999164,"EMP1","OE",FALSE,"Activated",3.6316572390412e-13
"NELL1",3.03027058256117e-08,1.11045438240478,0.00374129682713486,0.951226894645303,0.999999999999164,"EMP1","OE",FALSE,"Activated",3.6316572390412e-13
"ADAMTSL3",3.02599139741569e-08,1.10986058307875,0.00373073777153127,0.951295683732448,0.999999999999164,"EMP1","OE",FALSE,"Activated",3.6316572390412e-13
"RSPO3",3.02537386679345e-08,1.10977483195419,0.00372921522276242,0.95130561073832,0.999999999999164,"EMP1","OE",FALSE,"Activated",3.6316572390412e-13
"CPXM1",3.01426763749814e-08,1.10823002498854,0.00370188537940493,0.951484148279911,0.999999999999164,"EMP1","OE",FALSE,"Activated",3.6316572390412e-13
"TDO2",3.00856114975204e-08,1.10743437952414,0.00368788213229779,0.951575883538646,0.999999999999164,"EMP1","OE",FALSE,"Activated",3.6316572390412e-13
"LGR5",3.00466036887558e-08,1.1068897518025,0.00367832520892549,0.951638591331316,0.999999999999164,"EMP1","OE",FALSE,"Activated",3.6316572390412e-13
"COL18A1",2.99785320644746e-08,1.10593787327875,0.00366167734142863,0.951748021966014,0.999999999999164,"EMP1","OE",FALSE,"Activated",3.6316572390412e-13
"GFRA1",2.98260297573695e-08,1.10379857957853,0.00362451782337664,0.951993185042892,0.999999999999164,"EMP1","OE",FALSE,"Activated",3.6316572390412e-13
"PLA2G2A",2.9817228333482e-08,1.10367482618778,0.00362237900629924,0.95200733437207,0.999999999999164,"EMP1","OE",FALSE,"Activated",3.6316572390412e-13
"CXCL12",2.98044610947334e-08,1.10349525504996,0.00361927758615169,0.952027859244263,0.999999999999164,"EMP1","OE",FALSE,"Activated",3.6316572390412e-13
"NTN1",2.97513030823209e-08,1.10274687451981,0.00360637870973351,0.952113317486066,0.999999999999164,"EMP1","OE",FALSE,"Activated",3.6316572390412e-13
"MAB21L2",2.95832126278498e-08,1.10037281966056,0.0035657428175401,0.95238354781315,0.999999999999164,"EMP1","OE",FALSE,"Activated",3.6316572390412e-13
"ITGA1",2.95289884462286e-08,1.09960449470557,0.00355268322933276,0.952470722393985,0.999999999999164,"EMP1","OE",FALSE,"Activated",3.6316572390412e-13
"PHYH",2.94941449755158e-08,1.09911014111758,0.0035443040204743,0.952526739490814,0.999999999999164,"EMP1","OE",FALSE,"Activated",3.6316572390412e-13
"PLXDC1",2.93407896571628e-08,1.09692835957318,0.00350754250020952,0.952773288314826,0.999999999999164,"EMP1","OE",FALSE,"Activated",3.6316572390412e-13
"CFI",2.92491240930131e-08,1.0956195387818,0.0034856604293332,0.95292066089055,0.999999999999164,"EMP1","OE",FALSE,"Activated",3.6316572390412e-13
"ENPP2",2.92305954910204e-08,1.09535455396626,0.00348124566749276,0.95295044989332,0.999999999999164,"EMP1","OE",FALSE,"Activated",3.6316572390412e-13
"DUSP1",2.91937742958538e-08,1.09482752960853,0.00347248068075049,0.953009648655307,0.999999999999164,"EMP1","OE",FALSE,"Activated",3.6316572390412e-13
"MYLIP",2.91607160458662e-08,1.09435387625641,0.00346462084472152,0.953062797815659,0.999999999999164,"EMP1","OE",FALSE,"Activated",3.6316572390412e-13
"AQP1",2.91027107203165e-08,1.0935216656139,0.00345085118402583,0.953156055959181,0.999999999999164,"EMP1","OE",FALSE,"Activated",3.6316572390412e-13
"CDH6",2.90116088865716e-08,1.09221172434929,0.00342928021663168,0.953302526354511,0.999999999999164,"EMP1","OE",FALSE,"Activated",3.6316572390412e-13
"CCL2",2.89514716443392e-08,1.09134507498966,0.00341507805950854,0.953399213809015,0.999999999999164,"EMP1","OE",FALSE,"Activated",3.6316572390412e-13
"ALPK2",2.88855751116751e-08,1.09039364406787,0.00339954961269975,0.953505161722909,0.999999999999164,"EMP1","OE",FALSE,"Activated",3.6316572390412e-13
"TGM2",2.87153637678307e-08,1.08792740484536,0.00335960323454273,0.953778829946819,0.999999999999164,"EMP1","OE",FALSE,"Activated",3.6316572390412e-13
"ENPP1",2.86932570550336e-08,1.08760617071476,0.00335443240015063,0.953814373835208,0.999999999999164,"EMP1","OE",FALSE,"Activated",3.6316572390412e-13
"CACNA2D3",2.86718421610456e-08,1.08729478598751,0.00334942718184844,0.953848805482517,0.999999999999164,"EMP1","OE",FALSE,"Activated",3.6316572390412e-13
"RGS5",2.86465924398538e-08,1.08692738308902,0.00334353046527128,0.953889403015467,0.999999999999164,"EMP1","OE",FALSE,"Activated",3.6316572390412e-13
"MRGPRF",2.86225575972698e-08,1.08657739823632,0.00333792229274269,0.953928047328123,0.999999999999164,"EMP1","OE",FALSE,"Activated",3.6316572390412e-13
"MSX2",2.85872875017856e-08,1.08606335170396,0.0033297010635944,0.953984756387281,0.999999999999164,"EMP1","OE",FALSE,"Activated",3.6316572390412e-13
"EDNRA",2.84106032199007e-08,1.08347999666592,0.00328866969092742,0.954268841891782,0.999999999999164,"EMP1","OE",FALSE,"Activated",3.6316572390412e-13
"NOTCH3",2.83745458424573e-08,1.08295109014239,0.00328032734389063,0.954326818212526,0.999999999999164,"EMP1","OE",FALSE,"Activated",3.6316572390412e-13
"APOD",2.83034144230788e-08,1.08190600034988,0.00326390122229824,0.954441190466376,0.999999999999164,"EMP1","OE",FALSE,"Activated",3.6316572390412e-13
"NAP1L3",2.81410712735837e-08,1.07951228817259,0.00322656633596463,0.954702225628556,0.999999999999164,"EMP1","OE",FALSE,"Activated",3.6316572390412e-13
"EPS8",2.81340851550854e-08,1.07940901262265,0.00322496452226078,0.954713458873175,0.999999999999164,"EMP1","OE",FALSE,"Activated",3.6316572390412e-13
"RGS3",2.7982937558205e-08,1.07716917297366,0.0031904059959689,0.954956497019735,0.999999999999164,"EMP1","OE",FALSE,"Activated",3.6316572390412e-13
"CMKLR1",2.79716277775788e-08,1.07700115560043,0.0031878276033244,0.95497468277774,0.999999999999164,"EMP1","OE",FALSE,"Activated",3.6316572390412e-13
"SLC6A6",2.77045318079869e-08,1.07301607577124,0.00312723830099227,0.955404171169486,0.999999999999164,"EMP1","OE",FALSE,"Activated",3.6316572390412e-13
"CH25H",2.7664969341323e-08,1.07242298966223,0.00311831319631791,0.95546778843446,0.999999999999164,"EMP1","OE",FALSE,"Activated",3.6316572390412e-13
"PRSS23",2.75975612933258e-08,1.07141078092141,0.00310313563955555,0.95557618262362,0.999999999999164,"EMP1","OE",FALSE,"Activated",3.6316572390412e-13
"LEPR",2.74660233816451e-08,1.06942943781296,0.00307362526175173,0.95578770194596,0.999999999999164,"EMP1","OE",FALSE,"Activated",3.6316572390412e-13
"AC092807.3",2.74212087554436e-08,1.06875253137914,0.00306360335274995,0.955859766743693,0.999999999999164,"EMP1","OE",FALSE,"Activated",3.6316572390412e-13
"SCG2",2.73311956119613e-08,1.06739003419353,0.00304352313259573,0.956004514750275,0.999999999999164,"EMP1","OE",FALSE,"Activated",3.6316572390412e-13
"APCDD1",2.71299720946201e-08,1.06433014304334,0.00299887276578697,0.956328102768177,0.999999999999164,"EMP1","OE",FALSE,"Activated",3.6316572390412e-13
"HIGD1B",2.707612724063e-08,1.0635080383429,0.00298698085325129,0.956414692029103,0.999999999999164,"EMP1","OE",FALSE,"Activated",3.6316572390412e-13
"GPR4",2.70642098955107e-08,1.06332589357134,0.00298435203949721,0.956433856680406,0.999999999999164,"EMP1","OE",FALSE,"Activated",3.6316572390412e-13
"SLC39A14",2.68795587277179e-08,1.06049481406566,0.00294376824141293,0.956730803146162,0.999999999999164,"EMP1","OE",FALSE,"Activated",3.6316572390412e-13
"PLAT",2.68388349961886e-08,1.05986818090597,0.00293485511779694,0.956796293756381,0.999999999999164,"EMP1","OE",FALSE,"Activated",3.6316572390412e-13
"ENTPD1",2.66246676172612e-08,1.05655914715729,0.00288820313836585,0.95714071571524,0.999999999999164,"EMP1","OE",FALSE,"Activated",3.6316572390412e-13
"SERPINA3",2.66104499802545e-08,1.05633866380356,0.00288511934701647,0.957163580668925,0.999999999999164,"EMP1","OE",FALSE,"Activated",3.6316572390412e-13
"POSTN",2.63402599498253e-08,1.0521292096657,0.00282682848825643,0.957598109801568,0.999999999999164,"EMP1","OE",FALSE,"Activated",3.6316572390412e-13
"GUCY1B1",2.62812610870718e-08,1.05120508304232,0.00281417919143044,0.957692995533232,0.999999999999164,"EMP1","OE",FALSE,"Activated",3.6316572390412e-13
"ADAP2",2.61461619064102e-08,1.04908220828752,0.00278532090283355,0.95791027290253,0.999999999999164,"EMP1","OE",FALSE,"Activated",3.6316572390412e-13
"PTGER4",2.61251740765977e-08,1.04875156898747,0.00278085107824554,0.957944027499668,0.999999999999164,"EMP1","OE",FALSE,"Activated",3.6316572390412e-13
"PDLIM3",2.60731330453742e-08,1.04793073328793,0.00276978326918472,0.958027725094138,0.999999999999164,"EMP1","OE",FALSE,"Activated",3.6316572390412e-13
"FGF1",2.57227539105168e-08,1.04236720090757,0.00269584098603026,0.958591251882585,0.999999999999164,"EMP1","OE",FALSE,"Activated",3.6316572390412e-13
"ADAMTS5",2.56906892599417e-08,1.04185480270089,0.00268912418401394,0.958642823598428,0.999999999999164,"EMP1","OE",FALSE,"Activated",3.6316572390412e-13
"PARM1",2.56707300592456e-08,1.04153557310761,0.00268494742414218,0.958674925399363,0.999999999999164,"EMP1","OE",FALSE,"Activated",3.6316572390412e-13
"PI16",2.56412320970318e-08,1.04106338762201,0.0026787804804465,0.958722369191038,0.999999999999164,"EMP1","OE",FALSE,"Activated",3.6316572390412e-13
"ACAN",2.55451523572447e-08,1.03952214868178,0.00265874288433176,0.958876902477145,0.999999999999164,"EMP1","OE",FALSE,"Activated",3.6316572390412e-13
"LOXL2",2.55433782234616e-08,1.03949364241432,0.00265837359299171,0.958879755983222,0.999999999999164,"EMP1","OE",FALSE,"Activated",3.6316572390412e-13
"TSPYL2",2.55281765276511e-08,1.0392493159937,0.00265521036523279,0.958904206320675,0.999999999999164,"EMP1","OE",FALSE,"Activated",3.6316572390412e-13
"PLIN2",2.54437643609333e-08,1.03789033140792,0.00263767981429991,0.959039975163148,0.999999999999164,"EMP1","OE",FALSE,"Activated",3.6316572390412e-13
"PXDNL",2.52919249271256e-08,1.03543599732914,0.00260629225929885,0.959284197260473,0.999999999999164,"EMP1","OE",FALSE,"Activated",3.6316572390412e-13
"SPOCK1",2.51830856586003e-08,1.03366889244512,0.00258390910033075,0.959459259238671,0.999999999999164,"EMP1","OE",FALSE,"Activated",3.6316572390412e-13
"LRRC32",2.50980127621477e-08,1.03228306720624,0.00256648078849351,0.95959609567603,0.999999999999164,"EMP1","OE",FALSE,"Activated",3.6316572390412e-13
"ZNF275",2.50075585377426e-08,1.03080513303718,0.00254801472950652,0.959741589075248,0.999999999999164,"EMP1","OE",FALSE,"Activated",3.6316572390412e-13
"ABCA8",2.49169573684353e-08,1.02932017211955,0.00252958550709752,0.959887320175926,0.999999999999164,"EMP1","OE",FALSE,"Activated",3.6316572390412e-13
"SLAMF8",2.48457560457565e-08,1.02814990716795,0.00251514935461607,0.960001847752635,0.999999999999164,"EMP1","OE",FALSE,"Activated",3.6316572390412e-13
"WNT6",2.48153939723164e-08,1.02764999687073,0.00250900597227659,0.960050685505215,0.999999999999164,"EMP1","OE",FALSE,"Activated",3.6316572390412e-13
"CHI3L1",2.47576564787381e-08,1.02669789525199,0.00249734424402993,0.960143557356852,0.999999999999164,"EMP1","OE",FALSE,"Activated",3.6316572390412e-13
"CFL2",2.46934611758921e-08,1.02563705386232,0.00248441006971377,0.960246817351938,0.999999999999164,"EMP1","OE",FALSE,"Activated",3.6316572390412e-13
"CCDC102B",2.44994354661415e-08,1.02241622444291,0.00244552158485331,0.960558917345944,0.999999999999164,"EMP1","OE",FALSE,"Activated",3.6316572390412e-13
"NDNF",2.44756142266104e-08,1.02201927767662,0.0024407682480534,0.960597235410834,0.999999999999164,"EMP1","OE",FALSE,"Activated",3.6316572390412e-13
"MIR99AHG",2.44389430295116e-08,1.02140755349449,0.00243345984382261,0.960656223674051,0.999999999999164,"EMP1","OE",FALSE,"Activated",3.6316572390412e-13
"YPEL2",2.44146841358923e-08,1.02100244807592,0.00242863117800488,0.960695245971031,0.999999999999164,"EMP1","OE",FALSE,"Activated",3.6316572390412e-13
"ADAM19",2.43972361302261e-08,1.02071086485819,0.00242516116555587,0.960723312488902,0.999999999999164,"EMP1","OE",FALSE,"Activated",3.6316572390412e-13
"PAG1",2.40417341047902e-08,1.01473038673646,0.00235500007556801,0.961295176588322,0.999999999999164,"EMP1","OE",FALSE,"Activated",3.6316572390412e-13
"RCAN2",2.3988740609543e-08,1.01383237869847,0.00234462959719856,0.961380424165349,0.999999999999164,"EMP1","OE",FALSE,"Activated",3.6316572390412e-13
"HAS2",2.38835982667569e-08,1.01204560268052,0.00232412167590754,0.961549561889532,0.999999999999164,"EMP1","OE",FALSE,"Activated",3.6316572390412e-13
"FLNC",2.38470794969188e-08,1.01142342078865,0.0023170197998787,0.96160830838567,0.999999999999164,"EMP1","OE",FALSE,"Activated",3.6316572390412e-13
"PLOD2",2.3615126824851e-08,1.00745228627624,0.00227216523491486,0.961981447570081,0.999999999999164,"EMP1","OE",FALSE,"Activated",3.6316572390412e-13
"NR4A3",2.34948055795986e-08,1.00537907279853,0.00224907043813204,0.962175010045564,0.999999999999164,"EMP1","OE",FALSE,"Activated",3.6316572390412e-13
"PPP1R14A",2.34753506128292e-08,1.00504299202061,0.00224534727690027,0.962206307733266,0.999999999999164,"EMP1","OE",FALSE,"Activated",3.6316572390412e-13
"TBX2",2.34475294558929e-08,1.00456196960247,0.0022400284091399,0.962251064419825,0.999999999999164,"EMP1","OE",FALSE,"Activated",3.6316572390412e-13
"A2M",2.33704571638361e-08,1.00322683101738,0.0022253266144366,0.962375053429245,0.999999999999164,"EMP1","OE",FALSE,"Activated",3.6316572390412e-13
"CNN1",2.32356024247524e-08,1.00088155960294,0.00219971906939501,0.962592001357441,0.999999999999164,"EMP1","OE",FALSE,"Activated",3.6316572390412e-13
"NR4A2",2.30120701397696e-08,0.996968123101482,0.00215759896051116,0.962951615621525,0.999999999999164,"EMP1","OE",FALSE,"Activated",3.6316572390412e-13
"TMEM158",2.27713265780491e-08,0.992716548722835,0.00211269113382934,0.963338927470684,0.999999999999164,"EMP1","OE",FALSE,"Activated",3.6316572390412e-13
"SAT1",2.27366060578754e-08,0.992100185048045,0.00210625340505454,0.963394787079711,0.999999999999164,"EMP1","OE",FALSE,"Activated",3.6316572390412e-13
"FXYD1",2.2716027270699e-08,0.99173448446142,0.00210244241187722,0.963427895050017,0.999999999999164,"EMP1","OE",FALSE,"Activated",3.6316572390412e-13
"FMO1",2.25423788648433e-08,0.988637198860018,0.00207042181654468,0.963707270008997,0.999999999999164,"EMP1","OE",FALSE,"Activated",3.6316572390412e-13
"PI15",2.25155680870813e-08,0.988157156300788,0.00206549983299117,0.9637504050381,0.999999999999164,"EMP1","OE",FALSE,"Activated",3.6316572390412e-13
"DDAH1",2.24519010794716e-08,0.987015231973338,0.00205383516908888,0.963852837337585,0.999999999999164,"EMP1","OE",FALSE,"Activated",3.6316572390412e-13
"NDUFA4L2",2.23146938907775e-08,0.984544780082724,0.00202880923626738,0.964073588671113,0.999999999999164,"EMP1","OE",FALSE,"Activated",3.6316572390412e-13
"CRABP2",2.22760377187978e-08,0.983846401844511,0.00202178623432039,0.964135782714417,0.999999999999164,"EMP1","OE",FALSE,"Activated",3.6316572390412e-13
"ABCC9",2.22318251753194e-08,0.983046358270662,0.00201376868597236,0.964206916689737,0.999999999999164,"EMP1","OE",FALSE,"Activated",3.6316572390412e-13
"MASP1",2.21885425002568e-08,0.982261811621277,0.00200593519063417,0.96427655486701,0.999999999999164,"EMP1","OE",FALSE,"Activated",3.6316572390412e-13
"HHIP",2.20798791332242e-08,0.980286339197965,0.0019863360720002,0.964451386268438,0.999999999999164,"EMP1","OE",FALSE,"Activated",3.6316572390412e-13
"KHDRBS3",2.20070960077103e-08,0.978958469485152,0.00197326231676353,0.964568489944611,0.999999999999164,"EMP1","OE",FALSE,"Activated",3.6316572390412e-13
"AC134312.5",2.19420093812732e-08,0.977767806581972,0.00196160761547253,0.96467321106353,0.999999999999164,"EMP1","OE",FALSE,"Activated",3.6316572390412e-13
"LVRN",2.18724939400909e-08,0.976492758659398,0.00194919799434736,0.964785058596247,0.999999999999164,"EMP1","OE",FALSE,"Activated",3.6316572390412e-13
"WNT2",2.18427029012949e-08,0.975945263909383,0.00194389186990096,0.964832991384743,0.999999999999164,"EMP1","OE",FALSE,"Activated",3.6316572390412e-13
"PRDM1",2.18198124317948e-08,0.975524149272792,0.00193981972899063,0.964869821473582,0.999999999999164,"EMP1","OE",FALSE,"Activated",3.6316572390412e-13
"TRPC6",2.18023273678824e-08,0.975202220991711,0.00193671206872168,0.964897954475097,0.999999999999164,"EMP1","OE",FALSE,"Activated",3.6316572390412e-13
"METRNL",2.17770221464647e-08,0.974735916699469,0.00193221892582042,0.964938669978848,0.999999999999164,"EMP1","OE",FALSE,"Activated",3.6316572390412e-13
"EDNRB",2.15648921276398e-08,0.970808481341875,0.00189475877122101,0.965279985755259,0.999999999999164,"EMP1","OE",FALSE,"Activated",3.6316572390412e-13
"ADAMTS9",2.140185016807e-08,0.967767181141934,0.00186621632709632,0.965542323500887,0.999999999999164,"EMP1","OE",FALSE,"Activated",3.6316572390412e-13
"ACTA2",2.13037075984505e-08,0.965926839281632,0.00184913973639315,0.96570023864137,0.999999999999164,"EMP1","OE",FALSE,"Activated",3.6316572390412e-13
"LINC02515",2.13008414159789e-08,0.965872983707031,0.00184864220652904,0.965704850458613,0.999999999999164,"EMP1","OE",FALSE,"Activated",3.6316572390412e-13
"WFDC1",2.12826361004175e-08,0.965530759891317,0.00184548357706785,0.965734143661605,0.999999999999164,"EMP1","OE",FALSE,"Activated",3.6316572390412e-13
"CD55",2.12539932196691e-08,0.964991819468049,0.00184051949316206,0.965780231488053,0.999999999999164,"EMP1","OE",FALSE,"Activated",3.6316572390412e-13
"CDH2",2.11634789359864e-08,0.963284590951644,0.00182487644982995,0.965925874244303,0.999999999999164,"EMP1","OE",FALSE,"Activated",3.6316572390412e-13
"ADAMTS4",2.11443628689512e-08,0.96292322998966,0.00182158127271569,0.965956633255506,0.999999999999164,"EMP1","OE",FALSE,"Activated",3.6316572390412e-13
"CD34",2.08958675058675e-08,0.958199988854033,0.00177901724448766,0.966356483257799,0.999999999999164,"EMP1","OE",FALSE,"Activated",3.6316572390412e-13
"EGFLAM",2.08840740242548e-08,0.957974624886764,0.00177700968137068,0.966375460175672,0.999999999999164,"EMP1","OE",FALSE,"Activated",3.6316572390412e-13
"HEY2",2.08829153186755e-08,0.957952477035964,0.00177681250012055,0.966377324652462,0.999999999999164,"EMP1","OE",FALSE,"Activated",3.6316572390412e-13
"RGS4",2.08389342731052e-08,0.957111025871209,0.00176933617035616,0.96644809482694,0.999999999999164,"EMP1","OE",FALSE,"Activated",3.6316572390412e-13
"QPCT",2.07866129814862e-08,0.956108012231158,0.00176046261303875,0.966532285687455,0.999999999999164,"EMP1","OE",FALSE,"Activated",3.6316572390412e-13
"PLPPR4",2.07602765719532e-08,0.95560231243214,0.0017560044655878,0.966574664082586,0.999999999999164,"EMP1","OE",FALSE,"Activated",3.6316572390412e-13
"EGR2",2.06761939708624e-08,0.95398408749779,0.00174180904578953,0.966709963555087,0.999999999999164,"EMP1","OE",FALSE,"Activated",3.6316572390412e-13
"SNED1",2.06497139467003e-08,0.953473287648285,0.00173735042920836,0.966752573440543,0.999999999999164,"EMP1","OE",FALSE,"Activated",3.6316572390412e-13
"SELENOP",2.05139376134456e-08,0.950845258513926,0.00171457863158731,0.96697105713195,0.999999999999164,"EMP1","OE",FALSE,"Activated",3.6316572390412e-13
"NES",2.04900066065528e-08,0.950380506914017,0.00171058060247676,0.967009565829009,0.999999999999164,"EMP1","OE",FALSE,"Activated",3.6316572390412e-13
"NMNAT2",2.04661373887885e-08,0.949916489046376,0.00170659754481184,0.967047975174426,0.999999999999164,"EMP1","OE",FALSE,"Activated",3.6316572390412e-13
"LRRC17",2.02556085749394e-08,0.945803481901084,0.00167166764982542,0.967386752623988,0.999999999999164,"EMP1","OE",FALSE,"Activated",3.6316572390412e-13
"COL6A6",2.018279351909e-08,0.944372349241446,0.00165967059843123,0.96750392607656,0.999999999999164,"EMP1","OE",FALSE,"Activated",3.6316572390412e-13
"GJA4",1.98275248798195e-08,0.937325290897198,0.0016017559764287,0.96807563177474,0.999999999999164,"EMP1","OE",FALSE,"Activated",3.6316572390412e-13
"NTN4",1.98211078501878e-08,0.93719700618971,0.00160071935160099,0.968085958344303,0.999999999999164,"EMP1","OE",FALSE,"Activated",3.6316572390412e-13
"AC058791.1",1.96588613832882e-08,0.933941536096538,0.00157462110082251,0.968347054350347,0.999999999999164,"EMP1","OE",FALSE,"Activated",3.6316572390412e-13
"GMFG",1.96150086028788e-08,0.933057656957957,0.0015676039602225,0.96841762525851,0.999999999999164,"EMP1","OE",FALSE,"Activated",3.6316572390412e-13
"GJC1",1.95132396107225e-08,0.930999861046737,0.00155137968800447,0.968581399867156,0.999999999999164,"EMP1","OE",FALSE,"Activated",3.6316572390412e-13
"PARD6G-AS1",1.93411872004022e-08,0.927499783470122,0.00152414260378208,0.968858283050501,0.999999999999164,"EMP1","OE",FALSE,"Activated",3.6316572390412e-13
"ID4",1.93226510012004e-08,0.927121100400931,0.00152122258934414,0.968888113498537,0.999999999999164,"EMP1","OE",FALSE,"Activated",3.6316572390412e-13
"PCSK1",1.9297378469745e-08,0.926604293482579,0.00151724590890827,0.968928784848043,0.999999999999164,"EMP1","OE",FALSE,"Activated",3.6316572390412e-13
"IL33",1.9295565497019e-08,0.926567196943273,0.0015169608343069,0.968931702487143,0.999999999999164,"EMP1","OE",FALSE,"Activated",3.6316572390412e-13
"IER3",1.92600220199356e-08,0.925839308841724,0.00151137733351108,0.968988903121873,0.999999999999164,"EMP1","OE",FALSE,"Activated",3.6316572390412e-13
"POU2F2",1.92513987076445e-08,0.9256625391712,0.00151002425498757,0.96900278076785,0.999999999999164,"EMP1","OE",FALSE,"Activated",3.6316572390412e-13
"GK",1.91473207946347e-08,0.923523641354113,0.00149374124597793,0.969170275896798,0.999999999999164,"EMP1","OE",FALSE,"Activated",3.6316572390412e-13
"SATB1",1.91413993584915e-08,0.923401649326745,0.00149281749003366,0.969179805449654,0.999999999999164,"EMP1","OE",FALSE,"Activated",3.6316572390412e-13
"TNFSF4",1.9066094570867e-08,0.921847394131472,0.00148109471348316,0.969300996189008,0.999999999999164,"EMP1","OE",FALSE,"Activated",3.6316572390412e-13
"COX4I2",1.89696824624237e-08,0.919849752220131,0.00146615359122154,0.969456156743538,0.999999999999164,"EMP1","OE",FALSE,"Activated",3.6316572390412e-13
"CTSS",1.88971538682763e-08,0.918341197000756,0.00145496365456653,0.969572881194135,0.999999999999164,"EMP1","OE",FALSE,"Activated",3.6316572390412e-13
"HSPB2",1.88066495170479e-08,0.916451741518399,0.00144106048025946,0.969718535981464,0.999999999999164,"EMP1","OE",FALSE,"Activated",3.6316572390412e-13
"TXNIP",1.87490805001217e-08,0.915245793735502,0.00143225152574047,0.969811186228674,0.999999999999164,"EMP1","OE",FALSE,"Activated",3.6316572390412e-13
"FRMD6-AS1",1.87466021836798e-08,0.915193806691888,0.00143187291112969,0.969815174783115,0.999999999999164,"EMP1","OE",FALSE,"Activated",3.6316572390412e-13
"LRRN4CL",1.87070333092097e-08,0.914362976707421,0.0014258347176812,0.969878856264869,0.999999999999164,"EMP1","OE",FALSE,"Activated",3.6316572390412e-13
"THBS1",1.85307758736144e-08,0.91064358828504,0.00139909290050154,0.970162524347813,0.999999999999164,"EMP1","OE",FALSE,"Activated",3.6316572390412e-13
"DEPTOR",1.8479414186226e-08,0.909554016210252,0.00139134792685001,0.970245186374661,0.999999999999164,"EMP1","OE",FALSE,"Activated",3.6316572390412e-13
"RGS2",1.82800340570835e-08,0.905299538537721,0.00136148652423267,0.970566073821783,0.999999999999164,"EMP1","OE",FALSE,"Activated",3.6316572390412e-13
"LYPD1",1.82363834441394e-08,0.904362765590631,0.0013549921418423,0.970636326865263,0.999999999999164,"EMP1","OE",FALSE,"Activated",3.6316572390412e-13
"LAMC3",1.82292462615128e-08,0.904209412832583,0.00135393174146572,0.970647813754318,0.999999999999164,"EMP1","OE",FALSE,"Activated",3.6316572390412e-13
"COL13A1",1.81271758061998e-08,0.902010599358993,0.00133881213335477,0.97081209100546,0.999999999999164,"EMP1","OE",FALSE,"Activated",3.6316572390412e-13
"PLPP4",1.81261455790596e-08,0.90198835174844,0.00133865995946784,0.970813749110419,0.999999999999164,"EMP1","OE",FALSE,"Activated",3.6316572390412e-13
"CALB2",1.80779241074237e-08,0.9009457945196,0.00133154688757162,0.970891359574615,0.999999999999164,"EMP1","OE",FALSE,"Activated",3.6316572390412e-13
"STARD4-AS1",1.8034700139692e-08,0.9000092451962,0.00132518709391125,0.970960926997277,0.999999999999164,"EMP1","OE",FALSE,"Activated",3.6316572390412e-13
"ASPN",1.77286878892628e-08,0.893322872636436,0.00128059716155017,0.97145344900552,0.999999999999164,"EMP1","OE",FALSE,"Activated",3.6316572390412e-13
"LGI2",1.77202985010026e-08,0.893138167636681,0.00127938546614294,0.971466951751013,0.999999999999164,"EMP1","OE",FALSE,"Activated",3.6316572390412e-13
"LINC01705",1.76136688722665e-08,0.890783965480147,0.00126403471444815,0.971638573168615,0.999999999999164,"EMP1","OE",FALSE,"Activated",3.6316572390412e-13
"FGL2",1.75924853919366e-08,0.890314808085044,0.00126099610245574,0.97167266834148,0.999999999999164,"EMP1","OE",FALSE,"Activated",3.6316572390412e-13
"HSPB6",1.75386989133595e-08,0.889121390305606,0.00125329726326577,0.971759238828511,0.999999999999164,"EMP1","OE",FALSE,"Activated",3.6316572390412e-13
"KDM6B",1.74152950272604e-08,0.886371331134538,0.00123572268189204,0.971957861276913,0.999999999999164,"EMP1","OE",FALSE,"Activated",3.6316572390412e-13
"CTSH",1.73786617756269e-08,0.885551725318661,0.00123052943900234,0.97201682398663,0.999999999999164,"EMP1","OE",FALSE,"Activated",3.6316572390412e-13
"ISM1",1.72846634038329e-08,0.883441841433872,0.0012172539692241,0.972168118891317,0.999999999999164,"EMP1","OE",FALSE,"Activated",3.6316572390412e-13
"CHRDL2",1.72428682353991e-08,0.882500531099535,0.00121137432621929,0.972235390549008,0.999999999999164,"EMP1","OE",FALSE,"Activated",3.6316572390412e-13
"IL6",1.71391814395198e-08,0.880156779711278,0.00119684937897477,0.972402281089318,0.999999999999164,"EMP1","OE",FALSE,"Activated",3.6316572390412e-13
"VMO1",1.7095487206344e-08,0.879165447398386,0.00119075471737579,0.972472610119064,0.999999999999164,"EMP1","OE",FALSE,"Activated",3.6316572390412e-13
"BMP4",1.7042848501514e-08,0.877968279245987,0.00118343310241497,0.972557336207307,0.999999999999164,"EMP1","OE",FALSE,"Activated",3.6316572390412e-13
"NFIB",1.7024193896806e-08,0.877543250537119,0.00118084381757937,0.972587362318409,0.999999999999164,"EMP1","OE",FALSE,"Activated",3.6316572390412e-13
"RGS16",1.69164574247564e-08,0.875080687430966,0.00116594532708341,0.972760773735337,0.999999999999164,"EMP1","OE",FALSE,"Activated",3.6316572390412e-13
"RAMP1",1.69133250599311e-08,0.875008888088864,0.00116551357853119,0.972765815573928,0.999999999999164,"EMP1","OE",FALSE,"Activated",3.6316572390412e-13
"GPNMB",1.66379671120378e-08,0.868651955438544,0.00112787213990677,0.973209034565143,0.999999999999164,"EMP1","OE",FALSE,"Activated",3.6316572390412e-13
"EBF2",1.66369151207333e-08,0.868627495759608,0.00112772951741386,0.973210727877142,0.999999999999164,"EMP1","OE",FALSE,"Activated",3.6316572390412e-13
"NTRK2",1.66274022930291e-08,0.868406254000708,0.00112644023638257,0.973226039972394,0.999999999999164,"EMP1","OE",FALSE,"Activated",3.6316572390412e-13
"ANK2",1.65502108140289e-08,0.866606950792988,0.00111600568344618,0.97335028975201,0.999999999999164,"EMP1","OE",FALSE,"Activated",3.6316572390412e-13
"MITF",1.65346877523971e-08,0.866244241052991,0.00111391317829704,0.973375276227826,0.999999999999164,"EMP1","OE",FALSE,"Activated",3.6316572390412e-13
"AC116366.1",1.64835454469403e-08,0.865047177074825,0.00110703309845142,0.973457596898601,0.999999999999164,"EMP1","OE",FALSE,"Activated",3.6316572390412e-13
"ABL2",1.63361251150303e-08,0.861578576796003,0.00108732017896579,0.973694892054943,0.999999999999164,"EMP1","OE",FALSE,"Activated",3.6316572390412e-13
"HEYL",1.63295200944614e-08,0.861422539121481,0.00108644110633018,0.973705523881811,0.999999999999164,"EMP1","OE",FALSE,"Activated",3.6316572390412e-13
"TRAC",1.62813636082092e-08,0.860283238458818,0.00108004262798093,0.973783039515709,0.999999999999164,"EMP1","OE",FALSE,"Activated",3.6316572390412e-13
"PLXNC1",1.61028174777093e-08,0.856033634898563,0.00105648439524816,0.974070440473571,0.999999999999164,"EMP1","OE",FALSE,"Activated",3.6316572390412e-13
"ADRA2A",1.60201278560105e-08,0.854051752547935,0.00104566194221464,0.974203544901422,0.999999999999164,"EMP1","OE",FALSE,"Activated",3.6316572390412e-13
"ADGRF5",1.60190167586448e-08,0.854025062094671,0.00104551690068319,0.974205333425559,0.999999999999164,"EMP1","OE",FALSE,"Activated",3.6316572390412e-13
"PTGER3",1.60138691211497e-08,0.853901386241388,0.00104484506453375,0.974213619536277,0.999999999999164,"EMP1","OE",FALSE,"Activated",3.6316572390412e-13
"CARMN",1.60024818964509e-08,0.85362767784484,0.00104335964520999,0.97423194947027,0.999999999999164,"EMP1","OE",FALSE,"Activated",3.6316572390412e-13
"PDGFA",1.59425474547744e-08,0.852184294010585,0.00103555884596204,0.974328425735618,0.999999999999164,"EMP1","OE",FALSE,"Activated",3.6316572390412e-13
"MCAM",1.58385654777505e-08,0.849668993719628,0.00102209446106214,0.974495806057898,0.999999999999164,"EMP1","OE",FALSE,"Activated",3.6316572390412e-13
"ITGA8",1.55420090463374e-08,0.842416363006122,0.000984178018511874,0.974973180612566,0.999999999999164,"EMP1","OE",FALSE,"Activated",3.6316572390412e-13
"LINC02802",1.55393678225671e-08,0.842351234826394,0.000983843542641495,0.974977432299285,0.999999999999164,"EMP1","OE",FALSE,"Activated",3.6316572390412e-13
"TMSB15A",1.54456909210912e-08,0.84003512554642,0.000972017370747567,0.975128228325865,0.999999999999164,"EMP1","OE",FALSE,"Activated",3.6316572390412e-13
"RRAD",1.54257945343428e-08,0.839541640241506,0.000969514772780747,0.975160256571429,0.999999999999164,"EMP1","OE",FALSE,"Activated",3.6316572390412e-13
"NFATC2",1.5407013746777e-08,0.839075321315902,0.000967155456151007,0.97519048901588,0.999999999999164,"EMP1","OE",FALSE,"Activated",3.6316572390412e-13
"EDIL3",1.52948282497331e-08,0.836279555781716,0.000953122134006789,0.975371080788688,0.999999999999164,"EMP1","OE",FALSE,"Activated",3.6316572390412e-13
"TRIM59",1.51125587508574e-08,0.831699320061652,0.000930540651679707,0.975664493701558,0.999999999999164,"EMP1","OE",FALSE,"Activated",3.6316572390412e-13
"LINC02544",1.51110187278379e-08,0.831660418561288,0.000930351010596267,0.975666972806455,0.999999999999164,"EMP1","OE",FALSE,"Activated",3.6316572390412e-13
"COL23A1",1.50324529170546e-08,0.829671271434081,0.000920701923830791,0.975793447127488,0.999999999999164,"EMP1","OE",FALSE,"Activated",3.6316572390412e-13
"ESAM",1.50098007336231e-08,0.829096094276177,0.000917929229946785,0.975829912459955,0.999999999999164,"EMP1","OE",FALSE,"Activated",3.6316572390412e-13
"COL4A3",1.49859875482047e-08,0.828490630130767,0.000915018934236167,0.975868246820073,0.999999999999164,"EMP1","OE",FALSE,"Activated",3.6316572390412e-13
"CEMIP",1.48773740077476e-08,0.825718507023077,0.000901803482622514,0.97604309312063,0.999999999999164,"EMP1","OE",FALSE,"Activated",3.6316572390412e-13
"BMP8B",1.48387849360498e-08,0.824729404964552,0.000897131337221081,0.976105214165104,0.999999999999164,"EMP1","OE",FALSE,"Activated",3.6316572390412e-13
"HLA-DQA2",1.47360304529401e-08,0.822084784484217,0.000884749583330442,0.976270629988,0.999999999999164,"EMP1","OE",FALSE,"Activated",3.6316572390412e-13
"APOE",1.47148998021616e-08,0.821538969688655,0.000882214038836988,0.976304646576905,0.999999999999164,"EMP1","OE",FALSE,"Activated",3.6316572390412e-13
"RBPJ",1.46942292980852e-08,0.821004386694599,0.000879737229492639,0.976337922453171,0.999999999999164,"EMP1","OE",FALSE,"Activated",3.6316572390412e-13
"MGLL",1.46809750066326e-08,0.820661261524014,0.000878150887728917,0.976359259553066,0.999999999999164,"EMP1","OE",FALSE,"Activated",3.6316572390412e-13
"TNFSF14",1.46369716874843e-08,0.819520192200032,0.000872894609648207,0.976430097351254,0.999999999999164,"EMP1","OE",FALSE,"Activated",3.6316572390412e-13
"CSRP1",1.45920638239516e-08,0.818352614334524,0.000867546550211692,0.976502391502451,0.999999999999164,"EMP1","OE",FALSE,"Activated",3.6316572390412e-13
"EGR3",1.45677751751007e-08,0.817719832810109,0.000864660872506928,0.976541492246238,0.999999999999164,"EMP1","OE",FALSE,"Activated",3.6316572390412e-13
"UACA",1.44884292067668e-08,0.815646310417769,0.000855267466536223,0.976669226642966,0.999999999999164,"EMP1","OE",FALSE,"Activated",3.6316572390412e-13
"HES5",1.44080706366651e-08,0.813536326791325,0.000845806472093152,0.976798591777364,0.999999999999164,"EMP1","OE",FALSE,"Activated",3.6316572390412e-13
"SLC40A1",1.43890154107397e-08,0.813034504342119,0.000843570728512526,0.976829267896451,0.999999999999164,"EMP1","OE",FALSE,"Activated",3.6316572390412e-13
"MFAP5",1.43303614490899e-08,0.811486239720852,0.000836707448632259,0.976923692387367,0.999999999999164,"EMP1","OE",FALSE,"Activated",3.6316572390412e-13
"ALPL",1.42872247228928e-08,0.810344087988309,0.000831677778221232,0.976993136554559,0.999999999999164,"EMP1","OE",FALSE,"Activated",3.6316572390412e-13
"SLC5A3",1.41686351602844e-08,0.807188748229334,0.000817928575129124,0.977184050257008,0.999999999999164,"EMP1","OE",FALSE,"Activated",3.6316572390412e-13
"OR51E1",1.41082994531231e-08,0.805574636647593,0.000810977274345464,0.977281183365199,0.999999999999164,"EMP1","OE",FALSE,"Activated",3.6316572390412e-13
"ANGPT1",1.40474723346823e-08,0.803941345224397,0.000803999385843727,0.977379107926445,0.999999999999164,"EMP1","OE",FALSE,"Activated",3.6316572390412e-13
"HEY1",1.40112337305272e-08,0.802965389380697,0.000799856543116259,0.97743744801169,0.999999999999164,"EMP1","OE",FALSE,"Activated",3.6316572390412e-13
"IRF8",1.37185646517073e-08,0.795002662390748,0.000766790448918304,0.977908616775624,0.999999999999164,"EMP1","OE",FALSE,"Activated",3.6316572390412e-13
"DTX1",1.36581505266392e-08,0.793340751683236,0.000760051701568042,0.978005878608748,0.999999999999164,"EMP1","OE",FALSE,"Activated",3.6316572390412e-13
"LBP",1.35668077764423e-08,0.790815965214095,0.00074991957391415,0.978152933636059,0.999999999999164,"EMP1","OE",FALSE,"Activated",3.6316572390412e-13
"PCK1",1.34266020255263e-08,0.786911916035811,0.00073449962546405,0.978378655899438,0.999999999999164,"EMP1","OE",FALSE,"Activated",3.6316572390412e-13
"NRCAM",1.34002635193977e-08,0.78617459929465,0.000731620766311673,0.978421059398137,0.999999999999164,"EMP1","OE",FALSE,"Activated",3.6316572390412e-13
"GABRA4",1.33479249203715e-08,0.784705724639261,0.000725916814948597,0.978505321750318,0.999999999999164,"EMP1","OE",FALSE,"Activated",3.6316572390412e-13
"TNXB",1.32453983054745e-08,0.781813886676483,0.000714807978397684,0.978670384824759,0.999999999999164,"EMP1","OE",FALSE,"Activated",3.6316572390412e-13
"LSP1",1.31463414636812e-08,0.779001533717982,0.000704156452105603,0.978829862593653,0.999999999999164,"EMP1","OE",FALSE,"Activated",3.6316572390412e-13
"CD83",1.30974062078918e-08,0.777605452165608,0.000698923978307179,0.978908646817365,0.999999999999164,"EMP1","OE",FALSE,"Activated",3.6316572390412e-13
"HOXB2",1.3094202253428e-08,0.777513889329851,0.000698582071418497,0.978913805090531,0.999999999999164,"EMP1","OE",FALSE,"Activated",3.6316572390412e-13
"SUGCT",1.30640838473262e-08,0.776652218191465,0.000695372104058646,0.978962294888295,0.999999999999164,"EMP1","OE",FALSE,"Activated",3.6316572390412e-13
"GPC4",1.29299078414116e-08,0.772792588103036,0.000681161675300633,0.979178315475258,0.999999999999164,"EMP1","OE",FALSE,"Activated",3.6316572390412e-13
"NR2F2",1.2892405112585e-08,0.771707634565973,0.000677216036225059,0.979238694364652,0.999999999999164,"EMP1","OE",FALSE,"Activated",3.6316572390412e-13
"HYDIN",1.28888879552127e-08,0.771605743783774,0.000676846586078902,0.979244356946859,0.999999999999164,"EMP1","OE",FALSE,"Activated",3.6316572390412e-13
"ENPEP",1.28658116497321e-08,0.770936636498733,0.000674425099232468,0.97928150955454,0.999999999999164,"EMP1","OE",FALSE,"Activated",3.6316572390412e-13
"LINC01929",1.27790829947769e-08,0.768412617788993,0.000665363123884125,0.979421142172644,0.999999999999164,"EMP1","OE",FALSE,"Activated",3.6316572390412e-13
"LINC01614",1.27564230993549e-08,0.767750726560075,0.000663005569515684,0.979457624573425,0.999999999999164,"EMP1","OE",FALSE,"Activated",3.6316572390412e-13
"TNFRSF9",1.26218747311871e-08,0.763799591918643,0.000649093226694777,0.979674248145407,0.999999999999164,"EMP1","OE",FALSE,"Activated",3.6316572390412e-13
"RBP5",1.25995991476494e-08,0.763141950032942,0.000646804157621177,0.979710112095713,0.999999999999164,"EMP1","OE",FALSE,"Activated",3.6316572390412e-13
"NETO1",1.25681725549111e-08,0.76221243677963,0.000643581594673437,0.979760709347702,0.999999999999164,"EMP1","OE",FALSE,"Activated",3.6316572390412e-13
"TNFRSF1B",1.25523096026276e-08,0.761742492750102,0.000641958023488623,0.979786248952738,0.999999999999164,"EMP1","OE",FALSE,"Activated",3.6316572390412e-13
"PTGDS",1.2504327571919e-08,0.760317890451795,0.000637059550080443,0.979863500910016,0.999999999999164,"EMP1","OE",FALSE,"Activated",3.6316572390412e-13
"TESC",1.2435456081493e-08,0.758264816345418,0.000630061266941244,0.979974385613851,0.999999999999164,"EMP1","OE",FALSE,"Activated",3.6316572390412e-13
"BHLHE41",1.23883911053695e-08,0.756856155069766,0.000625301055126759,0.980050161544399,0.999999999999164,"EMP1","OE",FALSE,"Activated",3.6316572390412e-13
"NEB",1.23851727221318e-08,0.756759660020385,0.00062497620309251,0.98005534323819,0.999999999999164,"EMP1","OE",FALSE,"Activated",3.6316572390412e-13
"PPDPFL",1.23851726165599e-08,0.756759656854727,0.000624976192437853,0.980055343408164,0.999999999999164,"EMP1","OE",FALSE,"Activated",3.6316572390412e-13
"RETREG1",1.23475831671955e-08,0.755631029481477,0.000621188298420834,0.980115863614227,0.999999999999164,"EMP1","OE",FALSE,"Activated",3.6316572390412e-13
"ADAMTSL1",1.23429172243665e-08,0.755490727502104,0.000620718914021699,0.980123375938208,0.999999999999164,"EMP1","OE",FALSE,"Activated",3.6316572390412e-13
"GUCY1A2",1.21940199602843e-08,0.750989296211555,0.000605833311607758,0.980363106434488,0.999999999999164,"EMP1","OE",FALSE,"Activated",3.6316572390412e-13
"LRRC4C",1.21868798981836e-08,0.750772251343497,0.000605124042465269,0.980374602262178,0.999999999999164,"EMP1","OE",FALSE,"Activated",3.6316572390412e-13
"CCDC168",1.21839421445945e-08,0.750682917166873,0.000604832336782316,0.980379332181474,0.999999999999164,"EMP1","OE",FALSE,"Activated",3.6316572390412e-13
"C5orf46",1.21414795412718e-08,0.749389593637375,0.000600623846387624,0.980447699015799,0.999999999999164,"EMP1","OE",FALSE,"Activated",3.6316572390412e-13
"ADAMTS8",1.21151488670467e-08,0.74858565599234,0.000598021579946313,0.980490092740298,0.999999999999164,"EMP1","OE",FALSE,"Activated",3.6316572390412e-13
"NEURL1B",1.21054201891357e-08,0.7482882354677,0.000597061521850944,0.980505756420415,0.999999999999164,"EMP1","OE",FALSE,"Activated",3.6316572390412e-13
"FOXQ1",1.20576922390071e-08,0.746826127951988,0.000592362743026159,0.980582601024429,0.999999999999164,"EMP1","OE",FALSE,"Activated",3.6316572390412e-13
"RGPD3",1.20433464974974e-08,0.746385682718566,0.000590954044345009,0.980605698486294,0.999999999999164,"EMP1","OE",FALSE,"Activated",3.6316572390412e-13
"ACKR4",1.20415828484555e-08,0.746331503677956,0.000590780976299361,0.980608538062943,0.999999999999164,"EMP1","OE",FALSE,"Activated",3.6316572390412e-13
"SMOC2",1.20318115310991e-08,0.746031206267149,0.00058982256970014,0.980624270451746,0.999999999999164,"EMP1","OE",FALSE,"Activated",3.6316572390412e-13
"TCIM",1.20175205422601e-08,0.745591629138878,0.000588422258233002,0.980647279787865,0.999999999999164,"EMP1","OE",FALSE,"Activated",3.6316572390412e-13
"S100A7A",1.19880131116046e-08,0.744682581519938,0.00058553621982665,0.980694788544979,0.999999999999164,"EMP1","OE",FALSE,"Activated",3.6316572390412e-13
"ITIH5",1.19661251183206e-08,0.744007022433931,0.00058340000047852,0.980730029588982,0.999999999999164,"EMP1","OE",FALSE,"Activated",3.6316572390412e-13
"DRAM1",1.1947347148828e-08,0.743426602962419,0.000581570423798602,0.980760263329309,0.999999999999164,"EMP1","OE",FALSE,"Activated",3.6316572390412e-13
"AL355916.1",1.18757830546885e-08,0.741207352894569,0.000574624126791542,0.980875486383129,0.999999999999164,"EMP1","OE",FALSE,"Activated",3.6316572390412e-13
"SUSD2",1.17954729400395e-08,0.738703115832723,0.000566878601183317,0.981004791599187,0.999999999999164,"EMP1","OE",FALSE,"Activated",3.6316572390412e-13
"VEPH1",1.17841265380859e-08,0.738348127418107,0.000565788532319977,0.981023060184659,0.999999999999164,"EMP1","OE",FALSE,"Activated",3.6316572390412e-13
"PCOLCE2",1.17826167956356e-08,0.738300870761868,0.000565643567779066,0.981025490987624,0.999999999999164,"EMP1","OE",FALSE,"Activated",3.6316572390412e-13
"GLIPR1",1.17760264196738e-08,0.738094523364885,0.000565010981436039,0.981036102008423,0.999999999999164,"EMP1","OE",FALSE,"Activated",3.6316572390412e-13
"GDF6",1.17655935643488e-08,0.737767662769628,0.000564010293011892,0.981052899728415,0.999999999999164,"EMP1","OE",FALSE,"Activated",3.6316572390412e-13
"HOXB5",1.17655935509434e-08,0.737767662349478,0.000564010291726658,0.981052899749999,0.999999999999164,"EMP1","OE",FALSE,"Activated",3.6316572390412e-13
"GRP",1.17581532934e-08,0.737534406994272,0.000563297186184184,0.981064879156646,0.999999999999164,"EMP1","OE",FALSE,"Activated",3.6316572390412e-13
"RUNX3",1.17026807091278e-08,0.735791295849774,0.000557994679906626,0.981154194565551,0.999999999999164,"EMP1","OE",FALSE,"Activated",3.6316572390412e-13
"CAPN6",1.16151907253041e-08,0.733027577051533,0.000549682659787508,0.981295061092534,0.999999999999164,"EMP1","OE",FALSE,"Activated",3.6316572390412e-13
"FILIP1",1.15847289540698e-08,0.73206110918886,0.000546803266554391,0.98134410734592,0.999999999999164,"EMP1","OE",FALSE,"Activated",3.6316572390412e-13
"NFATC1",1.15446639816752e-08,0.730786617946828,0.000543027645248498,0.981408615743764,0.999999999999164,"EMP1","OE",FALSE,"Activated",3.6316572390412e-13
"DLX5",1.1515116413865e-08,0.729844247142211,0.000540251537929118,0.981456190202629,0.999999999999164,"EMP1","OE",FALSE,"Activated",3.6316572390412e-13
"SERPINB9",1.14848850049402e-08,0.728877906905476,0.00053741854430774,0.981504865780478,0.999999999999164,"EMP1","OE",FALSE,"Activated",3.6316572390412e-13
"OLFML2A",1.14030425188698e-08,0.726250785633657,0.000529786434172868,0.981636640675334,0.999999999999164,"EMP1","OE",FALSE,"Activated",3.6316572390412e-13
"HIST1H1A",1.13767574032353e-08,0.725403592663296,0.000527346831259622,0.981678962545424,0.999999999999164,"EMP1","OE",FALSE,"Activated",3.6316572390412e-13
"MAP3K7CL",1.13071350702483e-08,0.723151422635715,0.00052091217283219,0.981791062256694,0.999999999999164,"EMP1","OE",FALSE,"Activated",3.6316572390412e-13
"MYLK",1.12710286576879e-08,0.721978728292015,0.000517590687764605,0.981849197744498,0.999999999999164,"EMP1","OE",FALSE,"Activated",3.6316572390412e-13
"FAM162B",1.12303956694718e-08,0.720655137642577,0.000513865500428611,0.981914621656348,0.999999999999164,"EMP1","OE",FALSE,"Activated",3.6316572390412e-13
"FGF10",1.12236825618913e-08,0.720436065790835,0.000513251345156258,0.981925430564432,0.999999999999164,"EMP1","OE",FALSE,"Activated",3.6316572390412e-13
"PHGDH",1.1202638012007e-08,0.719748576872348,0.00051132844376718,0.981959314834414,0.999999999999164,"EMP1","OE",FALSE,"Activated",3.6316572390412e-13
"EVA1A",1.11964365879572e-08,0.719545774786909,0.000510762490135079,0.98196929988321,0.999999999999164,"EMP1","OE",FALSE,"Activated",3.6316572390412e-13
"MAFB",1.11963579833427e-08,0.719543203598045,0.000510755318541261,0.981969426446241,0.999999999999164,"EMP1","OE",FALSE,"Activated",3.6316572390412e-13
"ABCA10",1.10123095684665e-08,0.713479800336966,0.000494101496078718,0.982265768113533,0.999999999999164,"EMP1","OE",FALSE,"Activated",3.6316572390412e-13
"ZNF331",1.07428938681255e-08,0.704444578185417,0.00047022088719783,0.982699566513801,0.999999999999164,"EMP1","OE",FALSE,"Activated",3.6316572390412e-13
"PAMR1",1.06992019548913e-08,0.70296094726786,0.000466403839023666,0.982769917324199,0.999999999999164,"EMP1","OE",FALSE,"Activated",3.6316572390412e-13
"ANGPT2",1.06618942775401e-08,0.701689964870957,0.000463156847949274,0.982829988622893,0.999999999999164,"EMP1","OE",FALSE,"Activated",3.6316572390412e-13
"TXLNB",1.06303158107809e-08,0.700611164023667,0.000460417349061361,0.982880835056722,0.999999999999164,"EMP1","OE",FALSE,"Activated",3.6316572390412e-13
"IL10",1.05952388896056e-08,0.699409604307163,0.0004573838779622,0.982937314648948,0.999999999999164,"EMP1","OE",FALSE,"Activated",3.6316572390412e-13
"LINC00924",1.0584958224875e-08,0.699056790548306,0.000456496700419339,0.982953868220392,0.999999999999164,"EMP1","OE",FALSE,"Activated",3.6316572390412e-13
"SEPTIN4",1.05673296523171e-08,0.698451121943836,0.000454977434337857,0.982982253156436,0.999999999999164,"EMP1","OE",FALSE,"Activated",3.6316572390412e-13
"HMOX1",1.05624648656052e-08,0.698283828127351,0.000454558623006071,0.982990086276567,0.999999999999164,"EMP1","OE",FALSE,"Activated",3.6316572390412e-13
"ACTC1",1.05526713746133e-08,0.697946840943251,0.000453716082552409,0.983005855439774,0.999999999999164,"EMP1","OE",FALSE,"Activated",3.6316572390412e-13
"SYCE1",1.05316154685641e-08,0.697221408224317,0.000451907275693387,0.983039759002802,0.999999999999164,"EMP1","OE",FALSE,"Activated",3.6316572390412e-13
"IKZF1",1.04999139051297e-08,0.696126842630049,0.000449190768358841,0.98309080392899,0.999999999999164,"EMP1","OE",FALSE,"Activated",3.6316572390412e-13
"CXCL2",1.04783580471933e-08,0.695380951715646,0.000447348324047908,0.983125512577775,0.999999999999164,"EMP1","OE",FALSE,"Activated",3.6316572390412e-13
"CCR6",1.04094751834605e-08,0.692988520460685,0.000441486079496743,0.98323642608167,0.999999999999164,"EMP1","OE",FALSE,"Activated",3.6316572390412e-13
"HSPA1A",1.03690168373916e-08,0.691576958086188,0.000438060914502252,0.983301571273021,0.999999999999164,"EMP1","OE",FALSE,"Activated",3.6316572390412e-13
"FAM49A",1.03397061327946e-08,0.690551360647381,0.000435587830187478,0.98334876683241,0.999999999999164,"EMP1","OE",FALSE,"Activated",3.6316572390412e-13
"RAMP2",1.02816557173478e-08,0.688512727665246,0.000430710501531213,0.983442238719365,0.999999999999164,"EMP1","OE",FALSE,"Activated",3.6316572390412e-13
"PTGS2",1.02287577804893e-08,0.686646384161208,0.000426289990324043,0.98352741436244,0.999999999999164,"EMP1","OE",FALSE,"Activated",3.6316572390412e-13
"LMOD1",1.0178109149047e-08,0.684851588761216,0.000422078814314054,0.983608968376059,0.999999999999164,"EMP1","OE",FALSE,"Activated",3.6316572390412e-13
"AUXG01000058.1",1.01776475400709e-08,0.684835195724925,0.000422040530002444,0.98360971165586,0.999999999999164,"EMP1","OE",FALSE,"Activated",3.6316572390412e-13
"BAALC",1.01503502260199e-08,0.683864649867027,0.000419779668979787,0.983653665640434,0.999999999999164,"EMP1","OE",FALSE,"Activated",3.6316572390412e-13
"SH3BGR",1.01182432242732e-08,0.682720214164217,0.00041712822345114,0.983705364221112,0.999999999999164,"EMP1","OE",FALSE,"Activated",3.6316572390412e-13
"CYTL1",1.01156590021e-08,0.682627965008534,0.000416915179679697,0.983709525329495,0.999999999999164,"EMP1","OE",FALSE,"Activated",3.6316572390412e-13
"PRG4",1.00279370206104e-08,0.679484435973088,0.000409715639126974,0.983850775317121,0.999999999999164,"EMP1","OE",FALSE,"Activated",3.6316572390412e-13
"FAM43A",9.94520866419634e-09,0.676498063601504,0.000402983389483001,0.983983985030554,0.999999999999164,"EMP1","OE",FALSE,"Activated",3.6316572390412e-13
"DCBLD2",9.93283934146337e-09,0.676049710738659,0.000401981594154492,0.984003902229326,0.999999999999164,"EMP1","OE",FALSE,"Activated",3.6316572390412e-13
"MEF2C",9.90445792996673e-09,0.675019143506187,0.000399687686988779,0.984049602280354,0.999999999999164,"EMP1","OE",FALSE,"Activated",3.6316572390412e-13
"COL25A1",9.89414813245646e-09,0.674644150619126,0.000398856030278229,0.984066203239062,0.999999999999164,"EMP1","OE",FALSE,"Activated",3.6316572390412e-13
"BDNF",9.84684666753882e-09,0.672919350092181,0.000395051483124313,0.984142368709421,0.999999999999164,"EMP1","OE",FALSE,"Activated",3.6316572390412e-13
"GPR183",9.78349440432478e-09,0.670598051917558,0.000389984501540284,0.984244379622595,0.999999999999164,"EMP1","OE",FALSE,"Activated",3.6316572390412e-13
"H1F0",9.74056917654996e-09,0.669017849547607,0.000386569883207357,0.984313498715475,0.999999999999164,"EMP1","OE",FALSE,"Activated",3.6316572390412e-13
"AC008393.1",9.66672425268812e-09,0.666285305158618,0.000380730795948445,0.984432405620106,0.999999999999164,"EMP1","OE",FALSE,"Activated",3.6316572390412e-13
"HGF",9.66390095954667e-09,0.666180475909565,0.000380508433616509,0.984436951762737,0.999999999999164,"EMP1","OE",FALSE,"Activated",3.6316572390412e-13
"F13A1",9.61243143359639e-09,0.664264763754766,0.00037646608354765,0.984519829467621,0.999999999999164,"EMP1","OE",FALSE,"Activated",3.6316572390412e-13
"CD93",9.60789435807836e-09,0.664095468660077,0.000376110782818353,0.984527135204598,0.999999999999164,"EMP1","OE",FALSE,"Activated",3.6316572390412e-13
"STC2",9.60272482597824e-09,0.663902490268722,0.000375706158532893,0.984535459343978,0.999999999999164,"EMP1","OE",FALSE,"Activated",3.6316572390412e-13
"APELA",9.58474924272732e-09,0.663230764879523,0.000374300887342835,0.984564404193383,0.999999999999164,"EMP1","OE",FALSE,"Activated",3.6316572390412e-13
"MROH8",9.535902638499e-09,0.661399928122902,0.000370495521478735,0.984643058634043,0.999999999999164,"EMP1","OE",FALSE,"Activated",3.6316572390412e-13
"FLT1",9.5262632109883e-09,0.66103767476168,0.000369746864578735,0.984658580381229,0.999999999999164,"EMP1","OE",FALSE,"Activated",3.6316572390412e-13
"ENC1",9.52094200651831e-09,0.660837566514081,0.000369333911646451,0.9846671487754,0.999999999999164,"EMP1","OE",FALSE,"Activated",3.6316572390412e-13
"LINGO1",9.3534257380141e-09,0.654488159712063,0.000356451749866086,0.984936890374528,0.999999999999164,"EMP1","OE",FALSE,"Activated",3.6316572390412e-13
"RCSD1",9.34149866328625e-09,0.654032357313574,0.000355543266458845,0.984956095907819,0.999999999999164,"EMP1","OE",FALSE,"Activated",3.6316572390412e-13
"LMO7",9.26714545961112e-09,0.651179529076261,0.000349905932514887,0.985075823108367,0.999999999999164,"EMP1","OE",FALSE,"Activated",3.6316572390412e-13
"EGFL6",9.22038904203019e-09,0.649375431321784,0.00034638401182208,0.985151112773371,0.999999999999164,"EMP1","OE",FALSE,"Activated",3.6316572390412e-13
"CAPS",9.21171003059923e-09,0.649039684104436,0.000345732226760516,0.985165088192754,0.999999999999164,"EMP1","OE",FALSE,"Activated",3.6316572390412e-13
"SHC4",9.19208007046438e-09,0.64827929304885,0.000344260300562613,0.985196697446092,0.999999999999164,"EMP1","OE",FALSE,"Activated",3.6316572390412e-13
"GPC3",9.17961412022154e-09,0.647795681973007,0.000343327188201051,0.985216770824413,0.999999999999164,"EMP1","OE",FALSE,"Activated",3.6316572390412e-13
"TRIB1",9.14846989545403e-09,0.64658497729853,0.000341001486887922,0.985266921057936,0.999999999999164,"EMP1","OE",FALSE,"Activated",3.6316572390412e-13
"CD14",9.10207609726551e-09,0.644774855063778,0.000337551677206558,0.98534162714521,0.999999999999164,"EMP1","OE",FALSE,"Activated",3.6316572390412e-13
"SLC16A3",9.0782195259029e-09,0.64384095801847,0.000335784547960741,0.985380042482935,0.999999999999164,"EMP1","OE",FALSE,"Activated",3.6316572390412e-13
"PDK4",8.98368101153883e-09,0.640119198931294,0.000328827394778713,0.985532274621975,0.999999999999164,"EMP1","OE",FALSE,"Activated",3.6316572390412e-13
"FOXS1",8.9767534241132e-09,0.639845150718852,0.000328320452866462,0.985543429900054,0.999999999999164,"EMP1","OE",FALSE,"Activated",3.6316572390412e-13
"SERPINI1",8.97194473668388e-09,0.639654816810395,0.000327968796205102,0.985551173181184,0.999999999999164,"EMP1","OE",FALSE,"Activated",3.6316572390412e-13
"LGI4",8.95985038019463e-09,0.639175718003351,0.00032708517550812,0.985570648356618,0.999999999999164,"EMP1","OE",FALSE,"Activated",3.6316572390412e-13
"PDE3A",8.91807354740432e-09,0.637516495621061,0.00032404210550549,0.985637920389452,0.999999999999164,"EMP1","OE",FALSE,"Activated",3.6316572390412e-13
"SCRG1",8.88362142923553e-09,0.636143136243829,0.000321543275975622,0.985693397721755,0.999999999999164,"EMP1","OE",FALSE,"Activated",3.6316572390412e-13
"KRT7",8.87535621949763e-09,0.635812978871069,0.00032094523466385,0.985706706980123,0.999999999999164,"EMP1","OE",FALSE,"Activated",3.6316572390412e-13
"ZNF385B",8.85688691518639e-09,0.635074255803095,0.000319610872986515,0.98573644764848,0.999999999999164,"EMP1","OE",FALSE,"Activated",3.6316572390412e-13
"VWC2",8.85445380516074e-09,0.63497683892043,0.000319435294002297,0.985740365627438,0.999999999999164,"EMP1","OE",FALSE,"Activated",3.6316572390412e-13
"ZNF385D",8.73915163883148e-09,0.630333703038738,0.000311170126464282,0.985926034344442,0.999999999999164,"EMP1","OE",FALSE,"Activated",3.6316572390412e-13
"FGF2",8.73869415429441e-09,0.630315175562374,0.000311137548520549,0.985926771023947,0.999999999999164,"EMP1","OE",FALSE,"Activated",3.6316572390412e-13
"CD36",8.73853606638491e-09,0.630308773031402,0.000311126291314648,0.9859270255902,0.999999999999164,"EMP1","OE",FALSE,"Activated",3.6316572390412e-13
"FZD10",8.73786168975532e-09,0.630281459781893,0.000311078272240956,0.985928111527351,0.999999999999164,"EMP1","OE",FALSE,"Activated",3.6316572390412e-13
"TUBB2B",8.72657523026358e-09,0.629824071645537,0.000310275168477353,0.985946285923875,0.999999999999164,"EMP1","OE",FALSE,"Activated",3.6316572390412e-13
"HSPA1B",8.71855021054806e-09,0.629498544380244,0.00030970476843283,0.985959208483036,0.999999999999164,"EMP1","OE",FALSE,"Activated",3.6316572390412e-13
"MMP11",8.64553147112351e-09,0.626524684203678,0.000304538874352175,0.986076789544317,0.999999999999164,"EMP1","OE",FALSE,"Activated",3.6316572390412e-13
"HSPB8",8.57776908718144e-09,0.623745472082716,0.000299783722362363,0.986185906640029,0.999999999999164,"EMP1","OE",FALSE,"Activated",3.6316572390412e-13
"AJAP1",8.56873094726773e-09,0.62337335200998,0.000299152308822076,0.986200460686791,0.999999999999164,"EMP1","OE",FALSE,"Activated",3.6316572390412e-13
"PRKAR2B",8.52561002624219e-09,0.621593298241037,0.000296149001762789,0.986269898035367,0.999999999999164,"EMP1","OE",FALSE,"Activated",3.6316572390412e-13
"SYNPO2",8.50934255240622e-09,0.620919752300271,0.000295019933000819,0.986296093473468,0.999999999999164,"EMP1","OE",FALSE,"Activated",3.6316572390412e-13
"MARCKSL1",8.48630101285468e-09,0.619963828166913,0.000293424390216654,0.986333197183628,0.999999999999164,"EMP1","OE",FALSE,"Activated",3.6316572390412e-13
"RPL39L",8.429314023595e-09,0.617589966470551,0.000289496830003067,0.986424963258944,0.999999999999164,"EMP1","OE",FALSE,"Activated",3.6316572390412e-13
"G0S2",8.41434513859927e-09,0.616964126161504,0.000288469558495761,0.986449067664982,0.999999999999164,"EMP1","OE",FALSE,"Activated",3.6316572390412e-13
"CYP26B1",8.36283248735854e-09,0.614803053995053,0.000284948346673672,0.986532018617906,0.999999999999164,"EMP1","OE",FALSE,"Activated",3.6316572390412e-13
"FMNL1",8.36164010266011e-09,0.614752895051971,0.000284867095775338,0.986533938719737,0.999999999999164,"EMP1","OE",FALSE,"Activated",3.6316572390412e-13
"SPARCL1",8.35685166956199e-09,0.614551402362825,0.000284540921380045,0.986541649553421,0.999999999999164,"EMP1","OE",FALSE,"Activated",3.6316572390412e-13
"VWF",8.35167472505679e-09,0.614333449510725,0.000284188492893656,0.98654998601005,0.999999999999164,"EMP1","OE",FALSE,"Activated",3.6316572390412e-13
"APOBEC3H",8.35167467590408e-09,0.614333447440809,0.000284188489548546,0.986549986089201,0.999999999999164,"EMP1","OE",FALSE,"Activated",3.6316572390412e-13
"SRGN",8.34603431235479e-09,0.614095851752733,0.000283804761688967,0.986559068793237,0.999999999999164,"EMP1","OE",FALSE,"Activated",3.6316572390412e-13
"MEST",8.34597235148386e-09,0.614093240933489,0.000283800547777479,0.98655916856913,0.999999999999164,"EMP1","OE",FALSE,"Activated",3.6316572390412e-13
"HIST1H2AH",8.333775353154e-09,0.613578975523843,0.000282971648449178,0.986578809459086,0.999999999999164,"EMP1","OE",FALSE,"Activated",3.6316572390412e-13
"PDE5A",8.30979710113147e-09,0.61256607983817,0.000281345637680256,0.986617421786946,0.999999999999164,"EMP1","OE",FALSE,"Activated",3.6316572390412e-13
"LAMP5",8.29805584604534e-09,0.612069183598437,0.000280551149646715,0.986636328814227,0.999999999999164,"EMP1","OE",FALSE,"Activated",3.6316572390412e-13
"TNNT3",8.22166991841282e-09,0.608821614229464,0.000275409818978668,0.986759333804155,0.999999999999164,"EMP1","OE",FALSE,"Activated",3.6316572390412e-13
"RCAN1",8.14084297299684e-09,0.605356793539988,0.000270021348421408,0.986889490550162,0.999999999999164,"EMP1","OE",FALSE,"Activated",3.6316572390412e-13
"PLTP",8.11110477879404e-09,0.604074538040374,0.000268052195895898,0.986937378462811,0.999999999999164,"EMP1","OE",FALSE,"Activated",3.6316572390412e-13
"CPM",8.09060416806024e-09,0.603188228497065,0.000266698918052141,0.986970390967359,0.999999999999164,"EMP1","OE",FALSE,"Activated",3.6316572390412e-13
"SEMA5B",8.05893009860317e-09,0.601815040279356,0.000264614795691772,0.987021396338581,0.999999999999164,"EMP1","OE",FALSE,"Activated",3.6316572390412e-13
"SMOX",8.02981740176068e-09,0.600548788397949,0.000262706419367757,0.987068277128364,0.999999999999164,"EMP1","OE",FALSE,"Activated",3.6316572390412e-13
"PRUNE2",7.99338767670013e-09,0.598958698324072,0.00026032813034769,0.987126940745898,0.999999999999164,"EMP1","OE",FALSE,"Activated",3.6316572390412e-13
"ALG9",7.80189257914689e-09,0.590496123579522,0.000248004338844859,0.987435310808222,0.999999999999164,"EMP1","OE",FALSE,"Activated",3.6316572390412e-13
"C1QTNF3",7.79666140564051e-09,0.590262445468695,0.000247671876233906,0.987443734743898,0.999999999999164,"EMP1","OE",FALSE,"Activated",3.6316572390412e-13
"TNFAIP3",7.72972225495409e-09,0.587260263137516,0.00024343730095948,0.987551529246151,0.999999999999164,"EMP1","OE",FALSE,"Activated",3.6316572390412e-13
"MRVI1",7.66051018574667e-09,0.584132487246191,0.000239097334646204,0.987662984149109,0.999999999999164,"EMP1","OE",FALSE,"Activated",3.6316572390412e-13
"HIST1H1C",7.63881701538757e-09,0.583147133564134,0.000237745091758974,0.987697917559742,0.999999999999164,"EMP1","OE",FALSE,"Activated",3.6316572390412e-13
"PTP4A3",7.6247695898668e-09,0.582507779919102,0.000236871491650197,0.987720538723405,0.999999999999164,"EMP1","OE",FALSE,"Activated",3.6316572390412e-13
"HMCN2",7.60708030309173e-09,0.581701225150579,0.000235773693941658,0.987749024544374,0.999999999999164,"EMP1","OE",FALSE,"Activated",3.6316572390412e-13
"SMC4",7.57247182684526e-09,0.580118542566928,0.000233633265158341,0.987804756110564,0.999999999999164,"EMP1","OE",FALSE,"Activated",3.6316572390412e-13
"COL6A5",7.40580410631614e-09,0.572408212943921,0.000223462054040496,0.988073149370811,0.999999999999164,"EMP1","OE",FALSE,"Activated",3.6316572390412e-13
"CSRNP3",7.37331698505292e-09,0.57088791380311,0.00022150582733639,0.988125465144501,0.999999999999164,"EMP1","OE",FALSE,"Activated",3.6316572390412e-13
"SRPX",7.35236370439815e-09,0.569904298152743,0.000220248678333593,0.988159207376085,0.999999999999164,"EMP1","OE",FALSE,"Activated",3.6316572390412e-13
"CCR1",7.31706741146392e-09,0.56824189850173,0.000218139070578389,0.988216047004811,0.999999999999164,"EMP1","OE",FALSE,"Activated",3.6316572390412e-13
"SLPI",7.28773650237362e-09,0.566855192740671,0.000216393728334591,0.988263280282042,0.999999999999164,"EMP1","OE",FALSE,"Activated",3.6316572390412e-13
"IKZF2",7.28674915137351e-09,0.566808429163708,0.00021633509775957,0.988264870271783,0.999999999999164,"EMP1","OE",FALSE,"Activated",3.6316572390412e-13
"DKK2",7.23172484849909e-09,0.564193658331767,0.00021308021862522,0.988353479236171,0.999999999999164,"EMP1","OE",FALSE,"Activated",3.6316572390412e-13
"LST1",7.20752684131666e-09,0.5630383301401,0.000211656632868961,0.988392446796881,0.999999999999164,"EMP1","OE",FALSE,"Activated",3.6316572390412e-13
"OSR1",7.19356573860927e-09,0.562370238919935,0.000210837461979648,0.988414929244224,0.999999999999164,"EMP1","OE",FALSE,"Activated",3.6316572390412e-13
"AKR1C3",7.18570539248653e-09,0.561993599966709,0.000210376953227032,0.988427587261147,0.999999999999164,"EMP1","OE",FALSE,"Activated",3.6316572390412e-13
"VEGFD",7.15487277478634e-09,0.560512777397128,0.000208575444355255,0.988477239020924,0.999999999999164,"EMP1","OE",FALSE,"Activated",3.6316572390412e-13
"SCN7A",7.11720302967338e-09,0.55869609989671,0.000206384964964542,0.988537901110024,0.999999999999164,"EMP1","OE",FALSE,"Activated",3.6316572390412e-13
"PENK",7.11720302194241e-09,0.558696099523023,0.000206384964516176,0.988537901122473,0.999999999999164,"EMP1","OE",FALSE,"Activated",3.6316572390412e-13
"ESM1",7.11720300934837e-09,0.558696098914273,0.000206384963785771,0.988537901142754,0.999999999999164,"EMP1","OE",FALSE,"Activated",3.6316572390412e-13
"KCNK17",7.10837586320551e-09,0.558269198933414,0.000205873341314845,0.988552116091268,0.999999999999164,"EMP1","OE",FALSE,"Activated",3.6316572390412e-13
"AL022476.1",7.0998582819664e-09,0.557856836825525,0.000205380263189641,0.988565832529993,0.999999999999164,"EMP1","OE",FALSE,"Activated",3.6316572390412e-13
"ACTN2",7.08973623384834e-09,0.557366242809869,0.000204795072067653,0.988582132754941,0.999999999999164,"EMP1","OE",FALSE,"Activated",3.6316572390412e-13
"SELL",7.08895172739263e-09,0.557328194258869,0.000204749751857748,0.988583396099431,0.999999999999164,"EMP1","OE",FALSE,"Activated",3.6316572390412e-13
"AL355881.1",7.08392295664485e-09,0.557084212730365,0.000204459363546826,0.988591494274152,0.999999999999164,"EMP1","OE",FALSE,"Activated",3.6316572390412e-13
"ICAM1",7.07985981749284e-09,0.556886971822286,0.000204224886519456,0.98859803742689,0.999999999999164,"EMP1","OE",FALSE,"Activated",3.6316572390412e-13
"CADPS",7.04673816189784e-09,0.555275465824186,0.000202318508732136,0.988651375538006,0.999999999999164,"EMP1","OE",FALSE,"Activated",3.6316572390412e-13
"KLHL23",7.01176409014601e-09,0.553566730449646,0.000200315215159814,0.988707696779055,0.999999999999164,"EMP1","OE",FALSE,"Activated",3.6316572390412e-13
"KNL1",6.99793098658725e-09,0.552888855838648,0.000199525614218888,0.988729973227425,0.999999999999164,"EMP1","OE",FALSE,"Activated",3.6316572390412e-13
"RDH5",6.98201370451866e-09,0.552107418090857,0.000198618976648938,0.988755605990244,0.999999999999164,"EMP1","OE",FALSE,"Activated",3.6316572390412e-13
"ACKR3",6.97456142247927e-09,0.551741030408881,0.000198195209304742,0.988767606948742,0.999999999999164,"EMP1","OE",FALSE,"Activated",3.6316572390412e-13
"DDIT4L",6.97217827222504e-09,0.551623792828611,0.000198059789099979,0.98877144471161,0.999999999999164,"EMP1","OE",FALSE,"Activated",3.6316572390412e-13
"CORIN",6.96059984342142e-09,0.551053707301701,0.000197402514731679,0.988790090314362,0.999999999999164,"EMP1","OE",FALSE,"Activated",3.6316572390412e-13
"IL11",6.89477822568715e-09,0.547797240792901,0.000193686766507943,0.988896087863864,0.999999999999164,"EMP1","OE",FALSE,"Activated",3.6316572390412e-13
"PRKAA2",6.83894378704188e-09,0.545013809162902,0.000190562487917882,0.988986002454174,0.999999999999164,"EMP1","OE",FALSE,"Activated",3.6316572390412e-13
"CCK",6.79152119135388e-09,0.542634296425236,0.000187928854411705,0.989062370901728,0.999999999999164,"EMP1","OE",FALSE,"Activated",3.6316572390412e-13
"ADM",6.78608505474512e-09,0.542360614544524,0.000187628127068251,0.989071125159307,0.999999999999164,"EMP1","OE",FALSE,"Activated",3.6316572390412e-13
"PTX3",6.75215885850566e-09,0.540648320820597,0.000185756769188249,0.989125759331208,0.999999999999164,"EMP1","OE",FALSE,"Activated",3.6316572390412e-13
"APOLD1",6.7479403941611e-09,0.540434892099591,0.000185524735688661,0.989132552678321,0.999999999999164,"EMP1","OE",FALSE,"Activated",3.6316572390412e-13
"IL24",6.74158474377947e-09,0.540113117481201,0.000185175421676563,0.989142787716932,0.999999999999164,"EMP1","OE",FALSE,"Activated",3.6316572390412e-13
"HILPDA",6.71322828588446e-09,0.538674290164542,0.000183620927877955,0.989188452528902,0.999999999999164,"EMP1","OE",FALSE,"Activated",3.6316572390412e-13
"CITED2",6.6765150667513e-09,0.536803633463692,0.000181618051864916,0.98924757499568,0.999999999999164,"EMP1","OE",FALSE,"Activated",3.6316572390412e-13
"ARHGAP15",6.65253985740217e-09,0.535577228495269,0.000180316021502801,0.989286184377327,0.999999999999164,"EMP1","OE",FALSE,"Activated",3.6316572390412e-13
"AC007952.4",6.64257781735483e-09,0.535066519279102,0.000179776386869,0.989302227131224,0.999999999999164,"EMP1","OE",FALSE,"Activated",3.6316572390412e-13
"AC129507.1",6.62201558588799e-09,0.534010294827112,0.000178665106783006,0.989335340324264,0.999999999999164,"EMP1","OE",FALSE,"Activated",3.6316572390412e-13
"AC002451.1",6.62201556086937e-09,0.534010293540257,0.000178665105432978,0.989335340364554,0.999999999999164,"EMP1","OE",FALSE,"Activated",3.6316572390412e-13
"RGCC",6.59291552239592e-09,0.532510664547834,0.000177098290103922,0.989382202780159,0.999999999999164,"EMP1","OE",FALSE,"Activated",3.6316572390412e-13
"LURAP1L",6.58595792541192e-09,0.532151269820703,0.000176724698676214,0.989393407231309,0.999999999999164,"EMP1","OE",FALSE,"Activated",3.6316572390412e-13
"IGHA2",6.54183442008465e-09,0.529864421680578,0.000174364649504719,0.989464463373156,0.999999999999164,"EMP1","OE",FALSE,"Activated",3.6316572390412e-13
"WDFY4",6.52991407498558e-09,0.529244329457932,0.000173729783813541,0.989483659816403,0.999999999999164,"EMP1","OE",FALSE,"Activated",3.6316572390412e-13
"UBD",6.52618714492213e-09,0.529050255648432,0.000173531528837001,0.989489661640659,0.999999999999164,"EMP1","OE",FALSE,"Activated",3.6316572390412e-13
"DNAJA4",6.52223119088664e-09,0.528844151255258,0.00017332121470557,0.9894960322843,0.999999999999164,"EMP1","OE",FALSE,"Activated",3.6316572390412e-13
"PDZRN4",6.50312189459893e-09,0.527847041025487,0.000172307084904439,0.989526805784968,0.999999999999164,"EMP1","OE",FALSE,"Activated",3.6316572390412e-13
"P2RY14",6.47420427509563e-09,0.526333326372038,0.000170778086242594,0.98957337458246,0.999999999999164,"EMP1","OE",FALSE,"Activated",3.6316572390412e-13
"CCL3L1",6.41559575172644e-09,0.523247459918922,0.000167700102615283,0.989667757579708,0.999999999999164,"EMP1","OE",FALSE,"Activated",3.6316572390412e-13
"FBXO5",6.41451599319459e-09,0.523190380718388,0.000167643658791236,0.989669496421098,0.999999999999164,"EMP1","OE",FALSE,"Activated",3.6316572390412e-13
"RACGAP1",6.36602934418546e-09,0.520618659343282,0.000165118836000896,0.989747579292572,0.999999999999164,"EMP1","OE",FALSE,"Activated",3.6316572390412e-13
"TMEM59L",6.34276678443226e-09,0.51937882063309,0.000163914295906089,0.989785041340226,0.999999999999164,"EMP1","OE",FALSE,"Activated",3.6316572390412e-13
"GADD45G",6.34043111036148e-09,0.519254118400571,0.000163793597828116,0.989788802713147,0.999999999999164,"EMP1","OE",FALSE,"Activated",3.6316572390412e-13
"RGS7BP",6.32826112147253e-09,0.518603718292329,0.000163165421866142,0.989808401284623,0.999999999999164,"EMP1","OE",FALSE,"Activated",3.6316572390412e-13
"CYTIP",6.2914992514717e-09,0.51663248780179,0.000161275220600953,0.989867602701921,0.999999999999164,"EMP1","OE",FALSE,"Activated",3.6316572390412e-13
"SHCBP1",6.21756570802462e-09,0.512637806704489,0.000157507092008804,0.98998666565371,0.999999999999164,"EMP1","OE",FALSE,"Activated",3.6316572390412e-13
"LINC01197",6.18226096042916e-09,0.510715805651778,0.000155723448443455,0.990043520676385,0.999999999999164,"EMP1","OE",FALSE,"Activated",3.6316572390412e-13
"SPOCD1",6.17880355997826e-09,0.510527075551319,0.000155549321930213,0.990049088501976,0.999999999999164,"EMP1","OE",FALSE,"Activated",3.6316572390412e-13
"FADS3",6.17004996735678e-09,0.510048833447984,0.000155108896571401,0.990063185360352,0.999999999999164,"EMP1","OE",FALSE,"Activated",3.6316572390412e-13
"DIRC3",6.15589006956061e-09,0.509273984838366,0.000154397782102181,0.990085988584119,0.999999999999164,"EMP1","OE",FALSE,"Activated",3.6316572390412e-13
"MIR155HG",6.14097891765645e-09,0.508456364295368,0.000153650705583034,0.990110001642854,0.999999999999164,"EMP1","OE",FALSE,"Activated",3.6316572390412e-13
"ICAM4",6.03344775042863e-09,0.502508931726833,0.000148316838069569,0.990283171105983,0.999999999999164,"EMP1","OE",FALSE,"Activated",3.6316572390412e-13
"NRGN",6.03121977812972e-09,0.502384741981561,0.000148207320325003,0.990286759063785,0.999999999999164,"EMP1","OE",FALSE,"Activated",3.6316572390412e-13
"KCNJ8",6.02811019629989e-09,0.502211344184586,0.000148054533989486,0.990291766778254,0.999999999999164,"EMP1","OE",FALSE,"Activated",3.6316572390412e-13
"AL024507.2",6.02784962188777e-09,0.502196810425291,0.000148041734492438,0.990292186410982,0.999999999999164,"EMP1","OE",FALSE,"Activated",3.6316572390412e-13
"CDK1",6.0120707317117e-09,0.501315718626415,0.000147267701605146,0.990317596964487,0.999999999999164,"EMP1","OE",FALSE,"Activated",3.6316572390412e-13
"CCL13",5.9991954054955e-09,0.5005952837047,0.000146637606106123,0.990338331583772,0.999999999999164,"EMP1","OE",FALSE,"Activated",3.6316572390412e-13
"LPL",5.95746425470526e-09,0.498251034835626,0.000144604642637475,0.990405536102398,0.999999999999164,"EMP1","OE",FALSE,"Activated",3.6316572390412e-13
"SORT1",5.93151323364861e-09,0.496786088402203,0.000143347575998573,0.990447328079824,0.999999999999164,"EMP1","OE",FALSE,"Activated",3.6316572390412e-13
"HIST1H1B",5.90046220127513e-09,0.495025967491671,0.000141850676477549,0.990497333238956,0.999999999999164,"EMP1","OE",FALSE,"Activated",3.6316572390412e-13
"IL7R",5.8919466251562e-09,0.494541869219466,0.000141441532739569,0.990511046887397,0.999999999999164,"EMP1","OE",FALSE,"Activated",3.6316572390412e-13
"EBI3",5.8873053110116e-09,0.49427776322173,0.000141218782581402,0.990518521350622,0.999999999999164,"EMP1","OE",FALSE,"Activated",3.6316572390412e-13
"LCP2",5.87912209933434e-09,0.493811674212613,0.000140826474051251,0.990531699757048,0.999999999999164,"EMP1","OE",FALSE,"Activated",3.6316572390412e-13
"GPR65",5.83433573217157e-09,0.491250840525672,0.000138689051925773,0.990603824656873,0.999999999999164,"EMP1","OE",FALSE,"Activated",3.6316572390412e-13
"C15orf48",5.75902746412988e-09,0.486906350385593,0.000135131826011994,0.990725102835305,0.999999999999164,"EMP1","OE",FALSE,"Activated",3.6316572390412e-13
"TSPAN15",5.73659990341388e-09,0.485603055770181,0.000134081379206232,0.990761220739878,0.999999999999164,"EMP1","OE",FALSE,"Activated",3.6316572390412e-13
"KLHL41",5.72817391231295e-09,0.485112275460645,0.000133687787595242,0.990774790171534,0.999999999999164,"EMP1","OE",FALSE,"Activated",3.6316572390412e-13
"EPB41L1",5.71900357875301e-09,0.484577432597806,0.000133260084005152,0.990789558314363,0.999999999999164,"EMP1","OE",FALSE,"Activated",3.6316572390412e-13
"STRA6",5.68600173871074e-09,0.48264652440869,0.000131726551474192,0.990842705358938,0.999999999999164,"EMP1","OE",FALSE,"Activated",3.6316572390412e-13
"CRIP1",5.63123642014064e-09,0.47942083600119,0.000129201295427934,0.990930900980116,0.999999999999164,"EMP1","OE",FALSE,"Activated",3.6316572390412e-13
"PBK",5.6195281859303e-09,0.478727712531763,0.000128664593956733,0.990949756266737,0.999999999999164,"EMP1","OE",FALSE,"Activated",3.6316572390412e-13
"EFHD1",5.61866729444092e-09,0.478676698941621,0.000128625175071104,0.99095114267205,0.999999999999164,"EMP1","OE",FALSE,"Activated",3.6316572390412e-13
"ZC3HAV1",5.60299501803556e-09,0.477746831920178,0.000127908621566944,0.990976381777858,0.999999999999164,"EMP1","OE",FALSE,"Activated",3.6316572390412e-13
"CCR7",5.59521354700876e-09,0.477284308825876,0.000127553587847117,0.990988913296451,0.999999999999164,"EMP1","OE",FALSE,"Activated",3.6316572390412e-13
"MYOCD",5.58928654546625e-09,0.476931641501455,0.000127283496317897,0.990998458322242,0.999999999999164,"EMP1","OE",FALSE,"Activated",3.6316572390412e-13
"ITIH4",5.58494439331908e-09,0.476673070968171,0.000127085807535882,0.991005451058583,0.999999999999164,"EMP1","OE",FALSE,"Activated",3.6316572390412e-13
"PLAU",5.58139082899771e-09,0.476461331048187,0.000126924135767587,0.991011173829173,0.999999999999164,"EMP1","OE",FALSE,"Activated",3.6316572390412e-13
"CXCL9",5.56500394751666e-09,0.475483409246685,0.00012617993505878,0.991037563779138,0.999999999999164,"EMP1","OE",FALSE,"Activated",3.6316572390412e-13
"C5AR1",5.56221126730375e-09,0.475316502691249,0.000126053325340646,0.991042061200274,0.999999999999164,"EMP1","OE",FALSE,"Activated",3.6316572390412e-13
"AKAP6",5.53772993348332e-09,0.473850258175283,0.000124946153325187,0.991081486731931,0.999999999999164,"EMP1","OE",FALSE,"Activated",3.6316572390412e-13
"LINC02054",5.52933459661593e-09,0.473346155229438,0.000124567597515699,0.991095006858928,0.999999999999164,"EMP1","OE",FALSE,"Activated",3.6316572390412e-13
"TAGAP",5.50764375366058e-09,0.472040655285322,0.000123592190293871,0.991129938518655,0.999999999999164,"EMP1","OE",FALSE,"Activated",3.6316572390412e-13
"MT1M",5.48920723832319e-09,0.470927534017007,0.000122766139932599,0.991159629313598,0.999999999999164,"EMP1","OE",FALSE,"Activated",3.6316572390412e-13
"LDLRAD4",5.4891443778681e-09,0.470923733251876,0.000122763328200084,0.991159730546246,0.999999999999164,"EMP1","OE",FALSE,"Activated",3.6316572390412e-13
"BIN1",5.47407780917411e-09,0.470011671435356,0.000122090333075618,0.991183994272968,0.999999999999164,"EMP1","OE",FALSE,"Activated",3.6316572390412e-13
"PSRC1",5.41927811944777e-09,0.466675996541622,0.000119658133885204,0.991272245669581,0.999999999999164,"EMP1","OE",FALSE,"Activated",3.6316572390412e-13
"CIT",5.41684574727839e-09,0.466527264541322,0.000119550744011279,0.991276162851926,0.999999999999164,"EMP1","OE",FALSE,"Activated",3.6316572390412e-13
"DMD",5.40546761231654e-09,0.465830761617458,0.000119049036582484,0.991294486625212,0.999999999999164,"EMP1","OE",FALSE,"Activated",3.6316572390412e-13
"NUSAP1",5.35927897380734e-09,0.462990323320199,0.000117023228416462,0.991368870579931,0.999999999999164,"EMP1","OE",FALSE,"Activated",3.6316572390412e-13
"GJA1",5.33541494238667e-09,0.461514493715535,0.000115983376449258,0.991407302160714,0.999999999999164,"EMP1","OE",FALSE,"Activated",3.6316572390412e-13
"GIMAP4",5.33104745441443e-09,0.461243778328359,0.000115793569779057,0.991414335738379,0.999999999999164,"EMP1","OE",FALSE,"Activated",3.6316572390412e-13
"STX11",5.32224333713653e-09,0.460697480342637,0.000115411424105763,0.991428514243711,0.999999999999164,"EMP1","OE",FALSE,"Activated",3.6316572390412e-13
"KRT81",5.31242387485311e-09,0.460087260373502,0.000114985952133344,0.991444327904757,0.999999999999164,"EMP1","OE",FALSE,"Activated",3.6316572390412e-13
"GIMAP7",5.29489415331944e-09,0.458995473730112,0.000114228352155421,0.991472558488937,0.999999999999164,"EMP1","OE",FALSE,"Activated",3.6316572390412e-13
"XCL2",5.26606745717343e-09,0.457193296292636,0.000112987963800325,0.991518982208631,0.999999999999164,"EMP1","OE",FALSE,"Activated",3.6316572390412e-13
"KIT",5.25362023056249e-09,0.45641249545842,0.000112454463351815,0.991539027752954,0.999999999999164,"EMP1","OE",FALSE,"Activated",3.6316572390412e-13
"HJURP",5.24825257910911e-09,0.456075296474444,0.000112224790106257,0.991547672049311,0.999999999999164,"EMP1","OE",FALSE,"Activated",3.6316572390412e-13
"HIST1H1E",5.20778172286616e-09,0.453523280556578,0.000110500665149735,0.991612848085662,0.999999999999164,"EMP1","OE",FALSE,"Activated",3.6316572390412e-13
"CREM",5.14922981041808e-09,0.449800686144429,0.000108029880521784,0.991707142744409,0.999999999999164,"EMP1","OE",FALSE,"Activated",3.6316572390412e-13
"ZC3H12A",5.14172737102769e-09,0.449321064993153,0.000107715310296864,0.991719225021901,0.999999999999164,"EMP1","OE",FALSE,"Activated",3.6316572390412e-13
"SGK1",5.13939618157759e-09,0.449171912271058,0.000107617659117363,0.991722979278251,0.999999999999164,"EMP1","OE",FALSE,"Activated",3.6316572390412e-13
"TMOD1",5.12504218894885e-09,0.448252237017306,0.000107017360619756,0.991746095622306,0.999999999999164,"EMP1","OE",FALSE,"Activated",3.6316572390412e-13
"ITGA7",5.12476299360773e-09,0.448234326682069,0.00010700570103392,0.991746545251669,0.999999999999164,"EMP1","OE",FALSE,"Activated",3.6316572390412e-13
"DUSP5",5.11053859282784e-09,0.447320718944714,0.000106412510830291,0.991769452901891,0.999999999999164,"EMP1","OE",FALSE,"Activated",3.6316572390412e-13
"MEGF10",5.10837420632584e-09,0.447181512225042,0.00010632239546321,0.991772938533249,0.999999999999164,"EMP1","OE",FALSE,"Activated",3.6316572390412e-13
"FZD4",5.10577297434835e-09,0.447014141665959,0.000106214142313375,0.991777127681624,0.999999999999164,"EMP1","OE",FALSE,"Activated",3.6316572390412e-13
"KLF2",5.10550782909859e-09,0.446997077350134,0.000106203111096674,0.991777554684227,0.999999999999164,"EMP1","OE",FALSE,"Activated",3.6316572390412e-13
"OSR2",5.10004978726441e-09,0.44664563688172,0.000105976159655429,0.991786344576602,0.999999999999164,"EMP1","OE",FALSE,"Activated",3.6316572390412e-13
"APOC1",5.09564213750837e-09,0.446361593950129,0.000105793061854912,0.991793442867918,0.999999999999164,"EMP1","OE",FALSE,"Activated",3.6316572390412e-13
"SPOCK2",5.04415575200238e-09,0.443027867963612,0.000103665995447873,0.991876359069241,0.999999999999164,"EMP1","OE",FALSE,"Activated",3.6316572390412e-13
"BIRC3",5.03529674498195e-09,0.44245129550951,0.000103302179833488,0.991890626057673,0.999999999999164,"EMP1","OE",FALSE,"Activated",3.6316572390412e-13
"AC016831.1",4.97104856562433e-09,0.438243456582653,0.000100682817021947,0.991994094619603,0.999999999999164,"EMP1","OE",FALSE,"Activated",3.6316572390412e-13
"CYFIP2",4.95591648788064e-09,0.437245587651285,0.000100070784636913,0.992018464113051,0.999999999999164,"EMP1","OE",FALSE,"Activated",3.6316572390412e-13
"AOC3",4.95558441772945e-09,0.437223660205473,0.000100057374642066,0.992018998896362,0.999999999999164,"EMP1","OE",FALSE,"Activated",3.6316572390412e-13
"SYNM",4.95000553624301e-09,0.436855082833552,9.98322169294608e-05,0.992027983422314,0.999999999999164,"EMP1","OE",FALSE,"Activated",3.6316572390412e-13
"TTK",4.93667742845231e-09,0.43597308945682,9.92953354156031e-05,0.992049447716446,0.999999999999164,"EMP1","OE",FALSE,"Activated",3.6316572390412e-13
"C3orf80",4.91531094620878e-09,0.434554861610854,9.84376732288251e-05,0.992083857448612,0.999999999999164,"EMP1","OE",FALSE,"Activated",3.6316572390412e-13
"MS4A7",4.90123232609183e-09,0.433617468317307,9.78745829601236e-05,0.992106530423696,0.999999999999164,"EMP1","OE",FALSE,"Activated",3.6316572390412e-13
"PPP1R12B",4.88444692186615e-09,0.432496812245039,9.72053425958324e-05,0.992133562559365,0.999999999999164,"EMP1","OE",FALSE,"Activated",3.6316572390412e-13
"TPPP3",4.86369994096844e-09,0.431107070803482,9.63813253204973e-05,0.99216697464788,0.999999999999164,"EMP1","OE",FALSE,"Activated",3.6316572390412e-13
"ATF3",4.84016036411099e-09,0.429524065878847,9.54506407075694e-05,0.992204884104416,0.999999999999164,"EMP1","OE",FALSE,"Activated",3.6316572390412e-13
"FJX1",4.83501148738636e-09,0.429176926660675,9.52476713263016e-05,0.992213176147,0.999999999999164,"EMP1","OE",FALSE,"Activated",3.6316572390412e-13
"EMX2",4.78302296742083e-09,0.425653874931648,9.32103800360995e-05,0.992296901449872,0.999999999999164,"EMP1","OE",FALSE,"Activated",3.6316572390412e-13
"CTSC",4.77929126008214e-09,0.425399724695301,9.30649915770166e-05,0.992302911209287,0.999999999999164,"EMP1","OE",FALSE,"Activated",3.6316572390412e-13
"HSPB7",4.76416647595879e-09,0.424367887363361,9.24768873711732e-05,0.992327269049337,0.999999999999164,"EMP1","OE",FALSE,"Activated",3.6316572390412e-13
"MMP1",4.74732468996928e-09,0.423215585863738,9.18242136913546e-05,0.99235439205838,0.999999999999164,"EMP1","OE",FALSE,"Activated",3.6316572390412e-13
"CCL19",4.72542221176819e-09,0.421711753948989,9.09788793028755e-05,0.99238966511892,0.999999999999164,"EMP1","OE",FALSE,"Activated",3.6316572390412e-13
"CXCL1",4.72123786892598e-09,0.421423772237611,9.08178277578471e-05,0.992396403836528,0.999999999999164,"EMP1","OE",FALSE,"Activated",3.6316572390412e-13
"SLC38A11",4.68522449138486e-09,0.418936064711353,8.94376039258152e-05,0.992454401970074,0.999999999999164,"EMP1","OE",FALSE,"Activated",3.6316572390412e-13
"SCNN1D",4.6839816725866e-09,0.418849920317189,8.93901611648586e-05,0.992456403481769,0.999999999999164,"EMP1","OE",FALSE,"Activated",3.6316572390412e-13
"FGFBP2",4.67007468660635e-09,0.41788462942856,8.88601410581883e-05,0.992478800149041,0.999999999999164,"EMP1","OE",FALSE,"Activated",3.6316572390412e-13
"MMP7",4.66270358535135e-09,0.41737199261129,8.85798542415411e-05,0.992490671027167,0.999999999999164,"EMP1","OE",FALSE,"Activated",3.6316572390412e-13
"CD1A",4.6627035785406e-09,0.417371992137302,8.85798539827665e-05,0.992490671038136,0.999999999999164,"EMP1","OE",FALSE,"Activated",3.6316572390412e-13
"SMPX",4.66270356262162e-09,0.417371991029433,8.85798533779236e-05,0.992490671063773,0.999999999999164,"EMP1","OE",FALSE,"Activated",3.6316572390412e-13
"PILRA",4.66136425249342e-09,0.417278771264,8.85289735161589e-05,0.992492827971957,0.999999999999164,"EMP1","OE",FALSE,"Activated",3.6316572390412e-13
"SLN",4.66017840276043e-09,0.417196213505108,8.84839357545866e-05,0.992494737738038,0.999999999999164,"EMP1","OE",FALSE,"Activated",3.6316572390412e-13
"CSF2RA",4.64953069668283e-09,0.416454117811104,8.80800565324847e-05,0.992511885467323,0.999999999999164,"EMP1","OE",FALSE,"Activated",3.6316572390412e-13
"KIF20A",4.63934478383308e-09,0.415742834913234,8.76945582537662e-05,0.992528289499258,0.999999999999164,"EMP1","OE",FALSE,"Activated",3.6316572390412e-13
"TNFSF11",4.61759025444286e-09,0.414219196596247,8.68740626567584e-05,0.992563324366311,0.999999999999164,"EMP1","OE",FALSE,"Activated",3.6316572390412e-13
"SIGLEC1",4.56234203996074e-09,0.410321746036746,8.48076499144314e-05,0.992652299641906,0.999999999999164,"EMP1","OE",FALSE,"Activated",3.6316572390412e-13
"CFD",4.54526549133966e-09,0.40910886191541,8.4173979030316e-05,0.992679800831912,0.999999999999164,"EMP1","OE",FALSE,"Activated",3.6316572390412e-13
"SLA",4.52675364414686e-09,0.407789589413912,8.34897317807227e-05,0.992709613530371,0.999999999999164,"EMP1","OE",FALSE,"Activated",3.6316572390412e-13
"RGS1",4.52145185225299e-09,0.407410893339027,8.32942778187461e-05,0.992718151887247,0.999999999999164,"EMP1","OE",FALSE,"Activated",3.6316572390412e-13
"NCAPD2",4.47299889515859e-09,0.403932152484798,8.15186404293187e-05,0.992796183777568,0.999999999999164,"EMP1","OE",FALSE,"Activated",3.6316572390412e-13
"FAM13C",4.41260048058642e-09,0.399550007105838,7.93320290031462e-05,0.992893453529811,0.999999999999164,"EMP1","OE",FALSE,"Activated",3.6316572390412e-13
"ERFE",4.40883849133977e-09,0.399275353073289,7.9196816662821e-05,0.992899512099006,0.999999999999164,"EMP1","OE",FALSE,"Activated",3.6316572390412e-13
"C7",4.38199762268114e-09,0.397309881242405,7.8235456555483e-05,0.992942738513002,0.999999999999164,"EMP1","OE",FALSE,"Activated",3.6316572390412e-13
"IL4I1",4.34688470489401e-09,0.394722948006016,7.69866795171542e-05,0.99299928684529,0.999999999999164,"EMP1","OE",FALSE,"Activated",3.6316572390412e-13
"LBH",4.34545223140262e-09,0.39461702911977,7.69359474577567e-05,0.99300159380291,0.999999999999164,"EMP1","OE",FALSE,"Activated",3.6316572390412e-13
"CHI3L2",4.33724715586896e-09,0.394009755061038,7.66456811059185e-05,0.993014807843698,0.999999999999164,"EMP1","OE",FALSE,"Activated",3.6316572390412e-13
"CD3G",4.31321323134658e-09,0.392225240864997,7.57986033824915e-05,0.99305351380661,0.999999999999164,"EMP1","OE",FALSE,"Activated",3.6316572390412e-13
"IDO1",4.31192103904364e-09,0.392129053278444,7.5753193292718e-05,0.993055594846619,0.999999999999164,"EMP1","OE",FALSE,"Activated",3.6316572390412e-13
"CDKN1A",4.30763059018217e-09,0.391809504633263,7.5602516366765e-05,0.993062504496331,0.999999999999164,"EMP1","OE",FALSE,"Activated",3.6316572390412e-13
"FRY",4.30292047766552e-09,0.391458383807056,7.54372739360919e-05,0.9930700900034,0.999999999999164,"EMP1","OE",FALSE,"Activated",3.6316572390412e-13
"CD8A",4.30255084483974e-09,0.391430815081617,7.542431394986e-05,0.993070685286959,0.999999999999164,"EMP1","OE",FALSE,"Activated",3.6316572390412e-13
"FCER1G",4.29413342823659e-09,0.390802456596247,7.51294856655297e-05,0.993084241307261,0.999999999999164,"EMP1","OE",FALSE,"Activated",3.6316572390412e-13
"RAD51AP1",4.28668367163386e-09,0.390245447585168,7.48690322392706e-05,0.99309623893914,0.999999999999164,"EMP1","OE",FALSE,"Activated",3.6316572390412e-13
"NEXN",4.28260530654581e-09,0.389940159833726,7.47266387162819e-05,0.993102807036667,0.999999999999164,"EMP1","OE",FALSE,"Activated",3.6316572390412e-13
"ZBTB16",4.26976776519603e-09,0.388977561781994,7.42793089078266e-05,0.993123481555552,0.999999999999164,"EMP1","OE",FALSE,"Activated",3.6316572390412e-13
"SLC13A5",4.2652197170097e-09,0.388635936800633,7.41211523180743e-05,0.993130806067293,0.999999999999164,"EMP1","OE",FALSE,"Activated",3.6316572390412e-13
"CLSPN",4.24730066373323e-09,0.387286890983184,7.34996645699219e-05,0.99315966423597,0.999999999999164,"EMP1","OE",FALSE,"Activated",3.6316572390412e-13
"EPHA3",4.24688081679019e-09,0.387255223805053,7.34851343603908e-05,0.993160340388646,0.999999999999164,"EMP1","OE",FALSE,"Activated",3.6316572390412e-13
"HYOU1",4.23728921717148e-09,0.386531036377416,7.31535761769011e-05,0.993175787413851,0.999999999999164,"EMP1","OE",FALSE,"Activated",3.6316572390412e-13
"XIRP1",4.22675993149508e-09,0.385734422953834,7.27904676634001e-05,0.99319274456135,0.999999999999164,"EMP1","OE",FALSE,"Activated",3.6316572390412e-13
"GRIN2A",4.20868179238453e-09,0.384362688568833,7.21691397005298e-05,0.99322185895299,0.999999999999164,"EMP1","OE",FALSE,"Activated",3.6316572390412e-13
"POU3F2",4.19713367132115e-09,0.383483778942885,7.17736360233238e-05,0.993240456918341,0.999999999999164,"EMP1","OE",FALSE,"Activated",3.6316572390412e-13
"MS4A6A",4.16680999438555e-09,0.381165929479772,7.07402744538578e-05,0.993289292472755,0.999999999999164,"EMP1","OE",FALSE,"Activated",3.6316572390412e-13
"IGHV3-33",4.16530503175919e-09,0.381050516497139,7.06891839344569e-05,0.993291716179626,0.999999999999164,"EMP1","OE",FALSE,"Activated",3.6316572390412e-13
"AC021739.4",4.16530503173382e-09,0.381050516495193,7.06891839335959e-05,0.993291716179667,0.999999999999164,"EMP1","OE",FALSE,"Activated",3.6316572390412e-13
"TNFRSF17",4.16530501035613e-09,0.38105051485552,7.06891832079965e-05,0.993291716214095,0.999999999999164,"EMP1","OE",FALSE,"Activated",3.6316572390412e-13
"CLIC5",4.16530497892287e-09,0.381050512444582,7.06891821410919e-05,0.993291716264717,0.999999999999164,"EMP1","OE",FALSE,"Activated",3.6316572390412e-13
"IGHGP",4.15827635511004e-09,0.380511023086775,7.04508185755042e-05,0.993303035698676,0.999999999999164,"EMP1","OE",FALSE,"Activated",3.6316572390412e-13
"LINC02076",4.13133466171122e-09,0.378435778222605,6.9540866777065e-05,0.993346424677075,0.999999999999164,"EMP1","OE",FALSE,"Activated",3.6316572390412e-13
"CXCL13",4.11373102181923e-09,0.377073508759992,6.89495013351895e-05,0.993374774945422,0.999999999999164,"EMP1","OE",FALSE,"Activated",3.6316572390412e-13
"TIGIT",4.10636545301855e-09,0.376502027953858,6.87028164437816e-05,0.993386637031732,0.999999999999164,"EMP1","OE",FALSE,"Activated",3.6316572390412e-13
"RAB11FIP1",4.08398631364488e-09,0.374760235543241,6.7956014771589e-05,0.993422678151697,0.999999999999164,"EMP1","OE",FALSE,"Activated",3.6316572390412e-13
"CD3E",4.07517554554543e-09,0.374072226475468,6.76631152479152e-05,0.993436867706856,0.999999999999164,"EMP1","OE",FALSE,"Activated",3.6316572390412e-13
"MZB1",4.07440918299983e-09,0.374012322707897,6.76376686869588e-05,0.99343810191758,0.999999999999164,"EMP1","OE",FALSE,"Activated",3.6316572390412e-13
"SLA2",4.0708690611438e-09,0.373735478180358,6.75201834000324e-05,0.993443803209405,0.999999999999164,"EMP1","OE",FALSE,"Activated",3.6316572390412e-13
"TOP2A",4.0696926582484e-09,0.373643435215549,6.74811649688082e-05,0.99344569778161,0.999999999999164,"EMP1","OE",FALSE,"Activated",3.6316572390412e-13
"CSF2RB",4.06571025902475e-09,0.373331677930461,6.73491621493205e-05,0.993452111352363,0.999999999999164,"EMP1","OE",FALSE,"Activated",3.6316572390412e-13
"DBF4",4.0649288118199e-09,0.373270472398687,6.73232750332604e-05,0.993453369856811,0.999999999999164,"EMP1","OE",FALSE,"Activated",3.6316572390412e-13
"IGKC",4.06267675237343e-09,0.37309402690631,6.7248698564531e-05,0.993456996751735,0.999999999999164,"EMP1","OE",FALSE,"Activated",3.6316572390412e-13
"AC044839.1",4.04693225975689e-09,0.371858109259823,6.67284775020048e-05,0.993482352933583,0.999999999999164,"EMP1","OE",FALSE,"Activated",3.6316572390412e-13
"IGHG1",4.03379523914974e-09,0.370823698499279,6.62959570095203e-05,0.993503509840376,0.999999999999164,"EMP1","OE",FALSE,"Activated",3.6316572390412e-13
"CRB2",4.02068293169576e-09,0.369788334334257,6.58656525184533e-05,0.993524626951689,0.999999999999164,"EMP1","OE",FALSE,"Activated",3.6316572390412e-13
"FCRL5",3.95978573742157e-09,0.364941335006536,6.38855620793728e-05,0.993622700735508,0.999999999999164,"EMP1","OE",FALSE,"Activated",3.6316572390412e-13
"PEG10",3.95623263011917e-09,0.364656553098933,6.37709647590362e-05,0.993628422950852,0.999999999999164,"EMP1","OE",FALSE,"Activated",3.6316572390412e-13
"SERPINE1",3.95200654574708e-09,0.364317544856367,6.3634796054738e-05,0.993635228984078,0.999999999999164,"EMP1","OE",FALSE,"Activated",3.6316572390412e-13
"NFKBIA",3.94776239996254e-09,0.363976773169495,6.34981918622071e-05,0.993642064105352,0.999999999999164,"EMP1","OE",FALSE,"Activated",3.6316572390412e-13
"PMAIP1",3.93979254042745e-09,0.363336001757911,6.32420666031752e-05,0.993654899423593,0.999999999999164,"EMP1","OE",FALSE,"Activated",3.6316572390412e-13
"PDE1A",3.91766501608973e-09,0.36155108862494,6.25336736751093e-05,0.993690535419942,0.999999999999164,"EMP1","OE",FALSE,"Activated",3.6316572390412e-13
"ITIH3",3.90420889926607e-09,0.360461400144663,6.21048389887477e-05,0.99371220627019,0.999999999999164,"EMP1","OE",FALSE,"Activated",3.6316572390412e-13
"KLHL30",3.88577407201871e-09,0.358963264305382,6.15197324835848e-05,0.993741895257521,0.999999999999164,"EMP1","OE",FALSE,"Activated",3.6316572390412e-13
"CD4",3.87197565080952e-09,0.357837899759243,6.10835939002285e-05,0.993764117394542,0.999999999999164,"EMP1","OE",FALSE,"Activated",3.6316572390412e-13
"GAP43",3.86787857141309e-09,0.357503086761544,6.09543927121772e-05,0.993770715676419,0.999999999999164,"EMP1","OE",FALSE,"Activated",3.6316572390412e-13
"STMN2",3.84137958584606e-09,0.355330180029722,6.01220519119711e-05,0.99381339188583,0.999999999999164,"EMP1","OE",FALSE,"Activated",3.6316572390412e-13
"SLC8A1",3.80817213785927e-09,0.352588868957814,5.90870745926604e-05,0.993866871995945,0.999999999999164,"EMP1","OE",FALSE,"Activated",3.6316572390412e-13
"BRCA2",3.80254388923704e-09,0.35212221056034,5.89125493954077e-05,0.993875936210909,0.999999999999164,"EMP1","OE",FALSE,"Activated",3.6316572390412e-13
"ADAMTS1",3.80149243479389e-09,0.352034964692108,5.88799736779574e-05,0.993877629563537,0.999999999999164,"EMP1","OE",FALSE,"Activated",3.6316572390412e-13
"PTPRN",3.75625292210003e-09,0.348261310662016,5.74869146490953e-05,0.993950487189973,0.999999999999164,"EMP1","OE",FALSE,"Activated",3.6316572390412e-13
"ITGA5",3.72467634563774e-09,0.345604069685088,5.65244607494099e-05,0.99400134087139,0.999999999999164,"EMP1","OE",FALSE,"Activated",3.6316572390412e-13
"GBP1",3.70675620799078e-09,0.344087401415663,5.59818689472572e-05,0.994030201039768,0.999999999999164,"EMP1","OE",FALSE,"Activated",3.6316572390412e-13
"SELP",3.70208362323627e-09,0.343690899319315,5.58408210098263e-05,0.994037726183183,0.999999999999164,"EMP1","OE",FALSE,"Activated",3.6316572390412e-13
"INSYN2B",3.69734757247617e-09,0.343288571294104,5.56980388225184e-05,0.994045353538404,0.999999999999164,"EMP1","OE",FALSE,"Activated",3.6316572390412e-13
"TRBC2",3.69487916085237e-09,0.343078703352876,5.5623693746825e-05,0.994049328887119,0.999999999999164,"EMP1","OE",FALSE,"Activated",3.6316572390412e-13
"CKAP2L",3.68853525041086e-09,0.342538780003433,5.54328518896295e-05,0.994059545683076,0.999999999999164,"EMP1","OE",FALSE,"Activated",3.6316572390412e-13
"AGT",3.68651545339532e-09,0.342366709292443,5.53721598010944e-05,0.994062798543512,0.999999999999164,"EMP1","OE",FALSE,"Activated",3.6316572390412e-13
"RERG",3.67667209165203e-09,0.341526968132457,5.50768562604222e-05,0.994078651168587,0.999999999999164,"EMP1","OE",FALSE,"Activated",3.6316572390412e-13
"PHLDA2",3.67472722272249e-09,0.341360821379022,5.50186030724243e-05,0.994081783358736,0.999999999999164,"EMP1","OE",FALSE,"Activated",3.6316572390412e-13
"AC103706.1",3.66155795048391e-09,0.340233795203989,5.46249647916007e-05,0.994102992330101,0.999999999999164,"EMP1","OE",FALSE,"Activated",3.6316572390412e-13
"OASL",3.65869863334145e-09,0.339988633358588,5.45396846372055e-05,0.994107597230171,0.999999999999164,"EMP1","OE",FALSE,"Activated",3.6316572390412e-13
"HLA-DPB1",3.65276851878998e-09,0.339479650227125,5.43630292191169e-05,0.994117147617674,0.999999999999164,"EMP1","OE",FALSE,"Activated",3.6316572390412e-13
"SGO2",3.64891650797456e-09,0.339148649551695,5.42484330924607e-05,0.994123351241282,0.999999999999164,"EMP1","OE",FALSE,"Activated",3.6316572390412e-13
"INSIG1",3.63886737358977e-09,0.33828371447515,5.39500436278153e-05,0.994139535270023,0.999999999999164,"EMP1","OE",FALSE,"Activated",3.6316572390412e-13
"ZBTB32",3.60489958168227e-09,0.335344765290188,5.29475280443032e-05,0.994194240071296,0.999999999999164,"EMP1","OE",FALSE,"Activated",3.6316572390412e-13
"PDE3B",3.5987516190664e-09,0.334810284448884,5.27670837141888e-05,0.994204141308721,0.999999999999164,"EMP1","OE",FALSE,"Activated",3.6316572390412e-13
"CALCRL",3.58781649896994e-09,0.333857678351002,5.2446896157892e-05,0.994221752221582,0.999999999999164,"EMP1","OE",FALSE,"Activated",3.6316572390412e-13
"IL32",3.58351679682598e-09,0.333482426995231,5.23212649241155e-05,0.994228676854101,0.999999999999164,"EMP1","OE",FALSE,"Activated",3.6316572390412e-13
"ZNF141",3.5823440383919e-09,0.333380008553363,5.22870247250672e-05,0.994230565571329,0.999999999999164,"EMP1","OE",FALSE,"Activated",3.6316572390412e-13
"HAVCR2",3.56696619859738e-09,0.332034362102111,5.18390857814567e-05,0.994255331451162,0.999999999999164,"EMP1","OE",FALSE,"Activated",3.6316572390412e-13
"IRF4",3.56669332741374e-09,0.332010439243895,5.18311547550043e-05,0.994255770907926,0.999999999999164,"EMP1","OE",FALSE,"Activated",3.6316572390412e-13
"PDE4C",3.56316313341492e-09,0.331700801715897,5.17286040370785e-05,0.994261456256057,0.999999999999164,"EMP1","OE",FALSE,"Activated",3.6316572390412e-13
"ADAMTS6",3.55734836030666e-09,0.33119020413413,5.1559908609584e-05,0.994270820900514,0.999999999999164,"EMP1","OE",FALSE,"Activated",3.6316572390412e-13
"ERRFI1",3.54663812413257e-09,0.330247848374143,5.12499094472784e-05,0.994288069650202,0.999999999999164,"EMP1","OE",FALSE,"Activated",3.6316572390412e-13
"SYPL2",3.53760779333522e-09,0.329451393848477,5.09892601044732e-05,0.994302612927792,0.999999999999164,"EMP1","OE",FALSE,"Activated",3.6316572390412e-13
"COL21A1",3.53732977968941e-09,0.329426845889631,5.09812461278506e-05,0.994303060666639,0.999999999999164,"EMP1","OE",FALSE,"Activated",3.6316572390412e-13
"SLAMF1",3.53063888751326e-09,0.328835553509166,5.07885655265587e-05,0.994313836297769,0.999999999999164,"EMP1","OE",FALSE,"Activated",3.6316572390412e-13
"NDC80",3.52892275237893e-09,0.328683738357835,5.07392040021497e-05,0.994316600120562,0.999999999999164,"EMP1","OE",FALSE,"Activated",3.6316572390412e-13
"MKI67",3.5112002809646e-09,0.3271122154536,5.02308527711624e-05,0.994345142032142,0.999999999999164,"EMP1","OE",FALSE,"Activated",3.6316572390412e-13
"LRRC10B",3.49384263765661e-09,0.325566402536292,4.97354471772913e-05,0.99437309639772,0.999999999999164,"EMP1","OE",FALSE,"Activated",3.6316572390412e-13
"GPAT2",3.48578826681047e-09,0.324846858215043,4.95064008011811e-05,0.994386067909111,0.999999999999164,"EMP1","OE",FALSE,"Activated",3.6316572390412e-13
"GPRC5C",3.45103404339787e-09,0.321725532609767,4.85241384359027e-05,0.994442039374815,0.999999999999164,"EMP1","OE",FALSE,"Activated",3.6316572390412e-13
"APLNR",3.44839851397137e-09,0.321487728466853,4.84500516781185e-05,0.994446283880067,0.999999999999164,"EMP1","OE",FALSE,"Activated",3.6316572390412e-13
"ASPM",3.42217074558026e-09,0.319112618551361,4.77158533217856e-05,0.994488523561432,0.999999999999164,"EMP1","OE",FALSE,"Activated",3.6316572390412e-13
"CD200R1",3.41081345918789e-09,0.318079265333037,4.73996660813427e-05,0.994506814415504,0.999999999999164,"EMP1","OE",FALSE,"Activated",3.6316572390412e-13
"LONRF2",3.39943755858438e-09,0.317041241365961,4.70840142926749e-05,0.994525135250566,0.999999999999164,"EMP1","OE",FALSE,"Activated",3.6316572390412e-13
"IGLV3-1",3.39891879611992e-09,0.316993834184653,4.70696451182567e-05,0.994525970715173,0.999999999999164,"EMP1","OE",FALSE,"Activated",3.6316572390412e-13
"SOX11",3.39272015715247e-09,0.316426887715228,4.68981189923508e-05,0.994535953595714,0.999999999999164,"EMP1","OE",FALSE,"Activated",3.6316572390412e-13
"MYH11",3.37741965588014e-09,0.315023626208543,4.64760702183983e-05,0.994560594988752,0.999999999999164,"EMP1","OE",FALSE,"Activated",3.6316572390412e-13
"LINC00243",3.3464101128567e-09,0.312162748166864,4.56265544941345e-05,0.994610535743442,0.999999999999164,"EMP1","OE",FALSE,"Activated",3.6316572390412e-13
"ADCY2",3.34623564484647e-09,0.31214658757345,4.56217970577191e-05,0.994610816723589,0.999999999999164,"EMP1","OE",FALSE,"Activated",3.6316572390412e-13
"HMMR",3.32783800469712e-09,0.310438364314987,4.51215178413372e-05,0.99464044606527,0.999999999999164,"EMP1","OE",FALSE,"Activated",3.6316572390412e-13
"ARHGAP11A",3.32350984539938e-09,0.310035311815173,4.50042248010086e-05,0.994647416553301,0.999999999999164,"EMP1","OE",FALSE,"Activated",3.6316572390412e-13
"FMO2",3.31764244422649e-09,0.309488197096547,4.48454620671859e-05,0.994656865986573,0.999999999999164,"EMP1","OE",FALSE,"Activated",3.6316572390412e-13
"MT1A",3.31439656009795e-09,0.309185171335215,4.47577540223103e-05,0.994662093474257,0.999999999999164,"EMP1","OE",FALSE,"Activated",3.6316572390412e-13
"CD69",3.30951890962943e-09,0.308729327579546,4.46261149529501e-05,0.994669948917687,0.999999999999164,"EMP1","OE",FALSE,"Activated",3.6316572390412e-13
"LINC00520",3.30077205379684e-09,0.30791043275785,4.43905384933292e-05,0.994684035707615,0.999999999999164,"EMP1","OE",FALSE,"Activated",3.6316572390412e-13
"RHOH",3.29347186992265e-09,0.307225544613429,4.41944021144377e-05,0.99469579263716,0.999999999999164,"EMP1","OE",FALSE,"Activated",3.6316572390412e-13
"LCP1",3.28234560890111e-09,0.30617918090585,4.38963046098123e-05,0.994713711457473,0.999999999999164,"EMP1","OE",FALSE,"Activated",3.6316572390412e-13
"CYP19A1",3.27957782410674e-09,0.305918411204197,4.38223061255993e-05,0.994718168969562,0.999999999999164,"EMP1","OE",FALSE,"Activated",3.6316572390412e-13
"RRAGD",3.26718578702089e-09,0.30474855185499,4.34917625578599e-05,0.994738126323479,0.999999999999164,"EMP1","OE",FALSE,"Activated",3.6316572390412e-13
"DIAPH3",3.25816979376776e-09,0.303894999217911,4.3252057550484e-05,0.994752646566814,0.999999999999164,"EMP1","OE",FALSE,"Activated",3.6316572390412e-13
"KCNMB1",3.25707780526356e-09,0.303791481465674,4.32230702122964e-05,0.994754405212747,0.999999999999164,"EMP1","OE",FALSE,"Activated",3.6316572390412e-13
"FRZB",3.25512434251609e-09,0.303606223491712,4.3171238882312e-05,0.994757551261787,0.999999999999164,"EMP1","OE",FALSE,"Activated",3.6316572390412e-13
"FCGR2A",3.2510902173392e-09,0.303223341017555,4.30642996413279e-05,0.994764048215036,0.999999999999164,"EMP1","OE",FALSE,"Activated",3.6316572390412e-13
"STMN1",3.25086660975037e-09,0.303202106243767,4.30583759834722e-05,0.994764408334771,0.999999999999164,"EMP1","OE",FALSE,"Activated",3.6316572390412e-13
"THSD7A",3.22222183468007e-09,0.30047140383214,4.23029075831239e-05,0.994810540717139,0.999999999999164,"EMP1","OE",FALSE,"Activated",3.6316572390412e-13
"HAO2",3.21951003051029e-09,0.300211805076675,4.2231733756877e-05,0.994814908076016,0.999999999999164,"EMP1","OE",FALSE,"Activated",3.6316572390412e-13
"SMC2",3.21814942887406e-09,0.300081484809834,4.21960460753599e-05,0.994817099324138,0.999999999999164,"EMP1","OE",FALSE,"Activated",3.6316572390412e-13
"BUB1B",3.20759091953337e-09,0.299068559231128,4.19196161050399e-05,0.994834103798444,0.999999999999164,"EMP1","OE",FALSE,"Activated",3.6316572390412e-13
"CENPN",3.20430967122728e-09,0.298753188936568,4.18338955009144e-05,0.99483938824777,0.999999999999164,"EMP1","OE",FALSE,"Activated",3.6316572390412e-13
"LINC02381",3.19358814675624e-09,0.29772076789915,4.15544139228097e-05,0.994856655261007,0.999999999999164,"EMP1","OE",FALSE,"Activated",3.6316572390412e-13
"CD79A",3.19190339098399e-09,0.297558264122198,4.15105819888809e-05,0.994859368560095,0.999999999999164,"EMP1","OE",FALSE,"Activated",3.6316572390412e-13
"LUCAT1",3.16488212146316e-09,0.294941763654161,4.08107357171941e-05,0.994902886321427,0.999999999999164,"EMP1","OE",FALSE,"Activated",3.6316572390412e-13
"CD3D",3.15339271953585e-09,0.293823394276863,4.05149649267507e-05,0.994921390010711,0.999999999999164,"EMP1","OE",FALSE,"Activated",3.6316572390412e-13
"FHL5",3.15224893497314e-09,0.2937118670641,4.04855794417364e-05,0.994923232076644,0.999999999999164,"EMP1","OE",FALSE,"Activated",3.6316572390412e-13
"NPTX2",3.13298061572616e-09,0.29182780518021,3.99921508363487e-05,0.994954263723916,0.999999999999164,"EMP1","OE",FALSE,"Activated",3.6316572390412e-13
"AC036108.3",3.12936780763995e-09,0.291473432456287,3.98999698256563e-05,0.994960082155776,0.999999999999164,"EMP1","OE",FALSE,"Activated",3.6316572390412e-13
"MYOM1",3.11796497923956e-09,0.29035263561849,3.96097236035161e-05,0.994978446426676,0.999999999999164,"EMP1","OE",FALSE,"Activated",3.6316572390412e-13
"SORBS1",3.1169309250058e-09,0.290250822643926,3.95834553094034e-05,0.994980111772581,0.999999999999164,"EMP1","OE",FALSE,"Activated",3.6316572390412e-13
"KIF4A",3.11298514014384e-09,0.289862053014544,3.94832997770039e-05,0.994986466465258,0.999999999999164,"EMP1","OE",FALSE,"Activated",3.6316572390412e-13
"CD7",3.10064391822734e-09,0.288643351562632,3.91708625094579e-05,0.995006342024464,0.999999999999164,"EMP1","OE",FALSE,"Activated",3.6316572390412e-13
"CX3CL1",3.08432086238839e-09,0.28702500443262,3.8759525256563e-05,0.995032630338835,0.999999999999164,"EMP1","OE",FALSE,"Activated",3.6316572390412e-13
"PRC1",3.08149110258064e-09,0.286743697850598,3.86884367818406e-05,0.995037187673266,0.999999999999164,"EMP1","OE",FALSE,"Activated",3.6316572390412e-13
"TUBA1B",3.06823930689068e-09,0.285423366033679,3.83563969729112e-05,0.995058529721693,0.999999999999164,"EMP1","OE",FALSE,"Activated",3.6316572390412e-13
"CKAP5",3.05845530468742e-09,0.284445387422079,3.8112165223025e-05,0.995074286882744,0.999999999999164,"EMP1","OE",FALSE,"Activated",3.6316572390412e-13
"ADH1B",3.02936837573004e-09,0.281521939436738,3.73906935537753e-05,0.99512113146897,0.999999999999164,"EMP1","OE",FALSE,"Activated",3.6316572390412e-13
"DHFR",3.02373118985664e-09,0.280952564450517,3.72516664362471e-05,0.995130210175658,0.999999999999164,"EMP1","OE",FALSE,"Activated",3.6316572390412e-13
"C9",3.01094977937759e-09,0.279658201993728,3.69374040208131e-05,0.995150794682282,0.999999999999164,"EMP1","OE",FALSE,"Activated",3.6316572390412e-13
"H2AFZ",3.01026744906526e-09,0.279588969927414,3.69206646817304e-05,0.995151893577746,0.999999999999164,"EMP1","OE",FALSE,"Activated",3.6316572390412e-13
"BATF",3.00101801100759e-09,0.278649146737507,3.66941261682696e-05,0.995166789832475,0.999999999999164,"EMP1","OE",FALSE,"Activated",3.6316572390412e-13
"SSTR2",2.99700759931325e-09,0.278240878024031,3.65961192756338e-05,0.995173248616094,0.999999999999164,"EMP1","OE",FALSE,"Activated",3.6316572390412e-13
"PTPN7",2.98962485686354e-09,0.277488065836168,3.64160416896794e-05,0.995185138552328,0.999999999999164,"EMP1","OE",FALSE,"Activated",3.6316572390412e-13
"DLGAP5",2.98231105306855e-09,0.276740701744716,3.62380835775653e-05,0.995196917463636,0.999999999999164,"EMP1","OE",FALSE,"Activated",3.6316572390412e-13
"AC245140.2",2.95354842449461e-09,0.273786174079523,3.55424644261433e-05,0.995243239806229,0.999999999999164,"EMP1","OE",FALSE,"Activated",3.6316572390412e-13
"CCL8",2.94142986516682e-09,0.272533912552454,3.52513977078152e-05,0.995262756805304,0.999999999999164,"EMP1","OE",FALSE,"Activated",3.6316572390412e-13
"BAMBI",2.94109547454866e-09,0.272499295572608,3.52433831929853e-05,0.99526329534307,0.999999999999164,"EMP1","OE",FALSE,"Activated",3.6316572390412e-13
"CDCA3",2.93345576755878e-09,0.271707487872303,3.50605265490736e-05,0.995275599130053,0.999999999999164,"EMP1","OE",FALSE,"Activated",3.6316572390412e-13
"CENPM",2.92171464287426e-09,0.270487122442637,3.47804294663645e-05,0.995294508273293,0.999999999999164,"EMP1","OE",FALSE,"Activated",3.6316572390412e-13
"ACP5",2.92045201266117e-09,0.270355633835788,3.47503749692929e-05,0.99529654174607,0.999999999999164,"EMP1","OE",FALSE,"Activated",3.6316572390412e-13
"ATAD2",2.88463151367445e-09,0.26660476871693,3.39031486273178e-05,0.995354230865792,0.999999999999164,"EMP1","OE",FALSE,"Activated",3.6316572390412e-13
"CENPA",2.86694195867938e-09,0.264737616878212,3.34886119845576e-05,0.995382720004871,0.999999999999164,"EMP1","OE",FALSE,"Activated",3.6316572390412e-13
"SCG5",2.86671888773756e-09,0.264714008172907,3.34834008252823e-05,0.995383079262058,0.999999999999164,"EMP1","OE",FALSE,"Activated",3.6316572390412e-13
"LINC02446",2.84738192687361e-09,0.262661438965947,3.30332112203191e-05,0.995414221565418,0.999999999999164,"EMP1","OE",FALSE,"Activated",3.6316572390412e-13
"MDK",2.84334643664742e-09,0.262231567350118,3.29396440486868e-05,0.995420720749999,0.999999999999164,"EMP1","OE",FALSE,"Activated",3.6316572390412e-13
"LCK",2.83404880999247e-09,0.261239153475392,3.27245736802712e-05,0.995435694642408,0.999999999999164,"EMP1","OE",FALSE,"Activated",3.6316572390412e-13
"BCL2A1",2.80479169059972e-09,0.258097880860944,3.20524012114675e-05,0.995482813447188,0.999999999999164,"EMP1","OE",FALSE,"Activated",3.6316572390412e-13
"JAG1",2.80269918056665e-09,0.257872132153319,3.20045937734855e-05,0.995486183450507,0.999999999999164,"EMP1","OE",FALSE,"Activated",3.6316572390412e-13
"MCM10",2.80169681625141e-09,0.25776394144869,3.19817054618807e-05,0.995487797765887,0.999999999999164,"EMP1","OE",FALSE,"Activated",3.6316572390412e-13
"KPNA2",2.79030302505537e-09,0.256531796195577,3.17221114006939e-05,0.995506147554866,0.999999999999164,"EMP1","OE",FALSE,"Activated",3.6316572390412e-13
"KIF18A",2.75996419051539e-09,0.25322962646133,3.1036035551098e-05,0.995555008494464,0.999999999999164,"EMP1","OE",FALSE,"Activated",3.6316572390412e-13
"CXCL8",2.75287559964259e-09,0.252453576411559,3.087681664756e-05,0.995566424730084,0.999999999999164,"EMP1","OE",FALSE,"Activated",3.6316572390412e-13
"FGF18",2.74836953865858e-09,0.251959362649528,3.07758175696298e-05,0.995573681779924,0.999999999999164,"EMP1","OE",FALSE,"Activated",3.6316572390412e-13
"PLN",2.72087426013682e-09,0.24892852647111,3.01631219823469e-05,0.995617963169581,0.999999999999164,"EMP1","OE",FALSE,"Activated",3.6316572390412e-13
"CENPK",2.71335848865844e-09,0.248095461321769,2.99967151521239e-05,0.995630067388489,0.999999999999164,"EMP1","OE",FALSE,"Activated",3.6316572390412e-13
"BCAT1",2.71075944481914e-09,0.247806914595118,2.9939276786386e-05,0.995634253172667,0.999999999999164,"EMP1","OE",FALSE,"Activated",3.6316572390412e-13
"CD86",2.70887816003619e-09,0.247597904925639,2.98977350987087e-05,0.995637282999312,0.999999999999164,"EMP1","OE",FALSE,"Activated",3.6316572390412e-13
"AC079822.1",2.69949552397167e-09,0.246553627755749,2.96909825327567e-05,0.995652393822918,0.999999999999164,"EMP1","OE",FALSE,"Activated",3.6316572390412e-13
"KIF11",2.69034294176446e-09,0.24553193686424,2.94899905502464e-05,0.995667134144126,0.999999999999164,"EMP1","OE",FALSE,"Activated",3.6316572390412e-13
"AGPAT4",2.67631572796489e-09,0.243960268287728,2.9183275747371e-05,0.995689725109017,0.999999999999164,"EMP1","OE",FALSE,"Activated",3.6316572390412e-13
"SLC16A6",2.6718993569962e-09,0.243463969786612,2.90870405908393e-05,0.995696837718333,0.999999999999164,"EMP1","OE",FALSE,"Activated",3.6316572390412e-13
"MPZ",2.66862376177406e-09,0.243095411372478,2.90157662229313e-05,0.995702113097198,0.999999999999164,"EMP1","OE",FALSE,"Activated",3.6316572390412e-13
"TPX2",2.66079393142085e-09,0.242212844100434,2.88457495716384e-05,0.99571472311805,0.999999999999164,"EMP1","OE",FALSE,"Activated",3.6316572390412e-13
"TREM1",2.64976332369862e-09,0.240965684212225,2.86070789953405e-05,0.995732488024992,0.999999999999164,"EMP1","OE",FALSE,"Activated",3.6316572390412e-13
"AURKB",2.63041823276436e-09,0.238767613638953,2.81909011308544e-05,0.995763643497582,0.999999999999164,"EMP1","OE",FALSE,"Activated",3.6316572390412e-13
"TRIM72",2.62128871448725e-09,0.237725436641819,2.79955537052053e-05,0.995778346685117,0.999999999999164,"EMP1","OE",FALSE,"Activated",3.6316572390412e-13
"ECEL1",2.59470560470677e-09,0.234672933703835,2.74306138157826e-05,0.995821159077938,0.999999999999164,"EMP1","OE",FALSE,"Activated",3.6316572390412e-13
"GBP4",2.58093657613942e-09,0.233081244184567,2.71402604326358e-05,0.995843334255733,0.999999999999164,"EMP1","OE",FALSE,"Activated",3.6316572390412e-13
"SUSD5",2.57409843825447e-09,0.232288038944904,2.69966358369044e-05,0.995854347156105,0.999999999999164,"EMP1","OE",FALSE,"Activated",3.6316572390412e-13
"LCN2",2.56576809632149e-09,0.231319284649986,2.68221846148261e-05,0.995867763269469,0.999999999999164,"EMP1","OE",FALSE,"Activated",3.6316572390412e-13
"CENPF",2.55684901081154e-09,0.230279054446252,2.66360309591712e-05,0.995882127562563,0.999999999999164,"EMP1","OE",FALSE,"Activated",3.6316572390412e-13
"PTPN22",2.53968868557065e-09,0.228268823003663,2.62796946300597e-05,0.995909764473828,0.999999999999164,"EMP1","OE",FALSE,"Activated",3.6316572390412e-13
"MLXIPL",2.53458188844235e-09,0.22766833147298,2.61741146506793e-05,0.995917989033292,0.999999999999164,"EMP1","OE",FALSE,"Activated",3.6316572390412e-13
"LINC02345",2.53458178412112e-09,0.227668319195542,2.61741124960709e-05,0.995917989201302,0.999999999999164,"EMP1","OE",FALSE,"Activated",3.6316572390412e-13
"GTSE1",2.52835966314202e-09,0.226935269507448,2.60457610689462e-05,0.995928010004105,0.999999999999164,"EMP1","OE",FALSE,"Activated",3.6316572390412e-13
"HLA-DQA1",2.52795432723136e-09,0.226887461553627,2.60374106461909e-05,0.995928662802626,0.999999999999164,"EMP1","OE",FALSE,"Activated",3.6316572390412e-13
"ANLN",2.52789808605351e-09,0.226880827581356,2.60362521139044e-05,0.995928753379742,0.999999999999164,"EMP1","OE",FALSE,"Activated",3.6316572390412e-13
"KDM7A",2.51615864967274e-09,0.225493300672349,2.57949914294532e-05,0.995947659889084,0.999999999999164,"EMP1","OE",FALSE,"Activated",3.6316572390412e-13
"FMO3",2.51505196173049e-09,0.225362209573335,2.57723054767683e-05,0.995949442223996,0.999999999999164,"EMP1","OE",FALSE,"Activated",3.6316572390412e-13
"MIR193BHG",2.51469870034345e-09,0.225320354045694,2.57650660867881e-05,0.995950011155926,0.999999999999164,"EMP1","OE",FALSE,"Activated",3.6316572390412e-13
"SNHG9",2.45684787933681e-09,0.218396648832677,2.45932474910224e-05,0.996043180662224,0.999999999999164,"EMP1","OE",FALSE,"Activated",3.6316572390412e-13
"BMP2",2.45235994102245e-09,0.217853669405215,2.45034802985668e-05,0.996050408548037,0.999999999999164,"EMP1","OE",FALSE,"Activated",3.6316572390412e-13
"MYOC",2.45219165570163e-09,0.217833292519209,2.45001174687547e-05,0.996050679573846,0.999999999999164,"EMP1","OE",FALSE,"Activated",3.6316572390412e-13
"NEDD9",2.44861635943334e-09,0.217400091482711,2.44287271910371e-05,0.996056437637449,0.999999999999164,"EMP1","OE",FALSE,"Activated",3.6316572390412e-13
"PIF1",2.43142616027834e-09,0.215309596716932,2.40869336430779e-05,0.996084122691467,0.999999999999164,"EMP1","OE",FALSE,"Activated",3.6316572390412e-13
"RBM24",2.43106050704061e-09,0.215264991553994,2.40796894971061e-05,0.996084711581126,0.999999999999164,"EMP1","OE",FALSE,"Activated",3.6316572390412e-13
"TMEM233",2.41058056572203e-09,0.212757412793956,2.36756901673802e-05,0.99611769481677,0.999999999999164,"EMP1","OE",FALSE,"Activated",3.6316572390412e-13
"MMP3",2.40845772377125e-09,0.212496441362476,2.36340092389224e-05,0.996121113684187,0.999999999999164,"EMP1","OE",FALSE,"Activated",3.6316572390412e-13
"LINC00158",2.40743846330421e-09,0.21237106819436,2.36140096235882e-05,0.996122755217818,0.999999999999164,"EMP1","OE",FALSE,"Activated",3.6316572390412e-13
"LMNB1",2.40522248183186e-09,0.212098335565124,2.35705575268749e-05,0.996126324087883,0.999999999999164,"EMP1","OE",FALSE,"Activated",3.6316572390412e-13
"LINC02384",2.39370711363411e-09,0.210677581454332,2.33454025488151e-05,0.996144869755399,0.999999999999164,"EMP1","OE",FALSE,"Activated",3.6316572390412e-13
"TRPA1",2.387302036896e-09,0.20988477837982,2.32206345359457e-05,0.996155185225296,0.999999999999164,"EMP1","OE",FALSE,"Activated",3.6316572390412e-13
"FOXC2",2.38059318756467e-09,0.209052406999947,2.30903076291611e-05,0.996165989926092,0.999999999999164,"EMP1","OE",FALSE,"Activated",3.6316572390412e-13
"HSPA2",2.37918935635469e-09,0.208877976992407,2.30630830389483e-05,0.99616825081705,0.999999999999164,"EMP1","OE",FALSE,"Activated",3.6316572390412e-13
"RAB40B",2.37267635281929e-09,0.208067555567237,2.29369860202518e-05,0.996178740106118,0.999999999999164,"EMP1","OE",FALSE,"Activated",3.6316572390412e-13
"HIST1H3B",2.36570581019974e-09,0.207198075117429,2.28024136140565e-05,0.996189966269419,0.999999999999164,"EMP1","OE",FALSE,"Activated",3.6316572390412e-13
"HRH2",2.35268655972945e-09,0.205568170254527,2.25521259867727e-05,0.996210933969335,0.999999999999164,"EMP1","OE",FALSE,"Activated",3.6316572390412e-13
"SYNPO2L",2.35229277325737e-09,0.205518750369533,2.25445771878242e-05,0.996211568168448,0.999999999999164,"EMP1","OE",FALSE,"Activated",3.6316572390412e-13
"RTKN2",2.3433050008495e-09,0.204388849042899,2.2372627140116e-05,0.996226043113514,0.999999999999164,"EMP1","OE",FALSE,"Activated",3.6316572390412e-13
"ECT2",2.337520026999e-09,0.203659611455562,2.22622997985784e-05,0.996235359903126,0.999999999999164,"EMP1","OE",FALSE,"Activated",3.6316572390412e-13
"IL2RG",2.31727742552583e-09,0.201095581522862,2.18783924201294e-05,0.996267960929046,0.999999999999164,"EMP1","OE",FALSE,"Activated",3.6316572390412e-13
"SAMSN1",2.30479097876828e-09,0.199504342602126,2.16432480505244e-05,0.996288070549734,0.999999999999164,"EMP1","OE",FALSE,"Activated",3.6316572390412e-13
"VSIG4",2.28609577106074e-09,0.197107930035778,2.12935556291954e-05,0.996318179482882,0.999999999999164,"EMP1","OE",FALSE,"Activated",3.6316572390412e-13
"EVI2A",2.28366293994015e-09,0.196794840941912,2.12482591362732e-05,0.996322097596975,0.999999999999164,"EMP1","OE",FALSE,"Activated",3.6316572390412e-13
"CENPE",2.27998474215006e-09,0.196320935191399,2.11798669425388e-05,0.996328021394515,0.999999999999164,"EMP1","OE",FALSE,"Activated",3.6316572390412e-13
"NCAPG",2.27982712577156e-09,0.196300612889096,2.11769386961571e-05,0.996328275238269,0.999999999999164,"EMP1","OE",FALSE,"Activated",3.6316572390412e-13
"NAV3",2.27018496170094e-09,0.195055089455593,2.09981885466904e-05,0.996343804101772,0.999999999999164,"EMP1","OE",FALSE,"Activated",3.6316572390412e-13
"MYL3",2.25565775165075e-09,0.193169905026522,2.07303080971954e-05,0.996367200414622,0.999999999999164,"EMP1","OE",FALSE,"Activated",3.6316572390412e-13
"RASGRP1",2.24217070799344e-09,0.191410311690057,2.04831476356899e-05,0.996388921525032,0.999999999999164,"EMP1","OE",FALSE,"Activated",3.6316572390412e-13
"CYBB",2.23803340781032e-09,0.190868708539213,2.04076255145551e-05,0.996395584717027,0.999999999999164,"EMP1","OE",FALSE,"Activated",3.6316572390412e-13
"CHRNA1",2.22885423426722e-09,0.189663999100416,2.02405672538811e-05,0.996410367932329,0.999999999999164,"EMP1","OE",FALSE,"Activated",3.6316572390412e-13
"CALHM6",2.20983814084925e-09,0.187154588201319,1.98966644668054e-05,0.996440993678517,0.999999999999164,"EMP1","OE",FALSE,"Activated",3.6316572390412e-13
"PAPPA2",2.20904652424599e-09,0.187049721572233,1.98824121027583e-05,0.996442268590814,0.999999999999164,"EMP1","OE",FALSE,"Activated",3.6316572390412e-13
"TFPI2",2.20879230144442e-09,0.187016037428731,1.98778361270103e-05,0.996442678021055,0.999999999999164,"EMP1","OE",FALSE,"Activated",3.6316572390412e-13
"HMGB3",2.1945483555202e-09,0.185123376056589,1.96222884440735e-05,0.99646561814511,0.999999999999164,"EMP1","OE",FALSE,"Activated",3.6316572390412e-13
"HMGB2",2.19365206280224e-09,0.185003927622924,1.96062635315111e-05,0.996467061640307,0.999999999999164,"EMP1","OE",FALSE,"Activated",3.6316572390412e-13
"KIF14",2.19173007515597e-09,0.184747643519102,1.95719221801266e-05,0.996470157035279,0.999999999999164,"EMP1","OE",FALSE,"Activated",3.6316572390412e-13
"CCNA2",2.18370972255837e-09,0.183676088509729,1.94289424344259e-05,0.996483073955034,0.999999999999164,"EMP1","OE",FALSE,"Activated",3.6316572390412e-13
"SBSPON",2.18322292766995e-09,0.183610941409191,1.9420281158998e-05,0.996483857946844,0.999999999999164,"EMP1","OE",FALSE,"Activated",3.6316572390412e-13
"PRR11",2.16938228245888e-09,0.181753407909142,1.91748300719636e-05,0.996506148553089,0.999999999999164,"EMP1","OE",FALSE,"Activated",3.6316572390412e-13
"KIF23",2.16607665609762e-09,0.181308253808021,1.91164387662742e-05,0.996511472323772,0.999999999999164,"EMP1","OE",FALSE,"Activated",3.6316572390412e-13
"CKAP2",2.16251053138737e-09,0.180827362533711,1.9053545805183e-05,0.996517215631903,0.999999999999164,"EMP1","OE",FALSE,"Activated",3.6316572390412e-13
"BMP5",2.13189331974125e-09,0.176670272134575,1.85178381332102e-05,0.996566525210579,0.999999999999164,"EMP1","OE",FALSE,"Activated",3.6316572390412e-13
"SCIN",2.13189330536162e-09,0.176670270170112,1.85178378834044e-05,0.996566525233738,0.999999999999164,"EMP1","OE",FALSE,"Activated",3.6316572390412e-13
"ICOS",2.12504663381157e-09,0.175733619995588,1.83990871328646e-05,0.996577551925146,0.999999999999164,"EMP1","OE",FALSE,"Activated",3.6316572390412e-13
"MSR1",2.11400621898151e-09,0.174217757239807,1.82084034333258e-05,0.996595332719198,0.999999999999164,"EMP1","OE",FALSE,"Activated",3.6316572390412e-13
"HNF1A-AS1",2.11262032271104e-09,0.174026990227952,1.81845371963778e-05,0.996597564731116,0.999999999999164,"EMP1","OE",FALSE,"Activated",3.6316572390412e-13
"HUNK",2.0985454799265e-09,0.172083469969741,1.79430438111515e-05,0.996620232530719,0.999999999999164,"EMP1","OE",FALSE,"Activated",3.6316572390412e-13
"TNFRSF11B",2.09353409156526e-09,0.171388761251594,1.78574491013864e-05,0.996628303466794,0.999999999999164,"EMP1","OE",FALSE,"Activated",3.6316572390412e-13
"INCENP",2.09347968832956e-09,0.171381211688118,1.78565210148618e-05,0.99662839108424,0.999999999999164,"EMP1","OE",FALSE,"Activated",3.6316572390412e-13
"MELK",2.08669092588942e-09,0.170437802113351,1.77408980861934e-05,0.99663932451556,0.999999999999164,"EMP1","OE",FALSE,"Activated",3.6316572390412e-13
"LINC01127",2.08549301591766e-09,0.170271058434152,1.77205348418071e-05,0.99664125377247,0.999999999999164,"EMP1","OE",FALSE,"Activated",3.6316572390412e-13
"LILRB5",2.07394490771978e-09,0.168659365982466,1.75248285277353e-05,0.996659852222496,0.999999999999164,"EMP1","OE",FALSE,"Activated",3.6316572390412e-13
"FGF5",2.06164732696457e-09,0.166934548456532,1.73176156508384e-05,0.996679657714463,0.999999999999164,"EMP1","OE",FALSE,"Activated",3.6316572390412e-13
"PKIA",2.057131323916e-09,0.166298922434644,1.72418308653825e-05,0.996686930825346,0.999999999999164,"EMP1","OE",FALSE,"Activated",3.6316572390412e-13
"CXCL5",2.04893539305635e-09,0.165142269513982,1.7104716286607e-05,0.996700130532358,0.999999999999164,"EMP1","OE",FALSE,"Activated",3.6316572390412e-13
"KLRC1",2.04248597563458e-09,0.164229286881939,1.69972050043558e-05,0.996710517445941,0.999999999999164,"EMP1","OE",FALSE,"Activated",3.6316572390412e-13
"BRCA1",2.03551056376627e-09,0.163239043108068,1.68813069741161e-05,0.996721751484551,0.999999999999164,"EMP1","OE",FALSE,"Activated",3.6316572390412e-13
"INHBA",2.02938907886787e-09,0.162367612092388,1.67799237831136e-05,0.996731610257442,0.999999999999164,"EMP1","OE",FALSE,"Activated",3.6316572390412e-13
"CXCL6",2.0284433279092e-09,0.162232776641586,1.67642876181924e-05,0.996733133408171,0.999999999999164,"EMP1","OE",FALSE,"Activated",3.6316572390412e-13
"FPR3",2.01979563917628e-09,0.160997358887764,1.66216528054991e-05,0.996747060683422,0.999999999999164,"EMP1","OE",FALSE,"Activated",3.6316572390412e-13
"SLC6A7",2.01627494762653e-09,0.160493083103939,1.65637571364604e-05,0.996752730827695,0.999999999999164,"EMP1","OE",FALSE,"Activated",3.6316572390412e-13
"PEG3",2.01257925089135e-09,0.159962923892343,1.65030922731744e-05,0.996758682821501,0.999999999999164,"EMP1","OE",FALSE,"Activated",3.6316572390412e-13
"PTPRC",1.99718451532343e-09,0.157745433990583,1.62515851053889e-05,0.996783476354217,0.999999999999164,"EMP1","OE",FALSE,"Activated",3.6316572390412e-13
"SEMA3C",1.99142412595421e-09,0.156911906753687,1.61579728708341e-05,0.996792753578497,0.999999999999164,"EMP1","OE",FALSE,"Activated",3.6316572390412e-13
"CKS2",1.98857164760239e-09,0.156498384145104,1.6111717271328e-05,0.99679734755308,0.999999999999164,"EMP1","OE",FALSE,"Activated",3.6316572390412e-13
"CD80",1.98651463705213e-09,0.156199862797115,1.60784020712902e-05,0.996800660410604,0.999999999999164,"EMP1","OE",FALSE,"Activated",3.6316572390412e-13
"MARCH1",1.9832206457968e-09,0.155721270652754,1.60251246329306e-05,0.996805965450946,0.999999999999164,"EMP1","OE",FALSE,"Activated",3.6316572390412e-13
"CORO1A",1.97465016902142e-09,0.15447282703563,1.58869189366845e-05,0.996819768379885,0.999999999999164,"EMP1","OE",FALSE,"Activated",3.6316572390412e-13
"CENPU",1.96971901804383e-09,0.153752398445041,1.58076715037237e-05,0.996827710100283,0.999999999999164,"EMP1","OE",FALSE,"Activated",3.6316572390412e-13
"PCLAF",1.96577055255232e-09,0.15317441618952,1.57443594416612e-05,0.996834069185655,0.999999999999164,"EMP1","OE",FALSE,"Activated",3.6316572390412e-13
"HLA-DOA",1.965320153455e-09,0.153108422537581,1.57371455449072e-05,0.996834794562734,0.999999999999164,"EMP1","OE",FALSE,"Activated",3.6316572390412e-13
"BIRC5",1.9637418525839e-09,0.152877062855949,1.57118794557142e-05,0.996837336449009,0.999999999999164,"EMP1","OE",FALSE,"Activated",3.6316572390412e-13
"ITK",1.96283657803119e-09,0.152744288301055,1.56973966089654e-05,0.99683879441246,0.999999999999164,"EMP1","OE",FALSE,"Activated",3.6316572390412e-13
"MTHFD2",1.96261561474049e-09,0.152711872105835,1.56938625876253e-05,0.996839150278425,0.999999999999164,"EMP1","OE",FALSE,"Activated",3.6316572390412e-13
"CD209",1.95492739890576e-09,0.151582016758946,1.55711472951879e-05,0.996851532309994,0.999999999999164,"EMP1","OE",FALSE,"Activated",3.6316572390412e-13
"SPC25",1.95004744030341e-09,0.150862872682872,1.54935058297524e-05,0.996859391585254,0.999999999999164,"EMP1","OE",FALSE,"Activated",3.6316572390412e-13
"ARL6IP1",1.94716192088752e-09,0.150436912764874,1.54476877288779e-05,0.996864038774687,0.999999999999164,"EMP1","OE",FALSE,"Activated",3.6316572390412e-13
"FCGR3A",1.94197286938075e-09,0.149669535066538,1.53654634027528e-05,0.996872395851051,0.999999999999164,"EMP1","OE",FALSE,"Activated",3.6316572390412e-13
"RRM2",1.93963697007236e-09,0.149323515967938,1.53285209825211e-05,0.996876157866027,0.999999999999164,"EMP1","OE",FALSE,"Activated",3.6316572390412e-13
"TNFRSF6B",1.93859323555218e-09,0.149168790428811,1.53120286159924e-05,0.99687783882245,0.999999999999164,"EMP1","OE",FALSE,"Activated",3.6316572390412e-13
"OTUD1",1.91977820350181e-09,0.146367221980334,1.50162489306007e-05,0.996908140830148,0.999999999999164,"EMP1","OE",FALSE,"Activated",3.6316572390412e-13
"SLC25A4",1.91822085131665e-09,0.146134272397809,1.49918960103761e-05,0.996910648979034,0.999999999999164,"EMP1","OE",FALSE,"Activated",3.6316572390412e-13
"MTURN",1.91522509293575e-09,0.14568570651212,1.49451057488451e-05,0.99691547371184,0.999999999999164,"EMP1","OE",FALSE,"Activated",3.6316572390412e-13
"GMPR",1.89006802655174e-09,0.141894796493267,1.4555067266694e-05,0.996955989708574,0.999999999999164,"EMP1","OE",FALSE,"Activated",3.6316572390412e-13
"AC140912.1",1.8715498245025e-09,0.139076407510941,1.42712539054384e-05,0.996985813676465,0.999999999999164,"EMP1","OE",FALSE,"Activated",3.6316572390412e-13
"MND1",1.86367720647258e-09,0.137870943403363,1.41514432261728e-05,0.996998492700616,0.999999999999164,"EMP1","OE",FALSE,"Activated",3.6316572390412e-13
"USP2",1.85553355691314e-09,0.136619351804154,1.40280392330805e-05,0.997011608227792,0.999999999999164,"EMP1","OE",FALSE,"Activated",3.6316572390412e-13
"MPEG1",1.84214627604015e-09,0.134551544449403,1.38263507841985e-05,0.997033168740569,0.999999999999164,"EMP1","OE",FALSE,"Activated",3.6316572390412e-13
"CCNB1",1.84052818606847e-09,0.134300736733682,1.38020720890198e-05,0.997035774710505,0.999999999999164,"EMP1","OE",FALSE,"Activated",3.6316572390412e-13
"KIF20B",1.83476068802424e-09,0.133405212463346,1.37157069886884e-05,0.99704506339481,0.999999999999164,"EMP1","OE",FALSE,"Activated",3.6316572390412e-13
"HSPA6",1.83104886304138e-09,0.132827590263164,1.36602678167318e-05,0.997051041371988,0.999999999999164,"EMP1","OE",FALSE,"Activated",3.6316572390412e-13
"ADA2",1.8162164706424e-09,0.130509300705007,1.34398544586109e-05,0.997074929273436,0.999999999999164,"EMP1","OE",FALSE,"Activated",3.6316572390412e-13
"APOBEC3G",1.80799797482964e-09,0.129217722822044,1.33184972519968e-05,0.997088165346856,0.999999999999164,"EMP1","OE",FALSE,"Activated",3.6316572390412e-13
"SLC16A10",1.80442408349068e-09,0.128654488641854,1.32658956252058e-05,0.997093921179953,0.999999999999164,"EMP1","OE",FALSE,"Activated",3.6316572390412e-13
"GPR157",1.80316946275502e-09,0.128456536291955,1.32474544154169e-05,0.997095941775153,0.999999999999164,"EMP1","OE",FALSE,"Activated",3.6316572390412e-13
"HAS1",1.79943941705767e-09,0.127867312873114,1.3192703597219e-05,0.997101949098605,0.999999999999164,"EMP1","OE",FALSE,"Activated",3.6316572390412e-13
"GADD45A",1.79814806149173e-09,0.127663076235916,1.31737750820333e-05,0.99710402885616,0.999999999999164,"EMP1","OE",FALSE,"Activated",3.6316572390412e-13
"CACNG8",1.79195201136376e-09,0.126681366979538,1.308314323656e-05,0.997114007736305,0.999999999999164,"EMP1","OE",FALSE,"Activated",3.6316572390412e-13
"PTCRA",1.79195198458855e-09,0.126681362730926,1.30831428455853e-05,0.997114007779427,0.999999999999164,"EMP1","OE",FALSE,"Activated",3.6316572390412e-13
"CDC20B",1.79195197258028e-09,0.126681360825489,1.30831426702392e-05,0.997114007798766,0.999999999999164,"EMP1","OE",FALSE,"Activated",3.6316572390412e-13
"FBP1",1.79195196456371e-09,0.126681359553443,1.30831425531803e-05,0.997114007811677,0.999999999999164,"EMP1","OE",FALSE,"Activated",3.6316572390412e-13
"LILRB4",1.79090896902078e-09,0.126515818547375,1.3067917046637e-05,0.997115687579848,0.999999999999164,"EMP1","OE",FALSE,"Activated",3.6316572390412e-13
"SGO1",1.78476169643329e-09,0.125538451110681,1.29783600895283e-05,0.997125587903172,0.999999999999164,"EMP1","OE",FALSE,"Activated",3.6316572390412e-13
"BUB1",1.77480380791251e-09,0.123949052170776,1.28339413349446e-05,0.997141625311689,0.999999999999164,"EMP1","OE",FALSE,"Activated",3.6316572390412e-13
"RNASE1",1.77335056558559e-09,0.123716454876012,1.28129326004982e-05,0.997143965791981,0.999999999999164,"EMP1","OE",FALSE,"Activated",3.6316572390412e-13
"MYCN",1.76732233381252e-09,0.12274985452512,1.27259694841085e-05,0.997153674398578,0.999999999999164,"EMP1","OE",FALSE,"Activated",3.6316572390412e-13
"ZC3H12D",1.75817315871464e-09,0.121277381599275,1.2594549488277e-05,0.997168409357336,0.999999999999164,"EMP1","OE",FALSE,"Activated",3.6316572390412e-13
"HOXD3",1.74838940086165e-09,0.119695453564483,1.24547689743423e-05,0.997184166327413,0.999999999999164,"EMP1","OE",FALSE,"Activated",3.6316572390412e-13
"LINC00621",1.74838939403677e-09,0.119695452458315,1.24547688771073e-05,0.997184166338404,0.999999999999164,"EMP1","OE",FALSE,"Activated",3.6316572390412e-13
"SRPK3",1.74838935343023e-09,0.119695445876859,1.24547682985804e-05,0.997184166403802,0.999999999999164,"EMP1","OE",FALSE,"Activated",3.6316572390412e-13
"LINC01783",1.74838933061008e-09,0.119695442178199,1.24547679734587e-05,0.997184166440555,0.999999999999164,"EMP1","OE",FALSE,"Activated",3.6316572390412e-13
"CCL4L2",1.74269823770525e-09,0.118771740753545,1.23738181764661e-05,0.99719333207884,0.999999999999164,"EMP1","OE",FALSE,"Activated",3.6316572390412e-13
"NEK2",1.73910269609364e-09,0.118186819935438,1.23228114323017e-05,0.997199122782926,0.999999999999164,"EMP1","OE",FALSE,"Activated",3.6316572390412e-13
"NKG7",1.73773687246508e-09,0.117964355283677,1.23034633191172e-05,0.997201322473949,0.999999999999164,"EMP1","OE",FALSE,"Activated",3.6316572390412e-13
"ZWINT",1.72753186056014e-09,0.116297381989809,1.2159381301384e-05,0.997217757885905,0.999999999999164,"EMP1","OE",FALSE,"Activated",3.6316572390412e-13
"SP5",1.72599709678458e-09,0.116045946886703,1.21377857653635e-05,0.997220229659205,0.999999999999164,"EMP1","OE",FALSE,"Activated",3.6316572390412e-13
"MAD2L1",1.71931488015677e-09,0.114948971276147,1.20439845531937e-05,0.997230991527176,0.999999999999164,"EMP1","OE",FALSE,"Activated",3.6316572390412e-13
"SERPINE2",1.71437546875129e-09,0.114135736122915,1.19748817485722e-05,0.997238946566429,0.999999999999164,"EMP1","OE",FALSE,"Activated",3.6316572390412e-13
"KIFC1",1.71086423817342e-09,0.113556410812438,1.19258802156948e-05,0.997244601486743,0.999999999999164,"EMP1","OE",FALSE,"Activated",3.6316572390412e-13
"LINC00472",1.71079230547847e-09,0.113544531778399,1.1924877397762e-05,0.99724471733606,0.999999999999164,"EMP1","OE",FALSE,"Activated",3.6316572390412e-13
"KCTD11",1.7104824545711e-09,0.113493357781911,1.19205582300112e-05,0.997245216358319,0.999999999999164,"EMP1","OE",FALSE,"Activated",3.6316572390412e-13
"FANCI",1.7088834569507e-09,0.113229145319312,1.18982814333188e-05,0.997247791582051,0.999999999999164,"EMP1","OE",FALSE,"Activated",3.6316572390412e-13
"UBE2S",1.70517050863754e-09,0.112614808672603,1.18466340133507e-05,0.997253771373806,0.999999999999164,"EMP1","OE",FALSE,"Activated",3.6316572390412e-13
"CDKN3",1.69085500089897e-09,0.110235350912455,1.16485556467911e-05,0.997276826841664,0.999999999999164,"EMP1","OE",FALSE,"Activated",3.6316572390412e-13
"HELLS",1.68781191269366e-09,0.109727306190121,1.16066647878114e-05,0.99728172780835,0.999999999999164,"EMP1","OE",FALSE,"Activated",3.6316572390412e-13
"CEP55",1.67698623138142e-09,0.107913531456121,1.14582512218779e-05,0.997299162829093,0.999999999999164,"EMP1","OE",FALSE,"Activated",3.6316572390412e-13
"CAV1",1.67606417806177e-09,0.107758581284161,1.14456545602215e-05,0.997300647818254,0.999999999999164,"EMP1","OE",FALSE,"Activated",3.6316572390412e-13
"CDCA5",1.66994185857865e-09,0.106727863930893,1.13621900104517e-05,0.997310507962014,0.999999999999164,"EMP1","OE",FALSE,"Activated",3.6316572390412e-13
"TFEC",1.64776465911829e-09,0.102966768964911,1.10624090721769e-05,0.997346224882126,0.999999999999164,"EMP1","OE",FALSE,"Activated",3.6316572390412e-13
"SLC7A2",1.64760534865465e-09,0.102939593610119,1.10602700867173e-05,0.997346481455528,0.999999999999164,"EMP1","OE",FALSE,"Activated",3.6316572390412e-13
"RPA3",1.64601541815865e-09,0.102668257355222,1.10389341812789e-05,0.997349042077541,0.999999999999164,"EMP1","OE",FALSE,"Activated",3.6316572390412e-13
"DEPDC1",1.64049462125991e-09,0.101724325317581,1.09650083733165e-05,0.997357933456402,0.999999999999164,"EMP1","OE",FALSE,"Activated",3.6316572390412e-13
"UBE2T",1.63573779636967e-09,0.100908817002069,1.090151166475e-05,0.997365594439863,0.999999999999164,"EMP1","OE",FALSE,"Activated",3.6316572390412e-13
"PLA2G7",1.62838437700134e-09,0.0996441183983147,1.08037170170728e-05,0.997377437303061,0.999999999999164,"EMP1","OE",FALSE,"Activated",3.6316572390412e-13
"CD2",1.6142837581869e-09,0.0972051522568366,1.06174225217997e-05,0.997400146698938,0.999999999999164,"EMP1","OE",FALSE,"Activated",3.6316572390412e-13
"TUBA1C",1.61286769649397e-09,0.0969592044284953,1.05988033281659e-05,0.997402427301488,0.999999999999164,"EMP1","OE",FALSE,"Activated",3.6316572390412e-13
"PKIB",1.61145957823774e-09,0.0967144516373436,1.05803047822356e-05,0.997404695110956,0.999999999999164,"EMP1","OE",FALSE,"Activated",3.6316572390412e-13
"TRIP13",1.60729687489197e-09,0.0959898298024376,1.05257135464916e-05,0.997411399248334,0.999999999999164,"EMP1","OE",FALSE,"Activated",3.6316572390412e-13
"STAC3",1.58326024048908e-09,0.0917737415205123,1.02132498778793e-05,0.997450110850042,0.999999999999164,"EMP1","OE",FALSE,"Activated",3.6316572390412e-13
"THBD",1.57965506625153e-09,0.0911366339031139,1.01667905237496e-05,0.997455917073964,0.999999999999164,"EMP1","OE",FALSE,"Activated",3.6316572390412e-13
"CENPW",1.57124443077581e-09,0.0896454174247003,1.00588156493235e-05,0.99746946261478,0.999999999999164,"EMP1","OE",FALSE,"Activated",3.6316572390412e-13
"IGFBP3",1.56447199498646e-09,0.0884396474041565,9.97229076583883e-06,0.997480369794164,0.999999999999164,"EMP1","OE",FALSE,"Activated",3.6316572390412e-13
"PECAM1",1.56175256376614e-09,0.0879542114414475,9.93765238397656e-06,0.99748474950716,0.999999999999164,"EMP1","OE",FALSE,"Activated",3.6316572390412e-13
"CADM1",1.55775674472386e-09,0.0872396087255911,9.886865514429e-06,0.997491184875274,0.999999999999164,"EMP1","OE",FALSE,"Activated",3.6316572390412e-13
"TNFSF9",1.55286407598135e-09,0.0863624609045885,9.82485687053771e-06,0.997499064642844,0.999999999999164,"EMP1","OE",FALSE,"Activated",3.6316572390412e-13
"NUF2",1.54966122939717e-09,0.085786970145607,9.78437031639254e-06,0.997504222908939,0.999999999999164,"EMP1","OE",FALSE,"Activated",3.6316572390412e-13
"KRTAP1-5",1.52687103602623e-09,0.0816621444697245,9.49869755662934e-06,0.997540927099507,0.999999999999164,"EMP1","OE",FALSE,"Activated",3.6316572390412e-13
"KRTAP2-3",1.52687101266169e-09,0.0816621402138223,9.49869726592664e-06,0.997540927137136,0.999999999999164,"EMP1","OE",FALSE,"Activated",3.6316572390412e-13
"SLCO2B1",1.52002488073143e-09,0.0804126863884414,9.41370836253038e-06,0.997551953009106,0.999999999999164,"EMP1","OE",FALSE,"Activated",3.6316572390412e-13
"CCNF",1.51658693116577e-09,0.0797834127832578,9.37117319727422e-06,0.997557489915689,0.999999999999164,"EMP1","OE",FALSE,"Activated",3.6316572390412e-13
"PCNA",1.51400474706936e-09,0.0793099673323468,9.33928911108623e-06,0.997561648589956,0.999999999999164,"EMP1","OE",FALSE,"Activated",3.6316572390412e-13
"CKS1B",1.49714805902752e-09,0.0762020666098116,9.13248251293128e-06,0.997588796723612,0.999999999999164,"EMP1","OE",FALSE,"Activated",3.6316572390412e-13
"CCRL2",1.49580368847404e-09,0.0759529058688718,9.11608877257108e-06,0.997590961867406,0.999999999999164,"EMP1","OE",FALSE,"Activated",3.6316572390412e-13
"TYMS",1.49007814035739e-09,0.0748895875093809,9.04643429637601e-06,0.997600183011983,0.999999999999164,"EMP1","OE",FALSE,"Activated",3.6316572390412e-13
"SCT",1.48278377816348e-09,0.0735298046933395,8.95808127451586e-06,0.997611930773014,0.999999999999164,"EMP1","OE",FALSE,"Activated",3.6316572390412e-13
"CDCA8",1.48212880434509e-09,0.0734074254728466,8.95016911236076e-06,0.997612985625498,0.999999999999164,"EMP1","OE",FALSE,"Activated",3.6316572390412e-13
"PLAUR",1.47978374622978e-09,0.0729688782685693,8.92186919365673e-06,0.997616762403032,0.999999999999164,"EMP1","OE",FALSE,"Activated",3.6316572390412e-13
"PDGFB",1.46001688048827e-09,0.0692482992613321,8.68510553809329e-06,0.997648597460299,0.999999999999164,"EMP1","OE",FALSE,"Activated",3.6316572390412e-13
"PRF1",1.45147008982328e-09,0.0676261382297789,8.5837197073817e-06,0.99766236229266,0.999999999999164,"EMP1","OE",FALSE,"Activated",3.6316572390412e-13
"PTTG1",1.44824058471271e-09,0.0670110420188692,8.5455648363855e-06,0.997667563496217,0.999999999999164,"EMP1","OE",FALSE,"Activated",3.6316572390412e-13
"PDLIM4",1.44801702081839e-09,0.0669684179804483,8.54292669419497e-06,0.997667923551796,0.999999999999164,"EMP1","OE",FALSE,"Activated",3.6316572390412e-13
"TINAGL1",1.44153431076706e-09,0.0657299698851108,8.46660528903913e-06,0.997678364128427,0.999999999999164,"EMP1","OE",FALSE,"Activated",3.6316572390412e-13
"CCL7",1.43527604575963e-09,0.0645298373901834,8.39325116605371e-06,0.997688443230734,0.999999999999164,"EMP1","OE",FALSE,"Activated",3.6316572390412e-13
"STAB1",1.42793257272691e-09,0.0631158325910188,8.30758410991217e-06,0.99770027008991,0.999999999999164,"EMP1","OE",FALSE,"Activated",3.6316572390412e-13
"TYROBP",1.42661133875667e-09,0.0628607605781119,8.29221758000512e-06,0.997702397972511,0.999999999999164,"EMP1","OE",FALSE,"Activated",3.6316572390412e-13
"AURKA",1.42227543185995e-09,0.0620222553039419,8.24188902253014e-06,0.997709381066501,0.999999999999164,"EMP1","OE",FALSE,"Activated",3.6316572390412e-13
"SLC51A",1.42041018159751e-09,0.0616608634407521,8.22028546432e-06,0.997712385101976,0.999999999999164,"EMP1","OE",FALSE,"Activated",3.6316572390412e-13
"CSPG4",1.41660649159135e-09,0.0609226299898546,8.17631851328734e-06,0.997718511046644,0.999999999999164,"EMP1","OE",FALSE,"Activated",3.6316572390412e-13
"ORC6",1.40056758829802e-09,0.0577908304176111,7.99222109473168e-06,0.997744342131607,0.999999999999164,"EMP1","OE",FALSE,"Activated",3.6316572390412e-13
"MYBL2",1.39511674002604e-09,0.0567194437737452,7.93013253704272e-06,0.997753120869836,0.999999999999164,"EMP1","OE",FALSE,"Activated",3.6316572390412e-13
"CTC1",1.38317541728318e-09,0.0543596605482012,7.79495961707422e-06,0.99777235269329,0.999999999999164,"EMP1","OE",FALSE,"Activated",3.6316572390412e-13
"NRARP",1.37293744220867e-09,0.0523224624291823,7.67999335496813e-06,0.997788841230256,0.999999999999164,"EMP1","OE",FALSE,"Activated",3.6316572390412e-13
"KNSTRN",1.36948351777604e-09,0.0516322310270111,7.64140055422937e-06,0.997794403869592,0.999999999999164,"EMP1","OE",FALSE,"Activated",3.6316572390412e-13
"TACC3",1.36874954017941e-09,0.0514853598629963,7.63321189950542e-06,0.997795585960509,0.999999999999164,"EMP1","OE",FALSE,"Activated",3.6316572390412e-13
"PDPN",1.36858264845349e-09,0.0514519548461467,7.63135057688026e-06,0.997795854744181,0.999999999999164,"EMP1","OE",FALSE,"Activated",3.6316572390412e-13
"AC079753.2",1.36137328984755e-09,0.0500055684956926,7.55116216503232e-06,0.997807465612903,0.999999999999164,"EMP1","OE",FALSE,"Activated",3.6316572390412e-13
"SAA1",1.35723700733035e-09,0.0491727388585064,7.50534623593894e-06,0.997814127208953,0.999999999999164,"EMP1","OE",FALSE,"Activated",3.6316572390412e-13
"SGCA",1.3558813838579e-09,0.0488993116585916,7.49036087625975e-06,0.997816310477642,0.999999999999164,"EMP1","OE",FALSE,"Activated",3.6316572390412e-13
"CSF1R",1.35485327228845e-09,0.048691785965137,7.47900589032532e-06,0.997817966279461,0.999999999999164,"EMP1","OE",FALSE,"Activated",3.6316572390412e-13
"C1QB",1.35156137204994e-09,0.0480263972412877,7.44270641513024e-06,0.997823267974951,0.999999999999164,"EMP1","OE",FALSE,"Activated",3.6316572390412e-13
"DUSP2",1.35089411386953e-09,0.0478913547402025,7.43535938531938e-06,0.997824342612537,0.999999999999164,"EMP1","OE",FALSE,"Activated",3.6316572390412e-13
"PLCG2",1.3199021128999e-09,0.0415548079061571,7.09811112578976e-06,0.99787425608374,0.999999999999164,"EMP1","OE",FALSE,"Activated",3.6316572390412e-13
"ANO5",1.31486542602544e-09,0.040512930987889,7.04404234180746e-06,0.997882367807473,0.999999999999164,"EMP1","OE",FALSE,"Activated",3.6316572390412e-13
"DSE",1.30835225935477e-09,0.0391605210391612,6.97443006001854e-06,0.997892857443142,0.999999999999164,"EMP1","OE",FALSE,"Activated",3.6316572390412e-13
"SLC20A1",1.30201637901219e-09,0.0378393440209316,6.90704429613628e-06,0.997903061554609,0.999999999999164,"EMP1","OE",FALSE,"Activated",3.6316572390412e-13
"KIF2C",1.29583461003003e-09,0.0365449514348744,6.8416128748899e-06,0.997913017465775,0.999999999999164,"EMP1","OE",FALSE,"Activated",3.6316572390412e-13
"DERL3",1.28813511306207e-09,0.0349253007257622,6.76055240461132e-06,0.9979254177206,0.999999999999164,"EMP1","OE",FALSE,"Activated",3.6316572390412e-13
"C1QA",1.28440804341277e-09,0.0341382828362457,6.7214872521236e-06,0.997931420270504,0.999999999999164,"EMP1","OE",FALSE,"Activated",3.6316572390412e-13
"KRT1",1.28291248327885e-09,0.0338219229361016,6.70584341379053e-06,0.997933828911959,0.999999999999164,"EMP1","OE",FALSE,"Activated",3.6316572390412e-13
"MNDA",1.2803636632404e-09,0.0332820309110244,6.67922428025042e-06,0.997937933858012,0.999999999999164,"EMP1","OE",FALSE,"Activated",3.6316572390412e-13
"GABBR2",1.2801419869776e-09,0.0332350315886233,6.67691166025815e-06,0.997938290873844,0.999999999999164,"EMP1","OE",FALSE,"Activated",3.6316572390412e-13
"CKB",1.27979606102925e-09,0.0331616751008081,6.67330361529071e-06,0.997938847997277,0.999999999999164,"EMP1","OE",FALSE,"Activated",3.6316572390412e-13
"MS4A4A",1.27099061069695e-09,0.0312886275144959,6.58179013819132e-06,0.997953029422102,0.999999999999164,"EMP1","OE",FALSE,"Activated",3.6316572390412e-13
"CD163",1.26217704406794e-09,0.0294026203670943,6.49082500240278e-06,0.997967223919098,0.999999999999164,"EMP1","OE",FALSE,"Activated",3.6316572390412e-13
"TMEM106C",1.26100956176569e-09,0.0291519411765097,6.47882285316737e-06,0.997969104182238,0.999999999999164,"EMP1","OE",FALSE,"Activated",3.6316572390412e-13
"IER5",1.2607571148316e-09,0.0290977100340748,6.4762290659343e-06,0.997969510755139,0.999999999999164,"EMP1","OE",FALSE,"Activated",3.6316572390412e-13
"RNF19B",1.26002434609287e-09,0.0289402421988152,6.4687031133903e-06,0.997970690899844,0.999999999999164,"EMP1","OE",FALSE,"Activated",3.6316572390412e-13
"ARC",1.25907060597359e-09,0.0287351706129198,6.45891421240991e-06,0.997972226925192,0.999999999999164,"EMP1","OE",FALSE,"Activated",3.6316572390412e-13
"SORBS2",1.25845515934794e-09,0.0286027672380641,6.45260138864991e-06,0.997973218119336,0.999999999999164,"EMP1","OE",FALSE,"Activated",3.6316572390412e-13
"TCOF1",1.25724630375241e-09,0.0283425389900221,6.44021077334521e-06,0.997975165015367,0.999999999999164,"EMP1","OE",FALSE,"Activated",3.6316572390412e-13
"EZR",1.24707960989829e-09,0.0261453975764975,6.33647466784878e-06,0.997991538763037,0.999999999999164,"EMP1","OE",FALSE,"Activated",3.6316572390412e-13
"FOXM1",1.24471873266447e-09,0.0256329765353506,6.31250590364736e-06,0.99799534102264,0.999999999999164,"EMP1","OE",FALSE,"Activated",3.6316572390412e-13
"FLNB",1.24392851164409e-09,0.0254612744092252,6.30449334418373e-06,0.997996613695968,0.999999999999164,"EMP1","OE",FALSE,"Activated",3.6316572390412e-13
"PLK3",1.23932194652052e-09,0.0244584675952185,6.25788570710436e-06,0.998004032699636,0.999999999999164,"EMP1","OE",FALSE,"Activated",3.6316572390412e-13
"WEE1",1.23862290654642e-09,0.0243060123908354,6.25082817285781e-06,0.998005158523338,0.999999999999164,"EMP1","OE",FALSE,"Activated",3.6316572390412e-13
"ATAD5",1.2384229183022e-09,0.0242623828614767,6.24880981646448e-06,0.998005480610078,0.999999999999164,"EMP1","OE",FALSE,"Activated",3.6316572390412e-13
"IL2RB",1.23813447515975e-09,0.0241994452737817,6.2458993140661e-06,0.99800594515594,0.999999999999164,"EMP1","OE",FALSE,"Activated",3.6316572390412e-13
"NEAT1",1.23694104064236e-09,0.023938906401027,6.23386430574832e-06,0.998007867216089,0.999999999999164,"EMP1","OE",FALSE,"Activated",3.6316572390412e-13
"TENT5C",1.23434473917459e-09,0.0233713582537042,6.20772238852719e-06,0.9980120486333,0.999999999999164,"EMP1","OE",FALSE,"Activated",3.6316572390412e-13
"SLC7A8",1.23148670879113e-09,0.0227454055944175,6.17900866102411e-06,0.998016651572423,0.999999999999164,"EMP1","OE",FALSE,"Activated",3.6316572390412e-13
"MRC1",1.22912141360113e-09,0.0222264219576673,6.15529562571544e-06,0.99802046094757,0.999999999999164,"EMP1","OE",FALSE,"Activated",3.6316572390412e-13
"LINC01871",1.22486649391254e-09,0.0212906536469649,6.11275311356012e-06,0.998027313616804,0.999999999999164,"EMP1","OE",FALSE,"Activated",3.6316572390412e-13
"PLK1",1.22184084297548e-09,0.0206235278117477,6.08259110955309e-06,0.998032186513823,0.999999999999164,"EMP1","OE",FALSE,"Activated",3.6316572390412e-13
"IL1B",1.22095959040347e-09,0.0204289526793214,6.07382013740389e-06,0.998033605796207,0.999999999999164,"EMP1","OE",FALSE,"Activated",3.6316572390412e-13
"TK1",1.22025570681118e-09,0.0202734525561818,6.06681903757096e-06,0.998034739420798,0.999999999999164,"EMP1","OE",FALSE,"Activated",3.6316572390412e-13
"FEN1",1.21970865083019e-09,0.0201525449805681,6.06138059434701e-06,0.998035620470053,0.999999999999164,"EMP1","OE",FALSE,"Activated",3.6316572390412e-13
"BTG2",1.21460778697368e-09,0.0190229223086847,6.010788796839e-06,0.998043835556844,0.999999999999164,"EMP1","OE",FALSE,"Activated",3.6316572390412e-13
"CDCP1",1.20516007877596e-09,0.0169198165733386,5.91764380214477e-06,0.998059051361028,0.999999999999164,"EMP1","OE",FALSE,"Activated",3.6316572390412e-13
"TRAF1",1.19753885738919e-09,0.0152129157959939,5.84303616607141e-06,0.998071325556495,0.999999999999164,"EMP1","OE",FALSE,"Activated",3.6316572390412e-13
"MCM3",1.19309590999472e-09,0.0142135183390645,5.79976050125068e-06,0.998078481050819,0.999999999999164,"EMP1","OE",FALSE,"Activated",3.6316572390412e-13
"DGKG",1.19250672455771e-09,0.0140807460660375,5.79403373501726e-06,0.998079429950891,0.999999999999164,"EMP1","OE",FALSE,"Activated",3.6316572390412e-13
"PPP1R14B",1.18292107610866e-09,0.0119126495218206,5.7012605048013e-06,0.998094867913466,0.999999999999164,"EMP1","OE",FALSE,"Activated",3.6316572390412e-13
"GINS2",1.17953367576755e-09,0.011142860362033,5.66865511683177e-06,0.99810032341933,0.999999999999164,"EMP1","OE",FALSE,"Activated",3.6316572390412e-13
"GPRC5A",1.17169205747797e-09,0.00935351011905019,5.5935344610642e-06,0.9981129525719,0.999999999999164,"EMP1","OE",FALSE,"Activated",3.6316572390412e-13
"ODC1",1.16763896322923e-09,0.00842459978383417,5.55490330288856e-06,0.998119480197347,0.999999999999164,"EMP1","OE",FALSE,"Activated",3.6316572390412e-13
"MCM4",1.16394770732029e-09,0.00757619644128352,5.51983739682146e-06,0.998125425071799,0.999999999999164,"EMP1","OE",FALSE,"Activated",3.6316572390412e-13
"DENND2C",1.16097884589376e-09,0.0068921450120201,5.49171459989677e-06,0.998130206509109,0.999999999999164,"EMP1","OE",FALSE,"Activated",3.6316572390412e-13
"UBE2C",1.1568371312742e-09,0.00593533501944569,5.45260183934091e-06,0.998136876860566,0.999999999999164,"EMP1","OE",FALSE,"Activated",3.6316572390412e-13
"LAPTM5",1.15618129058369e-09,0.00578355343453035,5.44642115169741e-06,0.998137933111022,0.999999999999164,"EMP1","OE",FALSE,"Activated",3.6316572390412e-13
"CRYAB",1.15474745344816e-09,0.00545146106450155,5.43292078003352e-06,0.998140242347331,0.999999999999164,"EMP1","OE",FALSE,"Activated",3.6316572390412e-13
"CLDN7",1.15371035403652e-09,0.00521103592731218,5.42316635500435e-06,0.998141912626034,0.999999999999164,"EMP1","OE",FALSE,"Activated",3.6316572390412e-13
"DTL",1.15334656687637e-09,0.00512665699134571,5.41974683599405e-06,0.998142498515816,0.999999999999164,"EMP1","OE",FALSE,"Activated",3.6316572390412e-13
"CD52",1.15267930039479e-09,0.00497182763360783,5.4134774814549e-06,0.998143573167858,0.999999999999164,"EMP1","OE",FALSE,"Activated",3.6316572390412e-13
"CXCL3",1.15197096738979e-09,0.004807384846572,5.40682625316004e-06,0.998144713958731,0.999999999999164,"EMP1","OE",FALSE,"Activated",3.6316572390412e-13
"CYB5D2",1.15082235104595e-09,0.00454054291754186,5.39604946618124e-06,0.998146563838715,0.999999999999164,"EMP1","OE",FALSE,"Activated",3.6316572390412e-13
"ZFAND2A",1.14774664152063e-09,0.00382487452044781,5.36724484238127e-06,0.99815151735829,0.999999999999164,"EMP1","OE",FALSE,"Activated",3.6316572390412e-13
"NPHP1",1.1475156536565e-09,0.00377106063710841,5.36508470768986e-06,0.998151889370961,0.999999999999164,"EMP1","OE",FALSE,"Activated",3.6316572390412e-13
"MXD1",1.14556563527037e-09,0.00331638697517763,5.34686600272584e-06,0.998155029932282,0.999999999999164,"EMP1","OE",FALSE,"Activated",3.6316572390412e-13
"CDC20",1.14026053711834e-09,0.00207604570818345,5.29745815105745e-06,0.998163573947284,0.999999999999164,"EMP1","OE",FALSE,"Activated",3.6316572390412e-13
"LINC01121",1.1391179366577e-09,0.00180825292769639,5.28684681219742e-06,0.998165414138614,0.999999999999164,"EMP1","OE",FALSE,"Activated",3.6316572390412e-13
"UCP2",1.13881720938597e-09,0.00173773259638369,5.28405572428647e-06,0.998165898468648,0.999999999999164,"EMP1","OE",FALSE,"Activated",3.6316572390412e-13
"C1QC",1.13190939839301e-09,0.00011342076701407,5.22014633886914e-06,0.998177023699724,0.999999999999164,"EMP1","OE",FALSE,"Activated",3.6316572390412e-13
"C11orf53",1.1292213855009e-09,-0.000520951961898463,5.19538259085898e-06,0.99818135282298,0.999999999999164,"EMP1","OE",FALSE,"Activated",3.6316572390412e-13
"DEPP1",1.11490737293255e-09,-0.00392115005874862,5.06450402979486e-06,0.99820440595911,0.999999999999164,"EMP1","OE",FALSE,"Activated",3.6316572390412e-13
"F3",1.09827394144158e-09,-0.0079198996706683,4.91451544937679e-06,0.998231194589172,0.999999999999164,"EMP1","OE",FALSE,"Activated",3.6316572390412e-13
"CCNB2",1.08187293011459e-09,-0.0119142120611353,4.76883015137716e-06,0.998257608901685,0.999999999999164,"EMP1","OE",FALSE,"Activated",3.6316572390412e-13
"LDLR",1.08000890692386e-09,-0.012371474252366,4.75241130610718e-06,0.998260610966137,0.999999999999164,"EMP1","OE",FALSE,"Activated",3.6316572390412e-13
"ACKR1",1.07933446014497e-09,-0.0125370898946682,4.74647756303184e-06,0.998261697182618,0.999999999999164,"EMP1","OE",FALSE,"Activated",3.6316572390412e-13
"IQCG",1.07926853700039e-09,-0.0125532826193087,4.74589777394415e-06,0.998261803353792,0.999999999999164,"EMP1","OE",FALSE,"Activated",3.6316572390412e-13
"ANKRD37",1.0785681113423e-09,-0.012725381078793,4.73973977007095e-06,0.99826293141003,0.999999999999164,"EMP1","OE",FALSE,"Activated",3.6316572390412e-13
"FERMT1",1.07769279387581e-09,-0.0129405868770887,4.73204977166817e-06,0.998264341134703,0.999999999999164,"EMP1","OE",FALSE,"Activated",3.6316572390412e-13
"FAM83D",1.07662582175551e-09,-0.0132031167724583,4.72268445747586e-06,0.998266059524873,0.999999999999164,"EMP1","OE",FALSE,"Activated",3.6316572390412e-13
"CD48",1.07650897205475e-09,-0.0132318814168817,4.72165937650944e-06,0.998266247714774,0.999999999999164,"EMP1","OE",FALSE,"Activated",3.6316572390412e-13
"AC108134.2",1.07642055492701e-09,-0.0132536486632655,4.72088379836426e-06,0.998266390113174,0.999999999999164,"EMP1","OE",FALSE,"Activated",3.6316572390412e-13
"MET",1.07041300894296e-09,-0.0147362569823287,4.6683359635158e-06,0.998276065443893,0.999999999999164,"EMP1","OE",FALSE,"Activated",3.6316572390412e-13
"LYAR",1.06961630039517e-09,-0.014933415762467,4.661389263511e-06,0.998277348566623,0.999999999999164,"EMP1","OE",FALSE,"Activated",3.6316572390412e-13
"DSG2",1.06625481176411e-09,-0.0157666681392352,4.63213655829357e-06,0.998282762343742,0.999999999999164,"EMP1","OE",FALSE,"Activated",3.6316572390412e-13
"TRIB3",1.06606682800306e-09,-0.015813332735053,4.63050338452866e-06,0.998283065097166,0.999999999999164,"EMP1","OE",FALSE,"Activated",3.6316572390412e-13
"SDC1",1.06420110791422e-09,-0.016276859082767,4.61430990918358e-06,0.99828606989473,0.999999999999164,"EMP1","OE",FALSE,"Activated",3.6316572390412e-13
"NPM3",1.06287250884968e-09,-0.0166073682575829,4.60279565508691e-06,0.998288209642961,0.999999999999164,"EMP1","OE",FALSE,"Activated",3.6316572390412e-13
"CD84",1.06238762211282e-09,-0.0167280798833319,4.59859698504689e-06,0.998288990567448,0.999999999999164,"EMP1","OE",FALSE,"Activated",3.6316572390412e-13
"FOLR2",1.06139471388002e-09,-0.0169754107308199,4.59000529774844e-06,0.998290589675642,0.999999999999164,"EMP1","OE",FALSE,"Activated",3.6316572390412e-13
"HMGA1",1.06034709094821e-09,-0.0172365871573165,4.58094887106203e-06,0.99829227690349,0.999999999999164,"EMP1","OE",FALSE,"Activated",3.6316572390412e-13
"EDN1",1.0591813957982e-09,-0.0175274609785693,4.57088225294875e-06,0.998294154290163,0.999999999999164,"EMP1","OE",FALSE,"Activated",3.6316572390412e-13
"ITGB4",1.05336625866434e-09,-0.0189826361614932,4.52082974752558e-06,0.998303519741427,0.999999999999164,"EMP1","OE",FALSE,"Activated",3.6316572390412e-13
"ITGB2",1.04854917654029e-09,-0.0201933114431078,4.47957645314214e-06,0.998311277795598,0.999999999999164,"EMP1","OE",FALSE,"Activated",3.6316572390412e-13
"CST7",1.04846936171621e-09,-0.0202134116077971,4.47889451469458e-06,0.99831140633975,0.999999999999164,"EMP1","OE",FALSE,"Activated",3.6316572390412e-13
"SLAMF7",1.04835237918346e-09,-0.0202428742847327,4.4778951088683e-06,0.998311594743603,0.999999999999164,"EMP1","OE",FALSE,"Activated",3.6316572390412e-13
"IGSF21",1.04043022600186e-09,-0.0222447352305375,4.41047401043479e-06,0.998324353607512,0.999999999999164,"EMP1","OE",FALSE,"Activated",3.6316572390412e-13
"RAP2B",1.03928821845524e-09,-0.0225343934167225,4.40079718596434e-06,0.998326192844752,0.999999999999164,"EMP1","OE",FALSE,"Activated",3.6316572390412e-13
"KCNK1",1.03813764173315e-09,-0.0228265026315629,4.39105849773048e-06,0.998328045882913,0.999999999999164,"EMP1","OE",FALSE,"Activated",3.6316572390412e-13
"IGKV4-1",1.03790590099978e-09,-0.022885370886219,4.38909830767673e-06,0.998328419108284,0.999999999999164,"EMP1","OE",FALSE,"Activated",3.6316572390412e-13
"GZMA",1.03753705230748e-09,-0.0229790915449809,4.38597928598755e-06,0.998329013150118,0.999999999999164,"EMP1","OE",FALSE,"Activated",3.6316572390412e-13
"UPP1",1.03616006896795e-09,-0.0233292227411005,4.37434517087649e-06,0.998331230822914,0.999999999999164,"EMP1","OE",FALSE,"Activated",3.6316572390412e-13
"DUSP6",1.03092945810337e-09,-0.0246628970929186,4.33029262174226e-06,0.998339654878056,0.999999999999164,"EMP1","OE",FALSE,"Activated",3.6316572390412e-13
"TM4SF1",1.03029719880371e-09,-0.0248245021766987,4.32498279534314e-06,0.998340673150569,0.999999999999164,"EMP1","OE",FALSE,"Activated",3.6316572390412e-13
"TNFSF13B",1.02714246018656e-09,-0.0256321309018148,4.29853741392998e-06,0.998345753951511,0.999999999999164,"EMP1","OE",FALSE,"Activated",3.6316572390412e-13
"IGHG4",1.02649508131677e-09,-0.0257981274196635,4.29312062814591e-06,0.99834679657456,0.999999999999164,"EMP1","OE",FALSE,"Activated",3.6316572390412e-13
"FAM83A",1.02615591552507e-09,-0.0258851300425987,4.29028410387909e-06,0.998347342811222,0.999999999999164,"EMP1","OE",FALSE,"Activated",3.6316572390412e-13
"HMGA2",1.02072611232441e-09,-0.0272813654963217,4.24500099367774e-06,0.998356087671946,0.999999999999164,"EMP1","OE",FALSE,"Activated",3.6316572390412e-13
"MCM7",1.01968557666313e-09,-0.0275496625002149,4.23635063495067e-06,0.998357763485824,0.999999999999164,"EMP1","OE",FALSE,"Activated",3.6316572390412e-13
"CSF3",1.01967710487241e-09,-0.0275518478780105,4.23628024202228e-06,0.998357777129897,0.999999999999164,"EMP1","OE",FALSE,"Activated",3.6316572390412e-13
"FOSL1",1.0185907107477e-09,-0.0278322231791322,4.22725813444256e-06,0.998359526800212,0.999999999999164,"EMP1","OE",FALSE,"Activated",3.6316572390412e-13
"NECTIN1",1.01585155225204e-09,-0.0285402877410179,4.20455311501792e-06,0.998363938297145,0.999999999999164,"EMP1","OE",FALSE,"Activated",3.6316572390412e-13
"F11R",1.01465031742602e-09,-0.0288513226305658,4.19461530581296e-06,0.998365872921885,0.999999999999164,"EMP1","OE",FALSE,"Activated",3.6316572390412e-13
"PPP1R14C",1.01376607651639e-09,-0.029080481363033,4.18730749893564e-06,0.998367297018415,0.999999999999164,"EMP1","OE",FALSE,"Activated",3.6316572390412e-13
"CREB5",1.01268444345495e-09,-0.0293610303527029,4.17837700862476e-06,0.998369039020939,0.999999999999164,"EMP1","OE",FALSE,"Activated",3.6316572390412e-13
"DDIT4",1.00687806243688e-09,-0.0308714918275734,4.13059964556505e-06,0.998378390372048,0.999999999999164,"EMP1","OE",FALSE,"Activated",3.6316572390412e-13
"C12orf75",1.00687584214183e-09,-0.0308720708454335,4.13058142858286e-06,0.9983783939479,0.999999999999164,"EMP1","OE",FALSE,"Activated",3.6316572390412e-13
"ACTG2",1.00639007377797e-09,-0.0309987780229727,4.12659678285409e-06,0.998379176292457,0.999999999999164,"EMP1","OE",FALSE,"Activated",3.6316572390412e-13
"CDH3",1.0006243977346e-09,-0.0325067290618151,4.0794491289306e-06,0.99838846208722,0.999999999999164,"EMP1","OE",FALSE,"Activated",3.6316572390412e-13
"APOBEC3A",9.9310662774827e-10,-0.0344842099084209,4.01838095312488e-06,0.998400569682329,0.999999999999164,"EMP1","OE",FALSE,"Activated",3.6316572390412e-13
"HIST3H2A",9.91694991779134e-10,-0.0348569658215769,4.00696534195963e-06,0.998402843164637,0.999999999999164,"EMP1","OE",FALSE,"Activated",3.6316572390412e-13
"HLA-DRB5",9.81830729277544e-10,-0.0374745569320902,3.92764825459077e-06,0.998418729857301,0.999999999999164,"EMP1","OE",FALSE,"Activated",3.6316572390412e-13
"MT1E",9.77276742804262e-10,-0.0386906624896203,3.89129784210212e-06,0.99842606419026,0.999999999999164,"EMP1","OE",FALSE,"Activated",3.6316572390412e-13
"CDA",9.73654807155028e-10,-0.0396613632683501,3.86250781271915e-06,0.99843189742727,0.999999999999164,"EMP1","OE",FALSE,"Activated",3.6316572390412e-13
"MYOZ1",9.72360819731369e-10,-0.0400089143976723,3.85224808760716e-06,0.99843398143321,0.999999999999164,"EMP1","OE",FALSE,"Activated",3.6316572390412e-13
"PLEK",9.69273216462573e-10,-0.0408398246164557,3.82782232035162e-06,0.998438954111837,0.999999999999164,"EMP1","OE",FALSE,"Activated",3.6316572390412e-13
"NLRP3",9.69037175821263e-10,-0.0409034397395951,3.82595821927945e-06,0.998439334262445,0.999999999999164,"EMP1","OE",FALSE,"Activated",3.6316572390412e-13
"BCAR3",9.66457932403872e-10,-0.0415994412285086,3.80561855618857e-06,0.998443488212178,0.999999999999164,"EMP1","OE",FALSE,"Activated",3.6316572390412e-13
"DIO3",9.65459103049096e-10,-0.0418694025574439,3.7977564461928e-06,0.998445096857152,0.999999999999164,"EMP1","OE",FALSE,"Activated",3.6316572390412e-13
"LYPD3",9.65362018906855e-10,-0.0418956550725197,3.79699269889788e-06,0.998445253214108,0.999999999999164,"EMP1","OE",FALSE,"Activated",3.6316572390412e-13
"FOXD1",9.63784446613739e-10,-0.0423225654872246,3.78459292352437e-06,0.998447793942154,0.999999999999164,"EMP1","OE",FALSE,"Activated",3.6316572390412e-13
"PKMYT1",9.60177763058829e-10,-0.0433008452664002,3.7563204423789e-06,0.998453602615513,0.999999999999164,"EMP1","OE",FALSE,"Activated",3.6316572390412e-13
"MT1X",9.59106700696744e-10,-0.0435919709858367,3.74794489013382e-06,0.99845532759398,0.999999999999164,"EMP1","OE",FALSE,"Activated",3.6316572390412e-13
"IGHG3",9.56737765858816e-10,-0.0442368682705584,3.72945336594945e-06,0.998459142835515,0.999999999999164,"EMP1","OE",FALSE,"Activated",3.6316572390412e-13
"LAMB3",9.56438913466296e-10,-0.0443183228619252,3.72712382064197e-06,0.998459624146376,0.999999999999164,"EMP1","OE",FALSE,"Activated",3.6316572390412e-13
"IRF6",9.52011217113724e-10,-0.0455277038865559,3.69269532934641e-06,0.998466755085987,0.999999999999164,"EMP1","OE",FALSE,"Activated",3.6316572390412e-13
"HIST1H2BN",9.4929102884811e-10,-0.04627310224691,3.67162314921495e-06,0.998471136031964,0.999999999999164,"EMP1","OE",FALSE,"Activated",3.6316572390412e-13
"MT2A",9.48620942174751e-10,-0.0464570050096426,3.66644151929245e-06,0.99847221522695,0.999999999999164,"EMP1","OE",FALSE,"Activated",3.6316572390412e-13
"C19orf48",9.4604272684406e-10,-0.0471656322310302,3.64653888055476e-06,0.998476367521248,0.999999999999164,"EMP1","OE",FALSE,"Activated",3.6316572390412e-13
"PERP",9.45829096543868e-10,-0.0472244235541456,3.64489218275234e-06,0.998476711579354,0.999999999999164,"EMP1","OE",FALSE,"Activated",3.6316572390412e-13
"C1QBP",9.44215728461155e-10,-0.0476687944112213,3.63246808352517e-06,0.998479309957802,0.999999999999164,"EMP1","OE",FALSE,"Activated",3.6316572390412e-13
"CTNNAL1",9.38832855605857e-10,-0.049156151305631,3.59116951551422e-06,0.998487979238641,0.999999999999164,"EMP1","OE",FALSE,"Activated",3.6316572390412e-13
"LY6K",9.38279896579023e-10,-0.0493093569751878,3.58694046708713e-06,0.998488869796022,0.999999999999164,"EMP1","OE",FALSE,"Activated",3.6316572390412e-13
"KLF5",9.38130275627428e-10,-0.0493508251013347,3.58579658953517e-06,0.998489110765129,0.999999999999164,"EMP1","OE",FALSE,"Activated",3.6316572390412e-13
"ATP1A2",9.3795852798957e-10,-0.0493984327664906,3.58448377459526e-06,0.998489387369939,0.999999999999164,"EMP1","OE",FALSE,"Activated",3.6316572390412e-13
"PLEK2",9.37706225124458e-10,-0.0494683836019906,3.58255564266909e-06,0.998489793711401,0.999999999999164,"EMP1","OE",FALSE,"Activated",3.6316572390412e-13
"AL109615.2",9.36247715469482e-10,-0.0498730728450561,3.5714196851192e-06,0.998492142685706,0.999999999999164,"EMP1","OE",FALSE,"Activated",3.6316572390412e-13
"DOK2",9.31427266836319e-10,-0.0512144681263177,3.53473809896058e-06,0.998499906165417,0.999999999999164,"EMP1","OE",FALSE,"Activated",3.6316572390412e-13
"OCIAD2",9.26118959664762e-10,-0.052698560624493,3.49456317880635e-06,0.998508455356365,0.999999999999164,"EMP1","OE",FALSE,"Activated",3.6316572390412e-13
"SLC43A3",9.18343565699508e-10,-0.0548856885279184,3.43613106664073e-06,0.998520977866308,0.999999999999164,"EMP1","OE",FALSE,"Activated",3.6316572390412e-13
"NDRG2",9.14616213660854e-10,-0.0559398137384397,3.40829469064122e-06,0.99852698088097,0.999999999999164,"EMP1","OE",FALSE,"Activated",3.6316572390412e-13
"SDC4",9.08262842879254e-10,-0.05774516264662,3.36110779542412e-06,0.998537213179469,0.999999999999164,"EMP1","OE",FALSE,"Activated",3.6316572390412e-13
"NEURL1",9.05141089356235e-10,-0.0586362189438757,3.33804284583666e-06,0.998542240859348,0.999999999999164,"EMP1","OE",FALSE,"Activated",3.6316572390412e-13
"TGFA",9.03821158698747e-10,-0.0590137696551046,3.32831447839199e-06,0.998544366648209,0.999999999999164,"EMP1","OE",FALSE,"Activated",3.6316572390412e-13
"NLRP1",9.03429038607712e-10,-0.0591260225712602,3.32542714640807e-06,0.99854499816966,0.999999999999164,"EMP1","OE",FALSE,"Activated",3.6316572390412e-13
"PTHLH",9.02327579924866e-10,-0.0594415639005559,3.31732338264408e-06,0.998546772102706,0.999999999999164,"EMP1","OE",FALSE,"Activated",3.6316572390412e-13
"MCM6",9.02192399510312e-10,-0.059480312694786,3.31632950066776e-06,0.998546989814917,0.999999999999164,"EMP1","OE",FALSE,"Activated",3.6316572390412e-13
"MMP10",9.01326211685396e-10,-0.0597287199557352,3.3099645938579e-06,0.998548384837024,0.999999999999164,"EMP1","OE",FALSE,"Activated",3.6316572390412e-13
"CRADD",8.99971109495414e-10,-0.0601177521899631,3.3000193188594e-06,0.998550567270748,0.999999999999164,"EMP1","OE",FALSE,"Activated",3.6316572390412e-13
"NEDD4L",8.99680568487816e-10,-0.0602012284589331,3.29788894786667e-06,0.998551035195972,0.999999999999164,"EMP1","OE",FALSE,"Activated",3.6316572390412e-13
"HBEGF",8.99397228367282e-10,-0.0602826581981016,3.29581203936454e-06,0.998551491523946,0.999999999999164,"EMP1","OE",FALSE,"Activated",3.6316572390412e-13
"ASS1",8.99144579671597e-10,-0.0603552861102341,3.29396065349692e-06,0.998551898422437,0.999999999999164,"EMP1","OE",FALSE,"Activated",3.6316572390412e-13
"DUSP4",8.9784053929711e-10,-0.0607304333063577,3.2844130392338e-06,0.998553998619555,0.999999999999164,"EMP1","OE",FALSE,"Activated",3.6316572390412e-13
"EPHA2",8.9562277259899e-10,-0.0613695217046066,3.26820734274645e-06,0.998557570401034,0.999999999999164,"EMP1","OE",FALSE,"Activated",3.6316572390412e-13
"GATA3",8.95041542664174e-10,-0.0615372388647872,3.26396679948156e-06,0.998558506489725,0.999999999999164,"EMP1","OE",FALSE,"Activated",3.6316572390412e-13
"SLC6A8",8.94693935529102e-10,-0.0616375877162211,3.26143203930317e-06,0.998559066321711,0.999999999999164,"EMP1","OE",FALSE,"Activated",3.6316572390412e-13
"HIST1H4C",8.93958580589426e-10,-0.0618499841938922,3.2560730568138e-06,0.998560250633469,0.999999999999164,"EMP1","OE",FALSE,"Activated",3.6316572390412e-13
"NDRG1",8.91856502886695e-10,-0.062457970011957,3.24077822877769e-06,0.99856363609431,0.999999999999164,"EMP1","OE",FALSE,"Activated",3.6316572390412e-13
"CD70",8.89357214911686e-10,-0.0631824505591117,3.22264013358412e-06,0.998567661274553,0.999999999999164,"EMP1","OE",FALSE,"Activated",3.6316572390412e-13
"KRT17",8.89335765004649e-10,-0.0631886759366514,3.22248468536484e-06,0.998567695820289,0.999999999999164,"EMP1","OE",FALSE,"Activated",3.6316572390412e-13
"LILRB2",8.87120650798595e-10,-0.0638322633379192,3.20645186136112e-06,0.998571263329958,0.999999999999164,"EMP1","OE",FALSE,"Activated",3.6316572390412e-13
"VEGFC",8.86717849932717e-10,-0.0639494433767479,3.20354071648922e-06,0.998571912053165,0.999999999999164,"EMP1","OE",FALSE,"Activated",3.6316572390412e-13
"CD74",8.86554644571712e-10,-0.0639969350106094,3.2023615659763e-06,0.998572174900428,0.999999999999164,"EMP1","OE",FALSE,"Activated",3.6316572390412e-13
"TSTD1",8.84662542625016e-10,-0.0645480743862153,3.18870706928986e-06,0.998575222188931,0.999999999999164,"EMP1","OE",FALSE,"Activated",3.6316572390412e-13
"CDK6",8.83579461227004e-10,-0.064864016248303,3.18090405960798e-06,0.998576966524914,0.999999999999164,"EMP1","OE",FALSE,"Activated",3.6316572390412e-13
"ITGA6",8.81586025615993e-10,-0.0654463878623114,3.16656743262392e-06,0.998580177014442,0.999999999999164,"EMP1","OE",FALSE,"Activated",3.6316572390412e-13
"ATP1B1",8.7830092654634e-10,-0.0664085930624789,3.14301191843849e-06,0.998585467767854,0.999999999999164,"EMP1","OE",FALSE,"Activated",3.6316572390412e-13
"VEGFA",8.77801581440493e-10,-0.0665551226721026,3.13943910773442e-06,0.99858627197856,0.999999999999164,"EMP1","OE",FALSE,"Activated",3.6316572390412e-13
"C16orf74",8.77311596212936e-10,-0.0666989755352296,3.13593524196867e-06,0.998587061114894,0.999999999999164,"EMP1","OE",FALSE,"Activated",3.6316572390412e-13
"PLSCR3",8.76633619880518e-10,-0.066898134211763,3.1310902852297e-06,0.998588153016708,0.999999999999164,"EMP1","OE",FALSE,"Activated",3.6316572390412e-13
"EREG",8.76530605773909e-10,-0.0669284066977434,3.13035445327037e-06,0.998588318924107,0.999999999999164,"EMP1","OE",FALSE,"Activated",3.6316572390412e-13
"SERPINB5",8.75000338121314e-10,-0.0673784639268186,3.11943390209317e-06,0.998590783467414,0.999999999999164,"EMP1","OE",FALSE,"Activated",3.6316572390412e-13
"CDKN2A",8.71652269061583e-10,-0.0683655136787276,3.09560739996376e-06,0.998596175636066,0.999999999999164,"EMP1","OE",FALSE,"Activated",3.6316572390412e-13
"SPINT2",8.70551804088078e-10,-0.0686906571229793,3.08779589712613e-06,0.998597947968916,0.999999999999164,"EMP1","OE",FALSE,"Activated",3.6316572390412e-13
"CBLN1",8.63265010307404e-10,-0.0708525967630673,3.03632057945828e-06,0.998609683575675,0.999999999999164,"EMP1","OE",FALSE,"Activated",3.6316572390412e-13
"CYSLTR1",8.63264837099727e-10,-0.0708526483391816,3.03631936102831e-06,0.998609683854632,0.999999999999164,"EMP1","OE",FALSE,"Activated",3.6316572390412e-13
"CTNNA3",8.63264785607809e-10,-0.0708526636719509,3.0363189988083e-06,0.998609683937561,0.999999999999164,"EMP1","OE",FALSE,"Activated",3.6316572390412e-13
"RANBP3L",8.63264783210247e-10,-0.0708526643858739,3.03631898194264e-06,0.998609683941422,0.999999999999164,"EMP1","OE",FALSE,"Activated",3.6316572390412e-13
"KCNA5",8.63264782421425e-10,-0.0708526646207616,3.03631897639367e-06,0.998609683942693,0.999999999999164,"EMP1","OE",FALSE,"Activated",3.6316572390412e-13
"HBZ",8.63264779087225e-10,-0.0708526656135879,3.03631895293923e-06,0.998609683948062,0.999999999999164,"EMP1","OE",FALSE,"Activated",3.6316572390412e-13
"PGAM2",8.63264775985892e-10,-0.070852666537073,3.0363189311229e-06,0.998609683953057,0.999999999999164,"EMP1","OE",FALSE,"Activated",3.6316572390412e-13
"CSDC2",8.63264753892085e-10,-0.070852673115955,3.03631877570397e-06,0.99860968398864,0.999999999999164,"EMP1","OE",FALSE,"Activated",3.6316572390412e-13
"CCL20",8.5991119279961e-10,-0.0718529401561794,3.01277396558997e-06,0.998615085002604,0.999999999999164,"EMP1","OE",FALSE,"Activated",3.6316572390412e-13
"CLEC2D",8.56265927960446e-10,-0.07294403439214,2.98728509804147e-06,0.998620955814555,0.999999999999164,"EMP1","OE",FALSE,"Activated",3.6316572390412e-13
"FSTL3",8.48016840953294e-10,-0.0754279936667453,2.93000458705971e-06,0.998634241225006,0.999999999999164,"EMP1","OE",FALSE,"Activated",3.6316572390412e-13
"LAMC2",8.42948739593495e-10,-0.0769644437866563,2.8950873874412e-06,0.998642403559609,0.999999999999164,"EMP1","OE",FALSE,"Activated",3.6316572390412e-13
"RERGL",8.37373146792737e-10,-0.0786639702342719,2.85691556641642e-06,0.998651383225099,0.999999999999164,"EMP1","OE",FALSE,"Activated",3.6316572390412e-13
"CYP27B1",8.36597388692323e-10,-0.0789012055970691,2.85162461864265e-06,0.998652632607643,0.999999999999164,"EMP1","OE",FALSE,"Activated",3.6316572390412e-13
"DHCR7",8.35834821333026e-10,-0.0791345919448819,2.84642841597885e-06,0.998653860746092,0.999999999999164,"EMP1","OE",FALSE,"Activated",3.6316572390412e-13
"ATP1B2",8.3550954784599e-10,-0.0792341988456114,2.84421341483869e-06,0.99865438460916,0.999999999999164,"EMP1","OE",FALSE,"Activated",3.6316572390412e-13
"SOWAHC",8.34373926760321e-10,-0.0795822167382638,2.8364869833025e-06,0.998656213562245,0.999999999999164,"EMP1","OE",FALSE,"Activated",3.6316572390412e-13
"ITGA2",8.34342437113363e-10,-0.079591872745015,2.83627288675573e-06,0.998656264277302,0.999999999999164,"EMP1","OE",FALSE,"Activated",3.6316572390412e-13
"ITGB8",8.32263315356693e-10,-0.0802301121201219,2.82215492030137e-06,0.998659612767586,0.999999999999164,"EMP1","OE",FALSE,"Activated",3.6316572390412e-13
"SQLE",8.30564129120085e-10,-0.0807527418654109,2.81064300696472e-06,0.998662349359911,0.999999999999164,"EMP1","OE",FALSE,"Activated",3.6316572390412e-13
"LINC00958",8.28741435917551e-10,-0.0813143848641779,2.79832049382948e-06,0.998665284864066,0.999999999999164,"EMP1","OE",FALSE,"Activated",3.6316572390412e-13
"FRMD4B",8.28065693175401e-10,-0.0815228781433712,2.79375894119394e-06,0.998666373168798,0.999999999999164,"EMP1","OE",FALSE,"Activated",3.6316572390412e-13
"SAMD9",8.2793762666281e-10,-0.0815624082397819,2.79289485685774e-06,0.998666579423905,0.999999999999164,"EMP1","OE",FALSE,"Activated",3.6316572390412e-13
"CDH1",8.25236206425333e-10,-0.0823974819986997,2.77469910449449e-06,0.998670930145356,0.999999999999164,"EMP1","OE",FALSE,"Activated",3.6316572390412e-13
"SLC3A2",8.24231060295501e-10,-0.0827087982459402,2.76794399718645e-06,0.998672548964522,0.999999999999164,"EMP1","OE",FALSE,"Activated",3.6316572390412e-13
"ALOX5AP",8.23461825876996e-10,-0.0829472684570926,2.76277990102486e-06,0.998673787840528,0.999999999999164,"EMP1","OE",FALSE,"Activated",3.6316572390412e-13
"IL1RL1",8.22838961491233e-10,-0.0831405032348024,2.75860196263452e-06,0.998674790983038,0.999999999999164,"EMP1","OE",FALSE,"Activated",3.6316572390412e-13
"COX6B2",8.22369620277748e-10,-0.0832861929461062,2.7554558881234e-06,0.998675546871694,0.999999999999164,"EMP1","OE",FALSE,"Activated",3.6316572390412e-13
"COL17A1",8.2152735324737e-10,-0.0835478235455621,2.74981452905634e-06,0.998676903369007,0.999999999999164,"EMP1","OE",FALSE,"Activated",3.6316572390412e-13
"KRT6A",8.1713952545077e-10,-0.0849145508179442,2.72051911795581e-06,0.998683970102541,0.999999999999164,"EMP1","OE",FALSE,"Activated",3.6316572390412e-13
"S100A2",8.1673626986804e-10,-0.0850404746187039,2.71783464660356e-06,0.99868461955824,0.999999999999164,"EMP1","OE",FALSE,"Activated",3.6316572390412e-13
"TMEM154",8.16719856468818e-10,-0.0850456011323113,2.71772541071315e-06,0.998684645992532,0.999999999999164,"EMP1","OE",FALSE,"Activated",3.6316572390412e-13
"TP63",8.16006278917903e-10,-0.0852685637708514,2.71297846932443e-06,0.998685795231447,0.999999999999164,"EMP1","OE",FALSE,"Activated",3.6316572390412e-13
"GALNT3",8.13299005622773e-10,-0.0861160026127543,2.69500657271186e-06,0.998690155379604,0.999999999999164,"EMP1","OE",FALSE,"Activated",3.6316572390412e-13
"DSC3",8.12349503907267e-10,-0.0864137944283778,2.68871757046333e-06,0.998691684581767,0.999999999999164,"EMP1","OE",FALSE,"Activated",3.6316572390412e-13
"HMGCS1",8.11525905178686e-10,-0.0866723424010818,2.68326843356523e-06,0.998693011013242,0.999999999999164,"EMP1","OE",FALSE,"Activated",3.6316572390412e-13
"BNIP3",8.03724755797765e-10,-0.0891325969176178,2.63192819674797e-06,0.998705575008145,0.999999999999164,"EMP1","OE",FALSE,"Activated",3.6316572390412e-13
"DMKN",8.03196004116947e-10,-0.0893000934380045,2.62846636809262e-06,0.998706426579265,0.999999999999164,"EMP1","OE",FALSE,"Activated",3.6316572390412e-13
"ID1",7.98220305897604e-10,-0.0908809538644221,2.59600120226183e-06,0.998714440096945,0.999999999999164,"EMP1","OE",FALSE,"Activated",3.6316572390412e-13
"MMP12",7.91678820064245e-10,-0.0929722638171274,2.55362663053701e-06,0.99872497536477,0.999999999999164,"EMP1","OE",FALSE,"Activated",3.6316572390412e-13
"AC091182.1",7.8861265231357e-10,-0.0939576469508781,2.53388457114321e-06,0.998729913524046,0.999999999999164,"EMP1","OE",FALSE,"Activated",3.6316572390412e-13
"IL1RN",7.83553321096347e-10,-0.0955908216016213,2.50147667407863e-06,0.998738061735671,0.999999999999164,"EMP1","OE",FALSE,"Activated",3.6316572390412e-13
"DSC2",7.78652071328292e-10,-0.0971816570373804,2.47028028606168e-06,0.998745955352289,0.999999999999164,"EMP1","OE",FALSE,"Activated",3.6316572390412e-13
"CYB5R1",7.77703793151944e-10,-0.0974904427837927,2.46426710877451e-06,0.998747482584076,0.999999999999164,"EMP1","OE",FALSE,"Activated",3.6316572390412e-13
"TROAP",7.77579054823494e-10,-0.0975310851996351,2.46347666924932e-06,0.998747683479072,0.999999999999164,"EMP1","OE",FALSE,"Activated",3.6316572390412e-13
"IL1A",7.77168190426534e-10,-0.0976649933572915,2.46087400796621e-06,0.99874834518909,0.999999999999164,"EMP1","OE",FALSE,"Activated",3.6316572390412e-13
"DAPP1",7.75830216962074e-10,-0.0981014864438854,2.45240801590773e-06,0.998750500037389,0.999999999999164,"EMP1","OE",FALSE,"Activated",3.6316572390412e-13
"AIFM1",7.75649667219575e-10,-0.0981604376682804,2.45126670920313e-06,0.998750790818422,0.999999999999164,"EMP1","OE",FALSE,"Activated",3.6316572390412e-13
"SLC2A1",7.73604352292107e-10,-0.0988290797887851,2.43835623584918e-06,0.99875408486239,0.999999999999164,"EMP1","OE",FALSE,"Activated",3.6316572390412e-13
"HCAR2",7.7209692883356e-10,-0.0993228536006529,2.42886287077181e-06,0.998756512615256,0.999999999999164,"EMP1","OE",FALSE,"Activated",3.6316572390412e-13
"RGS12",7.67749733715364e-10,-0.100751494761187,2.40158905167708e-06,0.998763513909714,0.999999999999164,"EMP1","OE",FALSE,"Activated",3.6316572390412e-13
"IGFBP6",7.66206981277748e-10,-0.101260173886835,2.39194701692855e-06,0.998765998561058,0.999999999999164,"EMP1","OE",FALSE,"Activated",3.6316572390412e-13
"SORL1",7.64512841079514e-10,-0.101819786787951,2.38138116792901e-06,0.998768727027167,0.999999999999164,"EMP1","OE",FALSE,"Activated",3.6316572390412e-13
"IL23A",7.61786321273264e-10,-0.102722666281016,2.36442578241232e-06,0.998773118173157,0.999999999999164,"EMP1","OE",FALSE,"Activated",3.6316572390412e-13
"TNFSF10",7.6083218919595e-10,-0.103039282398048,2.35850663783258e-06,0.998774654832917,0.999999999999164,"EMP1","OE",FALSE,"Activated",3.6316572390412e-13
"MS4A1",7.60245683294158e-10,-0.103234076500072,2.35487181555388e-06,0.998775599419145,0.999999999999164,"EMP1","OE",FALSE,"Activated",3.6316572390412e-13
"LTC4S",7.60166707945401e-10,-0.103260316192936,2.3543825864343e-06,0.998775726611432,0.999999999999164,"EMP1","OE",FALSE,"Activated",3.6316572390412e-13
"NTRK3",7.59618810856915e-10,-0.103442420643668,2.35098992407269e-06,0.998776609016952,0.999999999999164,"EMP1","OE",FALSE,"Activated",3.6316572390412e-13
"CLSTN2",7.59284285974009e-10,-0.103553662282124,2.34891969767983e-06,0.998777147779814,0.999999999999164,"EMP1","OE",FALSE,"Activated",3.6316572390412e-13
"TNS4",7.58823783443754e-10,-0.103706865167417,2.3460713430753e-06,0.998777889433647,0.999999999999164,"EMP1","OE",FALSE,"Activated",3.6316572390412e-13
"DSP",7.57342599854908e-10,-0.104200178621715,2.33692146934524e-06,0.998780274926488,0.999999999999164,"EMP1","OE",FALSE,"Activated",3.6316572390412e-13
"LINC01133",7.56027845150853e-10,-0.104638759466969,2.32881467179297e-06,0.998782392380376,0.999999999999164,"EMP1","OE",FALSE,"Activated",3.6316572390412e-13
"SPRR2D",7.53563245470055e-10,-0.105462684035777,2.31365586359264e-06,0.99878636169586,0.999999999999164,"EMP1","OE",FALSE,"Activated",3.6316572390412e-13
"HK2",7.51245623139305e-10,-0.106239595139027,2.29944621444365e-06,0.998790094299716,0.999999999999164,"EMP1","OE",FALSE,"Activated",3.6316572390412e-13
"MTSS1",7.50253176922165e-10,-0.106572913825154,2.29337477991396e-06,0.998791692665657,0.999999999999164,"EMP1","OE",FALSE,"Activated",3.6316572390412e-13
"CARNS1",7.49976676656821e-10,-0.106665845689511,2.291684678746e-06,0.998792137978057,0.999999999999164,"EMP1","OE",FALSE,"Activated",3.6316572390412e-13
"HCST",7.48761967543604e-10,-0.107074460116128,2.28426717897919e-06,0.998794094305411,0.999999999999164,"EMP1","OE",FALSE,"Activated",3.6316572390412e-13
"ADAM8",7.41232509587608e-10,-0.109620107300677,2.23855754777826e-06,0.998806220735185,0.999999999999164,"EMP1","OE",FALSE,"Activated",3.6316572390412e-13
"EGR4",7.40439128691636e-10,-0.10988963906185,2.23376801607111e-06,0.998807498500184,0.999999999999164,"EMP1","OE",FALSE,"Activated",3.6316572390412e-13
"LDB3",7.33119864902839e-10,-0.112387990331917,2.18982455365837e-06,0.998819286405908,0.999999999999164,"EMP1","OE",FALSE,"Activated",3.6316572390412e-13
"CTLA4",7.28031648915622e-10,-0.114137495282627,2.15953309850738e-06,0.998827481138766,0.999999999999164,"EMP1","OE",FALSE,"Activated",3.6316572390412e-13
"TSPAN1",7.24670951721752e-10,-0.115298807155632,2.13964169426385e-06,0.99883289364801,0.999999999999164,"EMP1","OE",FALSE,"Activated",3.6316572390412e-13
"KDM7A-DT",7.22601628729057e-10,-0.116016186878154,2.12743949919286e-06,0.99883622635824,0.999999999999164,"EMP1","OE",FALSE,"Activated",3.6316572390412e-13
"CLDN5",7.15362311849494e-10,-0.118539878789027,2.08502591947569e-06,0.998847885507554,0.999999999999164,"EMP1","OE",FALSE,"Activated",3.6316572390412e-13
"EHF",7.15046769254289e-10,-0.118650379613069,2.08318693696997e-06,0.998848393698911,0.999999999999164,"EMP1","OE",FALSE,"Activated",3.6316572390412e-13
"CSF2",7.14982921266282e-10,-0.118672743846905,2.08281492953762e-06,0.998848496528121,0.999999999999164,"EMP1","OE",FALSE,"Activated",3.6316572390412e-13
"TMEM265",7.09369942903905e-10,-0.120645579067952,2.05024098839303e-06,0.998857536407879,0.999999999999164,"EMP1","OE",FALSE,"Activated",3.6316572390412e-13
"SLC7A1",7.08268378058491e-10,-0.121034332689334,2.04387838492103e-06,0.998859310513034,0.999999999999164,"EMP1","OE",FALSE,"Activated",3.6316572390412e-13
"TSPAN8",7.07907492852629e-10,-0.121161806136194,2.04179607381453e-06,0.998859891730116,0.999999999999164,"EMP1","OE",FALSE,"Activated",3.6316572390412e-13
"PRRG4",7.06869253463725e-10,-0.121528850182889,2.03581134108306e-06,0.998861563847619,0.999999999999164,"EMP1","OE",FALSE,"Activated",3.6316572390412e-13
"CDC6",7.04726481113607e-10,-0.12228784613047,2.02348751056366e-06,0.998865014850545,0.999999999999164,"EMP1","OE",FALSE,"Activated",3.6316572390412e-13
"NQO1",7.04345317775166e-10,-0.122423067128735,2.02129922703604e-06,0.99886562872621,0.999999999999164,"EMP1","OE",FALSE,"Activated",3.6316572390412e-13
"RHOD",7.03563319559415e-10,-0.122700685314466,2.01681343039388e-06,0.99886688815918,0.999999999999164,"EMP1","OE",FALSE,"Activated",3.6316572390412e-13
"SERPINB7",7.00250196852062e-10,-0.123879839462858,1.99786355813392e-06,0.998872224048586,0.999999999999164,"EMP1","OE",FALSE,"Activated",3.6316572390412e-13
"KRT5",6.98816355979839e-10,-0.124391640699842,1.98969023486813e-06,0.998874533294892,0.999999999999164,"EMP1","OE",FALSE,"Activated",3.6316572390412e-13
"KCNJ2",6.96308641970545e-10,-0.12528893443186,1.97543578461345e-06,0.998878572048046,0.999999999999164,"EMP1","OE",FALSE,"Activated",3.6316572390412e-13
"TUBA4A",6.93432076629986e-10,-0.126321644357578,1.95914779919968e-06,0.998883204848033,0.999999999999164,"EMP1","OE",FALSE,"Activated",3.6316572390412e-13
"ALKAL2",6.89881519508852e-10,-0.127601426144136,1.93913644423963e-06,0.998888923133275,0.999999999999164,"EMP1","OE",FALSE,"Activated",3.6316572390412e-13
"NCF2",6.84156743943505e-10,-0.129676900355657,1.9070872852046e-06,0.998898143066637,0.999999999999164,"EMP1","OE",FALSE,"Activated",3.6316572390412e-13
"ELF3",6.81150663960528e-10,-0.130772732198726,1.8903652041414e-06,0.998902984454241,0.999999999999164,"EMP1","OE",FALSE,"Activated",3.6316572390412e-13
"HLA-DPA1",6.79452381773526e-10,-0.131393665274524,1.88095063088154e-06,0.998905719591839,0.999999999999164,"EMP1","OE",FALSE,"Activated",3.6316572390412e-13
"JCHAIN",6.73976669091951e-10,-0.133404869160029,1.85075559901283e-06,0.998914538401747,0.999999999999164,"EMP1","OE",FALSE,"Activated",3.6316572390412e-13
"LYVE1",6.72355755756565e-10,-0.134002924404458,1.84186417243231e-06,0.998917148934394,0.999999999999164,"EMP1","OE",FALSE,"Activated",3.6316572390412e-13
"IGSF6",6.68322976610023e-10,-0.135496275604378,1.81983549087653e-06,0.998923643853939,0.999999999999164,"EMP1","OE",FALSE,"Activated",3.6316572390412e-13
"CAVIN2",6.62020396512469e-10,-0.137845768508181,1.78567363387999e-06,0.998933794360512,0.999999999999164,"EMP1","OE",FALSE,"Activated",3.6316572390412e-13
"HLA-DRB1",6.61691602385016e-10,-0.137968865564529,1.78390035556295e-06,0.998934323893962,0.999999999999164,"EMP1","OE",FALSE,"Activated",3.6316572390412e-13
"PRXL2A",6.551118193259e-10,-0.14044341831039,1.74859896059659e-06,0.998944920844953,0.999999999999164,"EMP1","OE",FALSE,"Activated",3.6316572390412e-13
"CLECL1",6.53932682440662e-10,-0.140889134653617,1.74231001291253e-06,0.998946819882627,0.999999999999164,"EMP1","OE",FALSE,"Activated",3.6316572390412e-13
"CDC42EP3",6.52944941437438e-10,-0.14126303639559,1.73705059900043e-06,0.998948410671114,0.999999999999164,"EMP1","OE",FALSE,"Activated",3.6316572390412e-13
"CITED4",6.52601319932016e-10,-0.141393225965608,1.73522278521831e-06,0.998948964084544,0.999999999999164,"EMP1","OE",FALSE,"Activated",3.6316572390412e-13
"SNHG1",6.52113446151833e-10,-0.141578170631411,1.73262930821114e-06,0.998949749820878,0.999999999999164,"EMP1","OE",FALSE,"Activated",3.6316572390412e-13
"IVNS1ABP",6.51558783349697e-10,-0.141788578794184,1.7296831450022e-06,0.998950643123071,0.999999999999164,"EMP1","OE",FALSE,"Activated",3.6316572390412e-13
"CALML3",6.50137909344712e-10,-0.142328284317368,1.72214742564275e-06,0.998952931486131,0.999999999999164,"EMP1","OE",FALSE,"Activated",3.6316572390412e-13
"MBOAT2",6.50091890111021e-10,-0.142345781276595,1.72190363398312e-06,0.99895300560158,0.999999999999164,"EMP1","OE",FALSE,"Activated",3.6316572390412e-13
"DDX60L",6.49955627611819e-10,-0.142397595861854,1.72118187047178e-06,0.998953225056696,0.999999999999164,"EMP1","OE",FALSE,"Activated",3.6316572390412e-13
"CDC42EP4",6.4953564324171e-10,-0.142557356210922,1.71895822349247e-06,0.998953901454968,0.999999999999164,"EMP1","OE",FALSE,"Activated",3.6316572390412e-13
"ANXA3",6.48233927023401e-10,-0.143053090016479,1.71207529514268e-06,0.99895599791061,0.999999999999164,"EMP1","OE",FALSE,"Activated",3.6316572390412e-13
"BCAM",6.47793564796195e-10,-0.143220987799922,1.7097499703628e-06,0.998956707128076,0.999999999999164,"EMP1","OE",FALSE,"Activated",3.6316572390412e-13
"TENM2",6.47200114346819e-10,-0.143447409511316,1.70661876568047e-06,0.998957662899027,0.999999999999164,"EMP1","OE",FALSE,"Activated",3.6316572390412e-13
"ST14",6.4689043712952e-10,-0.143565633054915,1.70498596464085e-06,0.998958161644102,0.999999999999164,"EMP1","OE",FALSE,"Activated",3.6316572390412e-13
"HSBP1L1",6.44784992857052e-10,-0.144370711075837,1.69390553767487e-06,0.998961552529533,0.999999999999164,"EMP1","OE",FALSE,"Activated",3.6316572390412e-13
"SEMA7A",6.44110194501176e-10,-0.144629219372336,1.6903618865074e-06,0.998962639313901,0.999999999999164,"EMP1","OE",FALSE,"Activated",3.6316572390412e-13
"AREG",6.43385594470435e-10,-0.144907066196072,1.68656083712879e-06,0.998963806305463,0.999999999999164,"EMP1","OE",FALSE,"Activated",3.6316572390412e-13
"CHAF1A",6.43135432492011e-10,-0.145003053070402,1.68524955078688e-06,0.998964209199344,0.999999999999164,"EMP1","OE",FALSE,"Activated",3.6316572390412e-13
"MUSTN1",6.42790111669409e-10,-0.145135605169055,1.68344030347399e-06,0.998964765349592,0.999999999999164,"EMP1","OE",FALSE,"Activated",3.6316572390412e-13
"FGFBP1",6.42107939166353e-10,-0.145397638944122,1.67986903725048e-06,0.998965864010266,0.999999999999164,"EMP1","OE",FALSE,"Activated",3.6316572390412e-13
"AL355075.4",6.41094944553332e-10,-0.14578718999659,1.67457286856856e-06,0.998967495470551,0.999999999999164,"EMP1","OE",FALSE,"Activated",3.6316572390412e-13
"FBN2",6.4079854724878e-10,-0.14590127106133,1.67302481659091e-06,0.998967972827909,0.999999999999164,"EMP1","OE",FALSE,"Activated",3.6316572390412e-13
"TSLP",6.40705924196967e-10,-0.145936930294904,1.67254120293203e-06,0.998968122000302,0.999999999999164,"EMP1","OE",FALSE,"Activated",3.6316572390412e-13
"AC015912.3",6.39929565352245e-10,-0.146235997893697,1.6684903415309e-06,0.998969372351104,0.999999999999164,"EMP1","OE",FALSE,"Activated",3.6316572390412e-13
"TJP2",6.39049868126185e-10,-0.146575251470986,1.66390621992946e-06,0.998970789131683,0.999999999999164,"EMP1","OE",FALSE,"Activated",3.6316572390412e-13
"CLCA2",6.35262144074297e-10,-0.148040593366407,1.64424033676158e-06,0.998976889382715,0.999999999999164,"EMP1","OE",FALSE,"Activated",3.6316572390412e-13
"MCM5",6.31500627779941e-10,-0.149503267570616,1.62482622232695e-06,0.998982947425372,0.999999999999164,"EMP1","OE",FALSE,"Activated",3.6316572390412e-13
"MYO1G",6.2948633033475e-10,-0.150289621503812,1.61447733775867e-06,0.998986191516048,0.999999999999164,"EMP1","OE",FALSE,"Activated",3.6316572390412e-13
"CLDN1",6.24865606260863e-10,-0.15210171443476,1.59086229228639e-06,0.998993633340515,0.999999999999164,"EMP1","OE",FALSE,"Activated",3.6316572390412e-13
"TNNT1",6.20090093825717e-10,-0.153986686678334,1.56663899694438e-06,0.9990013244567,0.999999999999164,"EMP1","OE",FALSE,"Activated",3.6316572390412e-13
"MB",6.14811572416481e-10,-0.156084818374886,1.54008046837226e-06,0.999009825685103,0.999999999999164,"EMP1","OE",FALSE,"Activated",3.6316572390412e-13
"IL1R2",6.14628911492291e-10,-0.156157700823943,1.53916548646486e-06,0.999010119866395,0.999999999999164,"EMP1","OE",FALSE,"Activated",3.6316572390412e-13
"FOLR3",6.0679257444693e-10,-0.159302149891647,1.50016787496753e-06,0.999022740539312,0.999999999999164,"EMP1","OE",FALSE,"Activated",3.6316572390412e-13
"TNNC2",6.05530468905473e-10,-0.159811857492378,1.49393378048889e-06,0.999024773200913,0.999999999999164,"EMP1","OE",FALSE,"Activated",3.6316572390412e-13
"HOPX",6.00457402728489e-10,-0.161869922037163,1.46900661976461e-06,0.999032943537355,0.999999999999164,"EMP1","OE",FALSE,"Activated",3.6316572390412e-13
"ALDH1A1",5.99486409077306e-10,-0.162265546814235,1.46425942940794e-06,0.99903450735391,0.999999999999164,"EMP1","OE",FALSE,"Activated",3.6316572390412e-13
"FGFR3",5.934522754784e-10,-0.164736567845571,1.43493075801438e-06,0.999044225520538,0.999999999999164,"EMP1","OE",FALSE,"Activated",3.6316572390412e-13
"GALNT6",5.92742102969383e-10,-0.165028811153661,1.43149850682477e-06,0.99904536927626,0.999999999999164,"EMP1","OE",FALSE,"Activated",3.6316572390412e-13
"LGALS2",5.92468105948876e-10,-0.165141644431734,1.43017538275513e-06,0.999045810557296,0.999999999999164,"EMP1","OE",FALSE,"Activated",3.6316572390412e-13
"KRT18",5.91697331649649e-10,-0.165459294335947,1.42645661589342e-06,0.999047051914158,0.999999999999164,"EMP1","OE",FALSE,"Activated",3.6316572390412e-13
"LAMA3",5.91580774395889e-10,-0.165507360707909,1.42589468167174e-06,0.999047239633374,0.999999999999164,"EMP1","OE",FALSE,"Activated",3.6316572390412e-13
"TGFBI",5.91321793573922e-10,-0.165614189534302,1.42464650539031e-06,0.99904765673034,0.999999999999164,"EMP1","OE",FALSE,"Activated",3.6316572390412e-13
"POU3F1",5.90478659378833e-10,-0.16596225946792,1.42058674687358e-06,0.999049014625151,0.999999999999164,"EMP1","OE",FALSE,"Activated",3.6316572390412e-13
"AIF1",5.90355227589153e-10,-0.166013251583779,1.41999289903526e-06,0.99904921341603,0.999999999999164,"EMP1","OE",FALSE,"Activated",3.6316572390412e-13
"KHDC1L",5.89736709655686e-10,-0.166268912058818,1.41701899133498e-06,0.99905020955911,0.999999999999164,"EMP1","OE",FALSE,"Activated",3.6316572390412e-13
"TACSTD2",5.87841677302751e-10,-0.167053652965348,1.40792685789373e-06,0.999053261569844,0.999999999999164,"EMP1","OE",FALSE,"Activated",3.6316572390412e-13
"CASP5",5.87700457668039e-10,-0.167112219866477,1.40725047497723e-06,0.999053489008622,0.999999999999164,"EMP1","OE",FALSE,"Activated",3.6316572390412e-13
"NFKBID",5.8714280299778e-10,-0.167343610152568,1.40458113051913e-06,0.99905438712946,0.999999999999164,"EMP1","OE",FALSE,"Activated",3.6316572390412e-13
"P3H2",5.87112631808936e-10,-0.167356134626783,1.40443678133016e-06,0.999054435721133,0.999999999999164,"EMP1","OE",FALSE,"Activated",3.6316572390412e-13
"EFNB2",5.86877737084193e-10,-0.167453661623146,1.40331321906838e-06,0.999054814026666,0.999999999999164,"EMP1","OE",FALSE,"Activated",3.6316572390412e-13
"TP53AIP1",5.86694653142023e-10,-0.167529700400673,1.40243779297995e-06,0.999055108889262,0.999999999999164,"EMP1","OE",FALSE,"Activated",3.6316572390412e-13
"CDCA7",5.86377861654376e-10,-0.167661319175963,1.40092368200028e-06,0.999055619092174,0.999999999999164,"EMP1","OE",FALSE,"Activated",3.6316572390412e-13
"PPP1R14B-AS1",5.86227584931567e-10,-0.167723776750071,1.40020571750398e-06,0.999055861117686,0.999999999999164,"EMP1","OE",FALSE,"Activated",3.6316572390412e-13
"NRG1",5.85798912137262e-10,-0.167902016342878,1.39815869461746e-06,0.999056551509053,0.999999999999164,"EMP1","OE",FALSE,"Activated",3.6316572390412e-13
"DSG3",5.84166447068458e-10,-0.168581816401478,1.39037696303743e-06,0.99905918064673,0.999999999999164,"EMP1","OE",FALSE,"Activated",3.6316572390412e-13
"CXCR4",5.83897112673871e-10,-0.168694131418506,1.38909517079523e-06,0.999059614418465,0.999999999999164,"EMP1","OE",FALSE,"Activated",3.6316572390412e-13
"HBB",5.82632186888823e-10,-0.169222215598567,1.38308315596717e-06,0.999061651622273,0.999999999999164,"EMP1","OE",FALSE,"Activated",3.6316572390412e-13
"IMPA2",5.81461158636053e-10,-0.169711980775373,1.37752904533899e-06,0.999063537601079,0.999999999999164,"EMP1","OE",FALSE,"Activated",3.6316572390412e-13
"SOX15",5.81233743445114e-10,-0.169807192364292,1.37645172567791e-06,0.999063903860586,0.999999999999164,"EMP1","OE",FALSE,"Activated",3.6316572390412e-13
"SLC7A5",5.80792309985484e-10,-0.169992098355925,1.37436175371526e-06,0.999064614803426,0.999999999999164,"EMP1","OE",FALSE,"Activated",3.6316572390412e-13
"KRT14",5.78242599237781e-10,-0.171062488050927,1.36232119118451e-06,0.999068721194923,0.999999999999164,"EMP1","OE",FALSE,"Activated",3.6316572390412e-13
"IGHA1",5.72450216251852e-10,-0.173509377875919,1.3351645523302e-06,0.999078050014868,0.999999999999164,"EMP1","OE",FALSE,"Activated",3.6316572390412e-13
"SERPINA5",5.71608352064834e-10,-0.17386678282275,1.33124036583249e-06,0.999079405864352,0.999999999999164,"EMP1","OE",FALSE,"Activated",3.6316572390412e-13
"MMP9",5.66218048028162e-10,-0.176165994113898,1.30625138095639e-06,0.999088087123288,0.999999999999164,"EMP1","OE",FALSE,"Activated",3.6316572390412e-13
"REEP1",5.64644258176254e-10,-0.176840845187966,1.29900008192457e-06,0.999090621762751,0.999999999999164,"EMP1","OE",FALSE,"Activated",3.6316572390412e-13
"RAET1G",5.63116432334752e-10,-0.177497539191176,1.29197987117381e-06,0.999093082375696,0.999999999999164,"EMP1","OE",FALSE,"Activated",3.6316572390412e-13
"XCL1",5.58960813876292e-10,-0.179291518130591,1.27298143874956e-06,0.999099775133709,0.999999999999164,"EMP1","OE",FALSE,"Activated",3.6316572390412e-13
"HCLS1",5.57952601222308e-10,-0.179728495396031,1.26839335858727e-06,0.999101398892826,0.999999999999164,"EMP1","OE",FALSE,"Activated",3.6316572390412e-13
"HEPHL1",5.5758473586354e-10,-0.179888104238316,1.26672137369158e-06,0.999101991351896,0.999999999999164,"EMP1","OE",FALSE,"Activated",3.6316572390412e-13
"LILRB1",5.56865248184923e-10,-0.180200536932709,1.2634544176614e-06,0.999103150110097,0.999999999999164,"EMP1","OE",FALSE,"Activated",3.6316572390412e-13
"TMCC3",5.53819632556091e-10,-0.181526940643364,1.2496720034289e-06,0.999108055172694,0.999999999999164,"EMP1","OE",FALSE,"Activated",3.6316572390412e-13
"TRPV3",5.47483815929194e-10,-0.184306533489009,1.22124252157341e-06,0.999118259210653,0.999999999999164,"EMP1","OE",FALSE,"Activated",3.6316572390412e-13
"TLR2",5.46727867653902e-10,-0.184640025136751,1.21787234407752e-06,0.999119476689853,0.999999999999164,"EMP1","OE",FALSE,"Activated",3.6316572390412e-13
"FAM83G",5.45367458168618e-10,-0.185241181308395,1.21181908104483e-06,0.999121667673429,0.999999999999164,"EMP1","OE",FALSE,"Activated",3.6316572390412e-13
"RTL3",5.3808026881042e-10,-0.18848352045362,1.17965083634622e-06,0.99913340392823,0.999999999999164,"EMP1","OE",FALSE,"Activated",3.6316572390412e-13
"AC112721.1",5.38080237514055e-10,-0.188483534459586,1.17965069912215e-06,0.999133403978634,0.999999999999164,"EMP1","OE",FALSE,"Activated",3.6316572390412e-13
"STEAP4",5.379098872744e-10,-0.18855978118375,1.17890388868226e-06,0.999133678333222,0.999999999999164,"EMP1","OE",FALSE,"Activated",3.6316572390412e-13
"CCL3",5.37715336049727e-10,-0.188646885438504,1.17805127108296e-06,0.999133991664282,0.999999999999164,"EMP1","OE",FALSE,"Activated",3.6316572390412e-13
"IL18BP",5.34925231287872e-10,-0.189899065410217,1.1658576112766e-06,0.999138485218544,0.999999999999164,"EMP1","OE",FALSE,"Activated",3.6316572390412e-13
"SEMA3B",5.32055944489916e-10,-0.191192666433785,1.1533840615247e-06,0.999143106298072,0.999999999999164,"EMP1","OE",FALSE,"Activated",3.6316572390412e-13
"PTPRZ1",5.3156706971074e-10,-0.191413671955255,1.15126548232181e-06,0.999143893646777,0.999999999999164,"EMP1","OE",FALSE,"Activated",3.6316572390412e-13
"AHNAK2",5.30441284665126e-10,-0.191923272311231,1.14639420612171e-06,0.999145706760147,0.999999999999164,"EMP1","OE",FALSE,"Activated",3.6316572390412e-13
"CASC9",5.29793757754634e-10,-0.192216805696473,1.14359703315573e-06,0.999146749623263,0.999999999999164,"EMP1","OE",FALSE,"Activated",3.6316572390412e-13
"PROSER2",5.29540381447903e-10,-0.192331749041911,1.14250343362275e-06,0.999147157694034,0.999999999999164,"EMP1","OE",FALSE,"Activated",3.6316572390412e-13
"EPCAM",5.28565185306872e-10,-0.192774586398482,1.13829926313372e-06,0.99914872827909,0.999999999999164,"EMP1","OE",FALSE,"Activated",3.6316572390412e-13
"SLCO1B3",5.28173632044734e-10,-0.19295258919924,1.13661341731414e-06,0.999149358888336,0.999999999999164,"EMP1","OE",FALSE,"Activated",3.6316572390412e-13
"CTSV",5.27888643055634e-10,-0.193082218677686,1.13538717314346e-06,0.99914981787236,0.999999999999164,"EMP1","OE",FALSE,"Activated",3.6316572390412e-13
"GJB5",5.26989489247349e-10,-0.193491601569944,1.13152265257091e-06,0.999151265988774,0.999999999999164,"EMP1","OE",FALSE,"Activated",3.6316572390412e-13
"CXADR",5.26569361103268e-10,-0.193683091448912,1.12971921994854e-06,0.999151942618798,0.999999999999164,"EMP1","OE",FALSE,"Activated",3.6316572390412e-13
"AC245041.2",5.25283829749828e-10,-0.194269841781694,1.12420991073463e-06,0.999154013008807,0.999999999999164,"EMP1","OE",FALSE,"Activated",3.6316572390412e-13
"ISG15",5.22840103674409e-10,-0.195388643348825,1.11377414053874e-06,0.999157948709057,0.999999999999164,"EMP1","OE",FALSE,"Activated",3.6316572390412e-13
"IL36G",5.19936052834141e-10,-0.196724068936059,1.1014358596355e-06,0.999162625777327,0.999999999999164,"EMP1","OE",FALSE,"Activated",3.6316572390412e-13
"LRRN3",5.14581507912333e-10,-0.199203296880516,1.07886647179727e-06,0.999171249446038,0.999999999999164,"EMP1","OE",FALSE,"Activated",3.6316572390412e-13
"LINC00973",5.14179146246448e-10,-0.199390492695875,1.0771799564812e-06,0.999171897462589,0.999999999999164,"EMP1","OE",FALSE,"Activated",3.6316572390412e-13
"KLF4",5.08359572683346e-10,-0.202112223026014,1.05293450530612e-06,0.999181270075166,0.999999999999164,"EMP1","OE",FALSE,"Activated",3.6316572390412e-13
"CCL4",5.07510985556213e-10,-0.202511335749121,1.0494221846381e-06,0.999182636752355,0.999999999999164,"EMP1","OE",FALSE,"Activated",3.6316572390412e-13
"RTTN",5.06973300496619e-10,-0.202764520870676,1.04719973136076e-06,0.999183502711645,0.999999999999164,"EMP1","OE",FALSE,"Activated",3.6316572390412e-13
"TRIML2",5.06067615161629e-10,-0.203191513648478,1.04346152159146e-06,0.99918496134736,0.999999999999164,"EMP1","OE",FALSE,"Activated",3.6316572390412e-13
"TTN",5.00103513950082e-10,-0.206019902422373,1.01901167139504e-06,0.99919456672658,0.999999999999164,"EMP1","OE",FALSE,"Activated",3.6316572390412e-13
"CXorf21",4.97098550464434e-10,-0.207455992825668,1.00680262584285e-06,0.999199406318174,0.999999999999164,"EMP1","OE",FALSE,"Activated",3.6316572390412e-13
"FABP3",4.96112947240965e-10,-0.207928648230372,1.00281418458855e-06,0.999200993664282,0.999999999999164,"EMP1","OE",FALSE,"Activated",3.6316572390412e-13
"SPI1",4.94843007929485e-10,-0.208538854334061,9.97686790891921e-07,0.99920303894293,0.999999999999164,"EMP1","OE",FALSE,"Activated",3.6316572390412e-13
"CA12",4.947883123323e-10,-0.208565165883971,9.97466252021354e-07,0.999203127031972,0.999999999999164,"EMP1","OE",FALSE,"Activated",3.6316572390412e-13
"SGPP2",4.92499693847936e-10,-0.209668368887337,9.88260132510407e-07,0.99920681292664,0.999999999999164,"EMP1","OE",FALSE,"Activated",3.6316572390412e-13
"ECRG4",4.87914385519202e-10,-0.211892025186341,9.69943845946035e-07,0.999214197715215,0.999999999999164,"EMP1","OE",FALSE,"Activated",3.6316572390412e-13
"USP18",4.8675203412384e-10,-0.212458570925882,9.65327984215998e-07,0.999216069720048,0.999999999999164,"EMP1","OE",FALSE,"Activated",3.6316572390412e-13
"POLM",4.85728757253167e-10,-0.212958295778742,9.61273519403193e-07,0.999217717740827,0.999999999999164,"EMP1","OE",FALSE,"Activated",3.6316572390412e-13
"TRGC1",4.80146435147346e-10,-0.215700549046838,9.39305280139817e-07,0.999226708252729,0.999999999999164,"EMP1","OE",FALSE,"Activated",3.6316572390412e-13
"SLITRK5",4.75342040194675e-10,-0.218082744285816,9.20601753555215e-07,0.999234445887645,0.999999999999164,"EMP1","OE",FALSE,"Activated",3.6316572390412e-13
"ARTN",4.69945138786382e-10,-0.220783602047792,8.99815912692206e-07,0.999243137773638,0.999999999999164,"EMP1","OE",FALSE,"Activated",3.6316572390412e-13
"ANXA8",4.69295269582034e-10,-0.221110627431327,8.97328991219761e-07,0.999244184409224,0.999999999999164,"EMP1","OE",FALSE,"Activated",3.6316572390412e-13
"HAS3",4.68518734590073e-10,-0.221501905437818,8.94361857696803e-07,0.9992454350442,0.999999999999164,"EMP1","OE",FALSE,"Activated",3.6316572390412e-13
"MMP28",4.67494947560069e-10,-0.222018623124575,8.90457485904626e-07,0.999247083886666,0.999999999999164,"EMP1","OE",FALSE,"Activated",3.6316572390412e-13
"DHCR24",4.67343302107571e-10,-0.222095243327465,8.89879888529386e-07,0.999247328116623,0.999999999999164,"EMP1","OE",FALSE,"Activated",3.6316572390412e-13
"IL6R-AS1",4.67252852774462e-10,-0.222140953853467,8.89535468257601e-07,0.999247473788229,0.999999999999164,"EMP1","OE",FALSE,"Activated",3.6316572390412e-13
"FAT2",4.67236085803771e-10,-0.222149428242476,8.89471628957601e-07,0.999247500791984,0.999999999999164,"EMP1","OE",FALSE,"Activated",3.6316572390412e-13
"AIM2",4.65821535691983e-10,-0.222865317980256,8.84094058019109e-07,0.999249778971168,0.999999999999164,"EMP1","OE",FALSE,"Activated",3.6316572390412e-13
"WNT7B",4.63159443120617e-10,-0.224217672613793,8.74018031047276e-07,0.99925406635827,0.999999999999164,"EMP1","OE",FALSE,"Activated",3.6316572390412e-13
"KCNAB1",4.6167705199698e-10,-0.224973640257523,8.68432208804325e-07,0.999256453797639,0.999999999999164,"EMP1","OE",FALSE,"Activated",3.6316572390412e-13
"CDC45",4.58221621878399e-10,-0.226743943466063,8.5548126397695e-07,0.999262018880841,0.999999999999164,"EMP1","OE",FALSE,"Activated",3.6316572390412e-13
"GDF10",4.57033049588533e-10,-0.227355538718815,8.51048986905616e-07,0.99926393311539,0.999999999999164,"EMP1","OE",FALSE,"Activated",3.6316572390412e-13
"RNF144B",4.56080597538055e-10,-0.22784662542035,8.47505528813077e-07,0.999265467070573,0.999999999999164,"EMP1","OE",FALSE,"Activated",3.6316572390412e-13
"HLA-DRA",4.50520785372314e-10,-0.23073104526056,8.26968583683338e-07,0.999274421329988,0.999999999999164,"EMP1","OE",FALSE,"Activated",3.6316572390412e-13
"CD274",4.4243961488236e-10,-0.234978731405938,7.97567332312478e-07,0.999287436319648,0.999999999999164,"EMP1","OE",FALSE,"Activated",3.6316572390412e-13
"TPD52",4.39017060180611e-10,-0.23679790493669,7.85275667321099e-07,0.99929294845611,0.999999999999164,"EMP1","OE",FALSE,"Activated",3.6316572390412e-13
"AC110995.1",4.37395958347318e-10,-0.237663830504808,7.7948700170571e-07,0.999295559293728,0.999999999999164,"EMP1","OE",FALSE,"Activated",3.6316572390412e-13
"MYPN",4.37253264786153e-10,-0.237740183889925,7.78978493884018e-07,0.999295789106384,0.999999999999164,"EMP1","OE",FALSE,"Activated",3.6316572390412e-13
"UPK1B",4.3725322783531e-10,-0.2377402036646,7.78978362226177e-07,0.999295789165895,0.999999999999164,"EMP1","OE",FALSE,"Activated",3.6316572390412e-13
"IGFBP2",4.36949668507059e-10,-0.237902705610429,7.77897139488381e-07,0.99929627805814,0.999999999999164,"EMP1","OE",FALSE,"Activated",3.6316572390412e-13
"IGFL2",4.33697288962505e-10,-0.239649908900696,7.6635988018266e-07,0.999301516121988,0.999999999999164,"EMP1","OE",FALSE,"Activated",3.6316572390412e-13
"HIST1H2BH",4.29924851019953e-10,-0.241690693756207,7.53085776125392e-07,0.999307591756967,0.999999999999164,"EMP1","OE",FALSE,"Activated",3.6316572390412e-13
"CPA4",4.27399249437648e-10,-0.243065616771022,7.4426373212501e-07,0.999311659321136,0.999999999999164,"EMP1","OE",FALSE,"Activated",3.6316572390412e-13
"PLAC8",4.2719152486079e-10,-0.243179012234507,7.4354045383554e-07,0.999311993868379,0.999999999999164,"EMP1","OE",FALSE,"Activated",3.6316572390412e-13
"SERPINB2",4.26251443903888e-10,-0.243692791119208,7.40271572871032e-07,0.999313507899593,0.999999999999164,"EMP1","OE",FALSE,"Activated",3.6316572390412e-13
"ITPKC",4.25540145794385e-10,-0.244082183591938,7.37803009115649e-07,0.999314653468529,0.999999999999164,"EMP1","OE",FALSE,"Activated",3.6316572390412e-13
"GCLC",4.23560321434647e-10,-0.245168978363933,7.30953726453212e-07,0.999317842040605,0.999999999999164,"EMP1","OE",FALSE,"Activated",3.6316572390412e-13
"C1orf162",4.2299701545479e-10,-0.245478996719053,7.29010783338146e-07,0.999318749263367,0.999999999999164,"EMP1","OE",FALSE,"Activated",3.6316572390412e-13
"SLC28A3",4.20037419729941e-10,-0.24711369536936,7.18845088890689e-07,0.999323515789392,0.999999999999164,"EMP1","OE",FALSE,"Activated",3.6316572390412e-13
"ISG20",4.19703046450892e-10,-0.247299006211388,7.17701062634062e-07,0.999324054308531,0.999999999999164,"EMP1","OE",FALSE,"Activated",3.6316572390412e-13
"CD24",4.14089586510782e-10,-0.250429160401268,6.98631179685729e-07,0.999333094970025,0.999999999999164,"EMP1","OE",FALSE,"Activated",3.6316572390412e-13
"SCD",4.11674701211003e-10,-0.251787001176943,6.90506393314945e-07,0.999336984222095,0.999999999999164,"EMP1","OE",FALSE,"Activated",3.6316572390412e-13
"AP001160.1",4.10992840956214e-10,-0.252171640011969,6.88220904578332e-07,0.999338082380428,0.999999999999164,"EMP1","OE",FALSE,"Activated",3.6316572390412e-13
"GJB2",4.10482692154297e-10,-0.252459775884315,6.86513443353222e-07,0.999338903991827,0.999999999999164,"EMP1","OE",FALSE,"Activated",3.6316572390412e-13
"MALL",4.09782177079982e-10,-0.252855935339133,6.84172284174038e-07,0.999340032194362,0.999999999999164,"EMP1","OE",FALSE,"Activated",3.6316572390412e-13
"MT1G",4.09598342039869e-10,-0.252959995506058,6.83558559937089e-07,0.999340328266732,0.999999999999164,"EMP1","OE",FALSE,"Activated",3.6316572390412e-13
"KLK5",4.08991067797416e-10,-0.253304030567501,6.81533162160806e-07,0.999341306301845,0.999999999999164,"EMP1","OE",FALSE,"Activated",3.6316572390412e-13
"MIR205HG",4.08390717453045e-10,-0.253644576112718,6.79533811061901e-07,0.999342273185795,0.999999999999164,"EMP1","OE",FALSE,"Activated",3.6316572390412e-13
"ITGB6",4.08180705135868e-10,-0.253763806354016,6.78835098920854e-07,0.99934261141753,0.999999999999164,"EMP1","OE",FALSE,"Activated",3.6316572390412e-13
"MSMO1",4.07652769680499e-10,-0.254063764694179,6.77080242065076e-07,0.999343461674923,0.999999999999164,"EMP1","OE",FALSE,"Activated",3.6316572390412e-13
"NT5C3A",4.07571489181839e-10,-0.254109975765273,6.76810267531172e-07,0.999343592579836,0.999999999999164,"EMP1","OE",FALSE,"Activated",3.6316572390412e-13
"KRT13",4.07500002055654e-10,-0.25415062549497,6.76572866343268e-07,0.999343707712201,0.999999999999164,"EMP1","OE",FALSE,"Activated",3.6316572390412e-13
"BANK1",4.06123881174931e-10,-0.254934329578244,6.72011030856969e-07,0.999345924000088,0.999999999999164,"EMP1","OE",FALSE,"Activated",3.6316572390412e-13
"IGSF10",4.05507857597555e-10,-0.255285898267295,6.69973915127055e-07,0.999346916126299,0.999999999999164,"EMP1","OE",FALSE,"Activated",3.6316572390412e-13
"CNFN",4.01254233064418e-10,-0.257726110943273,6.55992086299877e-07,0.999353766728389,0.999999999999164,"EMP1","OE",FALSE,"Activated",3.6316572390412e-13
"KLK8",4.00801921650744e-10,-0.257986901955524,6.54513993611144e-07,0.999354495190787,0.999999999999164,"EMP1","OE",FALSE,"Activated",3.6316572390412e-13
"CCL5",4.00242667604571e-10,-0.25830970424094,6.52688731779739e-07,0.99935539588781,0.999999999999164,"EMP1","OE",FALSE,"Activated",3.6316572390412e-13
"KRT8",3.99378365554181e-10,-0.258809346152375,6.49872884487808e-07,0.999356787874672,0.999999999999164,"EMP1","OE",FALSE,"Activated",3.6316572390412e-13
"MYH3",3.93891332871697e-10,-0.262003245388119,6.32138433093202e-07,0.999365624921215,0.999999999999164,"EMP1","OE",FALSE,"Activated",3.6316572390412e-13
"CCL14",3.93891270766952e-10,-0.262003281754573,6.32138233755012e-07,0.999365625021237,0.999999999999164,"EMP1","OE",FALSE,"Activated",3.6316572390412e-13
"COL19A1",3.9389122822745e-10,-0.26200330666428,6.32138097215584e-07,0.999365625089748,0.999999999999164,"EMP1","OE",FALSE,"Activated",3.6316572390412e-13
"A2ML1",3.91661743318453e-10,-0.263312013943773,6.25002351607404e-07,0.99936921574852,0.999999999999164,"EMP1","OE",FALSE,"Activated",3.6316572390412e-13
"PIK3AP1",3.91346486275734e-10,-0.263497587612461,6.23996600614442e-07,0.999369723480356,0.999999999999164,"EMP1","OE",FALSE,"Activated",3.6316572390412e-13
"SOX2",3.74162642271368e-10,-0.273813090234419,5.70400889012941e-07,0.99939739862672,0.999999999999164,"EMP1","OE",FALSE,"Activated",3.6316572390412e-13
"SAA2",3.71427683903041e-10,-0.275492405469616,5.62092624201173e-07,0.999401803367259,0.999999999999164,"EMP1","OE",FALSE,"Activated",3.6316572390412e-13
"IFIH1",3.66863966718644e-10,-0.278318490636395,5.48364663532614e-07,0.99940915338415,0.999999999999164,"EMP1","OE",FALSE,"Activated",3.6316572390412e-13
"TMPRSS11D",3.64517628420981e-10,-0.279783274989658,5.41372782940655e-07,0.999412932239305,0.999999999999164,"EMP1","OE",FALSE,"Activated",3.6316572390412e-13
"HCAR3",3.63759415970334e-10,-0.280258353202555,5.39122967573705e-07,0.999414153365448,0.999999999999164,"EMP1","OE",FALSE,"Activated",3.6316572390412e-13
"SMOC1",3.62083637264609e-10,-0.28131139211772,5.34167110894714e-07,0.999416852262292,0.999999999999164,"EMP1","OE",FALSE,"Activated",3.6316572390412e-13
"AL096865.1",3.61874733911006e-10,-0.281442958735516,5.33550915636109e-07,0.999417188708029,0.999999999999164,"EMP1","OE",FALSE,"Activated",3.6316572390412e-13
"LINP1",3.61500845850442e-10,-0.281678595664297,5.32448958284779e-07,0.999417790867076,0.999999999999164,"EMP1","OE",FALSE,"Activated",3.6316572390412e-13
"CUL2",3.61431320143539e-10,-0.281722436280459,5.32244171320613e-07,0.999417902840519,0.999999999999164,"EMP1","OE",FALSE,"Activated",3.6316572390412e-13
"CLDN4",3.60926373795447e-10,-0.282041057049476,5.30758041035393e-07,0.99941871607326,0.999999999999164,"EMP1","OE",FALSE,"Activated",3.6316572390412e-13
"KCNMA1",3.59966777420867e-10,-0.28264762190184,5.27939535811114e-07,0.999420261534858,0.999999999999164,"EMP1","OE",FALSE,"Activated",3.6316572390412e-13
"NCAM1",3.58746499807138e-10,-0.283420980581232,5.24366201428951e-07,0.999422226832189,0.999999999999164,"EMP1","OE",FALSE,"Activated",3.6316572390412e-13
"CYP2S1",3.58608415751067e-10,-0.283508634961053,5.23962614622718e-07,0.999422449221114,0.999999999999164,"EMP1","OE",FALSE,"Activated",3.6316572390412e-13
"ANKRD22",3.58277517231359e-10,-0.28371880447344,5.22996109347031e-07,0.999422982144091,0.999999999999164,"EMP1","OE",FALSE,"Activated",3.6316572390412e-13
"WARS",3.5752383863582e-10,-0.28419812705322,5.20798056932955e-07,0.999424195968321,0.999999999999164,"EMP1","OE",FALSE,"Activated",3.6316572390412e-13
"EPPK1",3.56976727689723e-10,-0.284546623109929,5.19205344657607e-07,0.999425077108542,0.999999999999164,"EMP1","OE",FALSE,"Activated",3.6316572390412e-13
"NPTX1",3.56906714730146e-10,-0.284591252840325,5.19001703718226e-07,0.999425189866722,0.999999999999164,"EMP1","OE",FALSE,"Activated",3.6316572390412e-13
"KCNN4",3.53769593030409e-10,-0.286598795591311,5.09918008580424e-07,0.999430242304684,0.999999999999164,"EMP1","OE",FALSE,"Activated",3.6316572390412e-13
"MAL2",3.49551180936894e-10,-0.289322616717064,4.97829804183032e-07,0.999437036196523,0.999999999999164,"EMP1","OE",FALSE,"Activated",3.6316572390412e-13
"WNT10A",3.49003403193213e-10,-0.289678391382703,4.96270739707751e-07,0.999437918410653,0.999999999999164,"EMP1","OE",FALSE,"Activated",3.6316572390412e-13
"EFNA1",3.4845170869496e-10,-0.290037196705937,4.94702998908063e-07,0.999438806932847,0.999999999999164,"EMP1","OE",FALSE,"Activated",3.6316572390412e-13
"SDR16C5",3.48301734037745e-10,-0.290134820299066,4.94277247250616e-07,0.999439048471981,0.999999999999164,"EMP1","OE",FALSE,"Activated",3.6316572390412e-13
"SNHG3",3.4816517137062e-10,-0.290223745091762,4.93889729303541e-07,0.999439268410662,0.999999999999164,"EMP1","OE",FALSE,"Activated",3.6316572390412e-13
"AKR1B10",3.4793810114628e-10,-0.290371671784033,4.93245718414449e-07,0.999439634114751,0.999999999999164,"EMP1","OE",FALSE,"Activated",3.6316572390412e-13
"TMEM40",3.4690861417093e-10,-0.291043384748539,4.90331183841429e-07,0.999441292137497,0.999999999999164,"EMP1","OE",FALSE,"Activated",3.6316572390412e-13
"ADRB2",3.46063168671526e-10,-0.291596301524796,4.87944139351107e-07,0.999442653755375,0.999999999999164,"EMP1","OE",FALSE,"Activated",3.6316572390412e-13
"ULBP2",3.46044880661909e-10,-0.291608274642374,4.87892569047561e-07,0.999442683208818,0.999999999999164,"EMP1","OE",FALSE,"Activated",3.6316572390412e-13
"FST",3.44994192904094e-10,-0.29229707491544,4.84934313942739e-07,0.999444375376128,0.999999999999164,"EMP1","OE",FALSE,"Activated",3.6316572390412e-13
"AC093791.1",3.42539401942529e-10,-0.293913438076792,4.7805780858781e-07,0.999448328897998,0.999999999999164,"EMP1","OE",FALSE,"Activated",3.6316572390412e-13
"CRLF1",3.39872157702084e-10,-0.295681048063618,4.7064182932049e-07,0.999452624582901,0.999999999999164,"EMP1","OE",FALSE,"Activated",3.6316572390412e-13
"MIR503HG",3.38012111129482e-10,-0.296920809336567,4.65504484459372e-07,0.999455620249322,0.999999999999164,"EMP1","OE",FALSE,"Activated",3.6316572390412e-13
"PLXNA4",3.34327492166884e-10,-0.299394148001583,4.55411011532526e-07,0.999461554449843,0.999999999999164,"EMP1","OE",FALSE,"Activated",3.6316572390412e-13
"LYZ",3.33830881656799e-10,-0.299729297450412,4.54059080091422e-07,0.999462354257472,0.999999999999164,"EMP1","OE",FALSE,"Activated",3.6316572390412e-13
"PLD4",3.27480096401156e-10,-0.30405360302874,4.3694740576064e-07,0.999472582406933,0.999999999999164,"EMP1","OE",FALSE,"Activated",3.6316572390412e-13
"HLA-DMB",3.25170387777008e-10,-0.305644240115354,4.3080558403165e-07,0.999476302268998,0.999999999999164,"EMP1","OE",FALSE,"Activated",3.6316572390412e-13
"NPW",3.22944057498818e-10,-0.307186700308079,4.24926622207654e-07,0.999479887847492,0.999999999999164,"EMP1","OE",FALSE,"Activated",3.6316572390412e-13
"ITGAX",3.21017832538676e-10,-0.308528652253327,4.1987272367146e-07,0.999482990096462,0.999999999999164,"EMP1","OE",FALSE,"Activated",3.6316572390412e-13
"RSPO4",3.2092803491068e-10,-0.308591381118979,4.19637856337281e-07,0.99948313471851,0.999999999999164,"EMP1","OE",FALSE,"Activated",3.6316572390412e-13
"LINC02657",3.20912680619581e-10,-0.30860210849869,4.19597703486996e-07,0.999483159447104,0.999999999999164,"EMP1","OE",FALSE,"Activated",3.6316572390412e-13
"PGM5",3.17130631526573e-10,-0.311258036102228,4.09765821232891e-07,0.999489250562207,0.999999999999164,"EMP1","OE",FALSE,"Activated",3.6316572390412e-13
"INHBB",3.16812814936512e-10,-0.311482462784416,4.08944928471014e-07,0.999489762416334,0.999999999999164,"EMP1","OE",FALSE,"Activated",3.6316572390412e-13
"CPVL",3.15909878944737e-10,-0.31212113285745,4.06617213915096e-07,0.999491216624606,0.999999999999164,"EMP1","OE",FALSE,"Activated",3.6316572390412e-13
"ARL14",3.14931908046684e-10,-0.31281465435409,4.04103558565085e-07,0.999492791679077,0.999999999999164,"EMP1","OE",FALSE,"Activated",3.6316572390412e-13
"C3AR1",3.14585545484483e-10,-0.313060720177322,4.0321518001231e-07,0.999493349507438,0.999999999999164,"EMP1","OE",FALSE,"Activated",3.6316572390412e-13
"CRTAM",3.10198538251177e-10,-0.316197755597117,3.92047636482315e-07,0.999500414927687,0.999999999999164,"EMP1","OE",FALSE,"Activated",3.6316572390412e-13
"SNAI1",3.10185609913173e-10,-0.316207056675957,3.92014957935441e-07,0.999500435749203,0.999999999999164,"EMP1","OE",FALSE,"Activated",3.6316572390412e-13
"SHISA2",3.08916456726957e-10,-0.317121758384152,3.88813589605997e-07,0.999502479762394,0.999999999999164,"EMP1","OE",FALSE,"Activated",3.6316572390412e-13
"DLK2",3.05785365611894e-10,-0.31939232115287,3.8097172115723e-07,0.999507522488227,0.999999999999164,"EMP1","OE",FALSE,"Activated",3.6316572390412e-13
"COLGALT2",3.04248527152637e-10,-0.320514125128985,3.77151913184723e-07,0.999509997617419,0.999999999999164,"EMP1","OE",FALSE,"Activated",3.6316572390412e-13
"FAM110C",3.01893790601898e-10,-0.322242458515533,3.71336557583079e-07,0.999513789998561,0.999999999999164,"EMP1","OE",FALSE,"Activated",3.6316572390412e-13
"IFIT1",3.01743882027344e-10,-0.322352881576783,3.709678669054e-07,0.999514031431282,0.999999999999164,"EMP1","OE",FALSE,"Activated",3.6316572390412e-13
"PPP2R2C",3.00825981342742e-10,-0.323030042634601,3.68714341558987e-07,0.999515509740715,0.999999999999164,"EMP1","OE",FALSE,"Activated",3.6316572390412e-13
"FAM111B",3.00656630123129e-10,-0.323155172314616,3.68299319910256e-07,0.999515782486459,0.999999999999164,"EMP1","OE",FALSE,"Activated",3.6316572390412e-13
"GJB6",2.98679725667678e-10,-0.324620372418482,3.63471893644075e-07,0.999518966356521,0.999999999999164,"EMP1","OE",FALSE,"Activated",3.6316572390412e-13
"WNT4",2.9860035095538e-10,-0.32467937602707,3.63278732602516e-07,0.999519094192123,0.999999999999164,"EMP1","OE",FALSE,"Activated",3.6316572390412e-13
"NELL2",2.94718798748977e-10,-0.32758137530552,3.53895485713733e-07,0.999525345560455,0.999999999999164,"EMP1","OE",FALSE,"Activated",3.6316572390412e-13
"CXCL14",2.93515005677134e-10,-0.328488070254166,3.51010383763251e-07,0.999527284309056,0.999999999999164,"EMP1","OE",FALSE,"Activated",3.6316572390412e-13
"RAB3IP",2.93175259150821e-10,-0.328744546650057,3.50198258065338e-07,0.999527831482087,0.999999999999164,"EMP1","OE",FALSE,"Activated",3.6316572390412e-13
"HLA-DQB1",2.9209702834943e-10,-0.329560208622263,3.47627098433251e-07,0.999529568008497,0.999999999999164,"EMP1","OE",FALSE,"Activated",3.6316572390412e-13
"SOX9",2.8832071268094e-10,-0.332437533441421,3.38696751825243e-07,0.999535649889948,0.999999999999164,"EMP1","OE",FALSE,"Activated",3.6316572390412e-13
"MISP",2.87813977882626e-10,-0.332826103035453,3.3750725277086e-07,0.999536466003125,0.999999999999164,"EMP1","OE",FALSE,"Activated",3.6316572390412e-13
"KRT6B",2.86600019423023e-10,-0.333759382925851,3.34666141871579e-07,0.999538421123436,0.999999999999164,"EMP1","OE",FALSE,"Activated",3.6316572390412e-13
"PDE6A",2.85175268877704e-10,-0.334859073553333,3.31347017245919e-07,0.999540715731387,0.999999999999164,"EMP1","OE",FALSE,"Activated",3.6316572390412e-13
"CYP24A1",2.84882147702428e-10,-0.335085905625139,3.30666208478864e-07,0.99954118781275,0.999999999999164,"EMP1","OE",FALSE,"Activated",3.6316572390412e-13
"FOXP3",2.84404539629548e-10,-0.335455934301623,3.29558406764098e-07,0.999541957016375,0.999999999999164,"EMP1","OE",FALSE,"Activated",3.6316572390412e-13
"FXYD3",2.81984871060724e-10,-0.337338852473394,3.23974600336649e-07,0.999545853972773,0.999999999999164,"EMP1","OE",FALSE,"Activated",3.6316572390412e-13
"SLC9B1",2.80956350186442e-10,-0.33814343882909,3.21615559236847e-07,0.999547510439721,0.999999999999164,"EMP1","OE",FALSE,"Activated",3.6316572390412e-13
"TPRG1",2.77850138791502e-10,-0.340588856852469,3.14543403834572e-07,0.999552513096109,0.999999999999164,"EMP1","OE",FALSE,"Activated",3.6316572390412e-13
"TSPAN7",2.77159962926195e-10,-0.341135407039027,3.12982701779383e-07,0.999553624647214,0.999999999999164,"EMP1","OE",FALSE,"Activated",3.6316572390412e-13
"LGALS7B",2.74170734404861e-10,-0.343516203689227,3.06267939570663e-07,0.999558438898828,0.999999999999164,"EMP1","OE",FALSE,"Activated",3.6316572390412e-13
"COL22A1",2.73185861506544e-10,-0.344305514674261,3.04071547391049e-07,0.999560025069279,0.999999999999164,"EMP1","OE",FALSE,"Activated",3.6316572390412e-13
"RHCG",2.72537141639152e-10,-0.344826761863407,3.02629137123661e-07,0.999561069854131,0.999999999999164,"EMP1","OE",FALSE,"Activated",3.6316572390412e-13
"LCE3E",2.71899463824576e-10,-0.345340179980362,3.01214620774925e-07,0.999562096855392,0.999999999999164,"EMP1","OE",FALSE,"Activated",3.6316572390412e-13
"DEC1",2.7050758852661e-10,-0.346464445123428,2.98138630195879e-07,0.999564338516705,0.999999999999164,"EMP1","OE",FALSE,"Activated",3.6316572390412e-13
"AC005280.2",2.67940873072142e-10,-0.348550807595791,2.9250768614639e-07,0.99956847229705,0.999999999999164,"EMP1","OE",FALSE,"Activated",3.6316572390412e-13
"SLCO2A1",2.66544962673731e-10,-0.349692719323468,2.89467829601854e-07,0.999570720457036,0.999999999999164,"EMP1","OE",FALSE,"Activated",3.6316572390412e-13
"CASQ2",2.56868112136947e-10,-0.357753621862642,2.68831239101438e-07,0.999586305345809,0.999999999999164,"EMP1","OE",FALSE,"Activated",3.6316572390412e-13
"TNF",2.54798714882322e-10,-0.359511348504205,2.64517136437999e-07,0.999589638178751,0.999999999999164,"EMP1","OE",FALSE,"Activated",3.6316572390412e-13
"ALX3",2.51608013885248e-10,-0.362245761717517,2.57933817103362e-07,0.99959477690859,0.999999999999164,"EMP1","OE",FALSE,"Activated",3.6316572390412e-13
"IFIT3",2.4604575066898e-10,-0.367084873342409,2.46655659054554e-07,0.999603735118122,0.999999999999164,"EMP1","OE",FALSE,"Activated",3.6316572390412e-13
"ANGPTL4",2.45671423599092e-10,-0.367413908910567,2.45905720022255e-07,0.999604337984294,0.999999999999164,"EMP1","OE",FALSE,"Activated",3.6316572390412e-13
"HERC5",2.44767968602888e-10,-0.368209834365183,2.44100412401072e-07,0.999605793028558,0.999999999999164,"EMP1","OE",FALSE,"Activated",3.6316572390412e-13
"FABP5",2.44172182884066e-10,-0.368736095994266,2.42913536975931e-07,0.999606752561238,0.999999999999164,"EMP1","OE",FALSE,"Activated",3.6316572390412e-13
"TREM2",2.44169577172341e-10,-0.368738400066991,2.42908352443718e-07,0.999606756757823,0.999999999999164,"EMP1","OE",FALSE,"Activated",3.6316572390412e-13
"TINCR",2.43908471504995e-10,-0.368969387488214,2.42389116294845e-07,0.999607177277169,0.999999999999164,"EMP1","OE",FALSE,"Activated",3.6316572390412e-13
"AGR2",2.43345225090515e-10,-0.369468390665638,2.41270933193984e-07,0.99960808440422,0.999999999999164,"EMP1","OE",FALSE,"Activated",3.6316572390412e-13
"HIST2H2AC",2.43079739211583e-10,-0.369703940793305,2.40744774648981e-07,0.999608511978042,0.999999999999164,"EMP1","OE",FALSE,"Activated",3.6316572390412e-13
"LINC01220",2.42398774993245e-10,-0.370309135892674,2.3939781789447e-07,0.999609608693525,0.999999999999164,"EMP1","OE",FALSE,"Activated",3.6316572390412e-13
"KLK9",2.41000580173967e-10,-0.371556364338459,2.36644013418887e-07,0.999611860532706,0.999999999999164,"EMP1","OE",FALSE,"Activated",3.6316572390412e-13
"GPX2",2.40560928618212e-10,-0.37194983452972,2.3578139301422e-07,0.999612568606135,0.999999999999164,"EMP1","OE",FALSE,"Activated",3.6316572390412e-13
"PSAT1",2.38825628881816e-10,-0.37350893281876,2.32392017414019e-07,0.999615363363984,0.999999999999164,"EMP1","OE",FALSE,"Activated",3.6316572390412e-13
"LGALS7",2.37395709575196e-10,-0.374801013479994,2.29617549367719e-07,0.999617666296513,0.999999999999164,"EMP1","OE",FALSE,"Activated",3.6316572390412e-13
"C6orf141",2.33055345985898e-10,-0.378764488199986,2.212979980497e-07,0.999624656596233,0.999999999999164,"EMP1","OE",FALSE,"Activated",3.6316572390412e-13
"CAMK2B",2.32355090059894e-10,-0.379409888590648,2.1997013814851e-07,0.999625784381662,0.999999999999164,"EMP1","OE",FALSE,"Activated",3.6316572390412e-13
"TMC5",2.3235506664633e-10,-0.379409910198088,2.19970093817356e-07,0.999625784419371,0.999999999999164,"EMP1","OE",FALSE,"Activated",3.6316572390412e-13
"SCN2A",2.32355062219787e-10,-0.379409914283168,2.19970085436157e-07,0.9996257844265,0.999999999999164,"EMP1","OE",FALSE,"Activated",3.6316572390412e-13
"ARMC4",2.32355061852264e-10,-0.37940991462234,2.1997008474029e-07,0.999625784427092,0.999999999999164,"EMP1","OE",FALSE,"Activated",3.6316572390412e-13
"AL109910.2",2.32355047067599e-10,-0.379409928266516,2.19970056747063e-07,0.999625784450903,0.999999999999164,"EMP1","OE",FALSE,"Activated",3.6316572390412e-13
"SLITRK6",2.31926017896967e-10,-0.379806177539886,2.19158484588595e-07,0.999626475416634,0.999999999999164,"EMP1","OE",FALSE,"Activated",3.6316572390412e-13
"IRX1",2.3184394977651e-10,-0.379882047231812,2.19003411493537e-07,0.999626607590068,0.999999999999164,"EMP1","OE",FALSE,"Activated",3.6316572390412e-13
"ERAP2",2.31516178979158e-10,-0.380185293221782,2.18384614400882e-07,0.999627135475825,0.999999999999164,"EMP1","OE",FALSE,"Activated",3.6316572390412e-13
"AC093772.1",2.30673922332437e-10,-0.380966230088857,2.16798536796041e-07,0.999628491958135,0.999999999999164,"EMP1","OE",FALSE,"Activated",3.6316572390412e-13
"LRRC2",2.29152418686903e-10,-0.382383212798375,2.13948003032531e-07,0.999630942390302,0.999999999999164,"EMP1","OE",FALSE,"Activated",3.6316572390412e-13
"UNG",2.28916898149667e-10,-0.382603278350303,2.13508441851594e-07,0.999631321703952,0.999999999999164,"EMP1","OE",FALSE,"Activated",3.6316572390412e-13
"AC103591.3",2.27734033234986e-10,-0.383711483039084,2.11307650635072e-07,0.999633226747197,0.999999999999164,"EMP1","OE",FALSE,"Activated",3.6316572390412e-13
"AC036176.3",2.26863626314868e-10,-0.384530124261597,2.09695487905647e-07,0.999634628566462,0.999999999999164,"EMP1","OE",FALSE,"Activated",3.6316572390412e-13
"AMIGO2",2.22710861625274e-10,-0.3884735805297,2.02088752191898e-07,0.999641316731988,0.999999999999164,"EMP1","OE",FALSE,"Activated",3.6316572390412e-13
"MYLPF",2.19969831394137e-10,-0.391111321197496,1.97144919640437e-07,0.999645731252271,0.999999999999164,"EMP1","OE",FALSE,"Activated",3.6316572390412e-13
"PLVAP",2.12812795635481e-10,-0.398134648573877,1.8452483255024e-07,0.999657257896271,0.999999999999164,"EMP1","OE",FALSE,"Activated",3.6316572390412e-13
"SUCNR1",2.11430978830783e-10,-0.399514043123218,1.82136332283821e-07,0.999659483358177,0.999999999999164,"EMP1","OE",FALSE,"Activated",3.6316572390412e-13
"SELE",2.10203596195363e-10,-0.40074580544501,1.80027822902454e-07,0.99966146009872,0.999999999999164,"EMP1","OE",FALSE,"Activated",3.6316572390412e-13
"EFNA2",2.09374053382177e-10,-0.401581823581348,1.78609711016886e-07,0.999662796105004,0.999999999999164,"EMP1","OE",FALSE,"Activated",3.6316572390412e-13
"PIMREG",2.09351147746973e-10,-0.401604948489476,1.78570633155704e-07,0.999662832995291,0.999999999999164,"EMP1","OE",FALSE,"Activated",3.6316572390412e-13
"HAP1",2.08951751899536e-10,-0.402008518620741,1.77889936265806e-07,0.999663476235584,0.999999999999164,"EMP1","OE",FALSE,"Activated",3.6316572390412e-13
"SCN3A",2.07634674751667e-10,-0.403344089123233,1.75654431108439e-07,0.999665597432127,0.999999999999164,"EMP1","OE",FALSE,"Activated",3.6316572390412e-13
"NPY1R",2.03206613525584e-10,-0.407888519676438,1.68242232534558e-07,0.999672728971994,0.999999999999164,"EMP1","OE",FALSE,"Activated",3.6316572390412e-13
"S100A9",2.02245012214289e-10,-0.408886658319714,1.66653709783946e-07,0.999674277662889,0.999999999999164,"EMP1","OE",FALSE,"Activated",3.6316572390412e-13
"DUSP26",1.98490811234658e-10,-0.412823082563689,1.60524068885993e-07,0.999680323928444,0.999999999999164,"EMP1","OE",FALSE,"Activated",3.6316572390412e-13
"ROBO2",1.97416036489511e-10,-0.413961837649028,1.58790385399547e-07,0.999682054888925,0.999999999999164,"EMP1","OE",FALSE,"Activated",3.6316572390412e-13
"KRT86",1.97415921593768e-10,-0.413961959669744,1.58790200568221e-07,0.999682055073968,0.999999999999164,"EMP1","OE",FALSE,"Activated",3.6316572390412e-13
"GNLY",1.93564095911657e-10,-0.418087464621525,1.52654268648744e-07,0.999688258567378,0.999999999999164,"EMP1","OE",FALSE,"Activated",3.6316572390412e-13
"PRSS22",1.85072690454812e-10,-0.42743817209802,1.39554557180507e-07,0.999701934258439,0.999999999999164,"EMP1","OE",FALSE,"Activated",3.6316572390412e-13
"GBP6",1.8363499956844e-10,-0.429057818316072,1.37394789383169e-07,0.999704249707463,0.999999999999164,"EMP1","OE",FALSE,"Activated",3.6316572390412e-13
"SERPINB13",1.81697807151747e-10,-0.431257555348366,1.34511283911969e-07,0.999707369620331,0.999999999999164,"EMP1","OE",FALSE,"Activated",3.6316572390412e-13
"IBSP",1.80992705394205e-10,-0.432063237934459,1.33469332809532e-07,0.999708505210182,0.999999999999164,"EMP1","OE",FALSE,"Activated",3.6316572390412e-13
"CXCL11",1.80448702050466e-10,-0.432686692618923,1.32668210511373e-07,0.999709381345676,0.999999999999164,"EMP1","OE",FALSE,"Activated",3.6316572390412e-13
"KRT15",1.78994167346718e-10,-0.434361652622098,1.30538045209811e-07,0.999711723922236,0.999999999999164,"EMP1","OE",FALSE,"Activated",3.6316572390412e-13
"LINC00511",1.78745093286517e-10,-0.434649647828752,1.30175005232441e-07,0.999712125064302,0.999999999999164,"EMP1","OE",FALSE,"Activated",3.6316572390412e-13
"HLA-DMA",1.74916936497576e-10,-0.439120090438564,1.24658837061456e-07,0.99971829043826,0.999999999999164,"EMP1","OE",FALSE,"Activated",3.6316572390412e-13
"LAX1",1.7345360733716e-10,-0.440851237214122,1.2258180691682e-07,0.999720647178595,0.999999999999164,"EMP1","OE",FALSE,"Activated",3.6316572390412e-13
"OVOL1",1.73435959467466e-10,-0.44087219168555,1.22556864250748e-07,0.999720675601076,0.999999999999164,"EMP1","OE",FALSE,"Activated",3.6316572390412e-13
"DKK1",1.73066971526477e-10,-0.441310736669594,1.22035935374846e-07,0.999721269868441,0.999999999999164,"EMP1","OE",FALSE,"Activated",3.6316572390412e-13
"CA2",1.71235660315009e-10,-0.44349926253986,1.19466948752504e-07,0.999724219256126,0.999999999999164,"EMP1","OE",FALSE,"Activated",3.6316572390412e-13
"SNCG",1.70180567277561e-10,-0.44476933715426,1.17999258997862e-07,0.999725918518597,0.999999999999164,"EMP1","OE",FALSE,"Activated",3.6316572390412e-13
"AL603756.1",1.67927527713999e-10,-0.447504327552133,1.14895530435357e-07,0.999729547113843,0.999999999999164,"EMP1","OE",FALSE,"Activated",3.6316572390412e-13
"ALDH1A3",1.64902950787249e-10,-0.451226056244232,1.10793989312509e-07,0.999734418295715,0.999999999999164,"EMP1","OE",FALSE,"Activated",3.6316572390412e-13
"KLRD1",1.62617357989021e-10,-0.454077698089085,1.07744013187203e-07,0.999738099319043,0.999999999999164,"EMP1","OE",FALSE,"Activated",3.6316572390412e-13
"CCL22",1.56475501778056e-10,-0.461915430142404,9.9758991920667e-08,0.999747990983065,0.999999999999164,"EMP1","OE",FALSE,"Activated",3.6316572390412e-13
"FCER1A",1.53967119598499e-10,-0.465192879443865,9.65862525721879e-08,0.999752030816135,0.999999999999164,"EMP1","OE",FALSE,"Activated",3.6316572390412e-13
"LINC01814",1.51300430629128e-10,-0.468728031640054,9.32695055182653e-08,0.99975632560757,0.999999999999164,"EMP1","OE",FALSE,"Activated",3.6316572390412e-13
"LRRN2",1.51300421162045e-10,-0.468728044285297,9.32694938462547e-08,0.999756325622818,0.999999999999164,"EMP1","OE",FALSE,"Activated",3.6316572390412e-13
"AOC1",1.51300413370627e-10,-0.468728054692344,9.32694842401796e-08,0.999756325635366,0.999999999999164,"EMP1","OE",FALSE,"Activated",3.6316572390412e-13
"TAC1",1.51300405509054e-10,-0.468728065193099,9.32694745476104e-08,0.999756325648027,0.999999999999164,"EMP1","OE",FALSE,"Activated",3.6316572390412e-13
"INSM1",1.51300401557201e-10,-0.468728070471615,9.32694696753532e-08,0.999756325654392,0.999999999999164,"EMP1","OE",FALSE,"Activated",3.6316572390412e-13
"CLEC5A",1.51300397301732e-10,-0.468728076155674,9.32694644287662e-08,0.999756325661245,0.999999999999164,"EMP1","OE",FALSE,"Activated",3.6316572390412e-13
"FLT3",1.51300376066286e-10,-0.468728104520002,9.32694382474923e-08,0.999756325695446,0.999999999999164,"EMP1","OE",FALSE,"Activated",3.6316572390412e-13
"HIST3H2BB",1.51206163010511e-10,-0.468853979318398,9.31533187351583e-08,0.999756477428711,0.999999999999164,"EMP1","OE",FALSE,"Activated",3.6316572390412e-13
"MUCL1",1.48991151794616e-10,-0.471833032009409,9.04441124217709e-08,0.999760044778081,0.999999999999164,"EMP1","OE",FALSE,"Activated",3.6316572390412e-13
"GCNT2",1.47895216955353e-10,-0.473321136557968,8.91184457525769e-08,0.99976180981766,0.999999999999164,"EMP1","OE",FALSE,"Activated",3.6316572390412e-13
"TCN1",1.42933360247256e-10,-0.480179832706737,8.32389423914064e-08,0.999769801053245,0.999999999999164,"EMP1","OE",FALSE,"Activated",3.6316572390412e-13
"OR5AU1",1.38909784850097e-10,-0.485893910960988,7.86185488670634e-08,0.999776281155528,0.999999999999164,"EMP1","OE",FALSE,"Activated",3.6316572390412e-13
"CLNK",1.37735228299007e-10,-0.487588850559699,7.72946459974453e-08,0.999778172818004,0.999999999999164,"EMP1","OE",FALSE,"Activated",3.6316572390412e-13
"AC005899.8",1.35092283349436e-10,-0.4914487703702,7.43567553593361e-08,0.999782429368945,0.999999999999164,"EMP1","OE",FALSE,"Activated",3.6316572390412e-13
"TH",1.34818886521629e-10,-0.491851761444259,7.40560967289003e-08,0.99978286968365,0.999999999999164,"EMP1","OE",FALSE,"Activated",3.6316572390412e-13
"AC020656.1",1.34095677740326e-10,-0.492921188032614,7.32637096942096e-08,0.999784034435501,0.999999999999164,"EMP1","OE",FALSE,"Activated",3.6316572390412e-13
"AC006262.2",1.32027596935447e-10,-0.496006978704063,7.10213271262482e-08,0.999787365148581,0.999999999999164,"EMP1","OE",FALSE,"Activated",3.6316572390412e-13
"DAPL1",1.31900555758931e-10,-0.496197892237674,7.0884714899227e-08,0.999787569752631,0.999999999999164,"EMP1","OE",FALSE,"Activated",3.6316572390412e-13
"IL13RA2",1.31298465718074e-10,-0.497104855541139,7.02390531475444e-08,0.999788539438714,0.999999999999164,"EMP1","OE",FALSE,"Activated",3.6316572390412e-13
"GAST",1.30946678216348e-10,-0.49763643388022,6.98631748883071e-08,0.999789106004214,0.999999999999164,"EMP1","OE",FALSE,"Activated",3.6316572390412e-13
"AC100801.1",1.2969000872831e-10,-0.499545466053778,6.85286829236655e-08,0.999791129912321,0.999999999999164,"EMP1","OE",FALSE,"Activated",3.6316572390412e-13
"GPR35",1.28472085208916e-10,-0.501410912710729,6.72476159406018e-08,0.999793091418755,0.999999999999164,"EMP1","OE",FALSE,"Activated",3.6316572390412e-13
"NECTIN4",1.28362125437044e-10,-0.501580083085876,6.71325501970867e-08,0.999793268512634,0.999999999999164,"EMP1","OE",FALSE,"Activated",3.6316572390412e-13
"CMPK2",1.28072814690159e-10,-0.502025777829221,6.68302759754515e-08,0.999793734457238,0.999999999999164,"EMP1","OE",FALSE,"Activated",3.6316572390412e-13
"SPINK6",1.27221035641661e-10,-0.503343034289885,6.59442903968151e-08,0.999795106275795,0.999999999999164,"EMP1","OE",FALSE,"Activated",3.6316572390412e-13
"DNAH5",1.25796318883163e-10,-0.505563412650424,6.44755731678427e-08,0.999797400829638,0.999999999999164,"EMP1","OE",FALSE,"Activated",3.6316572390412e-13
"WFDC2",1.25215741318913e-10,-0.506474445414689,6.38818087295223e-08,0.999798335869164,0.999999999999164,"EMP1","OE",FALSE,"Activated",3.6316572390412e-13
"OLR1",1.23954616002245e-10,-0.508465993346462,6.26015021858991e-08,0.999800366953538,0.999999999999164,"EMP1","OE",FALSE,"Activated",3.6316572390412e-13
"ANXA8L1",1.19000177528054e-10,-0.516463004385485,5.76971770106996e-08,0.999808346241914,0.999999999999164,"EMP1","OE",FALSE,"Activated",3.6316572390412e-13
"SNCA",1.18895842985022e-10,-0.516634474735736,5.75960482601335e-08,0.999808514276175,0.999999999999164,"EMP1","OE",FALSE,"Activated",3.6316572390412e-13
"LINC01322",1.18176578089422e-10,-0.517820104012631,5.69012971559997e-08,0.999809672676276,0.999999999999164,"EMP1","OE",FALSE,"Activated",3.6316572390412e-13
"RBP1",1.1783996719429e-10,-0.51837710783986,5.65776066482563e-08,0.999810214799349,0.999999999999164,"EMP1","OE",FALSE,"Activated",3.6316572390412e-13
"IL20",1.16428552989594e-10,-0.520727666035626,5.523042001775e-08,0.999812487928996,0.999999999999164,"EMP1","OE",FALSE,"Activated",3.6316572390412e-13
"AL137800.1",1.15387577084463e-10,-0.522477086811698,5.42472159315604e-08,0.999814164455409,0.999999999999164,"EMP1","OE",FALSE,"Activated",3.6316572390412e-13
"TNFAIP8L1",1.12513657738665e-10,-0.527378479255498,5.1578633637169e-08,0.999818792998368,0.999999999999164,"EMP1","OE",FALSE,"Activated",3.6316572390412e-13
"KCTD14",1.11196007931845e-10,-0.529661862087202,5.03776306225067e-08,0.99982091511733,0.999999999999164,"EMP1","OE",FALSE,"Activated",3.6316572390412e-13
"FYB1",1.01791383409773e-10,-0.546672752870382,4.22164178317558e-08,0.999836061578841,0.999999999999164,"EMP1","OE",FALSE,"Activated",3.6316572390412e-13
"AC253572.2",9.6475149568822e-11,-0.556897541162714,3.79219155875647e-08,0.999844623550807,0.999999999999164,"EMP1","OE",FALSE,"Activated",3.6316572390412e-13
"LAMP3",9.24414200354398e-11,-0.564984919592896,3.48170974134708e-08,0.999851120006809,0.999999999999164,"EMP1","OE",FALSE,"Activated",3.6316572390412e-13
"P2RX1",9.12968504817528e-11,-0.567335081400224,3.39602545982725e-08,0.999852963374266,0.999999999999164,"EMP1","OE",FALSE,"Activated",3.6316572390412e-13
"TRBC1",8.75693204933852e-11,-0.575169049758878,3.12437608979555e-08,0.999858966685696,0.999999999999164,"EMP1","OE",FALSE,"Activated",3.6316572390412e-13
"TEX26-AS1",8.73318605352267e-11,-0.575677784555965,3.10745444887197e-08,0.999859349122882,0.999999999999164,"EMP1","OE",FALSE,"Activated",3.6316572390412e-13
"S100B",7.79141344441114e-11,-0.596884809326496,2.47338570759753e-08,0.999874516685047,0.999999999999164,"EMP1","OE",FALSE,"Activated",3.6316572390412e-13
"FCGR2B",7.62154585691285e-11,-0.600943140372292,2.36671236679021e-08,0.999877252459238,0.999999999999164,"EMP1","OE",FALSE,"Activated",3.6316572390412e-13
"KLK13",7.35444071743038e-11,-0.607485090109562,2.20373134633318e-08,0.99988155427666,0.999999999999164,"EMP1","OE",FALSE,"Activated",3.6316572390412e-13
"ABLIM2",7.35443789400656e-11,-0.607485160335943,2.2037296542762e-08,0.999881554322132,0.999999999999164,"EMP1","OE",FALSE,"Activated",3.6316572390412e-13
"PACRG-AS1",7.35443573084864e-11,-0.607485214139695,2.20372835791212e-08,0.99988155435697,0.999999999999164,"EMP1","OE",FALSE,"Activated",3.6316572390412e-13
"LILRA5",7.14994580886397e-11,-0.612633464176107,2.08288286131092e-08,0.999884847735418,0.999999999999164,"EMP1","OE",FALSE,"Activated",3.6316572390412e-13
"RYR1",7.01949456127935e-11,-0.615984411584647,2.00757153763647e-08,0.999886948696303,0.999999999999164,"EMP1","OE",FALSE,"Activated",3.6316572390412e-13
"LCE3D",6.98472367090883e-11,-0.616886639444627,1.98773188665994e-08,0.999887508693099,0.999999999999164,"EMP1","OE",FALSE,"Activated",3.6316572390412e-13
"GDNF",6.88523419178658e-11,-0.619489726155532,1.93150919354108e-08,0.999889111004369,0.999999999999164,"EMP1","OE",FALSE,"Activated",3.6316572390412e-13
"CALML5",6.79038267490846e-11,-0.6220018268631,1.87865851690702e-08,0.99989063861971,0.999999999999164,"EMP1","OE",FALSE,"Activated",3.6316572390412e-13
"SLC9A2",6.75541338412008e-11,-0.62293560767694,1.85935881046239e-08,0.999891201811811,0.999999999999164,"EMP1","OE",FALSE,"Activated",3.6316572390412e-13
"EEF1A2",6.71184664730343e-11,-0.624104811008109,1.83545354207322e-08,0.99989190346865,0.999999999999164,"EMP1","OE",FALSE,"Activated",3.6316572390412e-13
"KLK12",6.71184289891577e-11,-0.624104911884894,1.83545149196992e-08,0.999891903529019,0.999999999999164,"EMP1","OE",FALSE,"Activated",3.6316572390412e-13
"LINC02154",6.6137381741334e-11,-0.626761893960798,1.78218728986104e-08,0.999893483538359,0.999999999999164,"EMP1","OE",FALSE,"Activated",3.6316572390412e-13
"CHGB",6.61373803731496e-11,-0.626761897689889,1.7821872161248e-08,0.999893483540563,0.999999999999164,"EMP1","OE",FALSE,"Activated",3.6316572390412e-13
"SPIB",6.61373784060758e-11,-0.626761903051297,1.78218711011233e-08,0.999893483543731,0.999999999999164,"EMP1","OE",FALSE,"Activated",3.6316572390412e-13
"LILRA4",6.61373770914352e-11,-0.62676190663445,1.78218703926176e-08,0.999893483545848,0.999999999999164,"EMP1","OE",FALSE,"Activated",3.6316572390412e-13
"LINC02376",6.61373759353714e-11,-0.62676190978539,1.78218697695745e-08,0.99989348354771,0.999999999999164,"EMP1","OE",FALSE,"Activated",3.6316572390412e-13
"CLEC4C",6.61373718582318e-11,-0.626761920897944,1.78218675722617e-08,0.999893483554276,0.999999999999164,"EMP1","OE",FALSE,"Activated",3.6316572390412e-13
"TMEM163",6.61373707427333e-11,-0.62676192393832,1.78218669710807e-08,0.999893483556073,0.999999999999164,"EMP1","OE",FALSE,"Activated",3.6316572390412e-13
"AC079163.2",6.61373593690845e-11,-0.626761954938069,1.78218608414255e-08,0.99989348357439,0.999999999999164,"EMP1","OE",FALSE,"Activated",3.6316572390412e-13
"IFNG",6.61372875098218e-11,-0.626762150796083,1.78218221139923e-08,0.999893483690122,0.999999999999164,"EMP1","OE",FALSE,"Activated",3.6316572390412e-13
"ZBP1",6.58026132832033e-11,-0.627676327285592,1.76419110931796e-08,0.999894022694136,0.999999999999164,"EMP1","OE",FALSE,"Activated",3.6316572390412e-13
"TMEM52B",6.56778874784992e-11,-0.62801804618813,1.75750956258804e-08,0.999894223569208,0.999999999999164,"EMP1","OE",FALSE,"Activated",3.6316572390412e-13
"SPRR1B",6.46667933926295e-11,-0.630809038691218,1.70381327889992e-08,0.999895851969985,0.999999999999164,"EMP1","OE",FALSE,"Activated",3.6316572390412e-13
"SLAMF9",6.4535392461354e-11,-0.631174510566293,1.69689612162308e-08,0.999896063595571,0.999999999999164,"EMP1","OE",FALSE,"Activated",3.6316572390412e-13
"KLK11",6.34179411478033e-11,-0.634308722943922,1.63864026917225e-08,0.999897863288214,0.999999999999164,"EMP1","OE",FALSE,"Activated",3.6316572390412e-13
"CDX1",6.30062869848596e-11,-0.63547533035132,1.61743605566498e-08,0.999898526270985,0.999999999999164,"EMP1","OE",FALSE,"Activated",3.6316572390412e-13
"LINC00052",6.28888878066398e-11,-0.635809237555601,1.61141415637475e-08,0.99989871534628,0.999999999999164,"EMP1","OE",FALSE,"Activated",3.6316572390412e-13
"PDCD1",6.16868633140122e-11,-0.639259310461722,1.55040343254496e-08,0.999900651246852,0.999999999999164,"EMP1","OE",FALSE,"Activated",3.6316572390412e-13
"DLL1",6.11688612348105e-11,-0.640763982089076,1.52447440395517e-08,0.999901485506493,0.999999999999164,"EMP1","OE",FALSE,"Activated",3.6316572390412e-13
"SPRR2A",6.11287150313157e-11,-0.64088105516551,1.52247398169854e-08,0.999901550163294,0.999999999999164,"EMP1","OE",FALSE,"Activated",3.6316572390412e-13
"KC877982.1",5.99353455944537e-11,-0.644391750796972,1.46361001922046e-08,0.99990347212461,0.999999999999164,"EMP1","OE",FALSE,"Activated",3.6316572390412e-13
"TNFRSF18",5.95308408400799e-11,-0.645595414293602,1.44392082345677e-08,0.999904123593021,0.999999999999164,"EMP1","OE",FALSE,"Activated",3.6316572390412e-13
"APLN",5.91763242362764e-11,-0.646656140833871,1.42677442705886e-08,0.999904694553846,0.999999999999164,"EMP1","OE",FALSE,"Activated",3.6316572390412e-13
"CXCL10",5.90012052099796e-11,-0.647182125601065,1.41834248552587e-08,0.999904976588884,0.999999999999164,"EMP1","OE",FALSE,"Activated",3.6316572390412e-13
"KRT16",5.87281036900406e-11,-0.64800510063653,1.40524258318904e-08,0.999905416427999,0.999999999999164,"EMP1","OE",FALSE,"Activated",3.6316572390412e-13
"C2CD4B",5.82994120429152e-11,-0.649303613981396,1.38480204372163e-08,0.999906106850208,0.999999999999164,"EMP1","OE",FALSE,"Activated",3.6316572390412e-13
"MMP13",5.66982305538771e-11,-0.654227548253829,1.30978000803694e-08,0.999908685606451,0.999999999999164,"EMP1","OE",FALSE,"Activated",3.6316572390412e-13
"TAF4B",5.63901977152195e-11,-0.65518852625467,1.29558699726628e-08,0.999909181703621,0.999999999999164,"EMP1","OE",FALSE,"Activated",3.6316572390412e-13
"AL161431.1",5.59498639719089e-11,-0.656570133191434,1.27543231428769e-08,0.999909890875815,0.999999999999164,"EMP1","OE",FALSE,"Activated",3.6316572390412e-13
"LINC02577",5.58547302803919e-11,-0.656869858597338,1.27109866915912e-08,0.999910044091801,0.999999999999164,"EMP1","OE",FALSE,"Activated",3.6316572390412e-13
"KLK10",5.52411683074578e-11,-0.658813567572306,1.24332611595633e-08,0.999911032253842,0.999999999999164,"EMP1","OE",FALSE,"Activated",3.6316572390412e-13
"AQP3",5.50550091524757e-11,-0.659406982051927,1.23496037897322e-08,0.999911332069376,0.999999999999164,"EMP1","OE",FALSE,"Activated",3.6316572390412e-13
"LINC00707",5.29361040832105e-11,-0.666286135732136,1.14172969632147e-08,0.999914744636731,0.999999999999164,"EMP1","OE",FALSE,"Activated",3.6316572390412e-13
"SLC11A1",5.20056570886411e-11,-0.669382134888196,1.10194653123937e-08,0.99991624315268,0.999999999999164,"EMP1","OE",FALSE,"Activated",3.6316572390412e-13
"AC025263.1",5.16994357093666e-11,-0.670411510035329,1.08900770326507e-08,0.999916736332435,0.999999999999164,"EMP1","OE",FALSE,"Activated",3.6316572390412e-13
"TFF3",4.89007234544021e-11,-0.680071198698075,9.74293745576318e-09,0.999921243751961,0.999999999999164,"EMP1","OE",FALSE,"Activated",3.6316572390412e-13
"CAVIN4",4.25839882531402e-11,-0.703758435530442,7.388427443932e-09,0.999931417064907,0.999999999999164,"EMP1","OE",FALSE,"Activated",3.6316572390412e-13
"AKR1C2",3.45368476076424e-11,-0.738777863156295,4.85987092296855e-09,0.999944377253612,0.999999999999164,"EMP1","OE",FALSE,"Activated",3.6316572390412e-13
"AKR1C1",3.06186065974852e-11,-0.758457415235218,3.81970824082459e-09,0.999950687711596,0.999999999999164,"EMP1","OE",FALSE,"Activated",3.6316572390412e-13
"RAMP3",2.90319697629187e-11,-0.767049599077228,3.4340953685458e-09,0.999953243043199,0.999999999999164,"EMP1","OE",FALSE,"Activated",3.6316572390412e-13
"LINC02195",2.42747808287851e-11,-0.79548826168542,2.40087738601508e-09,0.999960904654833,0.999999999999164,"EMP1","OE",FALSE,"Activated",3.6316572390412e-13
"TNIP3",2.03234890240453e-11,-0.823033587457145,1.68289058457727e-09,0.999967268342232,0.999999999999164,"EMP1","OE",FALSE,"Activated",3.6316572390412e-13
"PCDHB15",1.91229247619408e-11,-0.83231968833234,1.48993725216754e-09,0.999969201891067,0.999999999999164,"EMP1","OE",FALSE,"Activated",3.6316572390412e-13
"NPPC",1.75580504465742e-11,-0.845209229758947,1.25606447008995e-09,0.999971722173409,0.999999999999164,"EMP1","OE",FALSE,"Activated",3.6316572390412e-13
"LY9",1.47556271122578e-11,-0.870996532297316,8.8710431037199e-10,0.999976235569774,0.999999999999164,"EMP1","OE",FALSE,"Activated",3.6316572390412e-13
"CTSW",1.29053663657536e-11,-0.890447496470626,6.78578385707541e-10,0.999979215476495,0.999999999999164,"EMP1","OE",FALSE,"Activated",3.6316572390412e-13
"AC114977.1",1.09330652043637e-11,-0.914031952537336,4.8701599231999e-10,0.999982391933379,0.999999999999164,"EMP1","OE",FALSE,"Activated",3.6316572390412e-13
"LINC02605",8.18511832555118e-12,-0.953923177390553,2.72966449039023e-10,0.999986817593595,0.999999999999164,"EMP1","OE",FALSE,"Activated",3.6316572390412e-13
"NUP210",8.11000840299385e-12,-0.95516755391934,2.67979735710376e-10,0.999986938560633,0.999999999999164,"EMP1","OE",FALSE,"Activated",3.6316572390412e-13
"SERPINB4",8.09273537978038e-12,-0.95545512725032,2.66839443212055e-10,0.999986966379414,0.999999999999164,"EMP1","OE",FALSE,"Activated",3.6316572390412e-13
"KCNN3",7.53350250521927e-12,-0.965064218216214,2.3123481369513e-10,0.999987867042634,0.999999999999164,"EMP1","OE",FALSE,"Activated",3.6316572390412e-13
"MIR3945HG",5.50389977544929e-12,-1.00608393213425,1.23424216760191e-10,0.999991135785609,0.999999999999164,"EMP1","OE",FALSE,"Activated",3.6316572390412e-13
"HIST1H3G",4.83855219570037e-12,-1.02241231488674,9.53872233028097e-11,0.999992207350105,0.999999999999164,"EMP1","OE",FALSE,"Activated",3.6316572390412e-13
"SERPINB3",4.80229181018317e-12,-1.02335668274519,9.39629057742065e-11,0.999992265748667,0.999999999999164,"EMP1","OE",FALSE,"Activated",3.6316572390412e-13
"AC023157.3",4.52694837000482e-12,-1.03073539887338,8.34969148353374e-11,0.999992709198472,0.999999999999164,"EMP1","OE",FALSE,"Activated",3.6316572390412e-13
"IGHG2",4.26169327362536e-12,-1.03821912335364,7.39986376484274e-11,0.999993136400663,0.999999999999164,"EMP1","OE",FALSE,"Activated",3.6316572390412e-13
"AC239799.2",4.15822170461386e-12,-1.04124763693398,7.04489667760746e-11,0.999993303045081,0.999999999999164,"EMP1","OE",FALSE,"Activated",3.6316572390412e-13
"OBSCN",3.95606821970108e-12,-1.04735682319732,6.37656645686267e-11,0.999993628620019,0.999999999999164,"EMP1","OE",FALSE,"Activated",3.6316572390412e-13
"SNHG4",3.88675042159868e-12,-1.04951367721587,6.15506515796879e-11,0.999993740258648,0.999999999999164,"EMP1","OE",FALSE,"Activated",3.6316572390412e-13
"TMEM171",3.88077656841232e-12,-1.0497011042439,6.13615928818913e-11,0.999993749879738,0.999999999999164,"EMP1","OE",FALSE,"Activated",3.6316572390412e-13
"AC022819.1",3.79483482853278e-12,-1.05242538558059,5.86739196447587e-11,0.99999388829178,0.999999999999164,"EMP1","OE",FALSE,"Activated",3.6316572390412e-13
"FAM30A",3.77238706856241e-12,-1.05314571405338,5.79818196831842e-11,0.999993924444647,0.999999999999164,"EMP1","OE",FALSE,"Activated",3.6316572390412e-13
"ZNF114",3.75969069033953e-12,-1.05355476663242,5.75921882441592e-11,0.999993944892588,0.999999999999164,"EMP1","OE",FALSE,"Activated",3.6316572390412e-13
"SLC7A11",3.74316542053349e-12,-1.05408896560891,5.70870217674989e-11,0.999993971507087,0.999999999999164,"EMP1","OE",FALSE,"Activated",3.6316572390412e-13
"NMU",3.70262024724099e-12,-1.05540829896707,5.58570106477852e-11,0.999994036806443,0.999999999999164,"EMP1","OE",FALSE,"Activated",3.6316572390412e-13
"AC124319.1",3.58900798720043e-12,-1.05917270296619,5.24817364211741e-11,0.999994219782782,0.999999999999164,"EMP1","OE",FALSE,"Activated",3.6316572390412e-13
"ATP2C2",3.48442540097603e-12,-1.06272982870595,4.94676965613796e-11,0.999994388216529,0.999999999999164,"EMP1","OE",FALSE,"Activated",3.6316572390412e-13
"KLHDC7B",3.23351636396368e-12,-1.07165452470997,4.25999875671188e-11,0.999994792313912,0.999999999999164,"EMP1","OE",FALSE,"Activated",3.6316572390412e-13
"SFTA1P",3.15310045423687e-12,-1.07464132733022,4.05074551931675e-11,0.999994921826421,0.999999999999164,"EMP1","OE",FALSE,"Activated",3.6316572390412e-13
"IGFL2-AS1",2.79521592651488e-12,-1.08878693728337,3.18339163242857e-11,0.999995498211404,0.999999999999164,"EMP1","OE",FALSE,"Activated",3.6316572390412e-13
"PCSK9",2.72192516853015e-12,-1.09187504894908,3.01864268444358e-11,0.999995616248617,0.999999999999164,"EMP1","OE",FALSE,"Activated",3.6316572390412e-13
"SYT8",2.71785507290664e-12,-1.09204863448431,3.00962187904601e-11,0.999995622803642,0.999999999999164,"EMP1","OE",FALSE,"Activated",3.6316572390412e-13
"ADPRHL1",2.70918784558767e-12,-1.09241903092041,2.99045714533063e-11,0.999995636762501,0.999999999999164,"EMP1","OE",FALSE,"Activated",3.6316572390412e-13
"NEFM",2.70552684166045e-12,-1.09257579184133,2.982380423633e-11,0.99999564265867,0.999999999999164,"EMP1","OE",FALSE,"Activated",3.6316572390412e-13
"NGFR",2.60043998854837e-12,-1.0971553693986,2.75519928923364e-11,0.999995811904557,0.999999999999164,"EMP1","OE",FALSE,"Activated",3.6316572390412e-13
"HAPLN1",2.4894476907151e-12,-1.10216887624907,2.5250231044401e-11,0.999995990661359,0.999999999999164,"EMP1","OE",FALSE,"Activated",3.6316572390412e-13
"NGEF",2.48942022826491e-12,-1.10217014036636,2.52496739494355e-11,0.999995990705588,0.999999999999164,"EMP1","OE",FALSE,"Activated",3.6316572390412e-13
"HIST1H2BG",2.48312608891596e-12,-1.10246018188998,2.5122155055563e-11,0.99999600084251,0.999999999999164,"EMP1","OE",FALSE,"Activated",3.6316572390412e-13
"SLC18A2",2.47801917797185e-12,-1.10269598049419,2.50189265656192e-11,0.99999600906736,0.999999999999164,"EMP1","OE",FALSE,"Activated",3.6316572390412e-13
"NCCRP1",2.42035333254655e-12,-1.10538803467375,2.3868047159718e-11,0.99999610194013,0.999999999999164,"EMP1","OE",FALSE,"Activated",3.6316572390412e-13
"TNNC1",2.42026370643092e-12,-1.10539226158503,2.38662795163593e-11,0.999996102084476,0.999999999999164,"EMP1","OE",FALSE,"Activated",3.6316572390412e-13
"CILP2",2.40335121295059e-12,-1.10619230698875,2.35338958928438e-11,0.999996129322612,0.999999999999164,"EMP1","OE",FALSE,"Activated",3.6316572390412e-13
"HIST1H1D",2.39477166544276e-12,-1.10660001917347,2.33661719375672e-11,0.999996143140259,0.999999999999164,"EMP1","OE",FALSE,"Activated",3.6316572390412e-13
"NSG1",2.29886678834094e-12,-1.11124537540233,2.15321282668851e-11,0.999996297598267,0.999999999999164,"EMP1","OE",FALSE,"Activated",3.6316572390412e-13
"KBTBD7",2.20475418396306e-12,-1.11596923385441,1.98052211839803e-11,0.999996449169759,0.999999999999164,"EMP1","OE",FALSE,"Activated",3.6316572390412e-13
"POPDC3",2.02302024770127e-12,-1.12560546703809,1.6674768187294e-11,0.999996741858332,0.999999999999164,"EMP1","OE",FALSE,"Activated",3.6316572390412e-13
"HIST1H2AC",2.01575684352597e-12,-1.12600588661697,1.65552457497417e-11,0.999996753556287,0.999999999999164,"EMP1","OE",FALSE,"Activated",3.6316572390412e-13
"LGALS9C",2.00366039441387e-12,-1.12667551245055,1.63571476363224e-11,0.999996773038022,0.999999999999164,"EMP1","OE",FALSE,"Activated",3.6316572390412e-13
"SLC47A2",1.93549999399041e-12,-1.13051514419995,1.52632035037114e-11,0.999996882812624,0.999999999999164,"EMP1","OE",FALSE,"Activated",3.6316572390412e-13
"RSAD2",1.83399329214699e-12,-1.13645507002944,1.37042360912301e-11,0.999997046292557,0.999999999999164,"EMP1","OE",FALSE,"Activated",3.6316572390412e-13
"SAPCD2",1.78115026238996e-12,-1.1396603338154,1.29258902603762e-11,0.999997131398021,0.999999999999164,"EMP1","OE",FALSE,"Activated",3.6316572390412e-13
"DDN",1.68088620663643e-12,-1.14597414693552,1.15116074832448e-11,0.999997292876631,0.999999999999164,"EMP1","OE",FALSE,"Activated",3.6316572390412e-13
"RBM38",1.63631214837325e-12,-1.14888585934526,1.090916864295e-11,0.99999736466464,0.999999999999164,"EMP1","OE",FALSE,"Activated",3.6316572390412e-13
"GAL",1.60558126373664e-12,-1.1509333688428,1.05032554749467e-11,0.999997414157756,0.999999999999164,"EMP1","OE",FALSE,"Activated",3.6316572390412e-13
"GPR171",1.5516902189558e-12,-1.15460696076731,9.8100086705217e-12,0.999997500951084,0.999999999999164,"EMP1","OE",FALSE,"Activated",3.6316572390412e-13
"MANCR",1.53254738541493e-12,-1.15593836891741,9.56945421961161e-12,0.999997531781256,0.999999999999164,"EMP1","OE",FALSE,"Activated",3.6316572390412e-13
"H19",1.52233265922805e-12,-1.15665469114665,9.44231479630251e-12,0.999997548232414,0.999999999999164,"EMP1","OE",FALSE,"Activated",3.6316572390412e-13
"AATK",1.39944120293529e-12,-1.16561416793768,7.9793710174608e-12,0.999997746153208,0.999999999999164,"EMP1","OE",FALSE,"Activated",3.6316572390412e-13
"AFAP1-AS1",1.39777997706625e-12,-1.16573985492008,7.9604382177958e-12,0.999997748828668,0.999999999999164,"EMP1","OE",FALSE,"Activated",3.6316572390412e-13
"JPH1",1.34493510182329e-12,-1.1698068452952,7.36990692364635e-12,0.999997833937104,0.999999999999164,"EMP1","OE",FALSE,"Activated",3.6316572390412e-13
"GBP5",1.30545877807076e-12,-1.17293584654479,6.94361562487229e-12,0.999997897515042,0.999999999999164,"EMP1","OE",FALSE,"Activated",3.6316572390412e-13
"LMOD3",1.29616255018132e-12,-1.17368453920652,6.84507616171007e-12,0.999997912486927,0.999999999999164,"EMP1","OE",FALSE,"Activated",3.6316572390412e-13
"KRT75",1.28840253293655e-12,-1.17431306205461,6.76335970909346e-12,0.999997924984694,0.999999999999164,"EMP1","OE",FALSE,"Activated",3.6316572390412e-13
"SLURP2",1.23171806868095e-12,-1.17900585575857,6.18133058466359e-12,0.999998016276917,0.999999999999164,"EMP1","OE",FALSE,"Activated",3.6316572390412e-13
"AP005482.1",1.22340897988192e-12,-1.17970932193891,6.09821418601742e-12,0.999998029658982,0.999999999999164,"EMP1","OE",FALSE,"Activated",3.6316572390412e-13
"PODXL",1.13794409442277e-12,-1.18719455189977,5.27595640949728e-12,0.999998167303034,0.999999999999164,"EMP1","OE",FALSE,"Activated",3.6316572390412e-13
"CCN3",1.12237525171305e-12,-1.18861000266652,5.13257743186909e-12,0.999998192377175,0.999999999999164,"EMP1","OE",FALSE,"Activated",3.6316572390412e-13
"CSAG1",1.11008995519795e-12,-1.18973892301652,5.02083202319107e-12,0.999998212163056,0.999999999999164,"EMP1","OE",FALSE,"Activated",3.6316572390412e-13
"PRSS3",1.06321869501572e-12,-1.19414738349279,4.60579447886526e-12,0.999998287650785,0.999999999999164,"EMP1","OE",FALSE,"Activated",3.6316572390412e-13
"NPR3",1.06298446194145e-12,-1.19416983143544,4.60376533741172e-12,0.999998288028026,0.999999999999164,"EMP1","OE",FALSE,"Activated",3.6316572390412e-13
"GLDC",1.02167789063895e-12,-1.19819680154358,4.25292120564343e-12,0.999998354553638,0.999999999999164,"EMP1","OE",FALSE,"Activated",3.6316572390412e-13
"UCA1",9.82730900133662e-13,-1.20212438716835,3.93485351948171e-12,0.999998417279067,0.999999999999164,"EMP1","OE",FALSE,"Activated",3.6316572390412e-13
"SPINK5",9.78925245509811e-13,-1.20251532498014,3.90443685401263e-12,0.999998423408201,0.999999999999164,"EMP1","OE",FALSE,"Activated",3.6316572390412e-13
"LRRC75A",9.40536385402374e-13,-1.20653386686839,3.60421382802555e-12,0.999998485234742,0.999999999999164,"EMP1","OE",FALSE,"Activated",3.6316572390412e-13
"OSM",9.28281398964877e-13,-1.20784649889678,3.51090147534895e-12,0.999998504971807,0.999999999999164,"EMP1","OE",FALSE,"Activated",3.6316572390412e-13
"HIST1H2BF",9.10685643527335e-13,-1.20975754308454,3.37906329227213e-12,0.999998533310359,0.999999999999164,"EMP1","OE",FALSE,"Activated",3.6316572390412e-13
"ALDH3A1",8.29076967812147e-13,-1.21906007899148,2.8005868601709e-12,0.999998664743856,0.999999999999164,"EMP1","OE",FALSE,"Activated",3.6316572390412e-13
"TMEM45B",8.13101674298084e-13,-1.22097290550784,2.69369894858658e-12,0.9999986904726,0.999999999999164,"EMP1","OE",FALSE,"Activated",3.6316572390412e-13
"TCHH",7.26345771668163e-13,-1.23196458720848,2.14954316910799e-12,0.999998830195878,0.999999999999164,"EMP1","OE",FALSE,"Activated",3.6316572390412e-13
"TGM1",6.50201554487316e-13,-1.24258771366243,1.72248462081892e-12,0.999998952828683,0.999999999999164,"EMP1","OE",FALSE,"Activated",3.6316572390412e-13
"S100A8",5.95292373984907e-13,-1.2509356276265,1.44384304153778e-12,0.999999041261752,0.999999999999164,"EMP1","OE",FALSE,"Activated",3.6316572390412e-13
"BMP7",5.58615219092628e-13,-1.25688962399793,1.27140780520644e-12,0.999999100331535,0.999999999999164,"EMP1","OE",FALSE,"Activated",3.6316572390412e-13
"WFDC5",5.34596930413649e-13,-1.26097393326136,1.16442700155033e-12,0.999999139013791,0.999999999999164,"EMP1","OE",FALSE,"Activated",3.6316572390412e-13
"CCNE2",5.17640010940798e-13,-1.26395379885294,1.09172943921511e-12,0.999999166323476,0.999999999999164,"EMP1","OE",FALSE,"Activated",3.6316572390412e-13
"TNNI2",5.12141502392198e-13,-1.26493813193104,1.06865934640011e-12,0.999999175179007,0.999999999999164,"EMP1","OE",FALSE,"Activated",3.6316572390412e-13
"WIPF3",4.43856105736284e-13,-1.27798912653924,8.02682404570327e-13,0.999999285154919,0.999999999999164,"EMP1","OE",FALSE,"Activated",3.6316572390412e-13
"AC103858.1",4.40306819067118e-13,-1.2787137344861,7.89896462752104e-13,0.999999290871164,0.999999999999164,"EMP1","OE",FALSE,"Activated",3.6316572390412e-13
"NEFL",3.77928829657715e-13,-1.29234930179869,5.81941583248003e-13,0.999999391332999,0.999999999999164,"EMP1","OE",FALSE,"Activated",3.6316572390412e-13
"LTB",3.68126284607149e-13,-1.29466611580732,5.52144819000277e-13,0.999999407120325,0.999999999999164,"EMP1","OE",FALSE,"Activated",3.6316572390412e-13
"AL356804.1",3.48939061790319e-13,-1.29935924052007,4.96087774086339e-13,0.999999438021988,0.999999999999164,"EMP1","OE",FALSE,"Activated",3.6316572390412e-13
"ARHGAP45",3.05491897927052e-13,-1.31086863885081,3.80240821304264e-13,0.999999507995097,0.999999999999164,"EMP1","OE",FALSE,"Activated",3.6316572390412e-13
"GCNA",2.58522034992149e-13,-1.32502199201426,2.72304286468739e-13,0.999999583641629,0.999999999999164,"EMP1","OE",FALSE,"Activated",3.6316572390412e-13
"ZNF750",2.26139358643008e-13,-1.33613468273829,2.08358709225827e-13,0.999999635795011,0.999999999999164,"EMP1","OE",FALSE,"Activated",3.6316572390412e-13
"CST6",1.90550117398953e-13,-1.35005714556551,1.47937333824426e-13,0.999999693112672,0.999999999999164,"EMP1","OE",FALSE,"Activated",3.6316572390412e-13
"SULT2B1",1.56205028405831e-13,-1.36580871752745,9.94144161774632e-14,0.999999748426585,0.999999999999164,"EMP1","OE",FALSE,"Activated",3.6316572390412e-13
"C1orf68",1.44219154922855e-13,-1.37201531305128,8.47432740445636e-14,0.999999767730235,0.999999999999164,"EMP1","OE",FALSE,"Activated",3.6316572390412e-13
"PDZK1",1.37894925586768e-13,-1.37547154038661,7.74739886603575e-14,0.999999777915617,0.999999999999164,"EMP1","OE",FALSE,"Activated",3.6316572390412e-13
"CNKSR3",1.16759900516867e-13,-1.38810932367331,5.55452311796556e-14,0.999999811954281,0.999999999999164,"EMP1","OE",FALSE,"Activated",3.6316572390412e-13
"DNASE1L3",9.89956056792909e-14,-1.40036250406659,3.99292525257194e-14,0.999999840564271,0.999999999999164,"EMP1","OE",FALSE,"Activated",3.6316572390412e-13
"TNNT2",5.71726289945794e-14,-1.43916833033656,1.33178976251022e-14,0.999999907921572,0.999999999999164,"EMP1","OE",FALSE,"Activated",3.6316572390412e-13
"CAPN3",3.68132253833074e-14,-1.46822743827961,5.52162725376582e-15,0.999999940711071,0.999999999999164,"EMP1","OE",FALSE,"Activated",3.6316572390412e-13
"FLG",7.98059014676921e-15,-1.55646490549276,2.59495219387035e-16,0.999999987146993,0.999999999999164,"EMP1","OE",FALSE,"Activated",3.6316572390412e-13
"FAT3",7.52288277347152e-15,-1.55951397825838,2.30583344908971e-16,0.999999987884146,0.999999999999164,"EMP1","OE",FALSE,"Activated",3.6316572390412e-13
"IL2RA",7.82696360782087e-17,-1.73361316059676,2.49600801245339e-20,0.999999999873944,0.999999999999164,"EMP1","OE",FALSE,"Activated",3.6316572390412e-13
"CA3",7.81087324301259e-17,-1.73366946448139,2.48575617020849e-20,0.999999999874203,0.999999999999164,"EMP1","OE",FALSE,"Activated",3.6316572390412e-13
"NMRK2",7.78971426784844e-17,-1.733743656953,2.47230701737435e-20,0.999999999874544,0.999999999999164,"EMP1","OE",FALSE,"Activated",3.6316572390412e-13
"STC1",7.45950565116336e-17,-1.73492461522537,2.26714574886536e-20,0.999999999879862,0.999999999999164,"EMP1","OE",FALSE,"Activated",3.6316572390412e-13
"TNN",7.01398982370355e-17,-1.73659150520913,2.00442406848869e-20,0.999999999887037,0.999999999999164,"EMP1","OE",FALSE,"Activated",3.6316572390412e-13
"LY6D",6.98923204355876e-17,-1.73668678692591,1.99029872498544e-20,0.999999999887436,0.999999999999164,"EMP1","OE",FALSE,"Activated",3.6316572390412e-13
"CCL21",6.79111591937781e-17,-1.73745990639443,1.87906426439056e-20,0.999999999890627,0.999999999999164,"EMP1","OE",FALSE,"Activated",3.6316572390412e-13
"FCN1",6.49385422754716e-17,-1.738657206851,1.71816321590795e-20,0.999999999895414,0.999999999999164,"EMP1","OE",FALSE,"Activated",3.6316572390412e-13
"KDR",6.28570564103264e-17,-1.73952402523231,1.60978332513474e-20,0.999999999898767,0.999999999999164,"EMP1","OE",FALSE,"Activated",3.6316572390412e-13
"GZMH",5.97804138495876e-17,-1.74085171020993,1.45605299032182e-20,0.999999999903722,0.999999999999164,"EMP1","OE",FALSE,"Activated",3.6316572390412e-13
"CCL26",5.92563629135032e-17,-1.74108370320238,1.43063659213032e-20,0.999999999904566,0.999999999999164,"EMP1","OE",FALSE,"Activated",3.6316572390412e-13
"CST1",5.83241062774546e-17,-1.74150081203587,1.38597543013139e-20,0.999999999906067,0.999999999999164,"EMP1","OE",FALSE,"Activated",3.6316572390412e-13
"SPP1",5.82568319653059e-17,-1.74153113358479,1.38277994973007e-20,0.999999999906175,0.999999999999164,"EMP1","OE",FALSE,"Activated",3.6316572390412e-13
"TYRP1",5.77505649578436e-17,-1.74176028888538,1.35885094398363e-20,0.999999999906991,0.999999999999164,"EMP1","OE",FALSE,"Activated",3.6316572390412e-13
"ERC2",5.74094206094439e-17,-1.74191568190515,1.34284434263617e-20,0.99999999990754,0.999999999999164,"EMP1","OE",FALSE,"Activated",3.6316572390412e-13
"SOST",5.67733648686476e-17,-1.74220754609373,1.31325364827699e-20,0.999999999908565,0.999999999999164,"EMP1","OE",FALSE,"Activated",3.6316572390412e-13
"TM4SF18",5.64266975686052e-17,-1.74236780840367,1.29726473707662e-20,0.999999999909123,0.999999999999164,"EMP1","OE",FALSE,"Activated",3.6316572390412e-13
"GCSAML",5.57658330824895e-17,-1.74267568752984,1.26705578192348e-20,0.999999999910187,0.999999999999164,"EMP1","OE",FALSE,"Activated",3.6316572390412e-13
"LINC02096",5.56674424208772e-17,-1.74272179374198,1.2625886567349e-20,0.999999999910346,0.999999999999164,"EMP1","OE",FALSE,"Activated",3.6316572390412e-13
"PMEL",5.5297040011698e-17,-1.74289599791594,1.24584242330405e-20,0.999999999910942,0.999999999999164,"EMP1","OE",FALSE,"Activated",3.6316572390412e-13
"PPP1R27",5.47090353929364e-17,-1.74317461928752,1.21948780355225e-20,0.999999999911889,0.999999999999164,"EMP1","OE",FALSE,"Activated",3.6316572390412e-13
"SBSN",5.38195843385328e-17,-1.74360102343062,1.18015764655233e-20,0.999999999913322,0.999999999999164,"EMP1","OE",FALSE,"Activated",3.6316572390412e-13
"FASLG",5.17042885040991e-17,-1.74464003053365,1.08921215342204e-20,0.999999999916728,0.999999999999164,"EMP1","OE",FALSE,"Activated",3.6316572390412e-13
"TMEM38A",5.04687555294483e-17,-1.74526398157842,1.03777818674483e-20,0.999999999918718,0.999999999999164,"EMP1","OE",FALSE,"Activated",3.6316572390412e-13
"TMEFF2",4.98569274461922e-17,-1.74557784628977,1.01276892462008e-20,0.999999999919704,0.999999999999164,"EMP1","OE",FALSE,"Activated",3.6316572390412e-13
"PCDH17",4.85599310318416e-17,-1.74625433087285,9.60761228014887e-21,0.999999999921793,0.999999999999164,"EMP1","OE",FALSE,"Activated",3.6316572390412e-13
"KRT6C",4.73406325430375e-17,-1.74690464364084,9.13119166997506e-21,0.999999999923756,0.999999999999164,"EMP1","OE",FALSE,"Activated",3.6316572390412e-13
"DEFB1",4.58703632396944e-17,-1.74770829320152,8.57281998936561e-21,0.999999999926124,0.999999999999164,"EMP1","OE",FALSE,"Activated",3.6316572390412e-13
"L1CAM",4.55765684562796e-17,-1.74787153746803,8.46335567414806e-21,0.999999999926597,0.999999999999164,"EMP1","OE",FALSE,"Activated",3.6316572390412e-13
"TRDC",4.47538542479545e-17,-1.74833354537276,8.16056507573957e-21,0.999999999927922,0.999999999999164,"EMP1","OE",FALSE,"Activated",3.6316572390412e-13
"SPRR2E",4.47495232125763e-17,-1.7483359968356,8.15898568167587e-21,0.999999999927929,0.999999999999164,"EMP1","OE",FALSE,"Activated",3.6316572390412e-13
"SOSTDC1",4.34704101233103e-17,-1.7490691135908,7.69922162671406e-21,0.99999999992999,0.999999999999164,"EMP1","OE",FALSE,"Activated",3.6316572390412e-13
"PCAT19",4.33747342021781e-17,-1.74912469396853,7.66536781772663e-21,0.999999999930144,0.999999999999164,"EMP1","OE",FALSE,"Activated",3.6316572390412e-13
"CADM2",4.31866759019933e-17,-1.74923425009016,7.59904298322804e-21,0.999999999930446,0.999999999999164,"EMP1","OE",FALSE,"Activated",3.6316572390412e-13
"CPA3",4.23913661512073e-17,-1.74970216455648,7.32173779237557e-21,0.999999999931727,0.999999999999164,"EMP1","OE",FALSE,"Activated",3.6316572390412e-13
"CD300E",4.22086437099775e-17,-1.74981073582704,7.25875503810443e-21,0.999999999932022,0.999999999999164,"EMP1","OE",FALSE,"Activated",3.6316572390412e-13
"DSG1",4.12878796647577e-17,-1.75036408507171,6.94551584897725e-21,0.999999999933505,0.999999999999164,"EMP1","OE",FALSE,"Activated",3.6316572390412e-13
"DIPK2B",4.1031714332052e-17,-1.75051992252831,6.85959809379829e-21,0.999999999933917,0.999999999999164,"EMP1","OE",FALSE,"Activated",3.6316572390412e-13
"ATP10B",4.02405065910064e-17,-1.75100660398646,6.59760369800411e-21,0.999999999935191,0.999999999999164,"EMP1","OE",FALSE,"Activated",3.6316572390412e-13
"TPSB2",3.9231557959858e-17,-1.7516393288741,6.27090839018394e-21,0.999999999936816,0.999999999999164,"EMP1","OE",FALSE,"Activated",3.6316572390412e-13
"MYL2",3.90606373346046e-17,-1.7517479016251,6.21638632600025e-21,0.999999999937092,0.999999999999164,"EMP1","OE",FALSE,"Activated",3.6316572390412e-13
"LIF",3.8601668770445e-17,-1.75204148833146,6.07115758610939e-21,0.999999999937831,0.999999999999164,"EMP1","OE",FALSE,"Activated",3.6316572390412e-13
"ECSCR",3.82644649875247e-17,-1.75225910948391,5.9655520169561e-21,0.999999999938374,0.999999999999164,"EMP1","OE",FALSE,"Activated",3.6316572390412e-13
"MYOT",3.80462173066976e-17,-1.75240084269509,5.8976950693271e-21,0.999999999938725,0.999999999999164,"EMP1","OE",FALSE,"Activated",3.6316572390412e-13
"AZGP1",3.75448395235242e-17,-1.75272911763247,5.74327816237393e-21,0.999999999939533,0.999999999999164,"EMP1","OE",FALSE,"Activated",3.6316572390412e-13
"PLIN5",3.71051059695473e-17,-1.75302015616439,5.60953288774126e-21,0.999999999940241,0.999999999999164,"EMP1","OE",FALSE,"Activated",3.6316572390412e-13
"SPNS2",3.6905056590663e-17,-1.75315354413597,5.54920919606804e-21,0.999999999940563,0.999999999999164,"EMP1","OE",FALSE,"Activated",3.6316572390412e-13
"PIP5K1B",3.68901979105529e-17,-1.75316347637849,5.54474166055055e-21,0.999999999940587,0.999999999999164,"EMP1","OE",FALSE,"Activated",3.6316572390412e-13
"SYTL3",3.68646867411269e-17,-1.75318053729185,5.53707545426536e-21,0.999999999940628,0.999999999999164,"EMP1","OE",FALSE,"Activated",3.6316572390412e-13
"HBA1",3.6539247061842e-17,-1.7533990768141,5.43974490276181e-21,0.999999999941152,0.999999999999164,"EMP1","OE",FALSE,"Activated",3.6316572390412e-13
"IGLC1",3.65065063396886e-17,-1.75342115566096,5.43000078389562e-21,0.999999999941205,0.999999999999164,"EMP1","OE",FALSE,"Activated",3.6316572390412e-13
"KRT19",3.63681229996738e-17,-1.75351466397819,5.38891235707946e-21,0.999999999941428,0.999999999999164,"EMP1","OE",FALSE,"Activated",3.6316572390412e-13
"SLC27A6",3.62320574258217e-17,-1.75360690561001,5.34866426446105e-21,0.999999999941647,0.999999999999164,"EMP1","OE",FALSE,"Activated",3.6316572390412e-13
"GDF15",3.6229671815328e-17,-1.75360852552542,5.3479599484253e-21,0.999999999941651,0.999999999999164,"EMP1","OE",FALSE,"Activated",3.6316572390412e-13
"PDZK1IP1",3.61825278892366e-17,-1.75364055682282,5.33405091874719e-21,0.999999999941727,0.999999999999164,"EMP1","OE",FALSE,"Activated",3.6316572390412e-13
"COX6A2",3.60010796350757e-17,-1.75376417596715,5.28068663029484e-21,0.999999999942019,0.999999999999164,"EMP1","OE",FALSE,"Activated",3.6316572390412e-13
"NRXN1",3.57214341296099e-17,-1.75395575167798,5.19896769639414e-21,0.99999999994247,0.999999999999164,"EMP1","OE",FALSE,"Activated",3.6316572390412e-13
"COBL",3.56067453696301e-17,-1.75403469503739,5.16563723367248e-21,0.999999999942654,0.999999999999164,"EMP1","OE",FALSE,"Activated",3.6316572390412e-13
"IGLC2",3.55456685906639e-17,-1.75407682529775,5.1479310440763e-21,0.999999999942752,0.999999999999164,"EMP1","OE",FALSE,"Activated",3.6316572390412e-13
"BEX1",3.53993556426353e-17,-1.7541780050862,5.10563847684418e-21,0.999999999942988,0.999999999999164,"EMP1","OE",FALSE,"Activated",3.6316572390412e-13
"APOBEC2",3.53257694196293e-17,-1.75422902845474,5.08443390135377e-21,0.999999999943107,0.999999999999164,"EMP1","OE",FALSE,"Activated",3.6316572390412e-13
"AMTN",3.48996704602514e-17,-1.75452629164345,4.96251689563093e-21,0.999999999943793,0.999999999999164,"EMP1","OE",FALSE,"Activated",3.6316572390412e-13
"STAM-AS1",3.46538326667365e-17,-1.75469922355902,4.89284991254409e-21,0.999999999944189,0.999999999999164,"EMP1","OE",FALSE,"Activated",3.6316572390412e-13
"FAM155B",3.45073445121034e-17,-1.75480277242767,4.85157138178987e-21,0.999999999944425,0.999999999999164,"EMP1","OE",FALSE,"Activated",3.6316572390412e-13
"TPSAB1",3.43978503678404e-17,-1.75488041885331,4.8208314991436e-21,0.999999999944601,0.999999999999164,"EMP1","OE",FALSE,"Activated",3.6316572390412e-13
"MYLK3",3.43904873502732e-17,-1.75488564788701,4.81876787786431e-21,0.999999999944613,0.999999999999164,"EMP1","OE",FALSE,"Activated",3.6316572390412e-13
"HS3ST6",3.43103151422581e-17,-1.75494264675357,4.79632673343781e-21,0.999999999944742,0.999999999999164,"EMP1","OE",FALSE,"Activated",3.6316572390412e-13
"CNTFR",3.41656574221512e-17,-1.75504578299454,4.75596784732418e-21,0.999999999944975,0.999999999999164,"EMP1","OE",FALSE,"Activated",3.6316572390412e-13
"SPRR2G",3.39315106289341e-17,-1.75521352240523,4.69100327082587e-21,0.999999999945352,0.999999999999164,"EMP1","OE",FALSE,"Activated",3.6316572390412e-13
"AL354743.1",3.37965936775233e-17,-1.75531062852773,4.65377312088108e-21,0.999999999945569,0.999999999999164,"EMP1","OE",FALSE,"Activated",3.6316572390412e-13
"GPR84",3.37210338633201e-17,-1.7553651585504,4.63298728945046e-21,0.999999999945691,0.999999999999164,"EMP1","OE",FALSE,"Activated",3.6316572390412e-13
"SMIM5",3.35414838774896e-17,-1.75549515988223,4.58378131453646e-21,0.99999999994598,0.999999999999164,"EMP1","OE",FALSE,"Activated",3.6316572390412e-13
"HTR2A",3.33044487486726e-17,-1.75566770441011,4.51922376359976e-21,0.999999999946362,0.999999999999164,"EMP1","OE",FALSE,"Activated",3.6316572390412e-13
"APOC2",3.29559119868585e-17,-1.7559233463832,4.42512980630797e-21,0.999999999946923,0.999999999999164,"EMP1","OE",FALSE,"Activated",3.6316572390412e-13
"AQP9",3.29365718274013e-17,-1.75593759997531,4.41993756013247e-21,0.999999999946955,0.999999999999164,"EMP1","OE",FALSE,"Activated",3.6316572390412e-13
"LINC01198",3.2774612811787e-17,-1.7560572468581,4.37657611265437e-21,0.999999999947215,0.999999999999164,"EMP1","OE",FALSE,"Activated",3.6316572390412e-13
"KIR2DL4",3.25091046216518e-17,-1.75625449743247,4.30595376592511e-21,0.999999999947643,0.999999999999164,"EMP1","OE",FALSE,"Activated",3.6316572390412e-13
"TMIGD3",3.24970706742114e-17,-1.75626347050581,4.30276647232246e-21,0.999999999947662,0.999999999999164,"EMP1","OE",FALSE,"Activated",3.6316572390412e-13
"MLANA",3.23741675292925e-17,-1.75635527718607,4.27028209626218e-21,0.99999999994786,0.999999999999164,"EMP1","OE",FALSE,"Activated",3.6316572390412e-13
"LINC02757",3.21090966734357e-17,-1.75655430790579,4.20064056044043e-21,0.999999999948287,0.999999999999164,"EMP1","OE",FALSE,"Activated",3.6316572390412e-13
"AC108105.1",3.20777696357539e-17,-1.75657792355971,4.19244790200365e-21,0.999999999948338,0.999999999999164,"EMP1","OE",FALSE,"Activated",3.6316572390412e-13
"KIR3DL2",3.19887342521174e-17,-1.75664515091434,4.16920699860264e-21,0.999999999948481,0.999999999999164,"EMP1","OE",FALSE,"Activated",3.6316572390412e-13
"NR5A2",3.17848060675783e-17,-1.75679973939849,4.11621904759502e-21,0.99999999994881,0.999999999999164,"EMP1","OE",FALSE,"Activated",3.6316572390412e-13
"STATH",3.17714008128108e-17,-1.75680993121356,4.11274774567678e-21,0.999999999948831,0.999999999999164,"EMP1","OE",FALSE,"Activated",3.6316572390412e-13
"LTF",3.17105075928397e-17,-1.75685627412627,4.09699782902289e-21,0.999999999948929,0.999999999999164,"EMP1","OE",FALSE,"Activated",3.6316572390412e-13
"GZMB",3.15797589929344e-17,-1.75695604033976,4.06328204073776e-21,0.99999999994914,0.999999999999164,"EMP1","OE",FALSE,"Activated",3.6316572390412e-13
"AC136616.1",3.15122429918604e-17,-1.75700769710159,4.04592641142286e-21,0.999999999949248,0.999999999999164,"EMP1","OE",FALSE,"Activated",3.6316572390412e-13
"PMP2",3.14686121829381e-17,-1.75704112996929,4.03473045590389e-21,0.999999999949319,0.999999999999164,"EMP1","OE",FALSE,"Activated",3.6316572390412e-13
"CNR1",3.14570974145835e-17,-1.75704996002407,4.03177827699407e-21,0.999999999949337,0.999999999999164,"EMP1","OE",FALSE,"Activated",3.6316572390412e-13
"METTL7B",3.1452710173446e-17,-1.75705332509557,4.03065375175235e-21,0.999999999949344,0.999999999999164,"EMP1","OE",FALSE,"Activated",3.6316572390412e-13
"PIP",3.1452512113993e-17,-1.75705347701932,4.03060298941363e-21,0.999999999949345,0.999999999999164,"EMP1","OE",FALSE,"Activated",3.6316572390412e-13
"IGHV1-46",3.13602235107683e-17,-1.7571243579026,4.0069843363202e-21,0.999999999949493,0.999999999999164,"EMP1","OE",FALSE,"Activated",3.6316572390412e-13
"PLA2G2D",3.13149077160535e-17,-1.75715922785418,3.99541244892962e-21,0.999999999949566,0.999999999999164,"EMP1","OE",FALSE,"Activated",3.6316572390412e-13
"SOX10",3.12450988427873e-17,-1.75721303012716,3.97761872860922e-21,0.999999999949679,0.999999999999164,"EMP1","OE",FALSE,"Activated",3.6316572390412e-13
"IL22",3.12255664190241e-17,-1.75722810247536,3.97264718086141e-21,0.99999999994971,0.999999999999164,"EMP1","OE",FALSE,"Activated",3.6316572390412e-13
"ZG16B",3.1032013791008e-17,-1.75737789973757,3.92355066705294e-21,0.999999999950022,0.999999999999164,"EMP1","OE",FALSE,"Activated",3.6316572390412e-13
"LINC01268",3.08291460326119e-17,-1.75753577312197,3.87241894319682e-21,0.999999999950349,0.999999999999164,"EMP1","OE",FALSE,"Activated",3.6316572390412e-13
"AL356515.1",3.07516030278669e-17,-1.75759635433726,3.85296323970018e-21,0.999999999950474,0.999999999999164,"EMP1","OE",FALSE,"Activated",3.6316572390412e-13
"HSPB3",3.07047645579071e-17,-1.7576330111518,3.84123510532218e-21,0.999999999950549,0.999999999999164,"EMP1","OE",FALSE,"Activated",3.6316572390412e-13
"TNNI1",3.06508837154357e-17,-1.75767523913687,3.82776570462253e-21,0.999999999950636,0.999999999999164,"EMP1","OE",FALSE,"Activated",3.6316572390412e-13
"IL1RAPL1",3.05929968767633e-17,-1.75772067808739,3.81332122569717e-21,0.999999999950729,0.999999999999164,"EMP1","OE",FALSE,"Activated",3.6316572390412e-13
"TMEM182",3.01283697909188e-17,-1.75808810148523,3.69837217007853e-21,0.999999999951477,0.999999999999164,"EMP1","OE",FALSE,"Activated",3.6316572390412e-13
"AL132986.1",2.93666694390724e-17,-1.7587011508557,3.51373282224213e-21,0.999999999952704,0.999999999999164,"EMP1","OE",FALSE,"Activated",3.6316572390412e-13
"EDN2",2.929643458533e-17,-1.7587583666599,3.49694566851705e-21,0.999999999952817,0.999999999999164,"EMP1","OE",FALSE,"Activated",3.6316572390412e-13
"KLRK1",2.90926835283824e-17,-1.75892502103275,3.44847364700127e-21,0.999999999953145,0.999999999999164,"EMP1","OE",FALSE,"Activated",3.6316572390412e-13
"PURPL",2.893566086684e-17,-1.75905414251963,3.41134904038955e-21,0.999999999953398,0.999999999999164,"EMP1","OE",FALSE,"Activated",3.6316572390412e-13
"HSD17B2",2.88989180673255e-17,-1.75908444370133,3.40269100877689e-21,0.999999999953457,0.999999999999164,"EMP1","OE",FALSE,"Activated",3.6316572390412e-13
"AC073263.2",2.87121199338266e-17,-1.75923900849398,3.3588442415692e-21,0.999999999953758,0.999999999999164,"EMP1","OE",FALSE,"Activated",3.6316572390412e-13
"AL355607.2",2.86993502067128e-17,-1.75924960633251,3.35585721125102e-21,0.999999999953779,0.999999999999164,"EMP1","OE",FALSE,"Activated",3.6316572390412e-13
"LINC00370",2.86327249982489e-17,-1.75930496586293,3.34029412985447e-21,0.999999999953886,0.999999999999164,"EMP1","OE",FALSE,"Activated",3.6316572390412e-13
"FOXD3-AS1",2.84913011077324e-17,-1.75942284525985,3.30737859356654e-21,0.999999999954114,0.999999999999164,"EMP1","OE",FALSE,"Activated",3.6316572390412e-13
"SPRR3",2.84018525824664e-17,-1.75949766285217,3.28664414264944e-21,0.999999999954258,0.999999999999164,"EMP1","OE",FALSE,"Activated",3.6316572390412e-13
"LEMD1",2.83885550418095e-17,-1.75950880267209,3.28356729736474e-21,0.999999999954279,0.999999999999164,"EMP1","OE",FALSE,"Activated",3.6316572390412e-13
"CASP14",2.82492433655423e-17,-1.75962578014876,3.25141935157328e-21,0.999999999954504,0.999999999999164,"EMP1","OE",FALSE,"Activated",3.6316572390412e-13
"ADAMDEC1",2.77808200128698e-17,-1.76002278765927,3.14448456722117e-21,0.999999999955258,0.999999999999164,"EMP1","OE",FALSE,"Activated",3.6316572390412e-13
"ENO3",2.77285597857233e-17,-1.76006743731215,3.13266512412429e-21,0.999999999955342,0.999999999999164,"EMP1","OE",FALSE,"Activated",3.6316572390412e-13
"CLEC9A",2.77275328296891e-17,-1.76006831544057,3.132433085403e-21,0.999999999955344,0.999999999999164,"EMP1","OE",FALSE,"Activated",3.6316572390412e-13
"CSRP3",2.77234110628926e-17,-1.76007184015836,3.13150186666638e-21,0.99999999995535,0.999999999999164,"EMP1","OE",FALSE,"Activated",3.6316572390412e-13
"DHRS2",2.75262573046024e-17,-1.76024096545988,3.08712117340722e-21,0.999999999955668,0.999999999999164,"EMP1","OE",FALSE,"Activated",3.6316572390412e-13
"SOX17",2.74333301019105e-17,-1.76032104390641,3.06631243867213e-21,0.999999999955818,0.999999999999164,"EMP1","OE",FALSE,"Activated",3.6316572390412e-13
"RBFOX1",2.74269739758217e-17,-1.76032652972862,3.06489171354857e-21,0.999999999955828,0.999999999999164,"EMP1","OE",FALSE,"Activated",3.6316572390412e-13
"CAPNS2",2.72132784825557e-17,-1.76051160600542,3.01731796129891e-21,0.999999999956172,0.999999999999164,"EMP1","OE",FALSE,"Activated",3.6316572390412e-13
"TRIM54",2.71879205434731e-17,-1.76053365093791,3.01169737303631e-21,0.999999999956213,0.999999999999164,"EMP1","OE",FALSE,"Activated",3.6316572390412e-13
"SBK1",2.70405288918824e-17,-1.76066213788612,2.97913174799151e-21,0.99999999995645,0.999999999999164,"EMP1","OE",FALSE,"Activated",3.6316572390412e-13
"AC016074.2",2.68646023116371e-17,-1.76081629241634,2.9404931896204e-21,0.999999999956734,0.999999999999164,"EMP1","OE",FALSE,"Activated",3.6316572390412e-13
"SLC26A7",2.67446651189427e-17,-1.76092188614048,2.91429609685007e-21,0.999999999956927,0.999999999999164,"EMP1","OE",FALSE,"Activated",3.6316572390412e-13
"MYL1",2.65611428869304e-17,-1.76108425341093,2.87443744922341e-21,0.999999999957222,0.999999999999164,"EMP1","OE",FALSE,"Activated",3.6316572390412e-13
"AC005005.4",2.64587060775122e-17,-1.76117530305553,2.85230885243628e-21,0.999999999957387,0.999999999999164,"EMP1","OE",FALSE,"Activated",3.6316572390412e-13
"TRDN",2.63420958477575e-17,-1.76127932107863,2.82722255797691e-21,0.999999999957575,0.999999999999164,"EMP1","OE",FALSE,"Activated",3.6316572390412e-13
"NCR3",2.60271046118844e-17,-1.76156229487539,2.76001257894626e-21,0.999999999958083,0.999999999999164,"EMP1","OE",FALSE,"Activated",3.6316572390412e-13
"ATOH8",2.60243159274021e-17,-1.76156481325468,2.75942116533911e-21,0.999999999958087,0.999999999999164,"EMP1","OE",FALSE,"Activated",3.6316572390412e-13
"PCSK2",2.59163212860124e-17,-1.76166251941775,2.73656681786501e-21,0.999999999958261,0.999999999999164,"EMP1","OE",FALSE,"Activated",3.6316572390412e-13
"CDH5",2.57078238910706e-17,-1.76185215049132,2.6927124502739e-21,0.999999999958597,0.999999999999164,"EMP1","OE",FALSE,"Activated",3.6316572390412e-13
"FDCSP",2.55669711768183e-17,-1.76198100946023,2.66328663531158e-21,0.999999999958823,0.999999999999164,"EMP1","OE",FALSE,"Activated",3.6316572390412e-13
"DCT",2.53749909818106e-17,-1.76215763121954,2.62344001941182e-21,0.999999999959133,0.999999999999164,"EMP1","OE",FALSE,"Activated",3.6316572390412e-13
"C4orf19",2.52244207996386e-17,-1.76229696344085,2.59239844144102e-21,0.999999999959375,0.999999999999164,"EMP1","OE",FALSE,"Activated",3.6316572390412e-13
"MYBPH",2.5212416920371e-17,-1.76230810222367,2.5899316705538e-21,0.999999999959395,0.999999999999164,"EMP1","OE",FALSE,"Activated",3.6316572390412e-13
"CRTAC1",2.51533476635119e-17,-1.76236298114893,2.57781017282688e-21,0.99999999995949,0.999999999999164,"EMP1","OE",FALSE,"Activated",3.6316572390412e-13
"MIR133A1HG",2.50154091686536e-17,-1.76249156820681,2.54961477878947e-21,0.999999999959712,0.999999999999164,"EMP1","OE",FALSE,"Activated",3.6316572390412e-13
"AL133405.1",2.49905958627483e-17,-1.76251476413729,2.54455925526029e-21,0.999999999959752,0.999999999999164,"EMP1","OE",FALSE,"Activated",3.6316572390412e-13
"MT1H",2.47286436118333e-17,-1.7627608604786,2.49149452541239e-21,0.999999999960174,0.999999999999164,"EMP1","OE",FALSE,"Activated",3.6316572390412e-13
"CCL27",2.46635697089505e-17,-1.76282234374632,2.47839894689747e-21,0.999999999960279,0.999999999999164,"EMP1","OE",FALSE,"Activated",3.6316572390412e-13
"NPHS1",2.46264985287159e-17,-1.76285743195816,2.47095411015867e-21,0.999999999960338,0.999999999999164,"EMP1","OE",FALSE,"Activated",3.6316572390412e-13
"CCL1",2.46169855647304e-17,-1.76286644340522,2.46904547037783e-21,0.999999999960353,0.999999999999164,"EMP1","OE",FALSE,"Activated",3.6316572390412e-13
"CTSG",2.45263653436229e-17,-1.76295243699572,2.45090079387353e-21,0.9999999999605,0.999999999999164,"EMP1","OE",FALSE,"Activated",3.6316572390412e-13
"MAL",2.45203543870512e-17,-1.76295815074107,2.44969960056783e-21,0.999999999960509,0.999999999999164,"EMP1","OE",FALSE,"Activated",3.6316572390412e-13
"GABRA2",2.4325943058357e-17,-1.76314360352666,2.41100836807103e-21,0.999999999960822,0.999999999999164,"EMP1","OE",FALSE,"Activated",3.6316572390412e-13
"XKR4",2.42027389788745e-17,-1.76326179266763,2.38664805131858e-21,0.999999999961021,0.999999999999164,"EMP1","OE",FALSE,"Activated",3.6316572390412e-13
"MUC5B",2.41168603520029e-17,-1.7633444827334,2.36974100422664e-21,0.999999999961159,0.999999999999164,"EMP1","OE",FALSE,"Activated",3.6316572390412e-13
"ADH7",2.41080369010906e-17,-1.76335299295118,2.36800732346066e-21,0.999999999961173,0.999999999999164,"EMP1","OE",FALSE,"Activated",3.6316572390412e-13
"Z99289.1",2.38825588500492e-17,-1.76357138258341,2.32391938827004e-21,0.999999999961536,0.999999999999164,"EMP1","OE",FALSE,"Activated",3.6316572390412e-13
"CD300A",2.38445040823441e-17,-1.76360841613928,2.31651936423093e-21,0.999999999961598,0.999999999999164,"EMP1","OE",FALSE,"Activated",3.6316572390412e-13
"AC011498.1",2.38093310792406e-17,-1.76364269059065,2.30969021418827e-21,0.999999999961654,0.999999999999164,"EMP1","OE",FALSE,"Activated",3.6316572390412e-13
"AC092645.2",2.37118374426427e-17,-1.76373792222858,2.29081365963445e-21,0.999999999961811,0.999999999999164,"EMP1","OE",FALSE,"Activated",3.6316572390412e-13
"RBP4",2.34497805011139e-17,-1.76399558194688,2.24045853098273e-21,0.999999999962233,0.999999999999164,"EMP1","OE",FALSE,"Activated",3.6316572390412e-13
"CYP4F3",2.34455287927663e-17,-1.76399978273048,2.23964616408887e-21,0.99999999996224,0.999999999999164,"EMP1","OE",FALSE,"Activated",3.6316572390412e-13
"ST8SIA6",2.31515116115635e-17,-1.76429188333589,2.18382609249372e-21,0.999999999962714,0.999999999999164,"EMP1","OE",FALSE,"Activated",3.6316572390412e-13
"AL606500.1",2.30794890243822e-17,-1.76436392372241,2.17025979433982e-21,0.99999999996283,0.999999999999164,"EMP1","OE",FALSE,"Activated",3.6316572390412e-13
"MSMB",2.30793618830778e-17,-1.76436405106635,2.17023588316044e-21,0.99999999996283,0.999999999999164,"EMP1","OE",FALSE,"Activated",3.6316572390412e-13
"AC025211.1",2.2937897123266e-17,-1.76450611732263,2.14371253420143e-21,0.999999999963058,0.999999999999164,"EMP1","OE",FALSE,"Activated",3.6316572390412e-13
"ULBP1",2.28246656646073e-17,-1.76462037537699,2.12260017405024e-21,0.99999999996324,0.999999999999164,"EMP1","OE",FALSE,"Activated",3.6316572390412e-13
"IGHM",2.28170951091212e-17,-1.76462803198006,2.121192346424e-21,0.999999999963252,0.999999999999164,"EMP1","OE",FALSE,"Activated",3.6316572390412e-13
"LCE3A",2.27868373606552e-17,-1.76465865552032,2.11557025053917e-21,0.999999999963301,0.999999999999164,"EMP1","OE",FALSE,"Activated",3.6316572390412e-13
"TRAV6",2.26746072690808e-17,-1.7647725493209,2.09478228943482e-21,0.999999999963482,0.999999999999164,"EMP1","OE",FALSE,"Activated",3.6316572390412e-13
"COLEC10",2.25435615688505e-17,-1.76490615415581,2.07063907492989e-21,0.999999999963693,0.999999999999164,"EMP1","OE",FALSE,"Activated",3.6316572390412e-13
"COLEC11",2.23397964160527e-17,-1.76511523416122,2.03337635072531e-21,0.999999999964021,0.999999999999164,"EMP1","OE",FALSE,"Activated",3.6316572390412e-13
"EPHA7",2.22012079878876e-17,-1.76525837852993,2.00822586821359e-21,0.999999999964244,0.999999999999164,"EMP1","OE",FALSE,"Activated",3.6316572390412e-13
"BANCR",2.21762722243884e-17,-1.76528421573849,2.00371723760212e-21,0.999999999964284,0.999999999999164,"EMP1","OE",FALSE,"Activated",3.6316572390412e-13
"TCF15",2.21215259088489e-17,-1.76534102912012,1.99383634037826e-21,0.999999999964372,0.999999999999164,"EMP1","OE",FALSE,"Activated",3.6316572390412e-13
"CASC19",2.21199828335502e-17,-1.76534263221274,1.99355819208827e-21,0.999999999964375,0.999999999999164,"EMP1","OE",FALSE,"Activated",3.6316572390412e-13
"IGFL1",2.20844439928281e-17,-1.76537958002158,1.98715747890601e-21,0.999999999964432,0.999999999999164,"EMP1","OE",FALSE,"Activated",3.6316572390412e-13
"CRCT1",2.20206654615595e-17,-1.7654460158004,1.97569647226733e-21,0.999999999964535,0.999999999999164,"EMP1","OE",FALSE,"Activated",3.6316572390412e-13
"LINC02392",2.19287804600578e-17,-1.76554202123042,1.95924300706432e-21,0.999999999964683,0.999999999999164,"EMP1","OE",FALSE,"Activated",3.6316572390412e-13
"OTOF",2.17187196979999e-17,-1.76576281088961,1.92188672396494e-21,0.999999999965021,0.999999999999164,"EMP1","OE",FALSE,"Activated",3.6316572390412e-13
"ACSBG1",2.17134061786504e-17,-1.76576841962431,1.92094645370513e-21,0.99999999996503,0.999999999999164,"EMP1","OE",FALSE,"Activated",3.6316572390412e-13
"ACOD1",2.16572985774275e-17,-1.76582771683062,1.91103180052324e-21,0.99999999996512,0.999999999999164,"EMP1","OE",FALSE,"Activated",3.6316572390412e-13
"FABP7",2.1206590206065e-17,-1.76630891119345,1.83231878691096e-21,0.999999999965846,0.999999999999164,"EMP1","OE",FALSE,"Activated",3.6316572390412e-13
"KRT34",2.10477189266908e-17,-1.7664806309902,1.80496762727797e-21,0.999999999966102,0.999999999999164,"EMP1","OE",FALSE,"Activated",3.6316572390412e-13
"AC083967.1",2.10462529119522e-17,-1.76648222076162,1.80471619699233e-21,0.999999999966104,0.999999999999164,"EMP1","OE",FALSE,"Activated",3.6316572390412e-13
"C1QTNF12",2.09808631931894e-17,-1.76655322774428,1.79351928137242e-21,0.99999999996621,0.999999999999164,"EMP1","OE",FALSE,"Activated",3.6316572390412e-13
"OPN4",2.09761684571933e-17,-1.76655833311392,1.79271672550044e-21,0.999999999966217,0.999999999999164,"EMP1","OE",FALSE,"Activated",3.6316572390412e-13
"FABP4",2.09661108157928e-17,-1.76656927378089,1.79099799604161e-21,0.999999999966233,0.999999999999164,"EMP1","OE",FALSE,"Activated",3.6316572390412e-13
"NRN1",2.09282314409204e-17,-1.76661051947227,1.78453226662953e-21,0.999999999966294,0.999999999999164,"EMP1","OE",FALSE,"Activated",3.6316572390412e-13
"ENTPD3",2.09147189000275e-17,-1.76662524843497,1.7822286051183e-21,0.999999999966316,0.999999999999164,"EMP1","OE",FALSE,"Activated",3.6316572390412e-13
"BCAS1",2.08711937724269e-17,-1.76667274758963,1.77481841600923e-21,0.999999999966386,0.999999999999164,"EMP1","OE",FALSE,"Activated",3.6316572390412e-13
"PSG4",2.07711315562436e-17,-1.76678227048182,1.75784127967512e-21,0.999999999966547,0.999999999999164,"EMP1","OE",FALSE,"Activated",3.6316572390412e-13
"CLEC10A",2.05333920492492e-17,-1.76704432281634,1.71783222212068e-21,0.99999999996693,0.999999999999164,"EMP1","OE",FALSE,"Activated",3.6316572390412e-13
"AC073476.3",2.03889838190489e-17,-1.76720477859549,1.69375468109103e-21,0.999999999967163,0.999999999999164,"EMP1","OE",FALSE,"Activated",3.6316572390412e-13
"CDH15",2.03456111535803e-17,-1.76725316236843,1.68655623326804e-21,0.999999999967233,0.999999999999164,"EMP1","OE",FALSE,"Activated",3.6316572390412e-13
"FITM1",2.02905212646293e-17,-1.76731474545398,1.6774352090288e-21,0.999999999967321,0.999999999999164,"EMP1","OE",FALSE,"Activated",3.6316572390412e-13
"TNFSF18",2.02809209420999e-17,-1.76732549206439,1.67584825036086e-21,0.999999999967337,0.999999999999164,"EMP1","OE",FALSE,"Activated",3.6316572390412e-13
"LRRTM1",2.02154402741646e-17,-1.76739890834848,1.66504415401226e-21,0.999999999967442,0.999999999999164,"EMP1","OE",FALSE,"Activated",3.6316572390412e-13
"SMIM22",2.01026265027858e-17,-1.76752587615286,1.64651220213047e-21,0.999999999967624,0.999999999999164,"EMP1","OE",FALSE,"Activated",3.6316572390412e-13
"KRTDAP",2.00895586691548e-17,-1.76754062318645,1.64437224752205e-21,0.999999999967645,0.999999999999164,"EMP1","OE",FALSE,"Activated",3.6316572390412e-13
"AL158839.1",2.0067449565746e-17,-1.76756559211842,1.64075488673255e-21,0.999999999967681,0.999999999999164,"EMP1","OE",FALSE,"Activated",3.6316572390412e-13
"C10orf99",2.00241628390669e-17,-1.76761454674362,1.63368410200731e-21,0.99999999996775,0.999999999999164,"EMP1","OE",FALSE,"Activated",3.6316572390412e-13
"S100A1",2.00094876601894e-17,-1.76763116417145,1.63129041179997e-21,0.999999999967774,0.999999999999164,"EMP1","OE",FALSE,"Activated",3.6316572390412e-13
"KLRF1",1.9857922588352e-17,-1.76780340603663,1.60667106642254e-21,0.999999999968018,0.999999999999164,"EMP1","OE",FALSE,"Activated",3.6316572390412e-13
"MEOX1",1.97489566619615e-17,-1.76792793878479,1.58908694452049e-21,0.999999999968194,0.999999999999164,"EMP1","OE",FALSE,"Activated",3.6316572390412e-13
"TMEM78",1.97216272558889e-17,-1.76795926532963,1.5846919018996e-21,0.999999999968238,0.999999999999164,"EMP1","OE",FALSE,"Activated",3.6316572390412e-13
"KBTBD12",1.96578721273578e-17,-1.76803249084482,1.57446263141382e-21,0.99999999996834,0.999999999999164,"EMP1","OE",FALSE,"Activated",3.6316572390412e-13
"GFRA3",1.96549245108636e-17,-1.76803588125725,1.5739904985147e-21,0.999999999968345,0.999999999999164,"EMP1","OE",FALSE,"Activated",3.6316572390412e-13
"CKM",1.95638865151166e-17,-1.76814081152618,1.55944339740965e-21,0.999999999968492,0.999999999999164,"EMP1","OE",FALSE,"Activated",3.6316572390412e-13
"MYBPC1",1.94562070132041e-17,-1.76826546740447,1.54232430682025e-21,0.999999999968665,0.999999999999164,"EMP1","OE",FALSE,"Activated",3.6316572390412e-13
"AC019129.2",1.94095083729117e-17,-1.76831971332203,1.53492944185987e-21,0.99999999996874,0.999999999999164,"EMP1","OE",FALSE,"Activated",3.6316572390412e-13
"GRIK3",1.92410759328118e-17,-1.7685163063938,1.50840531171018e-21,0.999999999969012,0.999999999999164,"EMP1","OE",FALSE,"Activated",3.6316572390412e-13
"PAX7",1.92287182648356e-17,-1.76853078849976,1.5064683736565e-21,0.999999999969032,0.999999999999164,"EMP1","OE",FALSE,"Activated",3.6316572390412e-13
"HBA2",1.92069826936501e-17,-1.76855628016149,1.50306456444471e-21,0.999999999969067,0.999999999999164,"EMP1","OE",FALSE,"Activated",3.6316572390412e-13
"HDC",1.91917541023259e-17,-1.76857415519841,1.50068204740298e-21,0.999999999969091,0.999999999999164,"EMP1","OE",FALSE,"Activated",3.6316572390412e-13
"TRPM1",1.91915463350732e-17,-1.76857439915626,1.50064955522984e-21,0.999999999969091,0.999999999999164,"EMP1","OE",FALSE,"Activated",3.6316572390412e-13
"AC106798.1",1.91628861867123e-17,-1.76860807339705,1.49617084111184e-21,0.999999999969138,0.999999999999164,"EMP1","OE",FALSE,"Activated",3.6316572390412e-13
"CCL17",1.89831883156664e-17,-1.76882020420088,1.46824205046383e-21,0.999999999969427,0.999999999999164,"EMP1","OE",FALSE,"Activated",3.6316572390412e-13
"ASB5",1.89157639524429e-17,-1.76890024440412,1.45783078779646e-21,0.999999999969535,0.999999999999164,"EMP1","OE",FALSE,"Activated",3.6316572390412e-13
"DES",1.87624770133323e-17,-1.76908313198764,1.43429898948198e-21,0.999999999969782,0.999999999999164,"EMP1","OE",FALSE,"Activated",3.6316572390412e-13
"CD27",1.87554843569652e-17,-1.76909150564099,1.43323008040592e-21,0.999999999969794,0.999999999999164,"EMP1","OE",FALSE,"Activated",3.6316572390412e-13
"LUZP2",1.87488540305221e-17,-1.76909944789254,1.43221692570015e-21,0.999999999969804,0.999999999999164,"EMP1","OE",FALSE,"Activated",3.6316572390412e-13
"NRIP2",1.86721225954331e-17,-1.76919153851904,1.42051795146443e-21,0.999999999969928,0.999999999999164,"EMP1","OE",FALSE,"Activated",3.6316572390412e-13
"LINC01647",1.82900852125257e-17,-1.76965496096647,1.36298414451217e-21,0.999999999970543,0.999999999999164,"EMP1","OE",FALSE,"Activated",3.6316572390412e-13
"ADGRL4",1.82379898456871e-17,-1.76971879913925,1.35523086870928e-21,0.999999999970627,0.999999999999164,"EMP1","OE",FALSE,"Activated",3.6316572390412e-13
"CA9",1.81312183407956e-17,-1.76985013064674,1.33940933590965e-21,0.999999999970799,0.999999999999164,"EMP1","OE",FALSE,"Activated",3.6316572390412e-13
"IFIT2",1.80697168496948e-17,-1.7699260818018,1.33033813509311e-21,0.999999999970898,0.999999999999164,"EMP1","OE",FALSE,"Activated",3.6316572390412e-13
"MYF5",1.80533894849099e-17,-1.76994628267323,1.3279350976854e-21,0.999999999970924,0.999999999999164,"EMP1","OE",FALSE,"Activated",3.6316572390412e-13
"TRGC2",1.76012706087633e-17,-1.77051201502517,1.26225583239046e-21,0.999999999971653,0.999999999999164,"EMP1","OE",FALSE,"Activated",3.6316572390412e-13
"FCRLA",1.7559286396138e-17,-1.77056518289209,1.25624131056301e-21,0.99999999997172,0.999999999999164,"EMP1","OE",FALSE,"Activated",3.6316572390412e-13
"ROPN1B",1.75397039907842e-17,-1.77059001909007,1.25344091096566e-21,0.999999999971752,0.999999999999164,"EMP1","OE",FALSE,"Activated",3.6316572390412e-13
"IGLC3",1.75033676331021e-17,-1.77063616756575,1.24825287588188e-21,0.99999999997181,0.999999999999164,"EMP1","OE",FALSE,"Activated",3.6316572390412e-13
"CDH19",1.71787168076124e-17,-1.77105219148821,1.20237735072436e-21,0.999999999972333,0.999999999999164,"EMP1","OE",FALSE,"Activated",3.6316572390412e-13
"CALB1",1.71506782675594e-17,-1.77108843856006,1.19845559180218e-21,0.999999999972378,0.999999999999164,"EMP1","OE",FALSE,"Activated",3.6316572390412e-13
"FOXD3",1.70661607468608e-17,-1.77119800918908,1.1866728603035e-21,0.999999999972514,0.999999999999164,"EMP1","OE",FALSE,"Activated",3.6316572390412e-13
"PHF24",1.70180972347716e-17,-1.77126052869925,1.17999820731034e-21,0.999999999972592,0.999999999999164,"EMP1","OE",FALSE,"Activated",3.6316572390412e-13
"GATA2",1.69588228665795e-17,-1.77133784084534,1.17179260833062e-21,0.999999999972687,0.999999999999164,"EMP1","OE",FALSE,"Activated",3.6316572390412e-13
"MGAT4C",1.69058297678244e-17,-1.77140715770322,1.16448079177802e-21,0.999999999972773,0.999999999999164,"EMP1","OE",FALSE,"Activated",3.6316572390412e-13
"HPGD",1.68709475871953e-17,-1.77145288710874,1.15968035025275e-21,0.999999999972829,0.999999999999164,"EMP1","OE",FALSE,"Activated",3.6316572390412e-13
"STRIT1",1.6836270395905e-17,-1.77149842862317,1.15491794695959e-21,0.999999999972885,0.999999999999164,"EMP1","OE",FALSE,"Activated",3.6316572390412e-13
"SLC27A2",1.67760419665098e-17,-1.77157771904136,1.14666974521467e-21,0.999999999972982,0.999999999999164,"EMP1","OE",FALSE,"Activated",3.6316572390412e-13
"AC090004.2",1.67221810531932e-17,-1.7716488347357,1.13931860292396e-21,0.999999999973068,0.999999999999164,"EMP1","OE",FALSE,"Activated",3.6316572390412e-13
"UTS2",1.65937201754913e-17,-1.77181924935197,1.12188120023812e-21,0.999999999973275,0.999999999999164,"EMP1","OE",FALSE,"Activated",3.6316572390412e-13
"CKMT2",1.6577206542639e-17,-1.77184123854114,1.11964937812842e-21,0.999999999973302,0.999999999999164,"EMP1","OE",FALSE,"Activated",3.6316572390412e-13
"EGLN3",1.65350574355105e-17,-1.7718974490695,1.11396298867162e-21,0.99999999997337,0.999999999999164,"EMP1","OE",FALSE,"Activated",3.6316572390412e-13
"COL28A1",1.65153475094271e-17,-1.77192377683779,1.11130886517575e-21,0.999999999973401,0.999999999999164,"EMP1","OE",FALSE,"Activated",3.6316572390412e-13
"CLEC14A",1.64929144566249e-17,-1.77195377502589,1.10829189941095e-21,0.999999999973438,0.999999999999164,"EMP1","OE",FALSE,"Activated",3.6316572390412e-13
"GPR143",1.64300691153478e-17,-1.77203800145365,1.09986182087981e-21,0.999999999973539,0.999999999999164,"EMP1","OE",FALSE,"Activated",3.6316572390412e-13
"TCAP",1.634797245499e-17,-1.77214844811043,1.08889785088304e-21,0.999999999973671,0.999999999999164,"EMP1","OE",FALSE,"Activated",3.6316572390412e-13
"SMPD3",1.62498970389871e-17,-1.77228101976523,1.07587192143068e-21,0.999999999973829,0.999999999999164,"EMP1","OE",FALSE,"Activated",3.6316572390412e-13
"KANK4",1.62335081115305e-17,-1.77230324041059,1.07370286211813e-21,0.999999999973855,0.999999999999164,"EMP1","OE",FALSE,"Activated",3.6316572390412e-13
"LOR",1.62201727636666e-17,-1.77232133518362,1.07193955623494e-21,0.999999999973877,0.999999999999164,"EMP1","OE",FALSE,"Activated",3.6316572390412e-13
"ABCB5",1.61491214229153e-17,-1.77241796166003,1.06256901117619e-21,0.999999999973991,0.999999999999164,"EMP1","OE",FALSE,"Activated",3.6316572390412e-13
"MYCT1",1.61488040124969e-17,-1.77241839414465,1.06252724207295e-21,0.999999999973992,0.999999999999164,"EMP1","OE",FALSE,"Activated",3.6316572390412e-13
"PCDH20",1.60650176366149e-17,-1.77253281353591,1.05153022240677e-21,0.999999999974127,0.999999999999164,"EMP1","OE",FALSE,"Activated",3.6316572390412e-13
"SCYGR4",1.5908453990733e-17,-1.77274800365227,1.03113445427655e-21,0.999999999974379,0.999999999999164,"EMP1","OE",FALSE,"Activated",3.6316572390412e-13
"PTGER1",1.57059720437251e-17,-1.77302902976555,1.00505305091121e-21,0.999999999974705,0.999999999999164,"EMP1","OE",FALSE,"Activated",3.6316572390412e-13
"ADGRG3",1.56917696273846e-17,-1.77304885837021,1.00323619704355e-21,0.999999999974728,0.999999999999164,"EMP1","OE",FALSE,"Activated",3.6316572390412e-13
"AC010624.5",1.55370544763272e-17,-1.77326587086515,9.83550634799426e-22,0.999999999974977,0.999999999999164,"EMP1","OE",FALSE,"Activated",3.6316572390412e-13
"CLEC4E",1.54802239295977e-17,-1.77334605259746,9.76368643603231e-22,0.999999999975069,0.999999999999164,"EMP1","OE",FALSE,"Activated",3.6316572390412e-13
"BBOX1",1.54366258308542e-17,-1.77340773693203,9.70876749780069e-22,0.999999999975139,0.999999999999164,"EMP1","OE",FALSE,"Activated",3.6316572390412e-13
"KPNA7",1.52601399188332e-17,-1.77365898053413,9.48803716925237e-22,0.999999999975423,0.999999999999164,"EMP1","OE",FALSE,"Activated",3.6316572390412e-13
"MCOLN3",1.49596511458668e-17,-1.77409257379729,9.11805648289309e-22,0.999999999975907,0.999999999999164,"EMP1","OE",FALSE,"Activated",3.6316572390412e-13
"PADI2",1.49372661419295e-17,-1.77412517402682,9.09078913299379e-22,0.999999999975943,0.999999999999164,"EMP1","OE",FALSE,"Activated",3.6316572390412e-13
"MYL4",1.4930724811484e-17,-1.77413470839322,9.0828287961403e-22,0.999999999975954,0.999999999999164,"EMP1","OE",FALSE,"Activated",3.6316572390412e-13
"TIMD4",1.48682874849205e-17,-1.77422589603487,9.00702245864109e-22,0.999999999976054,0.999999999999164,"EMP1","OE",FALSE,"Activated",3.6316572390412e-13
"S100P",1.46628777631643e-17,-1.77452823727852,8.75987228257429e-22,0.999999999976385,0.999999999999164,"EMP1","OE",FALSE,"Activated",3.6316572390412e-13
"AC243829.4",1.46091238904673e-17,-1.77460795966282,8.69576291014835e-22,0.999999999976471,0.999999999999164,"EMP1","OE",FALSE,"Activated",3.6316572390412e-13
"SCUBE1",1.46081090015886e-17,-1.7746094672749,8.69455477109867e-22,0.999999999976473,0.999999999999164,"EMP1","OE",FALSE,"Activated",3.6316572390412e-13
"CFHR1",1.44215471852606e-17,-1.77488814962502,8.47389457506393e-22,0.999999999976774,0.999999999999164,"EMP1","OE",FALSE,"Activated",3.6316572390412e-13
"OTOP3",1.44012657861252e-17,-1.77491863253418,8.45007721502896e-22,0.999999999976806,0.999999999999164,"EMP1","OE",FALSE,"Activated",3.6316572390412e-13
"KLRC2",1.43713200415867e-17,-1.77496370865328,8.4149718611183e-22,0.999999999976855,0.999999999999164,"EMP1","OE",FALSE,"Activated",3.6316572390412e-13
"HES6",1.43645823516724e-17,-1.77497386178033,8.40708334702666e-22,0.999999999976865,0.999999999999164,"EMP1","OE",FALSE,"Activated",3.6316572390412e-13
"CLDN6",1.43273586266541e-17,-1.77503002886507,8.36356833517411e-22,0.999999999976925,0.999999999999164,"EMP1","OE",FALSE,"Activated",3.6316572390412e-13
"HIST1H2AL",1.42776613529819e-17,-1.77510521373,8.30564758660242e-22,0.999999999977005,0.999999999999164,"EMP1","OE",FALSE,"Activated",3.6316572390412e-13
"PSG5",1.42183900054395e-17,-1.77519517827942,8.23683168059541e-22,0.999999999977101,0.999999999999164,"EMP1","OE",FALSE,"Activated",3.6316572390412e-13
"S100A7",1.4189129483393e-17,-1.77523971036086,8.20296483641311e-22,0.999999999977148,0.999999999999164,"EMP1","OE",FALSE,"Activated",3.6316572390412e-13
"GPR78",1.40162194710848e-17,-1.7755044924853,8.00425884375522e-22,0.999999999977426,0.999999999999164,"EMP1","OE",FALSE,"Activated",3.6316572390412e-13
"LINC01781",1.39992154514272e-17,-1.77553068303372,7.98484961344285e-22,0.999999999977454,0.999999999999164,"EMP1","OE",FALSE,"Activated",3.6316572390412e-13
"AC020909.2",1.39309826837078e-17,-1.77563605550836,7.90720231491552e-22,0.999999999977564,0.999999999999164,"EMP1","OE",FALSE,"Activated",3.6316572390412e-13
"MTUS2-AS1",1.38311167851113e-17,-1.77579108408793,7.7942412270561e-22,0.999999999977724,0.999999999999164,"EMP1","OE",FALSE,"Activated",3.6316572390412e-13
"SOHLH2",1.37353138126866e-17,-1.77594071484701,7.68663959323855e-22,0.999999999977879,0.999999999999164,"EMP1","OE",FALSE,"Activated",3.6316572390412e-13
"ELAVL3",1.37228037843502e-17,-1.7759603200977,7.67264409383198e-22,0.999999999977899,0.999999999999164,"EMP1","OE",FALSE,"Activated",3.6316572390412e-13
"ODAPH",1.36378135649236e-17,-1.7760939229151,7.5778995544101e-22,0.999999999978036,0.999999999999164,"EMP1","OE",FALSE,"Activated",3.6316572390412e-13
"RBM20",1.34884693817526e-17,-1.77633043696965,7.4128410349e-22,0.999999999978276,0.999999999999164,"EMP1","OE",FALSE,"Activated",3.6316572390412e-13
"MROH2A",1.34773029386232e-17,-1.77634821163295,7.40057265918002e-22,0.999999999978294,0.999999999999164,"EMP1","OE",FALSE,"Activated",3.6316572390412e-13
"KRT3",1.34004280459049e-17,-1.77647092617911,7.31638731890941e-22,0.999999999978418,0.999999999999164,"EMP1","OE",FALSE,"Activated",3.6316572390412e-13
"AC005614.1",1.33955114865076e-17,-1.77647879505397,7.31101960172632e-22,0.999999999978426,0.999999999999164,"EMP1","OE",FALSE,"Activated",3.6316572390412e-13
"MIA",1.33785884773649e-17,-1.77650589910292,7.29255874653389e-22,0.999999999978453,0.999999999999164,"EMP1","OE",FALSE,"Activated",3.6316572390412e-13
"NRXN3",1.3371561139177e-17,-1.77651716283665,7.28489966988486e-22,0.999999999978465,0.999999999999164,"EMP1","OE",FALSE,"Activated",3.6316572390412e-13
"UBE2L5",1.33627491752954e-17,-1.77653129426079,7.27530122138074e-22,0.999999999978479,0.999999999999164,"EMP1","OE",FALSE,"Activated",3.6316572390412e-13
"IGLON5",1.3054986666431e-17,-1.77702995300337,6.94403995867778e-22,0.999999999978974,0.999999999999164,"EMP1","OE",FALSE,"Activated",3.6316572390412e-13
"PRG2",1.29860322417102e-17,-1.77714306557606,6.87087898806975e-22,0.999999999979086,0.999999999999164,"EMP1","OE",FALSE,"Activated",3.6316572390412e-13
"MLIP",1.29474353962755e-17,-1.77720660585089,6.83009668495516e-22,0.999999999979148,0.999999999999164,"EMP1","OE",FALSE,"Activated",3.6316572390412e-13
"IL22RA2",1.28108504343773e-17,-1.77743277854846,6.68675279361802e-22,0.999999999979368,0.999999999999164,"EMP1","OE",FALSE,"Activated",3.6316572390412e-13
"GZMK",1.268635090908e-17,-1.7776407567178,6.55741675497712e-22,0.999999999979568,0.999999999999164,"EMP1","OE",FALSE,"Activated",3.6316572390412e-13
"AF121898.1",1.26393643354996e-17,-1.77771970585745,6.50893315699072e-22,0.999999999979644,0.999999999999164,"EMP1","OE",FALSE,"Activated",3.6316572390412e-13
"TCL1A",1.26193654089069e-17,-1.77775338579751,6.48835163257578e-22,0.999999999979676,0.999999999999164,"EMP1","OE",FALSE,"Activated",3.6316572390412e-13
"PRR9",1.25315486955921e-17,-1.77790182351043,6.39836245163731e-22,0.999999999979817,0.999999999999164,"EMP1","OE",FALSE,"Activated",3.6316572390412e-13
"LINC00324",1.22714104437087e-17,-1.77834686157319,6.13547669194249e-22,0.999999999980236,0.999999999999164,"EMP1","OE",FALSE,"Activated",3.6316572390412e-13
"GPAT3",1.22203949244112e-17,-1.77843508995338,6.0845691113605e-22,0.999999999980319,0.999999999999164,"EMP1","OE",FALSE,"Activated",3.6316572390412e-13
"C6orf223",1.21615933259036e-17,-1.778537178584,6.02615502395647e-22,0.999999999980413,0.999999999999164,"EMP1","OE",FALSE,"Activated",3.6316572390412e-13
"KLRB1",1.21347519013825e-17,-1.77858392091242,5.99958414892607e-22,0.999999999980457,0.999999999999164,"EMP1","OE",FALSE,"Activated",3.6316572390412e-13
"GALR1",1.20841330791797e-17,-1.77867231280191,5.94963529514618e-22,0.999999999980538,0.999999999999164,"EMP1","OE",FALSE,"Activated",3.6316572390412e-13
"TNFRSF4",1.20385244681782e-17,-1.77875222945531,5.9048091550923e-22,0.999999999980612,0.999999999999164,"EMP1","OE",FALSE,"Activated",3.6316572390412e-13
"IGFL3",1.19926234711717e-17,-1.77883292233032,5.85986678394217e-22,0.999999999980685,0.999999999999164,"EMP1","OE",FALSE,"Activated",3.6316572390412e-13
"LRRC39",1.19362042385591e-17,-1.77893247148542,5.80486105256342e-22,0.999999999980776,0.999999999999164,"EMP1","OE",FALSE,"Activated",3.6316572390412e-13
"SMTNL2",1.18342493594033e-17,-1.77911339935877,5.70611839094333e-22,0.999999999980941,0.999999999999164,"EMP1","OE",FALSE,"Activated",3.6316572390412e-13
"AL353151.2",1.17940170576742e-17,-1.77918516494221,5.66738673326225e-22,0.999999999981005,0.999999999999164,"EMP1","OE",FALSE,"Activated",3.6316572390412e-13
"ANGPTL7",1.17115120819233e-17,-1.77933299813542,5.58837173784998e-22,0.999999999981138,0.999999999999164,"EMP1","OE",FALSE,"Activated",3.6316572390412e-13
"GAPT",1.16506299270468e-17,-1.7794426640029,5.53042059285695e-22,0.999999999981236,0.999999999999164,"EMP1","OE",FALSE,"Activated",3.6316572390412e-13
"SLC6A17",1.16286780872608e-17,-1.77948232660505,5.50959965264541e-22,0.999999999981272,0.999999999999164,"EMP1","OE",FALSE,"Activated",3.6316572390412e-13
"AL160272.1",1.16078669231136e-17,-1.77951998786552,5.48989688321712e-22,0.999999999981305,0.999999999999164,"EMP1","OE",FALSE,"Activated",3.6316572390412e-13
"IFNL1",1.14683783270237e-17,-1.77977392863966,5.35874842323022e-22,0.99999999998153,0.999999999999164,"EMP1","OE",FALSE,"Activated",3.6316572390412e-13
"ATP1B4",1.13896124329851e-17,-1.77991850126319,5.28539242932294e-22,0.999999999981657,0.999999999999164,"EMP1","OE",FALSE,"Activated",3.6316572390412e-13
"TMIGD2",1.13358676422627e-17,-1.78001764372332,5.23562917329591e-22,0.999999999981743,0.999999999999164,"EMP1","OE",FALSE,"Activated",3.6316572390412e-13
"ACTA1",1.11532410251781e-17,-1.78035758817893,5.06829075351985e-22,0.999999999982037,0.999999999999164,"EMP1","OE",FALSE,"Activated",3.6316572390412e-13
"LAIR2",1.09340447649631e-17,-1.78077199709788,4.87103265749697e-22,0.99999999998239,0.999999999999164,"EMP1","OE",FALSE,"Activated",3.6316572390412e-13
"CCL18",1.08910056533024e-17,-1.78085420599531,4.8327609445577e-22,0.99999999998246,0.999999999999164,"EMP1","OE",FALSE,"Activated",3.6316572390412e-13
"ANK3",1.08232195653187e-17,-1.78098425357728,4.77278953520606e-22,0.999999999982569,0.999999999999164,"EMP1","OE",FALSE,"Activated",3.6316572390412e-13
"MS4A2",1.07318916840791e-17,-1.78116058060738,4.69258240141029e-22,0.999999999982716,0.999999999999164,"EMP1","OE",FALSE,"Activated",3.6316572390412e-13
"CD40LG",1.05498212688171e-17,-1.78151599843032,4.534710329033e-22,0.999999999983009,0.999999999999164,"EMP1","OE",FALSE,"Activated",3.6316572390412e-13
"BPIFB2",1.04075965361079e-17,-1.78179733059402,4.41326739703477e-22,0.999999999983238,0.999999999999164,"EMP1","OE",FALSE,"Activated",3.6316572390412e-13
"FGF19",1.02964630877608e-17,-1.782019477172,4.31951990762737e-22,0.999999999983417,0.999999999999164,"EMP1","OE",FALSE,"Activated",3.6316572390412e-13
"SLC8A3",1.02033428079732e-17,-1.7822072138508,4.24174251729107e-22,0.999999999983567,0.999999999999164,"EMP1","OE",FALSE,"Activated",3.6316572390412e-13
"TMEM132D-AS1",9.97013817490662e-18,-1.7826839316773,4.05006226885266e-22,0.999999999983943,0.999999999999164,"EMP1","OE",FALSE,"Activated",3.6316572390412e-13
"PAEP",9.90142682467622e-18,-1.78282622440471,3.99443088023046e-22,0.999999999984053,0.999999999999164,"EMP1","OE",FALSE,"Activated",3.6316572390412e-13
"LILRA6",9.87688990006957e-18,-1.78287724361158,3.97465805162435e-22,0.999999999984093,0.999999999999164,"EMP1","OE",FALSE,"Activated",3.6316572390412e-13
"AC144521.1",9.78434293394159e-18,-1.78307066323623,3.9005215175526e-22,0.999999999984242,0.999999999999164,"EMP1","OE",FALSE,"Activated",3.6316572390412e-13
"ZNF683",9.7592872670131e-18,-1.7831232997993,3.88057024737842e-22,0.999999999984282,0.999999999999164,"EMP1","OE",FALSE,"Activated",3.6316572390412e-13
"RHOV",9.75264950142823e-18,-1.7831372638295,3.87529331368602e-22,0.999999999984293,0.999999999999164,"EMP1","OE",FALSE,"Activated",3.6316572390412e-13
"AL449363.2",9.72499863077755e-18,-1.78319552191986,3.85334987564854e-22,0.999999999984338,0.999999999999164,"EMP1","OE",FALSE,"Activated",3.6316572390412e-13
"HPGDS",9.59271058847695e-18,-1.78347623294505,3.74922953984527e-22,0.999999999984551,0.999999999999164,"EMP1","OE",FALSE,"Activated",3.6316572390412e-13
"SOX18",9.56142861595411e-18,-1.7835430997723,3.7248168229019e-22,0.999999999984601,0.999999999999164,"EMP1","OE",FALSE,"Activated",3.6316572390412e-13
"IGLV3-19",9.47761554711619e-18,-1.78372318836004,3.65980142421157e-22,0.999999999984736,0.999999999999164,"EMP1","OE",FALSE,"Activated",3.6316572390412e-13
"JSRP1",9.3144306774765e-18,-1.78407779635637,3.53485802793199e-22,0.999999999984999,0.999999999999164,"EMP1","OE",FALSE,"Activated",3.6316572390412e-13
"PLAC4",9.2112083062932e-18,-1.78430487778214,3.45694566535199e-22,0.999999999985165,0.999999999999164,"EMP1","OE",FALSE,"Activated",3.6316572390412e-13
"LRRN1",8.97373525181264e-18,-1.78483574510878,3.28099713571434e-22,0.999999999985547,0.999999999999164,"EMP1","OE",FALSE,"Activated",3.6316572390412e-13
"LINC01170",8.90801366513697e-18,-1.78498480292129,3.23311457385531e-22,0.999999999985653,0.999999999999164,"EMP1","OE",FALSE,"Activated",3.6316572390412e-13
"PLP1",8.73640887296775e-18,-1.78537852205774,3.10974836828287e-22,0.99999999998593,0.999999999999164,"EMP1","OE",FALSE,"Activated",3.6316572390412e-13
"IGHV4-39",8.6736937451151e-18,-1.78552407601472,3.06526138169376e-22,0.999999999986031,0.999999999999164,"EMP1","OE",FALSE,"Activated",3.6316572390412e-13
"ZNF385C",8.42958616786209e-18,-1.78609939718472,2.89515523380537e-22,0.999999999986424,0.999999999999164,"EMP1","OE",FALSE,"Activated",3.6316572390412e-13
"GABRB3",8.3534182946259e-18,-1.7862818519773,2.84307164692343e-22,0.999999999986547,0.999999999999164,"EMP1","OE",FALSE,"Activated",3.6316572390412e-13
"LINC01291",8.28006980942439e-18,-1.78645891341353,2.79336278419305e-22,0.999999999986665,0.999999999999164,"EMP1","OE",FALSE,"Activated",3.6316572390412e-13
"IL21",7.91692206002561e-18,-1.78735598261388,2.5537129862072e-22,0.99999999998725,0.999999999999164,"EMP1","OE",FALSE,"Activated",3.6316572390412e-13
"TTR",7.86399758129247e-18,-1.78748966768032,2.51968406010662e-22,0.999999999987335,0.999999999999164,"EMP1","OE",FALSE,"Activated",3.6316572390412e-13
"AL590550.1",7.85389926734862e-18,-1.78751526365808,2.51321706326817e-22,0.999999999987351,0.999999999999164,"EMP1","OE",FALSE,"Activated",3.6316572390412e-13
"TRGV10",7.70872935017699e-18,-1.78788639313091,2.42116809420969e-22,0.999999999987585,0.999999999999164,"EMP1","OE",FALSE,"Activated",3.6316572390412e-13
"IFNB1",7.63411586011324e-18,-1.78807949326449,2.37452550999298e-22,0.999999999987705,0.999999999999164,"EMP1","OE",FALSE,"Activated",3.6316572390412e-13
"FPR2",7.19610800906791e-18,-1.78924701573938,2.10986512001647e-22,0.99999999998841,0.999999999999164,"EMP1","OE",FALSE,"Activated",3.6316572390412e-13
"MYF6",7.16191057389263e-18,-1.7893407262074,2.08985971297823e-22,0.999999999988465,0.999999999999164,"EMP1","OE",FALSE,"Activated",3.6316572390412e-13
"MRLN",7.14286625397301e-18,-1.78939308023966,2.07876014945082e-22,0.999999999988496,0.999999999999164,"EMP1","OE",FALSE,"Activated",3.6316572390412e-13
"UNC45B",7.13759029583614e-18,-1.78940760546002,2.07569040106877e-22,0.999999999988505,0.999999999999164,"EMP1","OE",FALSE,"Activated",3.6316572390412e-13
"DNAAF1",7.13394949510426e-18,-1.7894176343318,2.07357337069711e-22,0.99999999998851,0.999999999999164,"EMP1","OE",FALSE,"Activated",3.6316572390412e-13
"NEFH",7.12141798077659e-18,-1.78945218712813,2.06629488021997e-22,0.999999999988531,0.999999999999164,"EMP1","OE",FALSE,"Activated",3.6316572390412e-13
"AL157895.1",7.06759561854487e-18,-1.78960118851014,2.0351795577813e-22,0.999999999988617,0.999999999999164,"EMP1","OE",FALSE,"Activated",3.6316572390412e-13
"TRBV28",7.05294909752876e-18,-1.789641905066,2.02675309560688e-22,0.999999999988641,0.999999999999164,"EMP1","OE",FALSE,"Activated",3.6316572390412e-13
"CYP2W1",6.93890092812197e-18,-1.78996147027801,1.96173671242939e-22,0.999999999988825,0.999999999999164,"EMP1","OE",FALSE,"Activated",3.6316572390412e-13
"ZNF536",6.92974882766505e-18,-1.78998731040636,1.95656523891266e-22,0.999999999988839,0.999999999999164,"EMP1","OE",FALSE,"Activated",3.6316572390412e-13
"RAPSN",6.75105407655846e-18,-1.79049782705454,1.85695987461853e-22,0.999999999989127,0.999999999999164,"EMP1","OE",FALSE,"Activated",3.6316572390412e-13
"UNC5B-AS1",6.67009853627515e-18,-1.79073295341137,1.81269127983552e-22,0.999999999989258,0.999999999999164,"EMP1","OE",FALSE,"Activated",3.6316572390412e-13
"TNFSF8",6.43891255655103e-18,-1.7914182148018,1.68921294340332e-22,0.99999999998963,0.999999999999164,"EMP1","OE",FALSE,"Activated",3.6316572390412e-13
"KLHL31",6.39806158496137e-18,-1.79154150013453,1.66784688542259e-22,0.999999999989696,0.999999999999164,"EMP1","OE",FALSE,"Activated",3.6316572390412e-13
"ANKRD1",6.25409930312206e-18,-1.79198144634132,1.5936351181999e-22,0.999999999989928,0.999999999999164,"EMP1","OE",FALSE,"Activated",3.6316572390412e-13
"MUSK",6.18523295813415e-18,-1.79219499472905,1.55873206267523e-22,0.999999999990039,0.999999999999164,"EMP1","OE",FALSE,"Activated",3.6316572390412e-13
"TBC1D30",5.9870285970027e-18,-1.79282125295034,1.46043425588178e-22,0.999999999990358,0.999999999999164,"EMP1","OE",FALSE,"Activated",3.6316572390412e-13
"PI3",5.90700025425949e-18,-1.7930791899128,1.42165208128969e-22,0.999999999990487,0.999999999999164,"EMP1","OE",FALSE,"Activated",3.6316572390412e-13
"SORCS1",5.43818296238002e-18,-1.79465371588086,1.2049443119713e-22,0.999999999991242,0.999999999999164,"EMP1","OE",FALSE,"Activated",3.6316572390412e-13
"ADORA3",5.35149231524398e-18,-1.79495760752922,1.16683422275146e-22,0.999999999991381,0.999999999999164,"EMP1","OE",FALSE,"Activated",3.6316572390412e-13
"TIE1",5.24086006427884e-18,-1.79535164914115,1.11908860519164e-22,0.999999999991559,0.999999999999164,"EMP1","OE",FALSE,"Activated",3.6316572390412e-13
"NHLH2",5.11603477422011e-18,-1.7958049445862,1.06641518771228e-22,0.99999999999176,0.999999999999164,"EMP1","OE",FALSE,"Activated",3.6316572390412e-13
"PICSAR",5.09450165214145e-18,-1.7958841029105,1.05745710830875e-22,0.999999999991795,0.999999999999164,"EMP1","OE",FALSE,"Activated",3.6316572390412e-13
"TIMP4",4.69490962096358e-18,-1.79740803184998,8.98077505811294e-23,0.999999999992439,0.999999999999164,"EMP1","OE",FALSE,"Activated",3.6316572390412e-13
"TCF23",4.68162803037177e-18,-1.79746057710499,8.93003488590804e-23,0.99999999999246,0.999999999999164,"EMP1","OE",FALSE,"Activated",3.6316572390412e-13
"GATM",4.65122462943127e-18,-1.79758134583991,8.81442474716619e-23,0.999999999992509,0.999999999999164,"EMP1","OE",FALSE,"Activated",3.6316572390412e-13
"IL13",4.48607880838285e-18,-1.79824947841546,8.19960900054956e-23,0.999999999992775,0.999999999999164,"EMP1","OE",FALSE,"Activated",3.6316572390412e-13
"FA2H",4.06946788428592e-18,-1.80003426826624,6.74737110447685e-23,0.999999999993446,0.999999999999164,"EMP1","OE",FALSE,"Activated",3.6316572390412e-13
"SGCG",3.92433634419588e-18,-1.80069313991181,6.27468301649252e-23,0.99999999999368,0.999999999999164,"EMP1","OE",FALSE,"Activated",3.6316572390412e-13
"AC073210.3",3.75127049506359e-18,-1.80150686008784,5.7334510430309e-23,0.999999999993958,0.999999999999164,"EMP1","OE",FALSE,"Activated",3.6316572390412e-13
"ADRB1",3.58869516001402e-18,-1.80230128440203,5.24725879330703e-23,0.99999999999422,0.999999999999164,"EMP1","OE",FALSE,"Activated",3.6316572390412e-13
"ADRA2B",3.58357370427083e-18,-1.8023268105492,5.23229266956703e-23,0.999999999994229,0.999999999999164,"EMP1","OE",FALSE,"Activated",3.6316572390412e-13
"PROK2",3.39434727695336e-18,-1.80329273124417,4.69431136591916e-23,0.999999999994533,0.999999999999164,"EMP1","OE",FALSE,"Activated",3.6316572390412e-13
"ADCYAP1",3.39405784317036e-18,-1.80329424386425,4.69351083830133e-23,0.999999999994534,0.999999999999164,"EMP1","OE",FALSE,"Activated",3.6316572390412e-13
"LINC01936",3.13958860597289e-18,-1.80466926565932,4.0161029273838e-23,0.999999999994944,0.999999999999164,"EMP1","OE",FALSE,"Activated",3.6316572390412e-13
"AC244502.1",3.12820329458426e-18,-1.80473300274363,3.98702798732785e-23,0.999999999994962,0.999999999999164,"EMP1","OE",FALSE,"Activated",3.6316572390412e-13
"PPP1R9A",2.61100722164075e-18,-1.80786358773584,2.77763702225449e-23,0.999999999995795,0.999999999999164,"EMP1","OE",FALSE,"Activated",3.6316572390412e-13
"LINC02099",2.49365539569106e-18,-1.80864779524876,2.53356598824213e-23,0.999999999995984,0.999999999999164,"EMP1","OE",FALSE,"Activated",3.6316572390412e-13
"MYBPC2",2.27512640506329e-18,-1.81019700140266,2.10897002854109e-23,0.999999999996336,0.999999999999164,"EMP1","OE",FALSE,"Activated",3.6316572390412e-13
"WIF1",1.95077990025892e-18,-1.81275139738141,1.55051470889801e-23,0.999999999996858,0.999999999999164,"EMP1","OE",FALSE,"Activated",3.6316572390412e-13
"DSC1",1.86757764869117e-18,-1.81346547025866,1.42107395962689e-23,0.999999999996992,0.999999999999164,"EMP1","OE",FALSE,"Activated",3.6316572390412e-13
"DBNDD1",5.19230663128951e-19,-1.83262887914153,1.09844928280769e-24,0.999999999999164,0.999999999999164,"EMP1","OE",FALSE,"Activated",3.6316572390412e-13
