"gene","distance","Z","FC","p.value","p.adj","target_gene","perturbation","significant","direction","minus_log10_fdr"
"FSTL1",1.48103419273892e-07,1.62977287320007,0.0245631373980035,0.875460548041051,0.999999999940206,"COL1A1","OE",FALSE,"Activated",2.59681332657232e-11
"COL5A2",1.43100703705007e-07,1.61183731310414,0.0229317503939823,0.879634688328741,0.999999999940206,"COL1A1","OE",FALSE,"Activated",2.59681332657232e-11
"PRRX1",1.41880264018413e-07,1.60738032319025,0.0225422697802481,0.880653504896583,0.999999999940206,"COL1A1","OE",FALSE,"Activated",2.59681332657232e-11
"TIMP2",1.40989959620391e-07,1.60410817793005,0.0222602500975312,0.881396851009002,0.999999999940206,"COL1A1","OE",FALSE,"Activated",2.59681332657232e-11
"BGN",1.40276930160371e-07,1.60147476565052,0.0220356656119038,0.881992259497281,0.999999999940206,"COL1A1","OE",FALSE,"Activated",2.59681332657232e-11
"AEBP1",1.38812146050393e-07,1.59602869373234,0.0215778715813806,0.88321562244668,0.999999999940206,"COL1A1","OE",FALSE,"Activated",2.59681332657232e-11
"COL1A2",1.35005218973648e-07,1.58164044012196,0.0204105535023868,0.886396399363612,0.999999999940206,"COL1A1","OE",FALSE,"Activated",2.59681332657232e-11
"COL6A1",1.34320725861609e-07,1.57901656676444,0.0202041101316713,0.886968505117139,0.999999999940206,"COL1A1","OE",FALSE,"Activated",2.59681332657232e-11
"COL3A1",1.33301569186324e-07,1.57508849113974,0.0198986764612029,0.88782043487067,0.999999999940206,"COL1A1","OE",FALSE,"Activated",2.59681332657232e-11
"COL6A2",1.32507968382436e-07,1.57201188071763,0.0196624512064292,0.88848390859029,0.999999999940206,"COL1A1","OE",FALSE,"Activated",2.59681332657232e-11
"FARP1",1.32190250952597e-07,1.57077572980674,0.0195682740165536,0.888749551676987,0.999999999940206,"COL1A1","OE",FALSE,"Activated",2.59681332657232e-11
"FKBP10",1.31945427038959e-07,1.56982144756654,0.0194958580101897,0.888954257124162,0.999999999940206,"COL1A1","OE",FALSE,"Activated",2.59681332657232e-11
"COL6A3",1.31078489749208e-07,1.56643001418907,0.0192405075813463,0.889679191780301,0.999999999940206,"COL1A1","OE",FALSE,"Activated",2.59681332657232e-11
"LAMA4",1.30782319605785e-07,1.56526699488,0.0191536584560893,0.889926871005636,0.999999999940206,"COL1A1","OE",FALSE,"Activated",2.59681332657232e-11
"COL5A1",1.30489546331628e-07,1.56411509179774,0.0190679985204874,0.890171720078813,0.999999999940206,"COL1A1","OE",FALSE,"Activated",2.59681332657232e-11
"SPARC",1.29435242549546e-07,1.55994852955634,0.0187611195479424,0.89105353097444,0.999999999940206,"COL1A1","OE",FALSE,"Activated",2.59681332657232e-11
"FBN1",1.29049573917533e-07,1.55841710887798,0.0186494838679822,0.891376134726253,0.999999999940206,"COL1A1","OE",FALSE,"Activated",2.59681332657232e-11
"PMP22",1.28996010328531e-07,1.55820410710152,0.0186340056924405,0.891420940972433,0.999999999940206,"COL1A1","OE",FALSE,"Activated",2.59681332657232e-11
"PCOLCE",1.28891127619351e-07,1.55778680910412,0.0186037165312549,0.891508676957806,0.999999999940206,"COL1A1","OE",FALSE,"Activated",2.59681332657232e-11
"RHOBTB3",1.28371462310953e-07,1.55571490360331,0.0184540054214089,0.89194340448454,0.999999999940206,"COL1A1","OE",FALSE,"Activated",2.59681332657232e-11
"ANXA6",1.27797289726042e-07,1.55341729402888,0.0182892945472931,0.892423767992561,0.999999999940206,"COL1A1","OE",FALSE,"Activated",2.59681332657232e-11
"CTSK",1.27697388727652e-07,1.55301662600151,0.0182607117088561,0.892507351070013,0.999999999940206,"COL1A1","OE",FALSE,"Activated",2.59681332657232e-11
"IGFBP4",1.27455861909684e-07,1.55204683419937,0.0181917004209494,0.892709431606774,0.999999999940206,"COL1A1","OE",FALSE,"Activated",2.59681332657232e-11
"ADAMTS2",1.27251697109817e-07,1.55122583008372,0.0181334664549936,0.892880257542837,0.999999999940206,"COL1A1","OE",FALSE,"Activated",2.59681332657232e-11
"DCN",1.26679522924832e-07,1.54891892073003,0.0179707625314023,0.89335902563764,0.999999999940206,"COL1A1","OE",FALSE,"Activated",2.59681332657232e-11
"TUBA1A",1.26496863210222e-07,1.54818058540687,0.0179189756643565,0.893511874775113,0.999999999940206,"COL1A1","OE",FALSE,"Activated",2.59681332657232e-11
"EFEMP2",1.26121077118091e-07,1.54665872625329,0.0178126694727923,0.893826343956055,0.999999999940206,"COL1A1","OE",FALSE,"Activated",2.59681332657232e-11
"DDR2",1.25598603032285e-07,1.54453633290152,0.0176653922476302,0.894263593816285,0.999999999940206,"COL1A1","OE",FALSE,"Activated",2.59681332657232e-11
"S100A4",1.24516349487148e-07,1.54011580113949,0.0173622668400135,0.895169415849502,0.999999999940206,"COL1A1","OE",FALSE,"Activated",2.59681332657232e-11
"CDH11",1.24459174920635e-07,1.53988135269423,0.0173463259265779,0.895217273496076,0.999999999940206,"COL1A1","OE",FALSE,"Activated",2.59681332657232e-11
"LUM",1.24143647445177e-07,1.53858584510328,0.0172584850007354,0.895481390834514,0.999999999940206,"COL1A1","OE",FALSE,"Activated",2.59681332657232e-11
"THY1",1.24011312631822e-07,1.53804165765638,0.017221710165425,0.895592167264593,0.999999999940206,"COL1A1","OE",FALSE,"Activated",2.59681332657232e-11
"CRISPLD2",1.23641979945101e-07,1.53652024750031,0.017119282914017,0.895901343510796,0.999999999940206,"COL1A1","OE",FALSE,"Activated",2.59681332657232e-11
"SERPINF1",1.23233897231429e-07,1.53483467209746,0.0170064643619372,0.896242976612856,0.999999999940206,"COL1A1","OE",FALSE,"Activated",2.59681332657232e-11
"RCN3",1.23198313599577e-07,1.53468746793521,0.0169966445897453,0.896272766943728,0.999999999940206,"COL1A1","OE",FALSE,"Activated",2.59681332657232e-11
"NNMT",1.23071019477285e-07,1.53416057239651,0.0169615393169442,0.896379337757885,0.999999999940206,"COL1A1","OE",FALSE,"Activated",2.59681332657232e-11
"SDC2",1.22310556297444e-07,1.53100309035834,0.0167525741927749,0.897016037459738,0.999999999940206,"COL1A1","OE",FALSE,"Activated",2.59681332657232e-11
"NID1",1.21982067876952e-07,1.52963397860702,0.0166627105360928,0.897291085747616,0.999999999940206,"COL1A1","OE",FALSE,"Activated",2.59681332657232e-11
"PDGFRB",1.21796623817321e-07,1.52885966618752,0.0166120858509593,0.897446366296442,0.999999999940206,"COL1A1","OE",FALSE,"Activated",2.59681332657232e-11
"MRC2",1.21625217870268e-07,1.52814306925786,0.0165653619497517,0.897589895602996,0.999999999940206,"COL1A1","OE",FALSE,"Activated",2.59681332657232e-11
"IL1R1",1.21158879480489e-07,1.52618905396638,0.0164385748485644,0.897980407901524,0.999999999940206,"COL1A1","OE",FALSE,"Activated",2.59681332657232e-11
"ADAM12",1.20159356429032e-07,1.52197909944271,0.0161684673609215,0.898817492758808,0.999999999940206,"COL1A1","OE",FALSE,"Activated",2.59681332657232e-11
"ANTXR1",1.19644717864629e-07,1.51979973181285,0.0160302659262324,0.899248538441616,0.999999999940206,"COL1A1","OE",FALSE,"Activated",2.59681332657232e-11
"COL5A3",1.18810519972551e-07,1.51624996663754,0.0158075098180451,0.899947300425169,0.999999999940206,"COL1A1","OE",FALSE,"Activated",2.59681332657232e-11
"EMILIN1",1.18773905534182e-07,1.51609367182879,0.0157977683589406,0.899977972119854,0.999999999940206,"COL1A1","OE",FALSE,"Activated",2.59681332657232e-11
"FGFR1",1.1832080145898e-07,1.51415609337003,0.0156774661798433,0.900357547024387,0.999999999940206,"COL1A1","OE",FALSE,"Activated",2.59681332657232e-11
"LRP1",1.18318103288951e-07,1.51414453631599,0.0156767511747629,0.900359807407052,0.999999999940206,"COL1A1","OE",FALSE,"Activated",2.59681332657232e-11
"OLFML2B",1.17842220381543e-07,1.51210264490135,0.0155508990046328,0.900758489299866,0.999999999940206,"COL1A1","OE",FALSE,"Activated",2.59681332657232e-11
"FERMT2",1.1713122369261e-07,1.50903872204057,0.0153638135481859,0.901354189809517,0.999999999940206,"COL1A1","OE",FALSE,"Activated",2.59681332657232e-11
"TMEM47",1.16499385732403e-07,1.50630250216183,0.0151985073555424,0.901883614710231,0.999999999940206,"COL1A1","OE",FALSE,"Activated",2.59681332657232e-11
"VCAN",1.16199123601489e-07,1.50499773039109,0.0151202639345348,0.902135223403562,0.999999999940206,"COL1A1","OE",FALSE,"Activated",2.59681332657232e-11
"DAB2",1.15045686027954e-07,1.4999584849136,0.0148215745724951,0.903101853137533,0.999999999940206,"COL1A1","OE",FALSE,"Activated",2.59681332657232e-11
"CCDC80",1.14717593366408e-07,1.49851716660773,0.0147371573993482,0.903376835043284,0.999999999940206,"COL1A1","OE",FALSE,"Activated",2.59681332657232e-11
"GUCY1A1",1.14069949696161e-07,1.49566164314165,0.0145712284486325,0.903919673890929,0.999999999940206,"COL1A1","OE",FALSE,"Activated",2.59681332657232e-11
"MXRA8",1.1404389476256e-07,1.49554647367893,0.0145645727249793,0.903941513430913,0.999999999940206,"COL1A1","OE",FALSE,"Activated",2.59681332657232e-11
"GGT5",1.13987929121259e-07,1.49529901491294,0.0145502814619437,0.903988424710004,0.999999999940206,"COL1A1","OE",FALSE,"Activated",2.59681332657232e-11
"PRRX2",1.12441468176064e-07,1.48841957617017,0.0141581556469652,0.905284824554792,0.999999999940206,"COL1A1","OE",FALSE,"Activated",2.59681332657232e-11
"ADGRA2",1.11489908527821e-07,1.48414611453332,0.0139195368596281,0.906082643697285,0.999999999940206,"COL1A1","OE",FALSE,"Activated",2.59681332657232e-11
"ZBTB20",1.11220748433543e-07,1.48293163818264,0.0138524086077165,0.906308333672616,0.999999999940206,"COL1A1","OE",FALSE,"Activated",2.59681332657232e-11
"CREB3L1",1.11098297815539e-07,1.48237829454158,0.0138219232483396,0.906411010673452,0.999999999940206,"COL1A1","OE",FALSE,"Activated",2.59681332657232e-11
"GPM6B",1.11002815541867e-07,1.48194645533203,0.0137981752420768,0.906491075327861,0.999999999940206,"COL1A1","OE",FALSE,"Activated",2.59681332657232e-11
"RUNX1T1",1.10643144199028e-07,1.48031689772248,0.0137089024079091,0.9067926787005,0.999999999940206,"COL1A1","OE",FALSE,"Activated",2.59681332657232e-11
"COL4A2",1.09774385148652e-07,1.4763619994717,0.0134944656960971,0.907521234298594,0.999999999940206,"COL1A1","OE",FALSE,"Activated",2.59681332657232e-11
"MMP2",1.09500707671921e-07,1.47511056113857,0.0134272637224993,0.907750760867955,0.999999999940206,"COL1A1","OE",FALSE,"Activated",2.59681332657232e-11
"NID2",1.09344651634904e-07,1.47439576579966,0.0133890189939519,0.907881644678066,0.999999999940206,"COL1A1","OE",FALSE,"Activated",2.59681332657232e-11
"KLF9",1.08993225683739e-07,1.4727828928841,0.0133030945797789,0.90817639390155,0.999999999940206,"COL1A1","OE",FALSE,"Activated",2.59681332657232e-11
"ADAMTS12",1.07591373201552e-07,1.4663043554985,0.0129630909502227,0.909352286008694,0.999999999940206,"COL1A1","OE",FALSE,"Activated",2.59681332657232e-11
"TPM2",1.07514694319558e-07,1.46594790628703,0.0129446203035839,0.909416611005503,0.999999999940206,"COL1A1","OE",FALSE,"Activated",2.59681332657232e-11
"ITGA1",1.07456471744902e-07,1.46567710731675,0.0129306042649563,0.909465453623547,0.999999999940206,"COL1A1","OE",FALSE,"Activated",2.59681332657232e-11
"BICC1",1.07100049063819e-07,1.46401660091803,0.0128449674082888,0.909764462227845,0.999999999940206,"COL1A1","OE",FALSE,"Activated",2.59681332657232e-11
"LOXL1",1.07070506106112e-07,1.46387875316727,0.0128378819588664,0.909789246854877,0.999999999940206,"COL1A1","OE",FALSE,"Activated",2.59681332657232e-11
"MAP1B",1.06548993747532e-07,1.46143998323701,0.0127131266126958,0.910226776359913,0.999999999940206,"COL1A1","OE",FALSE,"Activated",2.59681332657232e-11
"FBLN2",1.06094562082166e-07,1.45930654218958,0.0126049148481286,0.910608049857112,0.999999999940206,"COL1A1","OE",FALSE,"Activated",2.59681332657232e-11
"TWIST1",1.06066325710809e-07,1.45917372109882,0.0125982063102525,0.910631741184046,0.999999999940206,"COL1A1","OE",FALSE,"Activated",2.59681332657232e-11
"COX7A1",1.05809152837209e-07,1.45796260713807,0.0125371880921155,0.910847522091204,0.999999999940206,"COL1A1","OE",FALSE,"Activated",2.59681332657232e-11
"F2R",1.05606157652962e-07,1.4570048496281,0.0124891289695518,0.911017849850779,0.999999999940206,"COL1A1","OE",FALSE,"Activated",2.59681332657232e-11
"FMOD",1.05539730248803e-07,1.45669109358048,0.0124734223191817,0.911073588174313,0.999999999940206,"COL1A1","OE",FALSE,"Activated",2.59681332657232e-11
"CERCAM",1.05486865604717e-07,1.45644127733293,0.0124609296231508,0.911117946484645,0.999999999940206,"COL1A1","OE",FALSE,"Activated",2.59681332657232e-11
"PALM2-AKAP2",1.0498346238153e-07,1.4540570075858,0.0123422815917451,0.911540362059673,0.999999999940206,"COL1A1","OE",FALSE,"Activated",2.59681332657232e-11
"TMEM45A",1.04697780399228e-07,1.45269956577706,0.012275201121288,0.911780094573732,0.999999999940206,"COL1A1","OE",FALSE,"Activated",2.59681332657232e-11
"SRPX2",1.0459039830621e-07,1.45218850905447,0.0122500341919116,0.911870207266296,0.999999999940206,"COL1A1","OE",FALSE,"Activated",2.59681332657232e-11
"COL4A1",1.04448728027187e-07,1.45151357766661,0.0122168707194615,0.911989095584801,0.999999999940206,"COL1A1","OE",FALSE,"Activated",2.59681332657232e-11
"MYL9",1.04441385249e-07,1.45147857453444,0.0122151530801881,0.91199525762647,0.999999999940206,"COL1A1","OE",FALSE,"Activated",2.59681332657232e-11
"SFRP2",1.04063198965387e-07,1.44967289410226,0.0121268501635764,0.912312637786559,0.999999999940206,"COL1A1","OE",FALSE,"Activated",2.59681332657232e-11
"THBS2",1.03408625004922e-07,1.44653423197122,0.0119747703691485,0.912862000066767,0.999999999940206,"COL1A1","OE",FALSE,"Activated",2.59681332657232e-11
"PCDH18",1.02516746402592e-07,1.44223015516815,0.011769101164007,0.913610591260662,0.999999999940206,"COL1A1","OE",FALSE,"Activated",2.59681332657232e-11
"IGFBP7",1.02386021252053e-07,1.44159659769394,0.0117391053506767,0.91372032083014,0.999999999940206,"COL1A1","OE",FALSE,"Activated",2.59681332657232e-11
"FILIP1L",1.02311302073075e-07,1.44123416058064,0.0117219776950625,0.91378304020655,0.999999999940206,"COL1A1","OE",FALSE,"Activated",2.59681332657232e-11
"PRKG1",1.01955850694349e-07,1.43950687211923,0.0116406698584833,0.914081413903968,0.999999999940206,"COL1A1","OE",FALSE,"Activated",2.59681332657232e-11
"MME",1.01798621583108e-07,1.43874118101553,0.0116047947042703,0.914213399339939,0.999999999940206,"COL1A1","OE",FALSE,"Activated",2.59681332657232e-11
"MAP1LC3A",1.01454331005507e-07,1.43706096857777,0.0115264308717936,0.914502421136467,0.999999999940206,"COL1A1","OE",FALSE,"Activated",2.59681332657232e-11
"DLC1",1.01226114345094e-07,1.43594452416058,0.0114746328871122,0.914694008532289,0.999999999940206,"COL1A1","OE",FALSE,"Activated",2.59681332657232e-11
"ZEB1",1.01040502076375e-07,1.43503490864476,0.0114325907721239,0.914849833288222,0.999999999940206,"COL1A1","OE",FALSE,"Activated",2.59681332657232e-11
"OLFML3",1.00662107859156e-07,1.43317609309314,0.0113471215649077,0.915167512002035,0.999999999940206,"COL1A1","OE",FALSE,"Activated",2.59681332657232e-11
"MEG3",1.00450136010988e-07,1.43213218618022,0.0112993828894443,0.915345477686928,0.999999999940206,"COL1A1","OE",FALSE,"Activated",2.59681332657232e-11
"FBLN5",1.00397016911808e-07,1.43187029216341,0.0112874355817613,0.915390075674682,0.999999999940206,"COL1A1","OE",FALSE,"Activated",2.59681332657232e-11
"CCN1",1.00347667500315e-07,1.43162687736628,0.0112763417979262,0.915431508928653,0.999999999940206,"COL1A1","OE",FALSE,"Activated",2.59681332657232e-11
"SOX4",1.00107434616707e-07,1.43044046562639,0.011222415173511,0.915633209245391,0.999999999940206,"COL1A1","OE",FALSE,"Activated",2.59681332657232e-11
"NTM",9.98313888955948e-08,1.4290741694883,0.011160609005367,0.915864984844234,0.999999999940206,"COL1A1","OE",FALSE,"Activated",2.59681332657232e-11
"CD248",9.97841660721784e-08,1.42884011422139,0.0111500529904018,0.915904635145861,0.999999999940206,"COL1A1","OE",FALSE,"Activated",2.59681332657232e-11
"PXDN",9.96861467262833e-08,1.42835398752775,0.01112815805159,0.915986937047395,0.999999999940206,"COL1A1","OE",FALSE,"Activated",2.59681332657232e-11
"WIPI1",9.93292040991351e-08,1.42658025896695,0.0110486083308491,0.916286651374758,0.999999999940206,"COL1A1","OE",FALSE,"Activated",2.59681332657232e-11
"LINC00632",9.92178618204222e-08,1.4260258551767,0.0110238525148605,0.916380144680058,0.999999999940206,"COL1A1","OE",FALSE,"Activated",2.59681332657232e-11
"CHN1",9.8127101685864e-08,1.42056624836062,0.0107828014962384,0.917296109034327,0.999999999940206,"COL1A1","OE",FALSE,"Activated",2.59681332657232e-11
"CYBRD1",9.77871075933055e-08,1.41885382465523,0.0107082097157215,0.917581641117618,0.999999999940206,"COL1A1","OE",FALSE,"Activated",2.59681332657232e-11
"BNC2",9.7768192583014e-08,1.41875840688886,0.0107040675273967,0.917597526536401,0.999999999940206,"COL1A1","OE",FALSE,"Activated",2.59681332657232e-11
"TPM1",9.76868185856297e-08,1.41834773077042,0.0106862566166522,0.917665867346257,0.999999999940206,"COL1A1","OE",FALSE,"Activated",2.59681332657232e-11
"MYADM",9.76397444277985e-08,1.41811002415778,0.0106759599291011,0.917705402194953,0.999999999940206,"COL1A1","OE",FALSE,"Activated",2.59681332657232e-11
"ZEB2",9.75869270533009e-08,1.41784319941754,0.0106644129168668,0.917749760679708,0.999999999940206,"COL1A1","OE",FALSE,"Activated",2.59681332657232e-11
"NOTCH3",9.74945372440648e-08,1.41737616317361,0.0106442295439609,0.91782735454907,0.999999999940206,"COL1A1","OE",FALSE,"Activated",2.59681332657232e-11
"PDGFRA",9.74747362727639e-08,1.41727601862678,0.0106399063339316,0.917843984558431,0.999999999940206,"COL1A1","OE",FALSE,"Activated",2.59681332657232e-11
"ANGPTL2",9.73193168113921e-08,1.41648936914863,0.0106060035969282,0.917974516124987,0.999999999940206,"COL1A1","OE",FALSE,"Activated",2.59681332657232e-11
"TNFAIP6",9.70919692927599e-08,1.41533671514741,0.0105565081376083,0.918165461623786,0.999999999940206,"COL1A1","OE",FALSE,"Activated",2.59681332657232e-11
"GUCY1B1",9.69306983723138e-08,1.41451766553277,0.0105214682904389,0.918300913320196,0.999999999940206,"COL1A1","OE",FALSE,"Activated",2.59681332657232e-11
"WNT5A",9.67411625603554e-08,1.41355357085267,0.0104803616984127,0.918460107773501,0.999999999940206,"COL1A1","OE",FALSE,"Activated",2.59681332657232e-11
"COL18A1",9.67394584847812e-08,1.41354489553846,0.0104799924828562,0.918461539071305,0.999999999940206,"COL1A1","OE",FALSE,"Activated",2.59681332657232e-11
"C11orf96",9.60574398058355e-08,1.41006222035386,0.0103327442881475,0.919034405627459,0.999999999940206,"COL1A1","OE",FALSE,"Activated",2.59681332657232e-11
"VAMP5",9.55274077380119e-08,1.40734097399135,0.0102190294936762,0.919479638961478,0.999999999940206,"COL1A1","OE",FALSE,"Activated",2.59681332657232e-11
"ZNF469",9.55137331763121e-08,1.40727059596827,0.0102161040348823,0.919491126093004,0.999999999940206,"COL1A1","OE",FALSE,"Activated",2.59681332657232e-11
"CSGALNACT1",9.5218996977974e-08,1.40575159048916,0.0101531516235681,0.919738719349629,0.999999999940206,"COL1A1","OE",FALSE,"Activated",2.59681332657232e-11
"PKIG",9.51923328931882e-08,1.40561397079133,0.0101474660650354,0.919761118908476,0.999999999940206,"COL1A1","OE",FALSE,"Activated",2.59681332657232e-11
"GLIS3",9.51542213660165e-08,1.40541721069096,0.0101393423433121,0.919793135171166,0.999999999940206,"COL1A1","OE",FALSE,"Activated",2.59681332657232e-11
"TFPI",9.51300224684648e-08,1.40529224285734,0.0101341858782825,0.919813463950684,0.999999999940206,"COL1A1","OE",FALSE,"Activated",2.59681332657232e-11
"BARX1",9.36481241148711e-08,1.39758695717302,0.0098209122763516,0.921058462377762,0.999999999940206,"COL1A1","OE",FALSE,"Activated",2.59681332657232e-11
"SHOX2",9.35779168773866e-08,1.39721931871125,0.00980619247985654,0.921117450937713,0.999999999940206,"COL1A1","OE",FALSE,"Activated",2.59681332657232e-11
"EDNRA",9.35510385224843e-08,1.39707850823496,0.00980056002986568,0.921140034414473,0.999999999940206,"COL1A1","OE",FALSE,"Activated",2.59681332657232e-11
"TNS1",9.35445018152195e-08,1.39704425844986,0.00979919048539452,0.921145526634348,0.999999999940206,"COL1A1","OE",FALSE,"Activated",2.59681332657232e-11
"CLEC11A",9.34119003281374e-08,1.39634903496279,0.00977142901893319,0.921256940806407,0.999999999940206,"COL1A1","OE",FALSE,"Activated",2.59681332657232e-11
"MMP14",9.32112808308853e-08,1.39529558507154,0.00972950215365947,0.921425507880155,0.999999999940206,"COL1A1","OE",FALSE,"Activated",2.59681332657232e-11
"MAP1A",9.31122976164654e-08,1.3947751089782,0.00970884915881089,0.92150867812048,0.999999999940206,"COL1A1","OE",FALSE,"Activated",2.59681332657232e-11
"NREP",9.28439939931144e-08,1.39336191717177,0.00965297756226986,0.921734123454908,0.999999999940206,"COL1A1","OE",FALSE,"Activated",2.59681332657232e-11
"SULF1",9.26104393959032e-08,1.39212889817724,0.00960447336660796,0.921930375624353,0.999999999940206,"COL1A1","OE",FALSE,"Activated",2.59681332657232e-11
"CD302",9.25539087236158e-08,1.3918300514261,0.00959275154283301,0.921977878153516,0.999999999940206,"COL1A1","OE",FALSE,"Activated",2.59681332657232e-11
"CTHRC1",9.22907872788447e-08,1.39043700826118,0.00953828661838566,0.922198981856924,0.999999999940206,"COL1A1","OE",FALSE,"Activated",2.59681332657232e-11
"COL12A1",9.15676959742377e-08,1.38659112500627,0.00938940863440526,0.922806633962282,0.999999999940206,"COL1A1","OE",FALSE,"Activated",2.59681332657232e-11
"SYTL2",9.14301777593237e-08,1.3858567642488,0.00936122740488742,0.922922202946902,0.999999999940206,"COL1A1","OE",FALSE,"Activated",2.59681332657232e-11
"LTBP2",9.13428326242927e-08,1.38538984046697,0.00934335000096797,0.922995607803101,0.999999999940206,"COL1A1","OE",FALSE,"Activated",2.59681332657232e-11
"NOVA1",9.13427657538488e-08,1.38538948284872,0.00934333632077622,0.922995664001277,0.999999999940206,"COL1A1","OE",FALSE,"Activated",2.59681332657232e-11
"EBF1",9.11501534521962e-08,1.38435847310343,0.00930397372717505,0.923157537707942,0.999999999940206,"COL1A1","OE",FALSE,"Activated",2.59681332657232e-11
"AKAP12",9.09909506432765e-08,1.3835048849761,0.00927150147896713,0.923291336075727,0.999999999940206,"COL1A1","OE",FALSE,"Activated",2.59681332657232e-11
"CPXM2",9.09171765246261e-08,1.38310890023487,0.00925647318092053,0.923353338586406,0.999999999940206,"COL1A1","OE",FALSE,"Activated",2.59681332657232e-11
"ANKRD28",9.07615719166493e-08,1.38227278329207,0.00922481541596847,0.923484116007639,0.999999999940206,"COL1A1","OE",FALSE,"Activated",2.59681332657232e-11
"SPON1",9.06576030641337e-08,1.38171343739858,0.00920369316952296,0.923571497467552,0.999999999940206,"COL1A1","OE",FALSE,"Activated",2.59681332657232e-11
"AC104083.1",9.01220547130282e-08,1.37882347295933,0.00909527503921552,0.924021617983473,0.999999999940206,"COL1A1","OE",FALSE,"Activated",2.59681332657232e-11
"STEAP2",8.9789500808688e-08,1.37702149863676,0.00902827504324069,0.924301136904427,0.999999999940206,"COL1A1","OE",FALSE,"Activated",2.59681332657232e-11
"SGIP1",8.9618096722451e-08,1.37609049260238,0.00899383880776793,0.924445209487029,0.999999999940206,"COL1A1","OE",FALSE,"Activated",2.59681332657232e-11
"GASK1B",8.96023812838442e-08,1.37600505550069,0.00899068476335262,0.924458419120172,0.999999999940206,"COL1A1","OE",FALSE,"Activated",2.59681332657232e-11
"FAP",8.92167583228717e-08,1.37390457498227,0.00891346462897977,0.924782561538369,0.999999999940206,"COL1A1","OE",FALSE,"Activated",2.59681332657232e-11
"VSTM4",8.91824493886083e-08,1.3737173178321,0.00890661047563947,0.92481140114503,0.999999999940206,"COL1A1","OE",FALSE,"Activated",2.59681332657232e-11
"RARRES2",8.89637005086387e-08,1.37252193767556,0.00886297135949413,0.924995280692884,0.999999999940206,"COL1A1","OE",FALSE,"Activated",2.59681332657232e-11
"CCN4",8.86864866044199e-08,1.37100344049316,0.00880782277805897,0.92522831149253,0.999999999940206,"COL1A1","OE",FALSE,"Activated",2.59681332657232e-11
"TAGLN",8.865774734724e-08,1.37084578234125,0.00880211527334892,0.925252470576268,0.999999999940206,"COL1A1","OE",FALSE,"Activated",2.59681332657232e-11
"LOX",8.85012244285775e-08,1.36998635667906,0.0087710629031115,0.92538404965763,0.999999999940206,"COL1A1","OE",FALSE,"Activated",2.59681332657232e-11
"FBLN1",8.84689872337011e-08,1.36980918891269,0.00876467422389825,0.925411149715682,0.999999999940206,"COL1A1","OE",FALSE,"Activated",2.59681332657232e-11
"ANPEP",8.81226828210044e-08,1.36790248305356,0.00869619136119309,0.925702274470637,0.999999999940206,"COL1A1","OE",FALSE,"Activated",2.59681332657232e-11
"HTRA3",8.79968731726294e-08,1.36720819992424,0.00867137859418477,0.925808040252512,0.999999999940206,"COL1A1","OE",FALSE,"Activated",2.59681332657232e-11
"FYN",8.79010495148012e-08,1.36667882359042,0.00865250358713088,0.925888598261455,0.999999999940206,"COL1A1","OE",FALSE,"Activated",2.59681332657232e-11
"GNG11",8.7786996675814e-08,1.36604809475171,0.00863006466557355,0.925984482354505,0.999999999940206,"COL1A1","OE",FALSE,"Activated",2.59681332657232e-11
"PSD3",8.76818297481636e-08,1.36546588304429,0.00860939978855059,0.926072897024652,0.999999999940206,"COL1A1","OE",FALSE,"Activated",2.59681332657232e-11
"EPS8",8.6821983007593e-08,1.36068310562945,0.00844137257060621,0.926795811149408,0.999999999940206,"COL1A1","OE",FALSE,"Activated",2.59681332657232e-11
"COL14A1",8.63018547836483e-08,1.35777020467494,0.00834053532861435,0.927233137105486,0.999999999940206,"COL1A1","OE",FALSE,"Activated",2.59681332657232e-11
"FN1",8.62908545740946e-08,1.35770843718382,0.00833840926100052,0.927242386364898,0.999999999940206,"COL1A1","OE",FALSE,"Activated",2.59681332657232e-11
"HEG1",8.61575163024031e-08,1.35695918917751,0.00831265983308562,0.927354501398254,0.999999999940206,"COL1A1","OE",FALSE,"Activated",2.59681332657232e-11
"KCNQ1OT1",8.58976472003161e-08,1.35549608219779,0.00826259001384099,0.927573011695957,0.999999999940206,"COL1A1","OE",FALSE,"Activated",2.59681332657232e-11
"SPRY1",8.5896207916244e-08,1.35548796821744,0.00826231312349633,0.927574221929667,0.999999999940206,"COL1A1","OE",FALSE,"Activated",2.59681332657232e-11
"FCGRT",8.57280182024136e-08,1.3545389926643,0.00822998863281567,0.927715646770587,0.999999999940206,"COL1A1","OE",FALSE,"Activated",2.59681332657232e-11
"TMEM204",8.50161822956465e-08,1.35050483694518,0.00809388192805278,0.928314229889798,0.999999999940206,"COL1A1","OE",FALSE,"Activated",2.59681332657232e-11
"ITGAV",8.47228286874438e-08,1.34883389123181,0.00803812141400886,0.928560922887783,0.999999999940206,"COL1A1","OE",FALSE,"Activated",2.59681332657232e-11
"DSEL",8.47224845831891e-08,1.34883192829732,0.0080380561200095,0.928561212263103,0.999999999940206,"COL1A1","OE",FALSE,"Activated",2.59681332657232e-11
"SPON2",8.46673140410623e-08,1.34851712077096,0.00802759090464067,0.928607608188477,0.999999999940206,"COL1A1","OE",FALSE,"Activated",2.59681332657232e-11
"STEAP1",8.38451469718908e-08,1.34380479469847,0.00787244305307254,0.929299042100288,0.999999999940206,"COL1A1","OE",FALSE,"Activated",2.59681332657232e-11
"VGLL3",8.34118631648981e-08,1.34130541751316,0.00779128895512901,0.929663450763564,0.999999999940206,"COL1A1","OE",FALSE,"Activated",2.59681332657232e-11
"SLC2A3",8.34048523169152e-08,1.34126488428782,0.00778997927938742,0.929669347282949,0.999999999940206,"COL1A1","OE",FALSE,"Activated",2.59681332657232e-11
"ID3",8.33014156428878e-08,1.34066652511104,0.00777066937409744,0.929756343820279,0.999999999940206,"COL1A1","OE",FALSE,"Activated",2.59681332657232e-11
"PLXDC1",8.25816617470838e-08,1.3364851625915,0.00763696679803212,0.930361723832118,0.999999999940206,"COL1A1","OE",FALSE,"Activated",2.59681332657232e-11
"LOXL2",8.24345362138618e-08,1.33562660026252,0.0076097793594305,0.930485475069846,0.999999999940206,"COL1A1","OE",FALSE,"Activated",2.59681332657232e-11
"CYP7B1",8.24145418078803e-08,1.33550981993226,0.00760608831990615,0.930502293031554,0.999999999940206,"COL1A1","OE",FALSE,"Activated",2.59681332657232e-11
"CPE",8.23379800855322e-08,1.33506242486215,0.00759196302794857,0.930566691936513,0.999999999940206,"COL1A1","OE",FALSE,"Activated",2.59681332657232e-11
"CYGB",8.20997547210754e-08,1.33366804776443,0.00754809550088353,0.930767075034387,0.999999999940206,"COL1A1","OE",FALSE,"Activated",2.59681332657232e-11
"SGCD",8.14024962577603e-08,1.32956682416145,0.00742043069253541,0.931353598675724,0.999999999940206,"COL1A1","OE",FALSE,"Activated",2.59681332657232e-11
"PDGFRL",8.12711703775769e-08,1.32879100447138,0.00739650738390659,0.931464072270837,0.999999999940206,"COL1A1","OE",FALSE,"Activated",2.59681332657232e-11
"KCNE4",8.11088193513993e-08,1.32783041293417,0.0073669856939601,0.931600646578694,0.999999999940206,"COL1A1","OE",FALSE,"Activated",2.59681332657232e-11
"YPEL2",8.10794203556834e-08,1.32765628986614,0.00736164613332923,0.931625378066815,0.999999999940206,"COL1A1","OE",FALSE,"Activated",2.59681332657232e-11
"GREM1",8.08478884592718e-08,1.32628308686344,0.00731966205784941,0.93182015329571,0.999999999940206,"COL1A1","OE",FALSE,"Activated",2.59681332657232e-11
"CCN2",8.08217545290739e-08,1.32612787614113,0.00731493068827083,0.931842138610642,0.999999999940206,"COL1A1","OE",FALSE,"Activated",2.59681332657232e-11
"LSAMP",8.06980229190467e-08,1.32539244292183,0.00729255069051006,0.931946229225195,0.999999999940206,"COL1A1","OE",FALSE,"Activated",2.59681332657232e-11
"COLEC12",8.06302754348833e-08,1.32498935699753,0.0072803113676204,0.932003223054706,0.999999999940206,"COL1A1","OE",FALSE,"Activated",2.59681332657232e-11
"TBX3",8.06255007760126e-08,1.32496093763674,0.00727944916111424,0.932007239838328,0.999999999940206,"COL1A1","OE",FALSE,"Activated",2.59681332657232e-11
"LMCD1",8.05756173850798e-08,1.32466393914871,0.00727044428618978,0.932049205408534,0.999999999940206,"COL1A1","OE",FALSE,"Activated",2.59681332657232e-11
"EPDR1",8.04884314127868e-08,1.32414446751969,0.00725471898782388,0.932122553101931,0.999999999940206,"COL1A1","OE",FALSE,"Activated",2.59681332657232e-11
"LXN",8.04827127372537e-08,1.32411037762937,0.00725368813383867,0.932127364121473,0.999999999940206,"COL1A1","OE",FALSE,"Activated",2.59681332657232e-11
"ID4",8.03776882506418e-08,1.32348394097131,0.00723476934275888,0.93221571978618,0.999999999940206,"COL1A1","OE",FALSE,"Activated",2.59681332657232e-11
"C1orf54",7.97564993120296e-08,1.31976432792826,0.00712337543447122,0.932738334591332,0.999999999940206,"COL1A1","OE",FALSE,"Activated",2.59681332657232e-11
"CASC15",7.94167312065604e-08,1.31771930626601,0.00706281258418233,0.933024198457159,0.999999999940206,"COL1A1","OE",FALSE,"Activated",2.59681332657232e-11
"ISLR",7.91456933200898e-08,1.31608257443664,0.00701468612094502,0.933252242354745,0.999999999940206,"COL1A1","OE",FALSE,"Activated",2.59681332657232e-11
"COL8A1",7.86602407903524e-08,1.31313898812232,0.00692889866952019,0.93366070257548,0.999999999940206,"COL1A1","OE",FALSE,"Activated",2.59681332657232e-11
"OLFM2",7.84822052853941e-08,1.31205554676364,0.00689756914549882,0.933810506202077,0.999999999940206,"COL1A1","OE",FALSE,"Activated",2.59681332657232e-11
"C1QTNF1",7.83895718438951e-08,1.31149098852103,0.00688129619577131,0.933888451275997,0.999999999940206,"COL1A1","OE",FALSE,"Activated",2.59681332657232e-11
"SOD3",7.83859366633054e-08,1.31146882209849,0.00688065799418998,0.933891510059228,0.999999999940206,"COL1A1","OE",FALSE,"Activated",2.59681332657232e-11
"TBX2",7.8381067610987e-08,1.31143913045291,0.00687980321730871,0.933895607071955,0.999999999940206,"COL1A1","OE",FALSE,"Activated",2.59681332657232e-11
"UNC5B",7.81254472615552e-08,1.30987812242382,0.006835002856484,0.934110698575658,0.999999999940206,"COL1A1","OE",FALSE,"Activated",2.59681332657232e-11
"GXYLT2",7.80002324003975e-08,1.30911186792661,0.00681311093482312,0.934216062259578,0.999999999940206,"COL1A1","OE",FALSE,"Activated",2.59681332657232e-11
"PAPPA",7.78405736594169e-08,1.30813330147537,0.0067852479554669,0.934350410868265,0.999999999940206,"COL1A1","OE",FALSE,"Activated",2.59681332657232e-11
"DPYSL3",7.76814496590932e-08,1.30715629781001,0.00675753510151089,0.934484311367223,0.999999999940206,"COL1A1","OE",FALSE,"Activated",2.59681332657232e-11
"BMP8A",7.76506150159838e-08,1.3069667779832,0.00675217153453465,0.934510258479042,0.999999999940206,"COL1A1","OE",FALSE,"Activated",2.59681332657232e-11
"S1PR3",7.70055734883053e-08,1.30298726410176,0.00664045726626182,0.935053071805177,0.999999999940206,"COL1A1","OE",FALSE,"Activated",2.59681332657232e-11
"ACTA2",7.69451852588406e-08,1.30261324317114,0.00663004637771043,0.935103891068494,0.999999999940206,"COL1A1","OE",FALSE,"Activated",2.59681332657232e-11
"JAM2",7.67944727074607e-08,1.30167868929675,0.00660409926731484,0.935230723243127,0.999999999940206,"COL1A1","OE",FALSE,"Activated",2.59681332657232e-11
"PLPP3",7.67850079455871e-08,1.30161994673695,0.00660247148414586,0.935238688370071,0.999999999940206,"COL1A1","OE",FALSE,"Activated",2.59681332657232e-11
"TMEM176B",7.6696570260027e-08,1.30107076238303,0.00658727135451294,0.935313113946277,0.999999999940206,"COL1A1","OE",FALSE,"Activated",2.59681332657232e-11
"PDZRN3",7.57539168005049e-08,1.29518302333842,0.00642634226691138,0.936106447936124,0.999999999940206,"COL1A1","OE",FALSE,"Activated",2.59681332657232e-11
"GEM",7.57381910534115e-08,1.29508426975297,0.00642367445650432,0.936119683212334,0.999999999940206,"COL1A1","OE",FALSE,"Activated",2.59681332657232e-11
"GUCY1A2",7.56755502189432e-08,1.29469072700429,0.00641305318544989,0.936172403855491,0.999999999940206,"COL1A1","OE",FALSE,"Activated",2.59681332657232e-11
"PCSK5",7.52919108456358e-08,1.29227438724558,0.00634819568740787,0.936495293813786,0.999999999940206,"COL1A1","OE",FALSE,"Activated",2.59681332657232e-11
"AC092807.3",7.52103766346124e-08,1.29175948624793,0.00633445410834477,0.936563918404479,0.999999999940206,"COL1A1","OE",FALSE,"Activated",2.59681332657232e-11
"FNDC1",7.50158778393961e-08,1.29052926032998,0.00630173387276047,0.936727623371024,0.999999999940206,"COL1A1","OE",FALSE,"Activated",2.59681332657232e-11
"RORA",7.49347649293877e-08,1.29001540374325,0.00628811340629628,0.936795894950812,0.999999999940206,"COL1A1","OE",FALSE,"Activated",2.59681332657232e-11
"PTGFR",7.47262234777023e-08,1.28869208369949,0.00625316280365026,0.936971423449155,0.999999999940206,"COL1A1","OE",FALSE,"Activated",2.59681332657232e-11
"ITGA11",7.46777504077433e-08,1.28838403940534,0.00624505288790902,0.937012223475591,0.999999999940206,"COL1A1","OE",FALSE,"Activated",2.59681332657232e-11
"TNFRSF19",7.42615071897901e-08,1.28573174729528,0.00617562882565537,0.937362584279444,0.999999999940206,"COL1A1","OE",FALSE,"Activated",2.59681332657232e-11
"C3",7.30552130830857e-08,1.27797257892487,0.00597662615043134,0.938378016046712,0.999999999940206,"COL1A1","OE",FALSE,"Activated",2.59681332657232e-11
"NR4A1",7.29594381569147e-08,1.27735183329311,0.00596096578368679,0.938458641582499,0.999999999940206,"COL1A1","OE",FALSE,"Activated",2.59681332657232e-11
"GAS1",7.26492275129453e-08,1.27533645605801,0.00591038359882466,0.938719788364651,0.999999999940206,"COL1A1","OE",FALSE,"Activated",2.59681332657232e-11
"A2M",7.24594513699028e-08,1.27409987542574,0.00587954542364531,0.938879552185029,0.999999999940206,"COL1A1","OE",FALSE,"Activated",2.59681332657232e-11
"UACA",7.22669801074506e-08,1.27284289234644,0.00584835168595319,0.939041587415514,0.999999999940206,"COL1A1","OE",FALSE,"Activated",2.59681332657232e-11
"COL11A1",7.22571430703412e-08,1.27277857193696,0.00584675963002577,0.939049868961622,0.999999999940206,"COL1A1","OE",FALSE,"Activated",2.59681332657232e-11
"ENPEP",7.201298382446e-08,1.27117970125706,0.00580731360410476,0.939255422400769,0.999999999940206,"COL1A1","OE",FALSE,"Activated",2.59681332657232e-11
"TSPAN11",7.17420401360764e-08,1.26939998051147,0.00576369660954792,0.9394835299351,0.999999999940206,"COL1A1","OE",FALSE,"Activated",2.59681332657232e-11
"P4HA3",7.17209695104719e-08,1.26926133448852,0.00576031151319481,0.939501269506474,0.999999999940206,"COL1A1","OE",FALSE,"Activated",2.59681332657232e-11
"PAG1",7.16963755424422e-08,1.2690994604516,0.00575636163275705,0.939521975453201,0.999999999940206,"COL1A1","OE",FALSE,"Activated",2.59681332657232e-11
"TIMP1",7.14426586384022e-08,1.26742674510557,0.00571569285196294,0.939735585039281,0.999999999940206,"COL1A1","OE",FALSE,"Activated",2.59681332657232e-11
"VCAM1",7.07430077235074e-08,1.26278751188239,0.0056042913897816,0.940324658245723,0.999999999940206,"COL1A1","OE",FALSE,"Activated",2.59681332657232e-11
"FGF7",7.02372484292536e-08,1.25940935890832,0.00552444489880888,0.940750504165772,0.999999999940206,"COL1A1","OE",FALSE,"Activated",2.59681332657232e-11
"LRRC32",7.00144494373243e-08,1.25791457714185,0.00548945239520026,0.94093810479895,0.999999999940206,"COL1A1","OE",FALSE,"Activated",2.59681332657232e-11
"ECM2",6.94566124645295e-08,1.25415401400566,0.00540232693801402,0.941407827601279,0.999999999940206,"COL1A1","OE",FALSE,"Activated",2.59681332657232e-11
"HELLPAR",6.9330248513434e-08,1.25329855498619,0.00538268767361154,0.941514234337979,0.999999999940206,"COL1A1","OE",FALSE,"Activated",2.59681332657232e-11
"NR2F2",6.9293843235228e-08,1.25305185025537,0.00537703626466181,0.941544890164315,0.999999999940206,"COL1A1","OE",FALSE,"Activated",2.59681332657232e-11
"MEG8",6.92803250250222e-08,1.25296021417398,0.00537493850783537,0.941556273478155,0.999999999940206,"COL1A1","OE",FALSE,"Activated",2.59681332657232e-11
"FIBIN",6.91702952155399e-08,1.25221378250113,0.00535787929711634,0.941648927005058,0.999999999940206,"COL1A1","OE",FALSE,"Activated",2.59681332657232e-11
"RIPOR3",6.89632909287811e-08,1.2508067202137,0.00532585848863147,0.941823242608565,0.999999999940206,"COL1A1","OE",FALSE,"Activated",2.59681332657232e-11
"GPC6",6.88879216042843e-08,1.25029351535732,0.0053142236897506,0.941886710823807,0.999999999940206,"COL1A1","OE",FALSE,"Activated",2.59681332657232e-11
"PLAC9",6.87322295447792e-08,1.24923184983916,0.00529022971700861,0.942017819670066,0.999999999940206,"COL1A1","OE",FALSE,"Activated",2.59681332657232e-11
"CELF2",6.86351414985178e-08,1.24856876076577,0.00527529479305681,0.942099578660452,0.999999999940206,"COL1A1","OE",FALSE,"Activated",2.59681332657232e-11
"EGR1",6.85103053836567e-08,1.2477149752684,0.00525612244497565,0.942204705523571,0.999999999940206,"COL1A1","OE",FALSE,"Activated",2.59681332657232e-11
"CXXC5",6.77458876825353e-08,1.2424576315553,0.00513948428681779,0.94284845807791,0.999999999940206,"COL1A1","OE",FALSE,"Activated",2.59681332657232e-11
"ADAMTS4",6.77072084256892e-08,1.2421902616473,0.00513361722418187,0.942881032718193,0.999999999940206,"COL1A1","OE",FALSE,"Activated",2.59681332657232e-11
"GMFG",6.76617952172307e-08,1.24187617609286,0.00512673299871593,0.942919278635155,0.999999999940206,"COL1A1","OE",FALSE,"Activated",2.59681332657232e-11
"ANGPT2",6.75017902819312e-08,1.24076811147988,0.00510251452613399,0.943054032009204,0.999999999940206,"COL1A1","OE",FALSE,"Activated",2.59681332657232e-11
"PRSS23",6.7361622534839e-08,1.23979557013177,0.00508134574241734,0.943172080187708,0.999999999940206,"COL1A1","OE",FALSE,"Activated",2.59681332657232e-11
"MSX1",6.7047969819602e-08,1.23761301441579,0.00503413585306826,0.943436240564914,0.999999999940206,"COL1A1","OE",FALSE,"Activated",2.59681332657232e-11
"MEF2C",6.6772496052107e-08,1.23568889086589,0.00499285425955184,0.943668251513732,0.999999999940206,"COL1A1","OE",FALSE,"Activated",2.59681332657232e-11
"UCHL1",6.66510515331693e-08,1.23483846411142,0.00497470896301978,0.943770536666962,0.999999999940206,"COL1A1","OE",FALSE,"Activated",2.59681332657232e-11
"HEYL",6.65903375573302e-08,1.23441281023559,0.0049656499373084,0.943821672614518,0.999999999940206,"COL1A1","OE",FALSE,"Activated",2.59681332657232e-11
"ADAMTS14",6.64618314459792e-08,1.2335107796822,0.00494650299592604,0.943929906806484,0.999999999940206,"COL1A1","OE",FALSE,"Activated",2.59681332657232e-11
"MXRA5",6.64095549647668e-08,1.23314340410456,0.00493872457429105,0.943973936936435,0.999999999940206,"COL1A1","OE",FALSE,"Activated",2.59681332657232e-11
"PODN",6.62522084369241e-08,1.23203614444707,0.00491534930640261,0.944106463875514,0.999999999940206,"COL1A1","OE",FALSE,"Activated",2.59681332657232e-11
"CPXM1",6.62182074119468e-08,1.23179658024085,0.00491030542837286,0.944135101836785,0.999999999940206,"COL1A1","OE",FALSE,"Activated",2.59681332657232e-11
"TWIST2",6.59721964050251e-08,1.23006008660117,0.00487388809557602,0.944342311082942,0.999999999940206,"COL1A1","OE",FALSE,"Activated",2.59681332657232e-11
"PLPPR4",6.52159493595705e-08,1.22468703153563,0.00476278863463206,0.944979303584956,0.999999999940206,"COL1A1","OE",FALSE,"Activated",2.59681332657232e-11
"TMEM176A",6.5198211646471e-08,1.22456036673198,0.00476019817967632,0.94499424461627,0.999999999940206,"COL1A1","OE",FALSE,"Activated",2.59681332657232e-11
"HEY2",6.50572729707019e-08,1.22355287329611,0.00473964022649076,0.945112962364516,0.999999999940206,"COL1A1","OE",FALSE,"Activated",2.59681332657232e-11
"MMP16",6.49835044493541e-08,1.22302479582319,0.00472889775270462,0.945175100746447,0.999999999940206,"COL1A1","OE",FALSE,"Activated",2.59681332657232e-11
"LAMA2",6.49488016399346e-08,1.22277619528402,0.0047238484030116,0.945204332523074,0.999999999940206,"COL1A1","OE",FALSE,"Activated",2.59681332657232e-11
"TMEM119",6.41707345291941e-08,1.21717221634085,0.00461134577117899,0.945859753627802,0.999999999940206,"COL1A1","OE",FALSE,"Activated",2.59681332657232e-11
"PLAT",6.40815165543892e-08,1.21652590975608,0.00459853217525367,0.945934910605316,0.999999999940206,"COL1A1","OE",FALSE,"Activated",2.59681332657232e-11
"AKR1B1",6.39690774369107e-08,1.21571028586115,0.00458240892136756,0.946029629695048,0.999999999940206,"COL1A1","OE",FALSE,"Activated",2.59681332657232e-11
"FADS1",6.39316549778989e-08,1.21543855370681,0.00457704899257686,0.946061154669331,0.999999999940206,"COL1A1","OE",FALSE,"Activated",2.59681332657232e-11
"PTN",6.33935246123268e-08,1.21151591259377,0.00450032071244637,0.94651448924412,0.999999999940206,"COL1A1","OE",FALSE,"Activated",2.59681332657232e-11
"FBXO32",6.33160420502937e-08,1.21094876155768,0.00448932642606445,0.946579763935834,0.999999999940206,"COL1A1","OE",FALSE,"Activated",2.59681332657232e-11
"MYLK",6.32669193858073e-08,1.21058888870278,0.00448236319455619,0.946621147197957,0.999999999940206,"COL1A1","OE",FALSE,"Activated",2.59681332657232e-11
"GPX3",6.30675684291666e-08,1.20912597805261,0.00445416028496865,0.94678909137478,0.999999999940206,"COL1A1","OE",FALSE,"Activated",2.59681332657232e-11
"ITGBL1",6.28744827059751e-08,1.20770525728321,0.00442692859510748,0.946951759629715,0.999999999940206,"COL1A1","OE",FALSE,"Activated",2.59681332657232e-11
"TDO2",6.26310872427942e-08,1.20590901608444,0.00439272047989645,0.947156815305652,0.999999999940206,"COL1A1","OE",FALSE,"Activated",2.59681332657232e-11
"MCAM",6.26291635511195e-08,1.20589479554249,0.00439245064233125,0.947158435990316,0.999999999940206,"COL1A1","OE",FALSE,"Activated",2.59681332657232e-11
"NFKBIZ",6.25341097405937e-08,1.205191660353,0.00437912770113502,0.947238517834339,0.999999999940206,"COL1A1","OE",FALSE,"Activated",2.59681332657232e-11
"APCDD1",6.21110858145925e-08,1.20205129039422,0.00432008120356299,0.947594917533864,0.999999999940206,"COL1A1","OE",FALSE,"Activated",2.59681332657232e-11
"GREM2",6.20993553247492e-08,1.20196394652035,0.00431844955012976,0.947604800677934,0.999999999940206,"COL1A1","OE",FALSE,"Activated",2.59681332657232e-11
"HMCN1",6.18444802425551e-08,1.20006267257398,0.00428307377393847,0.94781953940679,0.999999999940206,"COL1A1","OE",FALSE,"Activated",2.59681332657232e-11
"HES1",6.18288839773903e-08,1.19994611209026,0.00428091379034558,0.94783267977946,0.999999999940206,"COL1A1","OE",FALSE,"Activated",2.59681332657232e-11
"GADD45B",6.17550500574011e-08,1.19939396320425,0.00427069565597072,0.947894887507841,0.999999999940206,"COL1A1","OE",FALSE,"Activated",2.59681332657232e-11
"EFEMP1",6.15729982383602e-08,1.19803010973242,0.00424555303499136,0.948048274057775,0.999999999940206,"COL1A1","OE",FALSE,"Activated",2.59681332657232e-11
"CFL2",6.15636808718205e-08,1.19796021504308,0.00424426823866938,0.948056124394857,0.999999999940206,"COL1A1","OE",FALSE,"Activated",2.59681332657232e-11
"MRGPRF",6.11097040338193e-08,1.19454364237803,0.00418190370036093,0.948438628181644,0.999999999940206,"COL1A1","OE",FALSE,"Activated",2.59681332657232e-11
"PTGIS",6.09118933937725e-08,1.19304812964764,0.00415487407530013,0.948605299699557,0.999999999940206,"COL1A1","OE",FALSE,"Activated",2.59681332657232e-11
"DCLK1",6.05801508534332e-08,1.19053066970976,0.00410974019500754,0.948884824757633,0.999999999940206,"COL1A1","OE",FALSE,"Activated",2.59681332657232e-11
"RARRES1",6.03455055900358e-08,1.18874289128059,0.00407796531548309,0.949082539803713,0.999999999940206,"COL1A1","OE",FALSE,"Activated",2.59681332657232e-11
"SMYD3",6.02227147596893e-08,1.18780496136677,0.00406138653986085,0.949186006149964,0.999999999940206,"COL1A1","OE",FALSE,"Activated",2.59681332657232e-11
"CNN1",6.01706454853414e-08,1.18740673812955,0.00405436652989974,0.949229881163525,0.999999999940206,"COL1A1","OE",FALSE,"Activated",2.59681332657232e-11
"METTL7A",6.00935115423369e-08,1.18681627787169,0.00404397844689393,0.949294876644395,0.999999999940206,"COL1A1","OE",FALSE,"Activated",2.59681332657232e-11
"FAM20C",6.00892398391201e-08,1.18678355899136,0.00404340354084107,0.949298476125437,0.999999999940206,"COL1A1","OE",FALSE,"Activated",2.59681332657232e-11
"DIO2",5.9889400979684e-08,1.18525066931851,0.00401655395771353,0.949466868235986,0.999999999940206,"COL1A1","OE",FALSE,"Activated",2.59681332657232e-11
"NR2F1",5.97806604086659e-08,1.18441471645609,0.00400198156756535,0.949558498281717,0.999999999940206,"COL1A1","OE",FALSE,"Activated",2.59681332657232e-11
"HSPB2",5.97066034976716e-08,1.18384465030883,0.00399207231548057,0.949620902585886,0.999999999940206,"COL1A1","OE",FALSE,"Activated",2.59681332657232e-11
"ARRDC3",5.96263580286563e-08,1.18322626151055,0.00398134886364183,0.949688522048003,0.999999999940206,"COL1A1","OE",FALSE,"Activated",2.59681332657232e-11
"MIR100HG",5.94610906347022e-08,1.18195042291742,0.00395930910485954,0.949827787030546,0.999999999940206,"COL1A1","OE",FALSE,"Activated",2.59681332657232e-11
"PDGFD",5.92557209904516e-08,1.18036075551219,0.0039320066220616,0.950000846894842,0.999999999940206,"COL1A1","OE",FALSE,"Activated",2.59681332657232e-11
"RASD1",5.91798144799908e-08,1.17977200335749,0.00392193928239528,0.950064812010666,0.999999999940206,"COL1A1","OE",FALSE,"Activated",2.59681332657232e-11
"ALPK2",5.85540512593446e-08,1.17489356820204,0.00383943716304744,0.950592144177812,0.999999999940206,"COL1A1","OE",FALSE,"Activated",2.59681332657232e-11
"NEURL1B",5.83200964723776e-08,1.17305817060767,0.00380881724247756,0.950789304007503,0.999999999940206,"COL1A1","OE",FALSE,"Activated",2.59681332657232e-11
"RGS3",5.82288186446335e-08,1.17234037412628,0.00379690407633787,0.950866227042455,0.999999999940206,"COL1A1","OE",FALSE,"Activated",2.59681332657232e-11
"HYMAI",5.82166686494308e-08,1.1722447554268,0.00379531972156619,0.950876466305174,0.999999999940206,"COL1A1","OE",FALSE,"Activated",2.59681332657232e-11
"CES1",5.79342820651542e-08,1.17001757695809,0.0037585897581092,0.951114446493144,0.999999999940206,"COL1A1","OE",FALSE,"Activated",2.59681332657232e-11
"DACT1",5.79197130491302e-08,1.16990241892798,0.00375669961406284,0.951126724592794,0.999999999940206,"COL1A1","OE",FALSE,"Activated",2.59681332657232e-11
"SEPTIN4",5.7863820717677e-08,1.16946039791501,0.00374945270697592,0.951173828198274,0.999999999940206,"COL1A1","OE",FALSE,"Activated",2.59681332657232e-11
"SCN1B",5.76248218369865e-08,1.16756614867513,0.00371854343252218,0.951375247894655,0.999999999940206,"COL1A1","OE",FALSE,"Activated",2.59681332657232e-11
"MYLIP",5.70405913672117e-08,1.16290714360973,0.00364352459834218,0.951867629461269,0.999999999940206,"COL1A1","OE",FALSE,"Activated",2.59681332657232e-11
"RUNX2",5.68028689799721e-08,1.1609996775431,0.00361321837371355,0.95206798395578,0.999999999940206,"COL1A1","OE",FALSE,"Activated",2.59681332657232e-11
"NR4A2",5.67606237552926e-08,1.16065998874719,0.00360784595278256,0.952103588915783,0.999999999940206,"COL1A1","OE",FALSE,"Activated",2.59681332657232e-11
"GFPT2",5.66920470297227e-08,1.16010810943377,0.00359913340575013,0.95216138669501,0.999999999940206,"COL1A1","OE",FALSE,"Activated",2.59681332657232e-11
"GRIA3",5.66421166726733e-08,1.15970592858421,0.00359279647176252,0.952203469115636,0.999999999940206,"COL1A1","OE",FALSE,"Activated",2.59681332657232e-11
"COL10A1",5.65957380440881e-08,1.15933208378301,0.00358691530894816,0.952242558179545,0.999999999940206,"COL1A1","OE",FALSE,"Activated",2.59681332657232e-11
"DUSP1",5.64766937859535e-08,1.15837129779884,0.00357184164417849,0.95234289217257,0.999999999940206,"COL1A1","OE",FALSE,"Activated",2.59681332657232e-11
"POSTN",5.63983184753312e-08,1.15773779511928,0.00356193490446445,0.952408949596056,0.999999999940206,"COL1A1","OE",FALSE,"Activated",2.59681332657232e-11
"TSPYL2",5.58118425816575e-08,1.15297322871684,0.0034882402446348,0.952903262117428,0.999999999940206,"COL1A1","OE",FALSE,"Activated",2.59681332657232e-11
"ADAM19",5.55379640936266e-08,1.15073349564081,0.00345408943092282,0.95313410743289,0.999999999940206,"COL1A1","OE",FALSE,"Activated",2.59681332657232e-11
"FAM20A",5.54423150011391e-08,1.14994906051201,0.00344220221001477,0.953214728583842,0.999999999940206,"COL1A1","OE",FALSE,"Activated",2.59681332657232e-11
"NEGR1",5.54297472755245e-08,1.14984590409487,0.00344064182244084,0.953225321762335,0.999999999940206,"COL1A1","OE",FALSE,"Activated",2.59681332657232e-11
"PDE5A",5.50892973822043e-08,1.14704381466995,0.00339850672606003,0.953512285850672,0.999999999940206,"COL1A1","OE",FALSE,"Activated",2.59681332657232e-11
"MEST",5.49577526719669e-08,1.14595714946203,0.00338229588823886,0.953623166067893,0.999999999940206,"COL1A1","OE",FALSE,"Activated",2.59681332657232e-11
"ABCA6",5.47284092240882e-08,1.14405724028432,0.00335412556408498,0.953816483864618,0.999999999940206,"COL1A1","OE",FALSE,"Activated",2.59681332657232e-11
"ZNF275",5.43015116868028e-08,1.14050250620938,0.00330200333105439,0.95417633085257,0.999999999940206,"COL1A1","OE",FALSE,"Activated",2.59681332657232e-11
"CARMN",5.42866261943331e-08,1.14037812419691,0.00330019324484267,0.95418887852805,0.999999999940206,"COL1A1","OE",FALSE,"Activated",2.59681332657232e-11
"SPARCL1",5.38511790414967e-08,1.13672655119553,0.00324746216400255,0.954555942242725,0.999999999940206,"COL1A1","OE",FALSE,"Activated",2.59681332657232e-11
"PDE4DIP",5.37151020814667e-08,1.13558024215904,0.00323107082547863,0.954670651401945,0.999999999940206,"COL1A1","OE",FALSE,"Activated",2.59681332657232e-11
"SOD2",5.35124020516394e-08,1.13386807411983,0.00320673121201173,0.954841523728934,0.999999999940206,"COL1A1","OE",FALSE,"Activated",2.59681332657232e-11
"EGFL6",5.35011302880582e-08,1.13377270050947,0.00320538043320573,0.954851025675415,0.999999999940206,"COL1A1","OE",FALSE,"Activated",2.59681332657232e-11
"MSX2",5.33078135809065e-08,1.13213430380714,0.00318225815209458,0.955013990080857,0.999999999940206,"COL1A1","OE",FALSE,"Activated",2.59681332657232e-11
"RCSD1",5.32034527659948e-08,1.1312477059921,0.00316981052191381,0.955101966177687,0.999999999940206,"COL1A1","OE",FALSE,"Activated",2.59681332657232e-11
"NAP1L3",5.30965319371418e-08,1.13033781097193,0.00315708284372633,0.955192100931845,0.999999999940206,"COL1A1","OE",FALSE,"Activated",2.59681332657232e-11
"CACNA2D3",5.30709955446967e-08,1.13012026405427,0.00315404682172587,0.955213628313819,0.999999999940206,"COL1A1","OE",FALSE,"Activated",2.59681332657232e-11
"SLAMF8",5.29576025989475e-08,1.12915317291734,0.00314058317448713,0.955309219863545,0.999999999940206,"COL1A1","OE",FALSE,"Activated",2.59681332657232e-11
"LRRC15",5.29565763805577e-08,1.1291444125304,0.00314046145851726,0.955310084980318,0.999999999940206,"COL1A1","OE",FALSE,"Activated",2.59681332657232e-11
"MGP",5.2865471556569e-08,1.12836610868579,0.00312966525152554,0.95538688785902,0.999999999940206,"COL1A1","OE",FALSE,"Activated",2.59681332657232e-11
"TCEAL7",5.286545496524e-08,1.12836596684216,0.00312966328709409,0.955386901845823,0.999999999940206,"COL1A1","OE",FALSE,"Activated",2.59681332657232e-11
"ABI3BP",5.25389403776286e-08,1.12556708391621,0.00309112299718034,0.955662162460263,0.999999999940206,"COL1A1","OE",FALSE,"Activated",2.59681332657232e-11
"ENTPD1",5.25281175551727e-08,1.12547405545466,0.00308984960912266,0.955671286482573,0.999999999940206,"COL1A1","OE",FALSE,"Activated",2.59681332657232e-11
"NFATC2",5.22994429354596e-08,1.12350460965017,0.0030630056164388,0.955864068635007,0.999999999940206,"COL1A1","OE",FALSE,"Activated",2.59681332657232e-11
"PRDM1",5.16538939160545e-08,1.11790472267193,0.00298785694148199,0.956408307025578,0.999999999940206,"COL1A1","OE",FALSE,"Activated",2.59681332657232e-11
"PID1",5.14060911119534e-08,1.11573917359585,0.00295925800003319,0.956617225773411,0.999999999940206,"COL1A1","OE",FALSE,"Activated",2.59681332657232e-11
"CPM",5.12671195864768e-08,1.11452077888109,0.00294327947693107,0.956734391842789,0.999999999940206,"COL1A1","OE",FALSE,"Activated",2.59681332657232e-11
"GAS7",5.10409068530359e-08,1.11253144782751,0.00291736273395609,0.956925112455611,0.999999999940206,"COL1A1","OE",FALSE,"Activated",2.59681332657232e-11
"OMD",5.09556125262044e-08,1.11177939943777,0.00290762048631552,0.956997024991169,0.999999999940206,"COL1A1","OE",FALSE,"Activated",2.59681332657232e-11
"RCAN2",5.09432283273947e-08,1.11167011698405,0.00290620732797475,0.957007466267317,0.999999999940206,"COL1A1","OE",FALSE,"Activated",2.59681332657232e-11
"PCDH9",5.06863913360498e-08,1.10939854522168,0.0028769771445118,0.957224010474472,0.999999999940206,"COL1A1","OE",FALSE,"Activated",2.59681332657232e-11
"IGF1",5.06251256934256e-08,1.10885522840927,0.00287002642955472,0.957275665183018,0.999999999940206,"COL1A1","OE",FALSE,"Activated",2.59681332657232e-11
"PRELP",5.05512251875937e-08,1.10819911188885,0.0028616534488608,0.957337972922741,0.999999999940206,"COL1A1","OE",FALSE,"Activated",2.59681332657232e-11
"MMP19",5.02751236772323e-08,1.10574047610031,0.00283047916466912,0.957570764715587,0.999999999940206,"COL1A1","OE",FALSE,"Activated",2.59681332657232e-11
"COL15A1",5.00644280401882e-08,1.10385646385657,0.00280680463465827,0.957748412738758,0.999999999940206,"COL1A1","OE",FALSE,"Activated",2.59681332657232e-11
"AC134312.5",4.96760215958113e-08,1.10036548681622,0.002763422450277,0.95807590311975,0.999999999940206,"COL1A1","OE",FALSE,"Activated",2.59681332657232e-11
"ELN",4.96234983869389e-08,1.0998916151238,0.00275758192285457,0.958120189349715,0.999999999940206,"COL1A1","OE",FALSE,"Activated",2.59681332657232e-11
"SVEP1",4.96206355147817e-08,1.09986577352978,0.00275726375194613,0.958122603254209,0.999999999940206,"COL1A1","OE",FALSE,"Activated",2.59681332657232e-11
"ANGPT1",4.95439271608117e-08,1.09917289212279,0.00274874545389689,0.958187282024095,0.999999999940206,"COL1A1","OE",FALSE,"Activated",2.59681332657232e-11
"TGFB3",4.94962454907844e-08,1.09874173527483,0.00274345714866662,0.958227486281489,0.999999999940206,"COL1A1","OE",FALSE,"Activated",2.59681332657232e-11
"PDE4B",4.9431203032386e-08,1.0981530203023,0.00273625159390551,0.958282328989511,0.999999999940206,"COL1A1","OE",FALSE,"Activated",2.59681332657232e-11
"NES",4.9198202205095e-08,1.09603860485946,0.00271051698667297,0.958478792990804,0.999999999940206,"COL1A1","OE",FALSE,"Activated",2.59681332657232e-11
"MRVI1",4.90464140932845e-08,1.09465654582454,0.00269381761285986,0.958606780588149,0.999999999940206,"COL1A1","OE",FALSE,"Activated",2.59681332657232e-11
"CLU",4.89348088518514e-08,1.09363801662905,0.00268157198339537,0.958700886706746,0.999999999940206,"COL1A1","OE",FALSE,"Activated",2.59681332657232e-11
"RGS4",4.88685201717942e-08,1.09303211069928,0.0026743118153008,0.958756781938211,0.999999999940206,"COL1A1","OE",FALSE,"Activated",2.59681332657232e-11
"F2RL2",4.88509268204308e-08,1.09287118180478,0.00267238658253713,0.958771616849748,0.999999999940206,"COL1A1","OE",FALSE,"Activated",2.59681332657232e-11
"SLIT3",4.87232104925744e-08,1.09170144949672,0.00265843142285187,0.958879309120039,0.999999999940206,"COL1A1","OE",FALSE,"Activated",2.59681332657232e-11
"PLIN2",4.86919548187441e-08,1.09141478346588,0.0026550217783157,0.958905664474428,0.999999999940206,"COL1A1","OE",FALSE,"Activated",2.59681332657232e-11
"SFRP1",4.86349090339814e-08,1.09089117240189,0.00264880436190067,0.95895376663664,0.999999999940206,"COL1A1","OE",FALSE,"Activated",2.59681332657232e-11
"TNFAIP2",4.8610713206023e-08,1.09066892492961,0.00264616946143336,0.958974169094448,0.999999999940206,"COL1A1","OE",FALSE,"Activated",2.59681332657232e-11
"LMOD1",4.83603681005916e-08,1.08836382634008,0.00261898410632976,0.959185267204732,0.999999999940206,"COL1A1","OE",FALSE,"Activated",2.59681332657232e-11
"FGF1",4.81421759626231e-08,1.08634641804595,0.00259540477269589,0.959369255353483,0.999999999940206,"COL1A1","OE",FALSE,"Activated",2.59681332657232e-11
"CFB",4.79373659201081e-08,1.08444559126964,0.00257336861668334,0.95954196116511,0.999999999940206,"COL1A1","OE",FALSE,"Activated",2.59681332657232e-11
"PDE3A",4.78673888716468e-08,1.08379454252421,0.00256586109921612,0.959600969659137,0.999999999940206,"COL1A1","OE",FALSE,"Activated",2.59681332657232e-11
"IGFBP5",4.78627347340029e-08,1.08375121265437,0.00256536216704291,0.959604894291698,0.999999999940206,"COL1A1","OE",FALSE,"Activated",2.59681332657232e-11
"HSD11B1",4.75186659512064e-08,1.08053788824784,0.0025286117193549,0.959895035289132,0.999999999940206,"COL1A1","OE",FALSE,"Activated",2.59681332657232e-11
"SCARA5",4.73106579505171e-08,1.07858556785557,0.00250652270380054,0.960070443635252,0.999999999940206,"COL1A1","OE",FALSE,"Activated",2.59681332657232e-11
"DDAH1",4.71522753019409e-08,1.07709407672455,0.0024897685423785,0.960204005364053,0.999999999940206,"COL1A1","OE",FALSE,"Activated",2.59681332657232e-11
"SLC39A14",4.70281490352756e-08,1.0759221713894,0.00247667738622296,0.960308679977074,0.999999999940206,"COL1A1","OE",FALSE,"Activated",2.59681332657232e-11
"ENPP1",4.67758699411762e-08,1.07353214487616,0.00245017674540843,0.960521426873883,0.999999999940206,"COL1A1","OE",FALSE,"Activated",2.59681332657232e-11
"CSRP1",4.67152378923153e-08,1.07295608478905,0.00244382890181988,0.960572558285096,0.999999999940206,"COL1A1","OE",FALSE,"Activated",2.59681332657232e-11
"ENPP2",4.66525411642977e-08,1.0723597334309,0.00243727355653148,0.960625431024571,0.999999999940206,"COL1A1","OE",FALSE,"Activated",2.59681332657232e-11
"PLPP1",4.66029757444954e-08,1.07188779610049,0.00243209740490642,0.960667230131108,0.999999999940206,"COL1A1","OE",FALSE,"Activated",2.59681332657232e-11
"CCDC71L",4.64718648262578e-08,1.07063734384583,0.00241843192691496,0.960777798044857,0.999999999940206,"COL1A1","OE",FALSE,"Activated",2.59681332657232e-11
"CYS1",4.64575416687973e-08,1.07050055540524,0.00241694138018223,0.960789877036127,0.999999999940206,"COL1A1","OE",FALSE,"Activated",2.59681332657232e-11
"LAMC3",4.6439038618902e-08,1.070323794759,0.00241501653096824,0.960805481023558,0.999999999940206,"COL1A1","OE",FALSE,"Activated",2.59681332657232e-11
"PPP1R14A",4.63009433751115e-08,1.06900265183678,0.00240067487185976,0.96092193994397,0.999999999940206,"COL1A1","OE",FALSE,"Activated",2.59681332657232e-11
"CCN5",4.62788997111254e-08,1.06879144960931,0.00239838951571131,0.960940529954067,0.999999999940206,"COL1A1","OE",FALSE,"Activated",2.59681332657232e-11
"FAT4",4.62057099658454e-08,1.06808959290626,0.00239080944301406,0.961002252971664,0.999999999940206,"COL1A1","OE",FALSE,"Activated",2.59681332657232e-11
"XIST",4.61247272044415e-08,1.06731189237139,0.00238243624926573,0.961070548336325,0.999999999940206,"COL1A1","OE",FALSE,"Activated",2.59681332657232e-11
"CILP",4.61115090482712e-08,1.06718484347031,0.00238107095546331,0.961081695659255,0.999999999940206,"COL1A1","OE",FALSE,"Activated",2.59681332657232e-11
"KHDRBS3",4.60433470419585e-08,1.06652919459873,0.00237403676282832,0.961139179129865,0.999999999940206,"COL1A1","OE",FALSE,"Activated",2.59681332657232e-11
"MMP23B",4.60213365667019e-08,1.06631729845967,0.002371767545182,0.961157741398177,0.999999999940206,"COL1A1","OE",FALSE,"Activated",2.59681332657232e-11
"TRPC6",4.60201119372545e-08,1.06630550632708,0.00237164132121938,0.96115877417524,0.999999999940206,"COL1A1","OE",FALSE,"Activated",2.59681332657232e-11
"GSN",4.59660135281254e-08,1.06578431618614,0.00236606868764126,0.961204397507133,0.999999999940206,"COL1A1","OE",FALSE,"Activated",2.59681332657232e-11
"CYP1B1",4.5934813990272e-08,1.06548349704503,0.00236285782852657,0.961230709371358,0.999999999940206,"COL1A1","OE",FALSE,"Activated",2.59681332657232e-11
"COL8A2",4.58092229519433e-08,1.06427079998008,0.00234995484436345,0.961336625929504,0.999999999940206,"COL1A1","OE",FALSE,"Activated",2.59681332657232e-11
"THBS4",4.57459802772828e-08,1.06365905365745,0.00234347078582664,0.961389961573317,0.999999999940206,"COL1A1","OE",FALSE,"Activated",2.59681332657232e-11
"COMP",4.54091842241053e-08,1.06038895327396,0.00230909109714446,0.96167400107864,0.999999999940206,"COL1A1","OE",FALSE,"Activated",2.59681332657232e-11
"CDKN1C",4.53325968734946e-08,1.05964243053869,0.00230130861715408,0.961738592281702,0.999999999940206,"COL1A1","OE",FALSE,"Activated",2.59681332657232e-11
"MFAP4",4.51702675340711e-08,1.0580565680441,0.00228485683261069,0.961875496232376,0.999999999940206,"COL1A1","OE",FALSE,"Activated",2.59681332657232e-11
"MEDAG",4.4932228409093e-08,1.05572220126471,0.00226083872237121,0.96207625369586,0.999999999940206,"COL1A1","OE",FALSE,"Activated",2.59681332657232e-11
"WFDC1",4.48713825485165e-08,1.05512380490577,0.00225471974982289,0.962127570270843,0.999999999940206,"COL1A1","OE",FALSE,"Activated",2.59681332657232e-11
"KCNK2",4.48164757400329e-08,1.05458321912106,0.00224920515611377,0.962173878064381,0.999999999940206,"COL1A1","OE",FALSE,"Activated",2.59681332657232e-11
"CMYA5",4.46977261593347e-08,1.05341212248809,0.00223730157335229,0.962274030580418,0.999999999940206,"COL1A1","OE",FALSE,"Activated",2.59681332657232e-11
"ITM2A",4.45234262754554e-08,1.0516883510871,0.00221988676925236,0.962421034888051,0.999999999940206,"COL1A1","OE",FALSE,"Activated",2.59681332657232e-11
"DPT",4.45060248980243e-08,1.05151593923504,0.00221815188306191,0.962435711258589,0.999999999940206,"COL1A1","OE",FALSE,"Activated",2.59681332657232e-11
"LRRC17",4.43033015410429e-08,1.04950309496201,0.00219799069909087,0.962606689643115,0.999999999940206,"COL1A1","OE",FALSE,"Activated",2.59681332657232e-11
"DIRAS3",4.37129909288022e-08,1.04359655215324,0.00213980753588106,0.963104571762376,0.999999999940206,"COL1A1","OE",FALSE,"Activated",2.59681332657232e-11
"HAS2",4.36839614818786e-08,1.04330432725688,0.00213696642150629,0.963129056266445,0.999999999940206,"COL1A1","OE",FALSE,"Activated",2.59681332657232e-11
"ID2",4.3307979742213e-08,1.03950437732082,0.00210033958226138,0.963446176238209,0.999999999940206,"COL1A1","OE",FALSE,"Activated",2.59681332657232e-11
"COL4A4",4.31647326380389e-08,1.03804916784477,0.00208646823641287,0.963566998836273,0.999999999940206,"COL1A1","OE",FALSE,"Activated",2.59681332657232e-11
"TRIM59",4.28753573059656e-08,1.03509679796333,0.00205858674316486,0.963811076682024,0.999999999940206,"COL1A1","OE",FALSE,"Activated",2.59681332657232e-11
"PDGFA",4.26940916926607e-08,1.03323870509003,0.0020412172227529,0.963963969537089,0.999999999940206,"COL1A1","OE",FALSE,"Activated",2.59681332657232e-11
"SLC6A6",4.25909746471593e-08,1.03217866485997,0.00203136901685528,0.964050946688743,0.999999999940206,"COL1A1","OE",FALSE,"Activated",2.59681332657232e-11
"SYNPO2",4.2462143205876e-08,1.03085118334577,0.00201909841764932,0.964159614016444,0.999999999940206,"COL1A1","OE",FALSE,"Activated",2.59681332657232e-11
"F10",4.21087715346503e-08,1.02719221773218,0.00198563221584286,0.964457680965619,0.999999999940206,"COL1A1","OE",FALSE,"Activated",2.59681332657232e-11
"TIMP3",4.18884242081108e-08,1.02489728903156,0.00196490570299129,0.964643545170611,0.999999999940206,"COL1A1","OE",FALSE,"Activated",2.59681332657232e-11
"METRNL",4.16069704927422e-08,1.02195082401959,0.00193858950318409,0.964880955749857,0.999999999940206,"COL1A1","OE",FALSE,"Activated",2.59681332657232e-11
"CCL2",4.15589064122488e-08,1.02144594547945,0.00193411320018055,0.964921498859892,0.999999999940206,"COL1A1","OE",FALSE,"Activated",2.59681332657232e-11
"KCNK15",4.15384974865058e-08,1.02123141289938,0.00193221404143166,0.964938714265498,0.999999999940206,"COL1A1","OE",FALSE,"Activated",2.59681332657232e-11
"MGST1",4.15368897923848e-08,1.02121450945338,0.00193206447660731,0.964940070393738,0.999999999940206,"COL1A1","OE",FALSE,"Activated",2.59681332657232e-11
"CD200",4.1063921809247e-08,1.0162171365944,0.00188831531604123,0.965339034526941,0.999999999940206,"COL1A1","OE",FALSE,"Activated",2.59681332657232e-11
"CCDC102B",4.0976133958582e-08,1.0152841430563,0.00188025013667796,0.96541308743957,0.999999999940206,"COL1A1","OE",FALSE,"Activated",2.59681332657232e-11
"TNFSF4",4.07706134856545e-08,1.01309318393181,0.00186143621899155,0.965586454162074,0.999999999940206,"COL1A1","OE",FALSE,"Activated",2.59681332657232e-11
"OGN",4.0724469258977e-08,1.01259995947619,0.00185722505218637,0.965625379332142,0.999999999940206,"COL1A1","OE",FALSE,"Activated",2.59681332657232e-11
"PLOD2",4.05002026108655e-08,1.01019597847808,0.00183682617210947,0.965814561637176,0.999999999940206,"COL1A1","OE",FALSE,"Activated",2.59681332657232e-11
"ESAM",4.03975230702132e-08,1.00909151278212,0.00182752422434305,0.965901178601884,0.999999999940206,"COL1A1","OE",FALSE,"Activated",2.59681332657232e-11
"HEY1",4.03666221800766e-08,1.00875865797808,0.00182472947245495,0.965927245619571,0.999999999940206,"COL1A1","OE",FALSE,"Activated",2.59681332657232e-11
"NTN1",4.03107011971715e-08,1.00815573838582,0.00181967727931767,0.965974418892055,0.999999999940206,"COL1A1","OE",FALSE,"Activated",2.59681332657232e-11
"INMT",4.02972509989681e-08,1.00801061622971,0.00181846316315797,0.965985765095674,0.999999999940206,"COL1A1","OE",FALSE,"Activated",2.59681332657232e-11
"CP",4.02454832180424e-08,1.00745167494967,0.0018137939942518,0.966029434983541,0.999999999940206,"COL1A1","OE",FALSE,"Activated",2.59681332657232e-11
"SAT1",4.00492079838041e-08,1.00532685608192,0.00179614556722113,0.9661950083415,0.999999999940206,"COL1A1","OE",FALSE,"Activated",2.59681332657232e-11
"LPL",3.9955710084711e-08,1.00431153198463,0.00178776888183827,0.966273881572014,0.999999999940206,"COL1A1","OE",FALSE,"Activated",2.59681332657232e-11
"CDH2",3.98106867839426e-08,1.00273263700659,0.00177481465708799,0.966396221403753,0.999999999940206,"COL1A1","OE",FALSE,"Activated",2.59681332657232e-11
"RSPO3",3.96218280627461e-08,1.00066908461027,0.00175801544069455,0.966555541429887,0.999999999940206,"COL1A1","OE",FALSE,"Activated",2.59681332657232e-11
"AOX1",3.95554489086196e-08,0.999941792844728,0.00175212990575053,0.966611538783085,0.999999999940206,"COL1A1","OE",FALSE,"Activated",2.59681332657232e-11
"OLFML2A",3.92734542791493e-08,0.996840362343682,0.00172723674816912,0.96684943085465,0.999999999940206,"COL1A1","OE",FALSE,"Activated",2.59681332657232e-11
"COL13A1",3.92515604796589e-08,0.996598771814449,0.00172531151723959,0.966867900696457,0.999999999940206,"COL1A1","OE",FALSE,"Activated",2.59681332657232e-11
"QPCT",3.90578021497489e-08,0.994455662023849,0.00170832017299727,0.967031358055258,0.999999999940206,"COL1A1","OE",FALSE,"Activated",2.59681332657232e-11
"FHL1",3.90348502870078e-08,0.994201193702666,0.00170631301398797,0.967050720673995,0.999999999940206,"COL1A1","OE",FALSE,"Activated",2.59681332657232e-11
"TMEM158",3.90028212398416e-08,0.993845871611556,0.0017035140198519,0.967077741006984,0.999999999940206,"COL1A1","OE",FALSE,"Activated",2.59681332657232e-11
"NDNF",3.8983465143797e-08,0.993631018648644,0.00170182361910583,0.967094070207936,0.999999999940206,"COL1A1","OE",FALSE,"Activated",2.59681332657232e-11
"GPC4",3.89324454039318e-08,0.993064259918626,0.00169737199938843,0.967137111576518,0.999999999940206,"COL1A1","OE",FALSE,"Activated",2.59681332657232e-11
"SFRP4",3.88870362058288e-08,0.992559290391035,0.00169341481913599,0.967175419849872,0.999999999940206,"COL1A1","OE",FALSE,"Activated",2.59681332657232e-11
"EGFLAM",3.88777280213972e-08,0.992455716966946,0.00169260422864177,0.967183272463736,0.999999999940206,"COL1A1","OE",FALSE,"Activated",2.59681332657232e-11
"GK",3.88650256167309e-08,0.992314341267939,0.00169149837021809,0.967193988530603,0.999999999940206,"COL1A1","OE",FALSE,"Activated",2.59681332657232e-11
"CALB2",3.85579548545755e-08,0.988884573664807,0.0016648750620079,0.967453042918103,0.999999999940206,"COL1A1","OE",FALSE,"Activated",2.59681332657232e-11
"POU2F2",3.82541883881677e-08,0.98546857982371,0.00163874602647549,0.967709313079206,0.999999999940206,"COL1A1","OE",FALSE,"Activated",2.59681332657232e-11
"WNT2",3.82186639675229e-08,0.985067572977993,0.0016357038250871,0.967739283192184,0.999999999940206,"COL1A1","OE",FALSE,"Activated",2.59681332657232e-11
"GJC1",3.81854723224525e-08,0.984692609921124,0.0016328639494925,0.967767285304462,0.999999999940206,"COL1A1","OE",FALSE,"Activated",2.59681332657232e-11
"CHRDL1",3.80829620652253e-08,0.983532792806352,0.00162410875452356,0.967853768274795,0.999999999940206,"COL1A1","OE",FALSE,"Activated",2.59681332657232e-11
"IER3",3.80366609430008e-08,0.983008056421621,0.00162016198457105,0.967892830427212,0.999999999940206,"COL1A1","OE",FALSE,"Activated",2.59681332657232e-11
"FLT1",3.7780201234388e-08,0.98009160408756,0.00159838796454818,0.968109195219725,0.999999999940206,"COL1A1","OE",FALSE,"Activated",2.59681332657232e-11
"NTN4",3.7608917222349e-08,0.978134293619281,0.00158392760275002,0.968253701994343,0.999999999940206,"COL1A1","OE",FALSE,"Activated",2.59681332657232e-11
"PKDCC",3.75629903971806e-08,0.977608174917072,0.00158006147978495,0.968292449147009,0.999999999940206,"COL1A1","OE",FALSE,"Activated",2.59681332657232e-11
"TRAC",3.73201966334625e-08,0.974817625555035,0.00155970158570664,0.968497288563227,0.999999999940206,"COL1A1","OE",FALSE,"Activated",2.59681332657232e-11
"PHYH",3.72530743696607e-08,0.974043408438644,0.0015540962264128,0.968553918413612,0.999999999940206,"COL1A1","OE",FALSE,"Activated",2.59681332657232e-11
"CMKLR1",3.71656736127815e-08,0.973033494840877,0.00154681254033238,0.968627657102614,0.999999999940206,"COL1A1","OE",FALSE,"Activated",2.59681332657232e-11
"ANGPTL1",3.71094826262389e-08,0.972383132854967,0.00154213880733587,0.968675064724858,0.999999999940206,"COL1A1","OE",FALSE,"Activated",2.59681332657232e-11
"CCL11",3.71063616765597e-08,0.972346985808404,0.00154187942698946,0.968677697833742,0.999999999940206,"COL1A1","OE",FALSE,"Activated",2.59681332657232e-11
"NR4A3",3.71059683321315e-08,0.972342429882032,0.00154184673790652,0.968678029693878,0.999999999940206,"COL1A1","OE",FALSE,"Activated",2.59681332657232e-11
"SLC2A13",3.7084490731509e-08,0.972093601864464,0.0015400623573274,0.968696150104855,0.999999999940206,"COL1A1","OE",FALSE,"Activated",2.59681332657232e-11
"BMPER",3.70706297347402e-08,0.971932950108733,0.00153891132035414,0.96870784448109,0.999999999940206,"COL1A1","OE",FALSE,"Activated",2.59681332657232e-11
"NELL1",3.70303223953513e-08,0.971465486913865,0.00153556658633388,0.968741851394849,0.999999999940206,"COL1A1","OE",FALSE,"Activated",2.59681332657232e-11
"NDUFA4L2",3.70025891103902e-08,0.971143597394037,0.00153326737013561,0.968765249733089,0.999999999940206,"COL1A1","OE",FALSE,"Activated",2.59681332657232e-11
"TMSB15A",3.69539319243625e-08,0.970578351818989,0.00152923762917763,0.96880630145486,0.999999999940206,"COL1A1","OE",FALSE,"Activated",2.59681332657232e-11
"PDLIM3",3.67200193192568e-08,0.967852067665661,0.00150993923133978,0.969003653007978,0.999999999940206,"COL1A1","OE",FALSE,"Activated",2.59681332657232e-11
"GALNT15",3.66972464685943e-08,0.967585851733544,0.00150806695792027,0.969022866513847,0.999999999940206,"COL1A1","OE",FALSE,"Activated",2.59681332657232e-11
"CADM3",3.66517919470457e-08,0.967054061746238,0.0015043333803176,0.969061216650753,0.999999999940206,"COL1A1","OE",FALSE,"Activated",2.59681332657232e-11
"LIMCH1",3.65908132736546e-08,0.966339759405501,0.00149933193617722,0.969112664680572,0.999999999940206,"COL1A1","OE",FALSE,"Activated",2.59681332657232e-11
"LINC01929",3.65524913694109e-08,0.965890335065741,0.00149619305174219,0.969144997140013,0.999999999940206,"COL1A1","OE",FALSE,"Activated",2.59681332657232e-11
"CXCL12",3.64845636692708e-08,0.965092711322577,0.00149063728720511,0.96920230834173,0.999999999940206,"COL1A1","OE",FALSE,"Activated",2.59681332657232e-11
"MIR99AHG",3.64674927624083e-08,0.964892060246379,0.00148924269318515,0.969216711241935,0.999999999940206,"COL1A1","OE",FALSE,"Activated",2.59681332657232e-11
"LURAP1L",3.64506141906258e-08,0.964693590637277,0.0014878644535109,0.969230951876921,0.999999999940206,"COL1A1","OE",FALSE,"Activated",2.59681332657232e-11
"CRABP1",3.63121123683101e-08,0.96306200844738,0.00147657902330524,0.969347807744212,0.999999999940206,"COL1A1","OE",FALSE,"Activated",2.59681332657232e-11
"MGLL",3.62760240608376e-08,0.962636003530658,0.00147364552509087,0.969378256047216,0.999999999940206,"COL1A1","OE",FALSE,"Activated",2.59681332657232e-11
"SAMD5",3.60789113367996e-08,0.960302747324681,0.00145767436411655,0.96954456410526,0.999999999940206,"COL1A1","OE",FALSE,"Activated",2.59681332657232e-11
"GFRA1",3.60227666302941e-08,0.959636152196309,0.00145314113306579,0.969591934791181,0.999999999940206,"COL1A1","OE",FALSE,"Activated",2.59681332657232e-11
"ABCC9",3.57477056450208e-08,0.956357470295659,0.00143103420157089,0.969824012135977,0.999999999940206,"COL1A1","OE",FALSE,"Activated",2.59681332657232e-11
"MASP1",3.54490083027698e-08,0.952772443953506,0.00140721950925244,0.970076035089879,0.999999999940206,"COL1A1","OE",FALSE,"Activated",2.59681332657232e-11
"AVPR1A",3.5401565249703e-08,0.952200639719149,0.0014034553354615,0.97011606497641,0.999999999940206,"COL1A1","OE",FALSE,"Activated",2.59681332657232e-11
"EPB41L1",3.50935911090471e-08,0.948472735197292,0.00137914297101285,0.970375918753688,0.999999999940206,"COL1A1","OE",FALSE,"Activated",2.59681332657232e-11
"CTSS",3.50851425094797e-08,0.948370073344972,0.00137847900794828,0.970383047320373,0.999999999940206,"COL1A1","OE",FALSE,"Activated",2.59681332657232e-11
"TGM2",3.50343497881054e-08,0.947752426052785,0.00137449065198802,0.970425904094422,0.999999999940206,"COL1A1","OE",FALSE,"Activated",2.59681332657232e-11
"STC2",3.50316480694823e-08,0.94771955122746,0.00137427866895828,0.970428183693998,0.999999999940206,"COL1A1","OE",FALSE,"Activated",2.59681332657232e-11
"ENC1",3.49659077606692e-08,0.946918944408829,0.00136912557237358,0.970483652749845,0.999999999940206,"COL1A1","OE",FALSE,"Activated",2.59681332657232e-11
"LGR5",3.48616632301268e-08,0.945646769502324,0.00136097414093679,0.970571610427977,0.999999999940206,"COL1A1","OE",FALSE,"Activated",2.59681332657232e-11
"RBPJ",3.47606573411476e-08,0.944411001493213,0.00135309917186134,0.970656835801636,0.999999999940206,"COL1A1","OE",FALSE,"Activated",2.59681332657232e-11
"ADAMTS5",3.44784290781403e-08,0.940941645566077,0.001331216240463,0.970894972295592,0.999999999940206,"COL1A1","OE",FALSE,"Activated",2.59681332657232e-11
"HHIP",3.43695557259664e-08,0.939596780434868,0.00132282228820274,0.970986837348996,0.999999999940206,"COL1A1","OE",FALSE,"Activated",2.59681332657232e-11
"GLIPR1",3.4345812388376e-08,0.939303003995026,0.00132099524291733,0.971006871530946,0.999999999940206,"COL1A1","OE",FALSE,"Activated",2.59681332657232e-11
"DMD",3.42716763899282e-08,0.938384596284752,0.00131529861796317,0.971069426210574,0.999999999940206,"COL1A1","OE",FALSE,"Activated",2.59681332657232e-11
"NFIB",3.41171277298173e-08,0.936464531819627,0.00130346264618871,0.971199832282041,0.999999999940206,"COL1A1","OE",FALSE,"Activated",2.59681332657232e-11
"CDH6",3.40990478753635e-08,0.936239426097221,0.00130208151171669,0.971215087869348,0.999999999940206,"COL1A1","OE",FALSE,"Activated",2.59681332657232e-11
"TCIM",3.40542014866082e-08,0.935680617659576,0.00129865882057331,0.971252928816715,0.999999999940206,"COL1A1","OE",FALSE,"Activated",2.59681332657232e-11
"CH25H",3.39227297598737e-08,0.934038768229946,0.00128865081383914,0.971363863755766,0.999999999940206,"COL1A1","OE",FALSE,"Activated",2.59681332657232e-11
"SHOX",3.36988653848111e-08,0.931230494825158,0.00127169869198764,0.97155276024995,0.999999999940206,"COL1A1","OE",FALSE,"Activated",2.59681332657232e-11
"SORT1",3.36343250904783e-08,0.930417895318261,0.00126683222477121,0.971607219570587,0.999999999940206,"COL1A1","OE",FALSE,"Activated",2.59681332657232e-11
"AC058791.1",3.35728775744575e-08,0.929642991690673,0.00126220762857214,0.971659069317355,0.999999999940206,"COL1A1","OE",FALSE,"Activated",2.59681332657232e-11
"LINGO1",3.33955396264203e-08,0.927399771952619,0.00124890843275645,0.971808708709137,0.999999999940206,"COL1A1","OE",FALSE,"Activated",2.59681332657232e-11
"FOXS1",3.33782222038592e-08,0.927180169549799,0.00124761351327372,0.971823321362859,0.999999999940206,"COL1A1","OE",FALSE,"Activated",2.59681332657232e-11
"ABL2",3.32325306451071e-08,0.925328773277857,0.00123674594445341,0.971946258062487,0.999999999940206,"COL1A1","OE",FALSE,"Activated",2.59681332657232e-11
"PLPP4",3.32039533667596e-08,0.924964806858779,0.0012346198567658,0.971970372072387,0.999999999940206,"COL1A1","OE",FALSE,"Activated",2.59681332657232e-11
"APOLD1",3.31767349917448e-08,0.924617897780452,0.00123259656920146,0.971993339439588,0.999999999940206,"COL1A1","OE",FALSE,"Activated",2.59681332657232e-11
"PRKAR2B",3.30496441581195e-08,0.922994835529267,0.00122317118837528,0.972100581337786,0.999999999940206,"COL1A1","OE",FALSE,"Activated",2.59681332657232e-11
"KDM6B",3.29141972196239e-08,0.921259153885653,0.00121316591869812,0.972214874846913,0.999999999940206,"COL1A1","OE",FALSE,"Activated",2.59681332657232e-11
"PLA2G2A",3.29114759040463e-08,0.921224218906392,0.00121296532010462,0.97221717116681,0.999999999940206,"COL1A1","OE",FALSE,"Activated",2.59681332657232e-11
"CFI",3.28202109402525e-08,0.920051164331044,0.00120624743564041,0.97229418315198,0.999999999940206,"COL1A1","OE",FALSE,"Activated",2.59681332657232e-11
"ADGRF5",3.27511930863205e-08,0.919162198495928,0.00120117951738605,0.972352422561516,0.999999999940206,"COL1A1","OE",FALSE,"Activated",2.59681332657232e-11
"MAB21L2",3.26836100534005e-08,0.918290154815043,0.0011962272949323,0.97240945136736,0.999999999940206,"COL1A1","OE",FALSE,"Activated",2.59681332657232e-11
"AQP1",3.26266158901054e-08,0.917553539262662,0.00119205893477907,0.972457545043289,0.999999999940206,"COL1A1","OE",FALSE,"Activated",2.59681332657232e-11
"IRF8",3.26071614033643e-08,0.917301848915851,0.00119063776497551,0.972473961445142,0.999999999940206,"COL1A1","OE",FALSE,"Activated",2.59681332657232e-11
"ADAMTSL3",3.25295904852509e-08,0.916297000828036,0.00118497955972973,0.972539418716527,0.999999999940206,"COL1A1","OE",FALSE,"Activated",2.59681332657232e-11
"APOD",3.25057815496336e-08,0.915988169303262,0.00118324558295283,0.972559509633037,0.999999999940206,"COL1A1","OE",FALSE,"Activated",2.59681332657232e-11
"SUSD2",3.24546246368348e-08,0.91532394352306,0.00117952417975206,0.972602677907437,0.999999999940206,"COL1A1","OE",FALSE,"Activated",2.59681332657232e-11
"LINC01705",3.23964901768068e-08,0.914568029498511,0.00117530231072578,0.972651734216134,0.999999999940206,"COL1A1","OE",FALSE,"Activated",2.59681332657232e-11
"TSPAN15",3.23313923337836e-08,0.913720189282168,0.00117058372699808,0.972706666643809,0.999999999940206,"COL1A1","OE",FALSE,"Activated",2.59681332657232e-11
"PPP1R12B",3.22672198836607e-08,0.912882966891046,0.00116594150958535,0.972760818310914,0.999999999940206,"COL1A1","OE",FALSE,"Activated",2.59681332657232e-11
"LGI2",3.20698947321079e-08,0.910299595536753,0.0011517248458274,0.972927331141759,0.999999999940206,"COL1A1","OE",FALSE,"Activated",2.59681332657232e-11
"FLNC",3.18439170324475e-08,0.907324302856764,0.00113555097501901,0.973118023874597,0.999999999940206,"COL1A1","OE",FALSE,"Activated",2.59681332657232e-11
"GJA4",3.1790652744502e-08,0.906620371707803,0.00113175535345821,0.973162971510176,0.999999999940206,"COL1A1","OE",FALSE,"Activated",2.59681332657232e-11
"SPOCK1",3.17569724994941e-08,0.906174737382087,0.00112935857311108,0.97319139298694,0.999999999940206,"COL1A1","OE",FALSE,"Activated",2.59681332657232e-11
"LINC01614",3.14316220028418e-08,0.901848914191364,0.00110633653139022,0.973465945634369,0.999999999940206,"COL1A1","OE",FALSE,"Activated",2.59681332657232e-11
"SCG2",3.13802127327716e-08,0.90116187139668,0.0011027204634295,0.973509328525146,0.999999999940206,"COL1A1","OE",FALSE,"Activated",2.59681332657232e-11
"IL6",3.1261213569926e-08,0.899567833165285,0.00109437290993251,0.973609748996464,0.999999999940206,"COL1A1","OE",FALSE,"Activated",2.59681332657232e-11
"COX4I2",3.12550769785824e-08,0.899485490179542,0.0010939433002399,0.973614927526562,0.999999999940206,"COL1A1","OE",FALSE,"Activated",2.59681332657232e-11
"THBS1",3.12354040806146e-08,0.899221418638814,0.00109256661113782,0.973631529045963,0.999999999940206,"COL1A1","OE",FALSE,"Activated",2.59681332657232e-11
"ADAMTS9",3.11263426683696e-08,0.897754881677685,0.00108495032844327,0.973723563743993,0.999999999940206,"COL1A1","OE",FALSE,"Activated",2.59681332657232e-11
"HYDIN",3.10126244008197e-08,0.896221022523867,0.00107703720516569,0.973819528639668,0.999999999940206,"COL1A1","OE",FALSE,"Activated",2.59681332657232e-11
"KCNJ8",3.09252856012157e-08,0.895039696613025,0.00107097937027295,0.973893232612154,0.999999999940206,"COL1A1","OE",FALSE,"Activated",2.59681332657232e-11
"PTGER4",3.09165001607416e-08,0.894920708255156,0.00107037095623004,0.973900646532938,0.999999999940206,"COL1A1","OE",FALSE,"Activated",2.59681332657232e-11
"FRMD6-AS1",3.08738368359372e-08,0.894342471411437,0.00106741887075179,0.973936649598809,0.999999999940206,"COL1A1","OE",FALSE,"Activated",2.59681332657232e-11
"CD55",3.08253189844176e-08,0.893684051705693,0.00106406663579817,0.973977593293782,0.999999999940206,"COL1A1","OE",FALSE,"Activated",2.59681332657232e-11
"C5orf46",3.08096435793241e-08,0.893471135953376,0.0010629847047683,0.973990821614822,0.999999999940206,"COL1A1","OE",FALSE,"Activated",2.59681332657232e-11
"CYFIP2",3.07774732373045e-08,0.893033881696142,0.001060766001524,0.974017969874204,0.999999999940206,"COL1A1","OE",FALSE,"Activated",2.59681332657232e-11
"ADAP2",3.07040298912816e-08,0.892034180065448,0.0010557094946887,0.974079948159474,0.999999999940206,"COL1A1","OE",FALSE,"Activated",2.59681332657232e-11
"LEPR",3.06190949970944e-08,0.890875495760194,0.00104987686915726,0.974151624270623,0.999999999940206,"COL1A1","OE",FALSE,"Activated",2.59681332657232e-11
"C3orf80",3.04320421943769e-08,0.888313961510491,0.00103708860363738,0.974309477883736,0.999999999940206,"COL1A1","OE",FALSE,"Activated",2.59681332657232e-11
"SERPINA3",3.03865353879374e-08,0.887688741043597,0.00103398928459503,0.97434788116999,0.999999999940206,"COL1A1","OE",FALSE,"Activated",2.59681332657232e-11
"ALG9",3.03272078020162e-08,0.886872428820218,0.00102995564256777,0.97439794792937,0.999999999940206,"COL1A1","OE",FALSE,"Activated",2.59681332657232e-11
"PTP4A3",3.0314132310914e-08,0.886692333641868,0.0010290677090158,0.974408982396083,0.999999999940206,"COL1A1","OE",FALSE,"Activated",2.59681332657232e-11
"AUXG01000058.1",3.02540428386705e-08,0.885863833952507,0.00102499206216601,0.97445969223934,0.999999999940206,"COL1A1","OE",FALSE,"Activated",2.59681332657232e-11
"ABCA8",3.01766365159995e-08,0.884794490564631,0.00101975379578667,0.974525016022093,0.999999999940206,"COL1A1","OE",FALSE,"Activated",2.59681332657232e-11
"MFAP5",2.98534039616704e-08,0.880303550940694,0.000998024912983988,0.974797796267619,0.999999999940206,"COL1A1","OE",FALSE,"Activated",2.59681332657232e-11
"FAM13C",2.9788857874879e-08,0.879401765336824,0.000993713916290932,0.974852267921611,0.999999999940206,"COL1A1","OE",FALSE,"Activated",2.59681332657232e-11
"RPL39L",2.97563569359814e-08,0.878947053879685,0.00099154672902285,0.974879696118312,0.999999999940206,"COL1A1","OE",FALSE,"Activated",2.59681332657232e-11
"RGPD3",2.96309186575104e-08,0.877188077274173,0.000983204595159771,0.974985556285327,0.999999999940206,"COL1A1","OE",FALSE,"Activated",2.59681332657232e-11
"VMO1",2.91988217091194e-08,0.871079626535314,0.000954738244294398,0.975350215919812,0.999999999940206,"COL1A1","OE",FALSE,"Activated",2.59681332657232e-11
"CRABP2",2.91948183929946e-08,0.871022671043456,0.000954476462704043,0.975353594463122,0.999999999940206,"COL1A1","OE",FALSE,"Activated",2.59681332657232e-11
"ACKR4",2.89411701168922e-08,0.867400263274001,0.000937963285420552,0.975567658318815,0.999999999940206,"COL1A1","OE",FALSE,"Activated",2.59681332657232e-11
"CHI3L1",2.89043988963836e-08,0.866872866914947,0.000935581339978929,0.975598691158849,0.999999999940206,"COL1A1","OE",FALSE,"Activated",2.59681332657232e-11
"SUGCT",2.88972725309136e-08,0.866770589447783,0.000935120062602405,0.975604705414393,0.999999999940206,"COL1A1","OE",FALSE,"Activated",2.59681332657232e-11
"PI16",2.88594282248827e-08,0.866227085829059,0.000932672371608637,0.975636643924127,0.999999999940206,"COL1A1","OE",FALSE,"Activated",2.59681332657232e-11
"HOXB2",2.88552761128517e-08,0.866167417770516,0.000932404016909079,0.975640148080351,0.999999999940206,"COL1A1","OE",FALSE,"Activated",2.59681332657232e-11
"COL6A6",2.87889820527665e-08,0.865213737848952,0.000928124602553551,0.97569609671704,0.999999999940206,"COL1A1","OE",FALSE,"Activated",2.59681332657232e-11
"ZNF331",2.85644985460049e-08,0.861970355366813,0.000913706839492842,0.975885549662107,0.999999999940206,"COL1A1","OE",FALSE,"Activated",2.59681332657232e-11
"MAFB",2.83721257200026e-08,0.859173469449783,0.000901441230766345,0.976047903868172,0.999999999940206,"COL1A1","OE",FALSE,"Activated",2.59681332657232e-11
"TESC",2.83276952343448e-08,0.858525188010717,0.000898620144186276,0.976085401385661,0.999999999940206,"COL1A1","OE",FALSE,"Activated",2.59681332657232e-11
"FXYD1",2.82479380303569e-08,0.857359265967956,0.000893567100981144,0.976152713344908,0.999999999940206,"COL1A1","OE",FALSE,"Activated",2.59681332657232e-11
"LRRN4CL",2.81283985555754e-08,0.855606491838792,0.000886020317992587,0.976253600301878,0.999999999940206,"COL1A1","OE",FALSE,"Activated",2.59681332657232e-11
"LINC02802",2.81188648127481e-08,0.855466426238634,0.000885419810407982,0.976261646449495,0.999999999940206,"COL1A1","OE",FALSE,"Activated",2.59681332657232e-11
"SLC5A3",2.81014441802117e-08,0.855210384621722,0.000884323052396906,0.976276348864171,0.999999999940206,"COL1A1","OE",FALSE,"Activated",2.59681332657232e-11
"FMO1",2.80065202881144e-08,0.85381283340995,0.000878358831536929,0.976356461505661,0.999999999940206,"COL1A1","OE",FALSE,"Activated",2.59681332657232e-11
"NTRK2",2.79627064533926e-08,0.85316639734998,0.000875612744869798,0.976393439020984,0.999999999940206,"COL1A1","OE",FALSE,"Activated",2.59681332657232e-11
"ACAN",2.75541419526935e-08,0.847096174464592,0.000850212430010803,0.976738257198178,0.999999999940206,"COL1A1","OE",FALSE,"Activated",2.59681332657232e-11
"FZD10",2.740292828578e-08,0.844829937545823,0.000840906317804612,0.976865878840812,0.999999999940206,"COL1A1","OE",FALSE,"Activated",2.59681332657232e-11
"CCDC168",2.73483478582543e-08,0.844009306071269,0.000837559863906305,0.976911943895507,0.999999999940206,"COL1A1","OE",FALSE,"Activated",2.59681332657232e-11
"RGS16",2.72450132215085e-08,0.842451786326529,0.00083124244876459,0.9769991569756,0.999999999940206,"COL1A1","OE",FALSE,"Activated",2.59681332657232e-11
"ASPN",2.72290434816551e-08,0.842210629175304,0.000830268264238018,0.977012635251445,0.999999999940206,"COL1A1","OE",FALSE,"Activated",2.59681332657232e-11
"COL23A1",2.69917815105174e-08,0.838613395955501,0.000815862114567958,0.977212882383633,0.999999999940206,"COL1A1","OE",FALSE,"Activated",2.59681332657232e-11
"FAM162B",2.6972085712465e-08,0.838313561416513,0.000814671886151414,0.977229505538262,0.999999999940206,"COL1A1","OE",FALSE,"Activated",2.59681332657232e-11
"BMP8B",2.68832797473877e-08,0.836959306701872,0.00080931608082721,0.977304457449446,0.999999999940206,"COL1A1","OE",FALSE,"Activated",2.59681332657232e-11
"ADAMTSL1",2.68514753602473e-08,0.836473369358464,0.00080740228337392,0.977331300285161,0.999999999940206,"COL1A1","OE",FALSE,"Activated",2.59681332657232e-11
"HIST1H1A",2.68116874540961e-08,0.835864756591316,0.00080501127543765,0.977364881230235,0.999999999940206,"COL1A1","OE",FALSE,"Activated",2.59681332657232e-11
"EPHA3",2.6709881475193e-08,0.834303954122043,0.000798909506087134,0.97745080553684,0.999999999940206,"COL1A1","OE",FALSE,"Activated",2.59681332657232e-11
"HOXB5",2.66565083711879e-08,0.833483643025309,0.000795719849318188,0.977495852572897,0.999999999940206,"COL1A1","OE",FALSE,"Activated",2.59681332657232e-11
"GDF6",2.66565083673932e-08,0.833483642966937,0.000795719849091638,0.9774958525761,0.999999999940206,"COL1A1","OE",FALSE,"Activated",2.59681332657232e-11
"VEPH1",2.66384167250597e-08,0.833205266022799,0.000794640113253569,0.977511121984717,0.999999999940206,"COL1A1","OE",FALSE,"Activated",2.59681332657232e-11
"SATB1",2.66328467500229e-08,0.83311952790368,0.000794307836534718,0.977515823064546,0.999999999940206,"COL1A1","OE",FALSE,"Activated",2.59681332657232e-11
"GRP",2.66286197352344e-08,0.833054451582591,0.000794055720449836,0.977519390681407,0.999999999940206,"COL1A1","OE",FALSE,"Activated",2.59681332657232e-11
"SMC4",2.65942567961997e-08,0.832525093426496,0.00079200766216533,0.977548393151795,0.999999999940206,"COL1A1","OE",FALSE,"Activated",2.59681332657232e-11
"HSPA1A",2.63903950458114e-08,0.829372499428925,0.000779911725592477,0.977720453967134,0.999999999940206,"COL1A1","OE",FALSE,"Activated",2.59681332657232e-11
"RUNX3",2.61977612469157e-08,0.826374282324382,0.00076856751966675,0.977883039261593,0.999999999940206,"COL1A1","OE",FALSE,"Activated",2.59681332657232e-11
"EFHD1",2.61347005164501e-08,0.825388674593644,0.000764871929277687,0.977936263493314,0.999999999940206,"COL1A1","OE",FALSE,"Activated",2.59681332657232e-11
"FILIP1",2.6030690613763e-08,0.823758585319642,0.000758796026371545,0.978024049674158,0.999999999940206,"COL1A1","OE",FALSE,"Activated",2.59681332657232e-11
"LVRN",2.60277115142656e-08,0.823711813297658,0.000758622354490108,0.978026564090275,0.999999999940206,"COL1A1","OE",FALSE,"Activated",2.59681332657232e-11
"CRIP1",2.60261008092066e-08,0.823686523229001,0.00075852846386474,0.978027923555789,0.999999999940206,"COL1A1","OE",FALSE,"Activated",2.59681332657232e-11
"COL4A3",2.59821781099616e-08,0.82299636427526,0.000755970377688389,0.97806499516873,0.999999999940206,"COL1A1","OE",FALSE,"Activated",2.59681332657232e-11
"SELENOP",2.59222621886704e-08,0.822053287580193,0.000752487803146416,0.9781155654487,0.999999999940206,"COL1A1","OE",FALSE,"Activated",2.59681332657232e-11
"SNED1",2.58667781311093e-08,0.821178299350513,0.000749269997984216,0.978162395222225,0.999999999940206,"COL1A1","OE",FALSE,"Activated",2.59681332657232e-11
"MARCKSL1",2.58035928982388e-08,0.820179899982808,0.000745613958834499,0.978215725049938,0.999999999940206,"COL1A1","OE",FALSE,"Activated",2.59681332657232e-11
"FOXQ1",2.57708527158203e-08,0.819661742258034,0.00074372305548883,0.97824335857488,0.999999999940206,"COL1A1","OE",FALSE,"Activated",2.59681332657232e-11
"EDNRB",2.49417667261796e-08,0.806348326234017,0.000696639496094998,0.978943136299347,0.999999999940206,"COL1A1","OE",FALSE,"Activated",2.59681332657232e-11
"MITF",2.48377152590844e-08,0.804650758934793,0.00069083917216745,0.97903096055141,0.999999999940206,"COL1A1","OE",FALSE,"Activated",2.59681332657232e-11
"DCBLD2",2.48247999820553e-08,0.804439624795097,0.000690120904851833,0.979041861660489,0.999999999940206,"COL1A1","OE",FALSE,"Activated",2.59681332657232e-11
"LBH",2.46613157466828e-08,0.801758867140026,0.00068106122368651,0.979179850480963,0.999999999940206,"COL1A1","OE",FALSE,"Activated",2.59681332657232e-11
"FGF10",2.4604968965709e-08,0.800831378943903,0.000677952568233711,0.979227410109341,0.999999999940206,"COL1A1","OE",FALSE,"Activated",2.59681332657232e-11
"CHRDL2",2.45336902126268e-08,0.799655491231406,0.000674030302057787,0.97928757320843,0.999999999940206,"COL1A1","OE",FALSE,"Activated",2.59681332657232e-11
"DEPTOR",2.43992939755406e-08,0.797430357235961,0.00066666581542164,0.979401011177034,0.999999999940206,"COL1A1","OE",FALSE,"Activated",2.59681332657232e-11
"KNL1",2.43403816652165e-08,0.796451658273283,0.000663450361012486,0.979450736605519,0.999999999940206,"COL1A1","OE",FALSE,"Activated",2.59681332657232e-11
"ISM1",2.43053413434081e-08,0.795868575901329,0.000661541534687868,0.979480312720229,0.999999999940206,"COL1A1","OE",FALSE,"Activated",2.59681332657232e-11
"FGL2",2.42023381362075e-08,0.794150383594054,0.000655946343720741,0.979567253713696,0.999999999940206,"COL1A1","OE",FALSE,"Activated",2.59681332657232e-11
"RGS2",2.41457737430641e-08,0.793204165233762,0.000652883842167677,0.979614997617106,0.999999999940206,"COL1A1","OE",FALSE,"Activated",2.59681332657232e-11
"DLX5",2.40972171783706e-08,0.792390385109366,0.000650260615338414,0.979655982468192,0.999999999940206,"COL1A1","OE",FALSE,"Activated",2.59681332657232e-11
"COL25A1",2.40250413654098e-08,0.791178156602939,0.000646371137032635,0.979716903577047,0.999999999940206,"COL1A1","OE",FALSE,"Activated",2.59681332657232e-11
"GPAT2",2.39244736304975e-08,0.789483851913074,0.000640971102284907,0.979801789522988,0.999999999940206,"COL1A1","OE",FALSE,"Activated",2.59681332657232e-11
"STARD4-AS1",2.3827679866196e-08,0.787847348805055,0.000635795105369427,0.979883490199401,0.999999999940206,"COL1A1","OE",FALSE,"Activated",2.59681332657232e-11
"RRAD",2.37351359063959e-08,0.786277356053241,0.000630865986372989,0.979961603942251,0.999999999940206,"COL1A1","OE",FALSE,"Activated",2.59681332657232e-11
"EGR2",2.3665415599828e-08,0.785091090633481,0.000627165180114252,0.980020453010935,0.999999999940206,"COL1A1","OE",FALSE,"Activated",2.59681332657232e-11
"PDE1A",2.36130599401982e-08,0.784198305703211,0.000624393259633551,0.980064645111435,0.999999999940206,"COL1A1","OE",FALSE,"Activated",2.59681332657232e-11
"LGI4",2.36046346698427e-08,0.784054476790921,0.00062394776518991,0.980071756676762,0.999999999940206,"COL1A1","OE",FALSE,"Activated",2.59681332657232e-11
"EDIL3",2.3531057919573e-08,0.782796563184058,0.000620064078721212,0.980133861085352,0.999999999940206,"COL1A1","OE",FALSE,"Activated",2.59681332657232e-11
"CD34",2.33156937887473e-08,0.779095073232865,0.00060876594989019,0.980315645585796,0.999999999940206,"COL1A1","OE",FALSE,"Activated",2.59681332657232e-11
"EVA1A",2.32229850635019e-08,0.777492639919334,0.00060393437932377,0.980393899458157,0.999999999940206,"COL1A1","OE",FALSE,"Activated",2.59681332657232e-11
"NETO1",2.31333508120919e-08,0.775938121296798,0.000599281339561818,0.980469558398369,0.999999999940206,"COL1A1","OE",FALSE,"Activated",2.59681332657232e-11
"SLC8A1",2.30825669064738e-08,0.775055086162365,0.000596653061280115,0.980512424416779,0.999999999940206,"COL1A1","OE",FALSE,"Activated",2.59681332657232e-11
"LMO7",2.30413970771009e-08,0.77433799740164,0.000594526590798331,0.980547175362772,0.999999999940206,"COL1A1","OE",FALSE,"Activated",2.59681332657232e-11
"H1F0",2.30233568024232e-08,0.774023428712475,0.000593595985399066,0.980562402948109,0.999999999940206,"COL1A1","OE",FALSE,"Activated",2.59681332657232e-11
"KLHL23",2.29800093888739e-08,0.773266713536705,0.000591362894160811,0.980598992022994,0.999999999940206,"COL1A1","OE",FALSE,"Activated",2.59681332657232e-11
"GPNMB",2.29749501801796e-08,0.773178315222984,0.00059110253752569,0.980603262448055,0.999999999940206,"COL1A1","OE",FALSE,"Activated",2.59681332657232e-11
"CTSC",2.28356001793488e-08,0.770736897935154,0.000583953852668024,0.980720886542064,0.999999999940206,"COL1A1","OE",FALSE,"Activated",2.59681332657232e-11
"KRT7",2.28223455683982e-08,0.770504011536768,0.00058327615339518,0.980732074662931,0.999999999940206,"COL1A1","OE",FALSE,"Activated",2.59681332657232e-11
"LINC01197",2.2705712062485e-08,0.768449717534895,0.00057732972601071,0.980830524321606,0.999999999940206,"COL1A1","OE",FALSE,"Activated",2.59681332657232e-11
"CCR1",2.26888557068724e-08,0.768152074185151,0.000576472843582098,0.980844752696755,0.999999999940206,"COL1A1","OE",FALSE,"Activated",2.59681332657232e-11
"SHCBP1",2.2612692616715e-08,0.766804844700592,0.000572609073555862,0.980909041699883,0.999999999940206,"COL1A1","OE",FALSE,"Activated",2.59681332657232e-11
"PI15",2.25342578400291e-08,0.765413357209284,0.000568643639319744,0.980975248355406,0.999999999940206,"COL1A1","OE",FALSE,"Activated",2.59681332657232e-11
"P2RY14",2.2401781994523e-08,0.763053680220277,0.000561977334578734,0.981087071278356,0.999999999940206,"COL1A1","OE",FALSE,"Activated",2.59681332657232e-11
"HLA-DQA2",2.23678512979459e-08,0.762447376926505,0.000560276234049355,0.981115712255024,0.999999999940206,"COL1A1","OE",FALSE,"Activated",2.59681332657232e-11
"ADRA2A",2.23571456907552e-08,0.762255916053297,0.000559740048270216,0.981124748886987,0.999999999940206,"COL1A1","OE",FALSE,"Activated",2.59681332657232e-11
"PCSK1",2.21146712253359e-08,0.757898257805257,0.000547664564161906,0.981329422885018,0.999999999940206,"COL1A1","OE",FALSE,"Activated",2.59681332657232e-11
"TPPP3",2.21114741500274e-08,0.757840527957115,0.000547506225991407,0.981332121561689,0.999999999940206,"COL1A1","OE",FALSE,"Activated",2.59681332657232e-11
"HIST1H2AH",2.20939997534232e-08,0.757524864773281,0.000546641194523873,0.981346871842483,0.999999999940206,"COL1A1","OE",FALSE,"Activated",2.59681332657232e-11
"FRZB",2.20378737165539e-08,0.756509535026755,0.000543867424766808,0.9813942483314,0.999999999940206,"COL1A1","OE",FALSE,"Activated",2.59681332657232e-11
"FBXO5",2.19562345813232e-08,0.755028701709256,0.000539845382942554,0.981463160771572,0.999999999940206,"COL1A1","OE",FALSE,"Activated",2.59681332657232e-11
"RACGAP1",2.17761301774933e-08,0.75174505170162,0.00053102513160042,0.981615189253945,0.999999999940206,"COL1A1","OE",FALSE,"Activated",2.59681332657232e-11
"CDK1",2.17191683640805e-08,0.750701678505956,0.000528250663153842,0.981663271604741,0.999999999940206,"COL1A1","OE",FALSE,"Activated",2.59681332657232e-11
"ANK2",2.16854490127675e-08,0.750082932369569,0.000526611701433109,0.981691734663936,0.999999999940206,"COL1A1","OE",FALSE,"Activated",2.59681332657232e-11
"HIST1H1C",2.16738134672673e-08,0.749869229928467,0.000526046735446333,0.981701556424731,0.999999999940206,"COL1A1","OE",FALSE,"Activated",2.59681332657232e-11
"MROH8",2.16540990207207e-08,0.749506922857165,0.000525090189089412,0.981718197728901,0.999999999940206,"COL1A1","OE",FALSE,"Activated",2.59681332657232e-11
"NMNAT2",2.15978363655956e-08,0.748471383780026,0.000522365107962284,0.98176569004968,0.999999999940206,"COL1A1","OE",FALSE,"Activated",2.59681332657232e-11
"EGR3",2.14820561493436e-08,0.746333095975964,0.000516779600523518,0.981863422419179,0.999999999940206,"COL1A1","OE",FALSE,"Activated",2.59681332657232e-11
"PHGDH",2.13954385689394e-08,0.744726924213425,0.000512620598639726,0.981936538209296,0.999999999940206,"COL1A1","OE",FALSE,"Activated",2.59681332657232e-11
"PARD6G-AS1",2.13739839953616e-08,0.744328224788477,0.000511593039229003,0.981954648506587,0.999999999940206,"COL1A1","OE",FALSE,"Activated",2.59681332657232e-11
"FRY",2.11340522070572e-08,0.739845923213005,0.000500171819158263,0.982157181059674,0.999999999940206,"COL1A1","OE",FALSE,"Activated",2.59681332657232e-11
"TXNIP",2.1123845024844e-08,0.739654270793051,0.000499688796596051,0.982165797228583,0.999999999940206,"COL1A1","OE",FALSE,"Activated",2.59681332657232e-11
"ITGA8",2.10726935210215e-08,0.738692639992346,0.000497271728422861,0.982208975679535,0.999999999940206,"COL1A1","OE",FALSE,"Activated",2.59681332657232e-11
"APOE",2.09708045007971e-08,0.736771179146104,0.000492474616013144,0.982294983277967,0.999999999940206,"COL1A1","OE",FALSE,"Activated",2.59681332657232e-11
"PARM1",2.09365849611603e-08,0.736124057719523,0.000490868716236018,0.982323869070821,0.999999999940206,"COL1A1","OE",FALSE,"Activated",2.59681332657232e-11
"ALPL",2.09335430350743e-08,0.736066488332479,0.000490726087638163,0.98232643685771,0.999999999940206,"COL1A1","OE",FALSE,"Activated",2.59681332657232e-11
"PLXNC1",2.08505299199207e-08,0.734492662659522,0.000486841802083603,0.982396510948054,0.999999999940206,"COL1A1","OE",FALSE,"Activated",2.59681332657232e-11
"CTSH",2.0522441111304e-08,0.728219423791062,0.000471641164917324,0.982673462784916,0.999999999940206,"COL1A1","OE",FALSE,"Activated",2.59681332657232e-11
"RGS5",2.05127072668227e-08,0.72803199679771,0.000471193869881405,0.982681679513304,0.999999999940206,"COL1A1","OE",FALSE,"Activated",2.59681332657232e-11
"HSPB6",2.05012143820538e-08,0.727810600904844,0.000470666015638381,0.98269138112049,0.999999999940206,"COL1A1","OE",FALSE,"Activated",2.59681332657232e-11
"AC116366.1",2.03788306442528e-08,0.725446405627796,0.000465063426877848,0.982794690323997,0.999999999940206,"COL1A1","OE",FALSE,"Activated",2.59681332657232e-11
"HIGD1B",2.03782380267179e-08,0.725434927910116,0.000465036379130201,0.982795190577811,0.999999999940206,"COL1A1","OE",FALSE,"Activated",2.59681332657232e-11
"BMP4",2.03485035417698e-08,0.724858667416021,0.000463680272772384,0.982820290737304,0.999999999940206,"COL1A1","OE",FALSE,"Activated",2.59681332657232e-11
"ITGA7",2.02909289613584e-08,0.723740803524577,0.000461060087003831,0.982868891968854,0.999999999940206,"COL1A1","OE",FALSE,"Activated",2.59681332657232e-11
"NRCAM",2.00544238746847e-08,0.71912009952253,0.000450374763607615,0.983068536963041,0.999999999940206,"COL1A1","OE",FALSE,"Activated",2.59681332657232e-11
"SYPL2",2.00487825850575e-08,0.71900931351826,0.000450121419293086,0.983073299052198,0.999999999940206,"COL1A1","OE",FALSE,"Activated",2.59681332657232e-11
"HSPA1B",1.99959328244653e-08,0.717970126987219,0.000447751454453405,0.983117912155519,0.999999999940206,"COL1A1","OE",FALSE,"Activated",2.59681332657232e-11
"SLC40A1",1.99579512716666e-08,0.717221838387222,0.000446052094465064,0.983149974300057,0.999999999940206,"COL1A1","OE",FALSE,"Activated",2.59681332657232e-11
"CYP26B1",1.98647460077387e-08,0.715380376698594,0.000441895623222613,0.983228653679926,0.999999999940206,"COL1A1","OE",FALSE,"Activated",2.59681332657232e-11
"ERFE",1.98552434593595e-08,0.715192218199625,0.000441472951804363,0.983236675281254,0.999999999940206,"COL1A1","OE",FALSE,"Activated",2.59681332657232e-11
"PCOLCE2",1.98274836258651e-08,0.714642107195458,0.000440239358412896,0.983260108827769,0.999999999940206,"COL1A1","OE",FALSE,"Activated",2.59681332657232e-11
"LYPD1",1.96366002902515e-08,0.710841416303974,0.000431803608258625,0.983421243956796,0.999999999940206,"COL1A1","OE",FALSE,"Activated",2.59681332657232e-11
"LINC02381",1.95652929484928e-08,0.709413476337569,0.000428673243429004,0.983481438582316,0.999999999940206,"COL1A1","OE",FALSE,"Activated",2.59681332657232e-11
"CYTL1",1.95014655835499e-08,0.708131532373285,0.000425880905595591,0.983535319009274,0.999999999940206,"COL1A1","OE",FALSE,"Activated",2.59681332657232e-11
"CCL8",1.94939175516889e-08,0.707979695641635,0.000425551295440572,0.98354169075119,0.999999999940206,"COL1A1","OE",FALSE,"Activated",2.59681332657232e-11
"NUSAP1",1.92909442393777e-08,0.703877635799746,0.000416735634989903,0.983713032969618,0.999999999940206,"COL1A1","OE",FALSE,"Activated",2.59681332657232e-11
"PBK",1.92348943085135e-08,0.702738352551066,0.000414317498288574,0.983760348285731,0.999999999940206,"COL1A1","OE",FALSE,"Activated",2.59681332657232e-11
"LSP1",1.91994640185182e-08,0.702016718695337,0.000412792574958202,0.983790257279328,0.999999999940206,"COL1A1","OE",FALSE,"Activated",2.59681332657232e-11
"TRIB1",1.91429899012519e-08,0.700864105100834,0.000410367735320145,0.983837930772267,0.999999999940206,"COL1A1","OE",FALSE,"Activated",2.59681332657232e-11
"IL33",1.91002235397277e-08,0.699989318695297,0.00040853622087888,0.9838740326912,0.999999999940206,"COL1A1","OE",FALSE,"Activated",2.59681332657232e-11
"RCAN1",1.90485336650165e-08,0.698929756158868,0.000406328015106404,0.983917667582847,0.999999999940206,"COL1A1","OE",FALSE,"Activated",2.59681332657232e-11
"GPR4",1.90050070881425e-08,0.698035613903515,0.000404473188771784,0.983954411324351,0.999999999940206,"COL1A1","OE",FALSE,"Activated",2.59681332657232e-11
"CIT",1.8590476939871e-08,0.689430949973141,0.000387021178119045,0.984304346087585,0.999999999940206,"COL1A1","OE",FALSE,"Activated",2.59681332657232e-11
"KCNMB1",1.85720741860494e-08,0.689045150372899,0.000386255331140553,0.984319881248429,0.999999999940206,"COL1A1","OE",FALSE,"Activated",2.59681332657232e-11
"GPC3",1.8563091261619e-08,0.68885671113888,0.000385881774228773,0.984327464418697,0.999999999940206,"COL1A1","OE",FALSE,"Activated",2.59681332657232e-11
"LCP2",1.85456123752252e-08,0.688489823619467,0.000385155428796767,0.984342219681205,0.999999999940206,"COL1A1","OE",FALSE,"Activated",2.59681332657232e-11
"TNXB",1.84948290148524e-08,0.687422178857593,0.00038304897830909,0.984385089823347,0.999999999940206,"COL1A1","OE",FALSE,"Activated",2.59681332657232e-11
"SMOC2",1.84657722341079e-08,0.686810171546713,0.000381846325719335,0.984409618908108,0.999999999940206,"COL1A1","OE",FALSE,"Activated",2.59681332657232e-11
"PTGER3",1.83977601234077e-08,0.685374432770319,0.000379038715152981,0.98446703326918,0.999999999940206,"COL1A1","OE",FALSE,"Activated",2.59681332657232e-11
"ADAMTS1",1.83225243776059e-08,0.683780888768329,0.000375944974281136,0.98453054576135,0.999999999940206,"COL1A1","OE",FALSE,"Activated",2.59681332657232e-11
"LINC02544",1.82145657619259e-08,0.681484417606467,0.000371527795972562,0.984621682408417,0.999999999940206,"COL1A1","OE",FALSE,"Activated",2.59681332657232e-11
"HJURP",1.82054467235023e-08,0.681289905125227,0.000371155881736026,0.984629380539551,0.999999999940206,"COL1A1","OE",FALSE,"Activated",2.59681332657232e-11
"TNFAIP3",1.81877676873159e-08,0.680912566495516,0.000370435383921286,0.984644304873646,0.999999999940206,"COL1A1","OE",FALSE,"Activated",2.59681332657232e-11
"LRRC4C",1.81678596608082e-08,0.680487275797077,0.000369624882985517,0.984661110888937,0.999999999940206,"COL1A1","OE",FALSE,"Activated",2.59681332657232e-11
"SERPINI1",1.8097993772343e-08,0.678991576219313,0.000366787507871264,0.984720090530176,0.999999999940206,"COL1A1","OE",FALSE,"Activated",2.59681332657232e-11
"CLSPN",1.80271388207854e-08,0.677469635075042,0.00036392113079226,0.984779905207605,0.999999999940206,"COL1A1","OE",FALSE,"Activated",2.59681332657232e-11
"BAALC",1.79907680935947e-08,0.676686409632645,0.000362454151029269,0.984810608858134,0.999999999940206,"COL1A1","OE",FALSE,"Activated",2.59681332657232e-11
"CEMIP",1.79834579115126e-08,0.676528824592797,0.000362159659152106,0.984816780012579,0.999999999940206,"COL1A1","OE",FALSE,"Activated",2.59681332657232e-11
"RETREG1",1.78513686887065e-08,0.673671877373066,0.000356859042955486,0.984928288060778,0.999999999940206,"COL1A1","OE",FALSE,"Activated",2.59681332657232e-11
"LBP",1.76784202464636e-08,0.669903645623211,0.0003499778624658,0.985074289389111,0.999999999940206,"COL1A1","OE",FALSE,"Activated",2.59681332657232e-11
"CREM",1.76089805870375e-08,0.668381778904627,0.000347233882602981,0.985132909789246,0.999999999940206,"COL1A1","OE",FALSE,"Activated",2.59681332657232e-11
"LAMP5",1.75692313516673e-08,0.667508300612972,0.000345668010788239,0.98516646580913,0.999999999940206,"COL1A1","OE",FALSE,"Activated",2.59681332657232e-11
"CYP19A1",1.75438892296032e-08,0.666950529225651,0.000344671536554564,0.985187859460822,0.999999999940206,"COL1A1","OE",FALSE,"Activated",2.59681332657232e-11
"TTK",1.74976515006798e-08,0.66593106931509,0.000342857135227398,0.985226893072939,0.999999999940206,"COL1A1","OE",FALSE,"Activated",2.59681332657232e-11
"RBP5",1.74435318329481e-08,0.664734886966555,0.000340739523187278,0.985272580615214,0.999999999940206,"COL1A1","OE",FALSE,"Activated",2.59681332657232e-11
"SLC16A3",1.74174731471408e-08,0.664157787789365,0.000339722230132422,0.9852945792396,0.999999999940206,"COL1A1","OE",FALSE,"Activated",2.59681332657232e-11
"IL7R",1.73783402861259e-08,0.663289753286314,0.000338197397206614,0.985327615044403,0.999999999940206,"COL1A1","OE",FALSE,"Activated",2.59681332657232e-11
"CD83",1.73347063339886e-08,0.662319897358247,0.00033650122106722,0.985364450681999,0.999999999940206,"COL1A1","OE",FALSE,"Activated",2.59681332657232e-11
"HIST1H1B",1.73137242756669e-08,0.661852781328623,0.000335687106876199,0.985382163677119,0.999999999940206,"COL1A1","OE",FALSE,"Activated",2.59681332657232e-11
"PPDPFL",1.73040592016957e-08,0.661637447870944,0.000335312428951073,0.985390322908036,0.999999999940206,"COL1A1","OE",FALSE,"Activated",2.59681332657232e-11
"NEB",1.73040591100807e-08,0.661637445829313,0.000335312425400499,0.985390322985377,0.999999999940206,"COL1A1","OE",FALSE,"Activated",2.59681332657232e-11
"MT1A",1.71745061143622e-08,0.658741057928102,0.000330310349101673,0.985499691442747,0.999999999940206,"COL1A1","OE",FALSE,"Activated",2.59681332657232e-11
"SRPX",1.71320473198525e-08,0.657787737670738,0.000328679182141848,0.98553553515694,0.999999999940206,"COL1A1","OE",FALSE,"Activated",2.59681332657232e-11
"TNFSF14",1.71273531314551e-08,0.657682215448597,0.000328499090340875,0.985539497992564,0.999999999940206,"COL1A1","OE",FALSE,"Activated",2.59681332657232e-11
"DRAM1",1.70933303940283e-08,0.656916664580192,0.000327195288468262,0.985568220011054,0.999999999940206,"COL1A1","OE",FALSE,"Activated",2.59681332657232e-11
"TNFRSF1B",1.70066381647866e-08,0.654960064090308,0.000323884832495491,0.985641405735463,0.999999999940206,"COL1A1","OE",FALSE,"Activated",2.59681332657232e-11
"GBP4",1.69982868465602e-08,0.654771127471156,0.000323566815360061,0.985648455938619,0.999999999940206,"COL1A1","OE",FALSE,"Activated",2.59681332657232e-11
"FJX1",1.69213905202313e-08,0.653027705786389,0.000320645953808337,0.985713372056904,0.999999999940206,"COL1A1","OE",FALSE,"Activated",2.59681332657232e-11
"NCAPD2",1.69049086751573e-08,0.65265313908726,0.000320021624129493,0.985727286094196,0.999999999940206,"COL1A1","OE",FALSE,"Activated",2.59681332657232e-11
"RAD51AP1",1.67963983579955e-08,0.650179281178632,0.000315926458756555,0.985818891031368,0.999999999940206,"COL1A1","OE",FALSE,"Activated",2.59681332657232e-11
"CXCL2",1.65050486184131e-08,0.643468504085124,0.000305061416850642,0.986064850819236,0.999999999940206,"COL1A1","OE",FALSE,"Activated",2.59681332657232e-11
"ABCA10",1.65021005279651e-08,0.6434000818477,0.000304952447970858,0.986067339627655,0.999999999940206,"COL1A1","OE",FALSE,"Activated",2.59681332657232e-11
"MMP11",1.6488816771275e-08,0.643091648975931,0.000304461688182502,0.986078553913997,0.999999999940206,"COL1A1","OE",FALSE,"Activated",2.59681332657232e-11
"AC008393.1",1.64031275270548e-08,0.641096909449915,0.00030130545177194,0.986150893736258,0.999999999940206,"COL1A1","OE",FALSE,"Activated",2.59681332657232e-11
"FMO3",1.62752762578782e-08,0.638104007151554,0.000296626812677328,0.986258827424968,0.999999999940206,"COL1A1","OE",FALSE,"Activated",2.59681332657232e-11
"DTX1",1.62567364936448e-08,0.637668332078604,0.000295951400622118,0.986274478953732,0.999999999940206,"COL1A1","OE",FALSE,"Activated",2.59681332657232e-11
"PSRC1",1.61250904854226e-08,0.634562399609765,0.000291177617221808,0.986385616510208,0.999999999940206,"COL1A1","OE",FALSE,"Activated",2.59681332657232e-11
"ZC3H12A",1.60871773230127e-08,0.633663877983737,0.000289809998682357,0.98641762342594,0.999999999940206,"COL1A1","OE",FALSE,"Activated",2.59681332657232e-11
"ITIH5",1.60637396125814e-08,0.633107507782096,0.000288966154589003,0.986437409937793,0.999999999940206,"COL1A1","OE",FALSE,"Activated",2.59681332657232e-11
"PAMR1",1.6055956411523e-08,0.632922594190415,0.000288686202738175,0.98644398064971,0.999999999940206,"COL1A1","OE",FALSE,"Activated",2.59681332657232e-11
"SYCE1",1.59570193663345e-08,0.630565317581955,0.000285139386820328,0.986527505081312,0.999999999940206,"COL1A1","OE",FALSE,"Activated",2.59681332657232e-11
"ARHGAP15",1.58528056954386e-08,0.628068721889045,0.0002814271160839,0.986615484294837,0.999999999940206,"COL1A1","OE",FALSE,"Activated",2.59681332657232e-11
"OR51E1",1.58004877383973e-08,0.626810053771173,0.000279572630986045,0.986659652196,0.999999999940206,"COL1A1","OE",FALSE,"Activated",2.59681332657232e-11
"ECEL1",1.57676024852829e-08,0.626017067520158,0.000278410103673171,0.986687414627615,0.999999999940206,"COL1A1","OE",FALSE,"Activated",2.59681332657232e-11
"TOP2A",1.57630181878231e-08,0.625906410337325,0.00027824823642755,0.986691284790524,0.999999999940206,"COL1A1","OE",FALSE,"Activated",2.59681332657232e-11
"DBF4",1.5725176650437e-08,0.624991923637774,0.000276913885065539,0.986723231445491,0.999999999940206,"COL1A1","OE",FALSE,"Activated",2.59681332657232e-11
"BRCA2",1.57189810436661e-08,0.624842019469377,0.000276695723883306,0.986728461914502,0.999999999940206,"COL1A1","OE",FALSE,"Activated",2.59681332657232e-11
"AJAP1",1.55543543423975e-08,0.620840150905414,0.000270930341117923,0.986867443644848,0.999999999940206,"COL1A1","OE",FALSE,"Activated",2.59681332657232e-11
"PTGS2",1.54532654704238e-08,0.618364764794045,0.000267420192958374,0.98695278544417,0.999999999940206,"COL1A1","OE",FALSE,"Activated",2.59681332657232e-11
"VEGFD",1.54339752380349e-08,0.617890822929671,0.000266752971140182,0.986969070766452,0.999999999940206,"COL1A1","OE",FALSE,"Activated",2.59681332657232e-11
"IKZF1",1.53978134700104e-08,0.617000993331214,0.000265504432337657,0.986999599498132,0.999999999940206,"COL1A1","OE",FALSE,"Activated",2.59681332657232e-11
"APELA",1.53599777882657e-08,0.616068052692887,0.000264201234423946,0.987031541412919,0.999999999940206,"COL1A1","OE",FALSE,"Activated",2.59681332657232e-11
"HMOX1",1.52973515709027e-08,0.614519493532452,0.000262051206166899,0.987084412219883,0.999999999940206,"COL1A1","OE",FALSE,"Activated",2.59681332657232e-11
"SMOX",1.52564832142437e-08,0.613506006106133,0.000260652886171817,0.987118914461966,0.999999999940206,"COL1A1","OE",FALSE,"Activated",2.59681332657232e-11
"F13A1",1.52411543773027e-08,0.613125268217132,0.000260129371242831,0.987131855513191,0.999999999940206,"COL1A1","OE",FALSE,"Activated",2.59681332657232e-11
"LINC02384",1.51388941855603e-08,0.610576889130124,0.000256650416864996,0.98721818663604,0.999999999940206,"COL1A1","OE",FALSE,"Activated",2.59681332657232e-11
"BHLHE41",1.50057404448142e-08,0.607236400744706,0.000252155547614783,0.987330599244284,0.999999999940206,"COL1A1","OE",FALSE,"Activated",2.59681332657232e-11
"ICAM1",1.49752726498609e-08,0.60646846793565,0.000251132629203769,0.987356321157902,0.999999999940206,"COL1A1","OE",FALSE,"Activated",2.59681332657232e-11
"PTGDS",1.48993771234519e-08,0.604549697186458,0.000248593570936649,0.987420394712175,0.999999999940206,"COL1A1","OE",FALSE,"Activated",2.59681332657232e-11
"AC007952.4",1.48597665077747e-08,0.603544939774798,0.000247273535198178,0.987453835357509,0.999999999940206,"COL1A1","OE",FALSE,"Activated",2.59681332657232e-11
"IL2RG",1.48484683163341e-08,0.603257930286452,0.000246897663657198,0.987463373683701,0.999999999940206,"COL1A1","OE",FALSE,"Activated",2.59681332657232e-11
"KIF20A",1.48420567152663e-08,0.603094972181213,0.0002466844877906,0.98746878658113,0.999999999940206,"COL1A1","OE",FALSE,"Activated",2.59681332657232e-11
"EBF2",1.4707327038524e-08,0.599656619449422,0.000242226228091606,0.987582530210234,0.999999999940206,"COL1A1","OE",FALSE,"Activated",2.59681332657232e-11
"GJA1",1.4602453032804e-08,0.596961441978137,0.000238784044078711,0.987671068785033,0.999999999940206,"COL1A1","OE",FALSE,"Activated",2.59681332657232e-11
"SSTR2",1.45653180737152e-08,0.596003121728914,0.000237571102565638,0.987702419548779,0.999999999940206,"COL1A1","OE",FALSE,"Activated",2.59681332657232e-11
"HIST1H1E",1.45258886610723e-08,0.594983292868401,0.000236286597825075,0.987735707399434,0.999999999940206,"COL1A1","OE",FALSE,"Activated",2.59681332657232e-11
"FADS3",1.44846762188677e-08,0.593914805102026,0.000234947728463219,0.987770500576126,0.999999999940206,"COL1A1","OE",FALSE,"Activated",2.59681332657232e-11
"CITED2",1.4382087369885e-08,0.591243681906664,0.000231631442904295,0.987857110248239,0.999999999940206,"COL1A1","OE",FALSE,"Activated",2.59681332657232e-11
"ADAMTS8",1.43513587672799e-08,0.590440415014697,0.000230642698145942,0.987883052610245,0.999999999940206,"COL1A1","OE",FALSE,"Activated",2.59681332657232e-11
"CKAP2L",1.42252079643687e-08,0.587127205570044,0.000226605744744838,0.987989554489127,0.999999999940206,"COL1A1","OE",FALSE,"Activated",2.59681332657232e-11
"RAMP2",1.41868503269896e-08,0.586114788088401,0.000225385327844117,0.988021937682257,0.999999999940206,"COL1A1","OE",FALSE,"Activated",2.59681332657232e-11
"SGO2",1.41815892998082e-08,0.585975744640013,0.000225218195824469,0.988026379272772,0.999999999940206,"COL1A1","OE",FALSE,"Activated",2.59681332657232e-11
"GBP1",1.41532955318713e-08,0.585227210145012,0.000224320424135253,0.988050266122322,0.999999999940206,"COL1A1","OE",FALSE,"Activated",2.59681332657232e-11
"SEMA5B",1.41275930880085e-08,0.584546117671579,0.000223506430258824,0.988071965270831,0.999999999940206,"COL1A1","OE",FALSE,"Activated",2.59681332657232e-11
"APOBEC3H",1.40543053229374e-08,0.582598201890653,0.000221193538066312,0.988133838116485,0.999999999940206,"COL1A1","OE",FALSE,"Activated",2.59681332657232e-11
"VWF",1.40543053184922e-08,0.582598201772239,0.00022119353792639,0.988133838120238,0.999999999940206,"COL1A1","OE",FALSE,"Activated",2.59681332657232e-11
"CAPN6",1.40331641533932e-08,0.582034671381984,0.000220528578421353,0.988151686461186,0.999999999940206,"COL1A1","OE",FALSE,"Activated",2.59681332657232e-11
"MKI67",1.40055580139415e-08,0.581297715800202,0.000219661781097439,0.988174992838842,0.999999999940206,"COL1A1","OE",FALSE,"Activated",2.59681332657232e-11
"TNFRSF9",1.39286471152484e-08,0.579237960434354,0.000217255879441224,0.988239924624086,0.999999999940206,"COL1A1","OE",FALSE,"Activated",2.59681332657232e-11
"CXCL9",1.38728992958017e-08,0.577738866883198,0.000215520275988878,0.988286989594702,0.999999999940206,"COL1A1","OE",FALSE,"Activated",2.59681332657232e-11
"SHC4",1.38390066890901e-08,0.576824945737155,0.000214468495679187,0.988315603371278,0.999999999940206,"COL1A1","OE",FALSE,"Activated",2.59681332657232e-11
"EVI2A",1.37203708979036e-08,0.573610709978273,0.000210807166278177,0.988415761557863,0.999999999940206,"COL1A1","OE",FALSE,"Activated",2.59681332657232e-11
"ZNF385D",1.37041795774838e-08,0.573170186248155,0.000210309915522134,0.988429431083386,0.999999999940206,"COL1A1","OE",FALSE,"Activated",2.59681332657232e-11
"HYOU1",1.36994566765967e-08,0.573041604281521,0.000210164981383745,0.98843341839405,0.999999999940206,"COL1A1","OE",FALSE,"Activated",2.59681332657232e-11
"CYTIP",1.36111751421674e-08,0.570631094552388,0.000207465034081759,0.988507950162286,0.999999999940206,"COL1A1","OE",FALSE,"Activated",2.59681332657232e-11
"NFATC1",1.35907760345257e-08,0.570072193935238,0.000206843643175165,0.988525172142331,0.999999999940206,"COL1A1","OE",FALSE,"Activated",2.59681332657232e-11
"ASPM",1.35782807206059e-08,0.569729488216863,0.000206463475313986,0.98853572133422,0.999999999940206,"COL1A1","OE",FALSE,"Activated",2.59681332657232e-11
"RAMP1",1.35718643173898e-08,0.569553402053136,0.000206268393192923,0.988541138395282,0.999999999940206,"COL1A1","OE",FALSE,"Activated",2.59681332657232e-11
"ARHGAP11A",1.35558101230662e-08,0.56911251168635,0.000205780690956192,0.988554692182797,0.999999999940206,"COL1A1","OE",FALSE,"Activated",2.59681332657232e-11
"AL355916.1",1.35088409178481e-08,0.567820036650953,0.000204357152151024,0.988594346052604,0.999999999940206,"COL1A1","OE",FALSE,"Activated",2.59681332657232e-11
"NEXN",1.34613520525774e-08,0.566509336627926,0.000202922886778712,0.988634438675364,0.999999999940206,"COL1A1","OE",FALSE,"Activated",2.59681332657232e-11
"NDC80",1.34327725742754e-08,0.565718625469637,0.000202062159876922,0.988658567002983,0.999999999940206,"COL1A1","OE",FALSE,"Activated",2.59681332657232e-11
"SERPINB9",1.33375991239913e-08,0.563075005573177,0.00019920901462261,0.988738917606262,0.999999999940206,"COL1A1","OE",FALSE,"Activated",2.59681332657232e-11
"KLRC1",1.32022289735722e-08,0.559286830688185,0.000195185786261418,0.988853204646689,0.999999999940206,"COL1A1","OE",FALSE,"Activated",2.59681332657232e-11
"ATF3",1.31928980870314e-08,0.559024491068695,0.000194909982406087,0.988861082310622,0.999999999940206,"COL1A1","OE",FALSE,"Activated",2.59681332657232e-11
"OSR2",1.31078035973085e-08,0.556624670365235,0.000192403743654719,0.988932923957862,0.999999999940206,"COL1A1","OE",FALSE,"Activated",2.59681332657232e-11
"MEGF10",1.3105981645431e-08,0.556573142006799,0.000192350260094855,0.988934462155085,0.999999999940206,"COL1A1","OE",FALSE,"Activated",2.59681332657232e-11
"SCRG1",1.2902800551628e-08,0.550787856538868,0.000186432505124532,0.989105999650546,0.999999999940206,"COL1A1","OE",FALSE,"Activated",2.59681332657232e-11
"HMMR",1.28931453936615e-08,0.550510999751022,0.000186153594852735,0.989114151118501,0.999999999940206,"COL1A1","OE",FALSE,"Activated",2.59681332657232e-11
"BDNF",1.28882520330966e-08,0.55037061718485,0.000186012319194814,0.9891182823897,0.999999999940206,"COL1A1","OE",FALSE,"Activated",2.59681332657232e-11
"STMN1",1.28595768998657e-08,0.54954705394823,0.000185185520606318,0.989142491678828,0.999999999940206,"COL1A1","OE",FALSE,"Activated",2.59681332657232e-11
"DIAPH3",1.28205732278058e-08,0.548424317796997,0.00018406387225669,0.989175420963807,0.999999999940206,"COL1A1","OE",FALSE,"Activated",2.59681332657232e-11
"CENPN",1.27697269659513e-08,0.546956279985024,0.000182606776554118,0.989218348514928,0.999999999940206,"COL1A1","OE",FALSE,"Activated",2.59681332657232e-11
"HUNK",1.27155906768555e-08,0.545387730159079,0.000181061763331196,0.989264053744324,0.999999999940206,"COL1A1","OE",FALSE,"Activated",2.59681332657232e-11
"IL32",1.26713754304824e-08,0.544102377587665,0.000179804759736643,0.989301383037252,0.999999999940206,"COL1A1","OE",FALSE,"Activated",2.59681332657232e-11
"FAM43A",1.25393205962924e-08,0.540240458320369,0.000176076614632129,0.989412872176025,0.999999999940206,"COL1A1","OE",FALSE,"Activated",2.59681332657232e-11
"FOXC2",1.25034500555966e-08,0.539185406529538,0.000175070670257583,0.98944315641697,0.999999999940206,"COL1A1","OE",FALSE,"Activated",2.59681332657232e-11
"DNAJA4",1.24524929680887e-08,0.537682144518196,0.000173646597265143,0.98948617772704,0.999999999940206,"COL1A1","OE",FALSE,"Activated",2.59681332657232e-11
"IL10",1.24169504479897e-08,0.536630493520709,0.0001726567505401,0.989516185068024,0.999999999940206,"COL1A1","OE",FALSE,"Activated",2.59681332657232e-11
"PRC1",1.23980870046372e-08,0.536071302539135,0.000172132559523011,0.989532110837763,0.999999999940206,"COL1A1","OE",FALSE,"Activated",2.59681332657232e-11
"PLTP",1.23940165731385e-08,0.535950542275514,0.000172019551963747,0.989535547366497,0.999999999940206,"COL1A1","OE",FALSE,"Activated",2.59681332657232e-11
"PLAU",1.23322599248408e-08,0.534114179134534,0.000170309551980745,0.989587686456241,0.999999999940206,"COL1A1","OE",FALSE,"Activated",2.59681332657232e-11
"PRG4",1.22213846710925e-08,0.530797363276317,0.000167260925208532,0.989681294866783,0.999999999940206,"COL1A1","OE",FALSE,"Activated",2.59681332657232e-11
"IL11",1.22047380490776e-08,0.530297155383712,0.00016680558676342,0.989695349086623,0.999999999940206,"COL1A1","OE",FALSE,"Activated",2.59681332657232e-11
"SMC2",1.22034871892034e-08,0.530259545142953,0.000166771396808309,0.989696405148435,0.999999999940206,"COL1A1","OE",FALSE,"Activated",2.59681332657232e-11
"ACP5",1.21949049980375e-08,0.530001410810442,0.000166536912891899,0.98970365082411,0.999999999940206,"COL1A1","OE",FALSE,"Activated",2.59681332657232e-11
"DKK2",1.21909005551014e-08,0.529880912229654,0.000166427559342766,0.989707031650371,0.999999999940206,"COL1A1","OE",FALSE,"Activated",2.59681332657232e-11
"CKAP5",1.21305155651364e-08,0.528059725140221,0.000164782916786313,0.989758012836191,0.999999999940206,"COL1A1","OE",FALSE,"Activated",2.59681332657232e-11
"SPOCD1",1.21209238353702e-08,0.527769726957828,0.000164522428545866,0.989766110841848,0.999999999940206,"COL1A1","OE",FALSE,"Activated",2.59681332657232e-11
"TXLNB",1.21070025992445e-08,0.527348479246314,0.000164144727912382,0.989777864119893,0.999999999940206,"COL1A1","OE",FALSE,"Activated",2.59681332657232e-11
"BUB1B",1.20805342160952e-08,0.526546415523386,0.000163427804566079,0.989800210580285,0.999999999940206,"COL1A1","OE",FALSE,"Activated",2.59681332657232e-11
"IGHA2",1.20458065063465e-08,0.525491782153884,0.000162489548746218,0.989829530154028,0.999999999940206,"COL1A1","OE",FALSE,"Activated",2.59681332657232e-11
"KIF4A",1.202811815025e-08,0.524953607847589,0.000162012691883906,0.989844463912923,0.999999999940206,"COL1A1","OE",FALSE,"Activated",2.59681332657232e-11
"AKR1C3",1.20183761020444e-08,0.524656912684014,0.000161750357201719,0.989852688839261,0.999999999940206,"COL1A1","OE",FALSE,"Activated",2.59681332657232e-11
"DUSP5",1.20158265752657e-08,0.524579232500935,0.000161681738426162,0.989854841330323,0.999999999940206,"COL1A1","OE",FALSE,"Activated",2.59681332657232e-11
"KLF2",1.19976908708472e-08,0.52402625693299,0.00016119404839849,0.989870152778478,0.999999999940206,"COL1A1","OE",FALSE,"Activated",2.59681332657232e-11
"H2AFZ",1.19944541702266e-08,0.523927491330743,0.000161107087248081,0.989872885431135,0.999999999940206,"COL1A1","OE",FALSE,"Activated",2.59681332657232e-11
"ADM",1.19593280000247e-08,0.522854168348687,0.000160164853697526,0.989902541447643,0.999999999940206,"COL1A1","OE",FALSE,"Activated",2.59681332657232e-11
"SH3BGR",1.19568301747272e-08,0.522777741301334,0.000160097956620252,0.989904650290323,0.999999999940206,"COL1A1","OE",FALSE,"Activated",2.59681332657232e-11
"CD14",1.19448909683762e-08,0.522412242906567,0.000159778392287572,0.98991473022281,0.999999999940206,"COL1A1","OE",FALSE,"Activated",2.59681332657232e-11
"GDF10",1.19439191206654e-08,0.522382477658551,0.000159752393900761,0.989915550726273,0.999999999940206,"COL1A1","OE",FALSE,"Activated",2.59681332657232e-11
"NFKBIA",1.19238143501694e-08,0.521766252619551,0.000159215035594541,0.989932524616274,0.999999999940206,"COL1A1","OE",FALSE,"Activated",2.59681332657232e-11
"CCR6",1.19033192920448e-08,0.52113714686054,0.000158668177528661,0.989949828019789,0.999999999940206,"COL1A1","OE",FALSE,"Activated",2.59681332657232e-11
"ZNF385B",1.18957134445609e-08,0.52090344525678,0.000158465474337447,0.989956249424986,0.999999999940206,"COL1A1","OE",FALSE,"Activated",2.59681332657232e-11
"AL022476.1",1.18896718870071e-08,0.520717717549291,0.000158304553317819,0.989961350144226,0.999999999940206,"COL1A1","OE",FALSE,"Activated",2.59681332657232e-11
"CENPA",1.18492316540307e-08,0.519472427441495,0.000157229505030218,0.989995492720266,0.999999999940206,"COL1A1","OE",FALSE,"Activated",2.59681332657232e-11
"CDCA3",1.18222306547211e-08,0.518638944943977,0.000156513759586294,0.990018288931289,0.999999999940206,"COL1A1","OE",FALSE,"Activated",2.59681332657232e-11
"KIF18A",1.18094447694149e-08,0.518243692955411,0.000156175399611058,0.990029083710142,0.999999999940206,"COL1A1","OE",FALSE,"Activated",2.59681332657232e-11
"ZC3HAV1",1.17794490685046e-08,0.517314988547445,0.000155383043781486,0.990054408280295,0.999999999940206,"COL1A1","OE",FALSE,"Activated",2.59681332657232e-11
"G0S2",1.16077194525169e-08,0.511958632037513,0.000150885488492073,0.990199395206374,0.999999999940206,"COL1A1","OE",FALSE,"Activated",2.59681332657232e-11
"DLGAP5",1.15092172602201e-08,0.508855530650037,0.000148335549161964,0.99028255823639,0.999999999940206,"COL1A1","OE",FALSE,"Activated",2.59681332657232e-11
"TUBA1B",1.14801565033813e-08,0.507935681451137,0.00014758740080103,0.990307093554108,0.999999999940206,"COL1A1","OE",FALSE,"Activated",2.59681332657232e-11
"DHFR",1.14800847112533e-08,0.507933406569663,0.000147585554906258,0.990307154166535,0.999999999940206,"COL1A1","OE",FALSE,"Activated",2.59681332657232e-11
"C15orf48",1.14605717515918e-08,0.507314645325574,0.000147084272277263,0.990323628507432,0.999999999940206,"COL1A1","OE",FALSE,"Activated",2.59681332657232e-11
"KPNA2",1.14535241437585e-08,0.507090941600715,0.000146903430767971,0.99032957864087,0.999999999940206,"COL1A1","OE",FALSE,"Activated",2.59681332657232e-11
"KIF11",1.14245238898479e-08,0.506169176993497,0.000146160455367161,0.99035406289488,0.999999999940206,"COL1A1","OE",FALSE,"Activated",2.59681332657232e-11
"KCNK17",1.13412403108127e-08,0.503510828086372,0.000144037233977591,0.99042437737463,0.999999999940206,"COL1A1","OE",FALSE,"Activated",2.59681332657232e-11
"CENPM",1.13310436897047e-08,0.503184209932195,0.000143778349970595,0.990432986160939,0.999999999940206,"COL1A1","OE",FALSE,"Activated",2.59681332657232e-11
"AC002451.1",1.12997649598812e-08,0.50218071423853,0.000142985660939924,0.990459394121871,0.999999999940206,"COL1A1","OE",FALSE,"Activated",2.59681332657232e-11
"AC129507.1",1.12997649406909e-08,0.502180713622126,0.000142985660454259,0.990459394138073,0.999999999940206,"COL1A1","OE",FALSE,"Activated",2.59681332657232e-11
"TNFSF11",1.12766557783207e-08,0.501437785230434,0.000142401418203359,0.990478904715087,0.999999999940206,"COL1A1","OE",FALSE,"Activated",2.59681332657232e-11
"FAM49A",1.11617818402679e-08,0.497725244818605,0.000139514943268885,0.990575890435585,0.999999999940206,"COL1A1","OE",FALSE,"Activated",2.59681332657232e-11
"ATAD2",1.11362993771923e-08,0.496897253130377,0.000138878642330586,0.990597404777803,0.999999999940206,"COL1A1","OE",FALSE,"Activated",2.59681332657232e-11
"LINC00924",1.10931066780312e-08,0.495490090094106,0.000137803435856944,0.990633871539513,0.999999999940206,"COL1A1","OE",FALSE,"Activated",2.59681332657232e-11
"CALCRL",1.09462433797074e-08,0.490670045504552,0.000134178788772709,0.990757865531796,0.999999999940206,"COL1A1","OE",FALSE,"Activated",2.59681332657232e-11
"HGF",1.09385776390523e-08,0.490416936136112,0.000133990921648034,0.990764337582353,0.999999999940206,"COL1A1","OE",FALSE,"Activated",2.59681332657232e-11
"SUSD5",1.09206499768763e-08,0.489824401456927,0.000133552075652996,0.990779473595867,0.999999999940206,"COL1A1","OE",FALSE,"Activated",2.59681332657232e-11
"TPX2",1.09166267094805e-08,0.489691312123052,0.000133453690165547,0.990782870371043,0.999999999940206,"COL1A1","OE",FALSE,"Activated",2.59681332657232e-11
"CCK",1.09126189559326e-08,0.48955869414499,0.000133355720099065,0.990786254048312,0.999999999940206,"COL1A1","OE",FALSE,"Activated",2.59681332657232e-11
"SORBS1",1.08719016560666e-08,0.488208970436261,0.000132362419620235,0.990820630972431,0.999999999940206,"COL1A1","OE",FALSE,"Activated",2.59681332657232e-11
"VWC2",1.08333938266545e-08,0.486928491914397,0.000131426435654868,0.990853142493885,0.999999999940206,"COL1A1","OE",FALSE,"Activated",2.59681332657232e-11
"CENPF",1.08285773735371e-08,0.48676805857387,0.000131309599036532,0.990857208946408,0.999999999940206,"COL1A1","OE",FALSE,"Activated",2.59681332657232e-11
"PDK4",1.081389263823e-08,0.486278540185769,0.000130953700162293,0.990869607029507,0.999999999940206,"COL1A1","OE",FALSE,"Activated",2.59681332657232e-11
"IKZF2",1.08006804958039e-08,0.485837623369442,0.000130633903757607,0.99088076182828,0.999999999940206,"COL1A1","OE",FALSE,"Activated",2.59681332657232e-11
"AC016831.1",1.07990951295255e-08,0.485784685295421,0.000130595556657858,0.990882100327581,0.999999999940206,"COL1A1","OE",FALSE,"Activated",2.59681332657232e-11
"HSPB8",1.07787726654363e-08,0.485105492523737,0.000130104492134666,0.990899258260071,0.999999999940206,"COL1A1","OE",FALSE,"Activated",2.59681332657232e-11
"AURKB",1.07779523023449e-08,0.485078052282075,0.000130084688606932,0.99089995087964,0.999999999940206,"COL1A1","OE",FALSE,"Activated",2.59681332657232e-11
"GTSE1",1.07525974040425e-08,0.484229074135786,0.000129473365716058,0.990921357622231,0.999999999940206,"COL1A1","OE",FALSE,"Activated",2.59681332657232e-11
"FGFBP2",1.07003906266211e-08,0.482475570817735,0.000128219161247444,0.990965435005381,0.999999999940206,"COL1A1","OE",FALSE,"Activated",2.59681332657232e-11
"SGK1",1.06819952672751e-08,0.481855964957407,0.000127778689450386,0.990980965932311,0.999999999940206,"COL1A1","OE",FALSE,"Activated",2.59681332657232e-11
"SLN",1.06621980172812e-08,0.48118811611403,0.000127305496485289,0.990997680458379,0.999999999940206,"COL1A1","OE",FALSE,"Activated",2.59681332657232e-11
"ANLN",1.05347148003901e-08,0.476861881281529,0.000124279424224372,0.991105312751743,0.999999999940206,"COL1A1","OE",FALSE,"Activated",2.59681332657232e-11
"DDIT4L",1.05204792276914e-08,0.476376003373475,0.000123943773291518,0.991117331656346,0.999999999940206,"COL1A1","OE",FALSE,"Activated",2.59681332657232e-11
"FGF2",1.04260654489215e-08,0.473139192211683,0.000121729141961915,0.991197044004328,0.999999999940206,"COL1A1","OE",FALSE,"Activated",2.59681332657232e-11
"SYNM",1.04177414607214e-08,0.472852614149764,0.000121534846720441,0.991204071845515,0.999999999940206,"COL1A1","OE",FALSE,"Activated",2.59681332657232e-11
"JAG1",1.04158241838376e-08,0.472786578356111,0.000121490116389786,0.991205690578979,0.999999999940206,"COL1A1","OE",FALSE,"Activated",2.59681332657232e-11
"ACKR3",1.04116870945116e-08,0.472644051156482,0.000121393625581711,0.991209183473109,0.999999999940206,"COL1A1","OE",FALSE,"Activated",2.59681332657232e-11
"IGSF10",1.04070136204473e-08,0.472482986470882,0.00012128467059153,0.991213129230543,0.999999999940206,"COL1A1","OE",FALSE,"Activated",2.59681332657232e-11
"TUBB2B",1.03716694619662e-08,0.471262886843629,0.00012046225879296,0.991242969881557,0.999999999940206,"COL1A1","OE",FALSE,"Activated",2.59681332657232e-11
"CFD",1.03413691797177e-08,0.470214061658891,0.000119759438720394,0.991268552057843,0.999999999940206,"COL1A1","OE",FALSE,"Activated",2.59681332657232e-11
"CAPS",1.03267335250503e-08,0.469706513176966,0.000119420698760551,0.991280908774265,0.999999999940206,"COL1A1","OE",FALSE,"Activated",2.59681332657232e-11
"CENPK",1.02549968076067e-08,0.467209801267708,0.000117767302119791,0.991341475297353,0.999999999940206,"COL1A1","OE",FALSE,"Activated",2.59681332657232e-11
"CDKN1A",1.02388476885323e-08,0.466645684871127,0.000117396684604256,0.991355109828213,0.999999999940206,"COL1A1","OE",FALSE,"Activated",2.59681332657232e-11
"MCM10",1.01979726489571e-08,0.465214431362735,0.000116461224694013,0.991389620204163,0.999999999940206,"COL1A1","OE",FALSE,"Activated",2.59681332657232e-11
"PMAIP1",1.01942795236159e-08,0.465084873035504,0.000116376888711745,0.991392738272739,0.999999999940206,"COL1A1","OE",FALSE,"Activated",2.59681332657232e-11
"BIN1",1.01808982781769e-08,0.464615108806434,0.000116071571272688,0.991404035924759,0.999999999940206,"COL1A1","OE",FALSE,"Activated",2.59681332657232e-11
"GPRC5C",1.01354798151326e-08,0.463016680791447,0.000115038257097133,0.99144238229281,0.999999999940206,"COL1A1","OE",FALSE,"Activated",2.59681332657232e-11
"PEG3",1.01335448360459e-08,0.462948446021325,0.000114994337050408,0.991444015977334,0.999999999940206,"COL1A1","OE",FALSE,"Activated",2.59681332657232e-11
"PTPRC",1.00914510989128e-08,0.461461286320745,0.000114040971192745,0.99147955532996,0.999999999940206,"COL1A1","OE",FALSE,"Activated",2.59681332657232e-11
"BAMBI",1.0062953739059e-08,0.460451459018554,0.000113397797501405,0.991503615396703,0.999999999940206,"COL1A1","OE",FALSE,"Activated",2.59681332657232e-11
"PRUNE2",1.00513500082789e-08,0.460039568345134,0.000113136427153858,0.991513412325316,0.999999999940206,"COL1A1","OE",FALSE,"Activated",2.59681332657232e-11
"C1QTNF3",1.00115996240881e-08,0.458625473721503,0.000112243348353241,0.991546973237413,0.999999999940206,"COL1A1","OE",FALSE,"Activated",2.59681332657232e-11
"ICAM4",9.91739830308227e-09,0.455254991488917,0.000110141041422216,0.99162650667307,0.999999999940206,"COL1A1","OE",FALSE,"Activated",2.59681332657232e-11
"HSPA2",9.90137032585129e-09,0.454678785633903,0.00010978532079329,0.991640038976699,0.999999999940206,"COL1A1","OE",FALSE,"Activated",2.59681332657232e-11
"RDH5",9.89276631479293e-09,0.454369141263489,0.000109594603009735,0.991647303281127,0.999999999940206,"COL1A1","OE",FALSE,"Activated",2.59681332657232e-11
"IL24",9.78971221481714e-09,0.450642323043004,0.000107323176300855,0.99173431116748,0.999999999940206,"COL1A1","OE",FALSE,"Activated",2.59681332657232e-11
"PRR11",9.70020191937487e-09,0.447377887256777,0.000105369572086621,0.991809884190187,0.999999999940206,"COL1A1","OE",FALSE,"Activated",2.59681332657232e-11
"HILPDA",9.69947468100908e-09,0.447351259263051,0.000105353773256131,0.991810498193618,0.999999999940206,"COL1A1","OE",FALSE,"Activated",2.59681332657232e-11
"NRGN",9.69230440383325e-09,0.447088626245855,0.000105198066568426,0.99181655202024,0.999999999940206,"COL1A1","OE",FALSE,"Activated",2.59681332657232e-11
"CKAP2",9.67781603714456e-09,0.446557437085467,0.00010488379476531,0.991828784472085,0.999999999940206,"COL1A1","OE",FALSE,"Activated",2.59681332657232e-11
"NPTX2",9.63308739829368e-09,0.444913229187281,0.000103916537631434,0.991866548638881,0.999999999940206,"COL1A1","OE",FALSE,"Activated",2.59681332657232e-11
"RGCC",9.62860801419912e-09,0.444748208149175,0.000103819917754122,0.991870330561546,0.999999999940206,"COL1A1","OE",FALSE,"Activated",2.59681332657232e-11
"KIF14",9.58276548574981e-09,0.443055567238008,0.000102833682220911,0.991909035200549,0.999999999940206,"COL1A1","OE",FALSE,"Activated",2.59681332657232e-11
"CENPE",9.57603695601549e-09,0.442806545819397,0.000102689323773606,0.991914716069313,0.999999999940206,"COL1A1","OE",FALSE,"Activated",2.59681332657232e-11
"NCAPG",9.52914166525783e-09,0.441066780481794,0.000101686016403735,0.991954309573313,0.999999999940206,"COL1A1","OE",FALSE,"Activated",2.59681332657232e-11
"KIF23",9.51598035992642e-09,0.440577190242044,0.000101405320295573,0.991965421613649,0.999999999940206,"COL1A1","OE",FALSE,"Activated",2.59681332657232e-11
"EMX2",9.50622723431844e-09,0.440214006746609,0.000101197561986746,0.991973656141734,0.999999999940206,"COL1A1","OE",FALSE,"Activated",2.59681332657232e-11
"ITGA5",9.50215292105766e-09,0.440062194223773,0.000101110835212463,0.991977096069691,0.999999999940206,"COL1A1","OE",FALSE,"Activated",2.59681332657232e-11
"HMGB2",9.48438798507064e-09,0.439399603705956,0.000100733121142,0.991992094942663,0.999999999940206,"COL1A1","OE",FALSE,"Activated",2.59681332657232e-11
"CCNA2",9.4842845227053e-09,0.439395741684708,0.00010073092341872,0.991992182295583,0.999999999940206,"COL1A1","OE",FALSE,"Activated",2.59681332657232e-11
"CRLF1",9.44076457927348e-09,0.437768024380734,9.98086089869516e-05,0.992028926042745,0.999999999940206,"COL1A1","OE",FALSE,"Activated",2.59681332657232e-11
"WNT6",9.43377775485151e-09,0.437506106281255,9.96609329848904e-05,0.992034824997532,0.999999999940206,"COL1A1","OE",FALSE,"Activated",2.59681332657232e-11
"OSR1",9.35473035233031e-09,0.434531171732469,9.7997774762235e-05,0.992101564511328,0.999999999940206,"COL1A1","OE",FALSE,"Activated",2.59681332657232e-11
"TNNT3",9.31633682135433e-09,0.433078450137141,9.71950237466762e-05,0.992133980088399,0.999999999940206,"COL1A1","OE",FALSE,"Activated",2.59681332657232e-11
"RERG",9.27930587793849e-09,0.431672411828814,9.64238901292771e-05,0.992165245247975,0.999999999940206,"COL1A1","OE",FALSE,"Activated",2.59681332657232e-11
"KLHL41",9.27346874952332e-09,0.431450341247085,9.63026177819419e-05,0.992170173526199,0.999999999940206,"COL1A1","OE",FALSE,"Activated",2.59681332657232e-11
"AL355881.1",9.2491224107762e-09,0.430522802104533,9.57976204677856e-05,0.992190729104447,0.999999999940206,"COL1A1","OE",FALSE,"Activated",2.59681332657232e-11
"GRIN2A",9.20586258417421e-09,0.428869523250423,9.49035903738179e-05,0.992227253325646,0.999999999940206,"COL1A1","OE",FALSE,"Activated",2.59681332657232e-11
"ACTN2",9.17745641645668e-09,0.427780284181634,9.43188134350794e-05,0.992251236628819,0.999999999940206,"COL1A1","OE",FALSE,"Activated",2.59681332657232e-11
"DGKG",9.1514469648113e-09,0.426780408149458,9.37849608561081e-05,0.992273196392798,0.999999999940206,"COL1A1","OE",FALSE,"Activated",2.59681332657232e-11
"SYNPO2L",9.14712499646385e-09,0.426614023459728,9.36963978300436e-05,0.992276845428575,0.999999999940206,"COL1A1","OE",FALSE,"Activated",2.59681332657232e-11
"PXDNL",9.11967835428261e-09,0.425555821328777,9.31349551279421e-05,0.992300018619009,0.999999999940206,"COL1A1","OE",FALSE,"Activated",2.59681332657232e-11
"INHBB",9.11284004875314e-09,0.425291746146686,9.29953347438297e-05,0.992305792198997,0.999999999940206,"COL1A1","OE",FALSE,"Activated",2.59681332657232e-11
"IDO1",9.0484269210352e-09,0.422795923548959,9.16853259909131e-05,0.992360176209551,0.999999999940206,"COL1A1","OE",FALSE,"Activated",2.59681332657232e-11
"CORIN",9.03095510418166e-09,0.422116313724731,9.13315932026509e-05,0.992374927672501,0.999999999940206,"COL1A1","OE",FALSE,"Activated",2.59681332657232e-11
"CALHM6",9.00776445816355e-09,0.421212511539476,9.08631335189313e-05,0.992394507549552,0.999999999940206,"COL1A1","OE",FALSE,"Activated",2.59681332657232e-11
"SNHG9",8.99470062190946e-09,0.420702499211041,9.05997695415114e-05,0.992405537356754,0.999999999940206,"COL1A1","OE",FALSE,"Activated",2.59681332657232e-11
"CADPS",8.98575257420303e-09,0.4203528005078,9.04195994945048e-05,0.992413092201292,0.999999999940206,"COL1A1","OE",FALSE,"Activated",2.59681332657232e-11
"HMGB3",8.97104099025744e-09,0.4197772071483,9.01237697140266e-05,0.992425513206018,0.999999999940206,"COL1A1","OE",FALSE,"Activated",2.59681332657232e-11
"PDE4C",8.83610292129033e-09,0.41445961185509,8.74329634717224e-05,0.992539441634991,0.999999999940206,"COL1A1","OE",FALSE,"Activated",2.59681332657232e-11
"PTX3",8.81976401764448e-09,0.413811013669084,8.71099165359797e-05,0.992553236608028,0.999999999940206,"COL1A1","OE",FALSE,"Activated",2.59681332657232e-11
"CXCL13",8.7979701246738e-09,0.41294426489934,8.66799461617611e-05,0.992571637244264,0.999999999940206,"COL1A1","OE",FALSE,"Activated",2.59681332657232e-11
"BIRC5",8.78525728282817e-09,0.412437820959191,8.64296265340573e-05,0.992582370729026,0.999999999940206,"COL1A1","OE",FALSE,"Activated",2.59681332657232e-11
"SLC7A2",8.75798073765501e-09,0.411349074897226,8.58937647509223e-05,0.992605400390143,0.999999999940206,"COL1A1","OE",FALSE,"Activated",2.59681332657232e-11
"INCENP",8.75448598303914e-09,0.41120937126203,8.5825228920826e-05,0.992608351021395,0.999999999940206,"COL1A1","OE",FALSE,"Activated",2.59681332657232e-11
"CSRNP3",8.75029338386329e-09,0.411041707987333,8.57430437139051e-05,0.992611890844926,0.999999999940206,"COL1A1","OE",FALSE,"Activated",2.59681332657232e-11
"LMNB1",8.74414288426686e-09,0.410795622952356,8.5622550104486e-05,0.99261708372967,0.999999999940206,"COL1A1","OE",FALSE,"Activated",2.59681332657232e-11
"ADH1B",8.72812118998638e-09,0.410153887823843,8.53090690546765e-05,0.99263061089434,0.999999999940206,"COL1A1","OE",FALSE,"Activated",2.59681332657232e-11
"MDK",8.68444607763159e-09,0.408399372631003,8.44574399303977e-05,0.992667485933808,0.999999999940206,"COL1A1","OE",FALSE,"Activated",2.59681332657232e-11
"STX11",8.67727385658965e-09,0.408110527139128,8.4317995851138e-05,0.99267354146487,0.999999999940206,"COL1A1","OE",FALSE,"Activated",2.59681332657232e-11
"COL6A5",8.64255685865001e-09,0.406709474291774,8.36446480075196e-05,0.992702853152407,0.999999999940206,"COL1A1","OE",FALSE,"Activated",2.59681332657232e-11
"MYOC",8.63931175231793e-09,0.406578266895819,8.3581846033059e-05,0.992705593007981,0.999999999940206,"COL1A1","OE",FALSE,"Activated",2.59681332657232e-11
"PTPN7",8.63451216407372e-09,0.406384130555593,8.34890036805828e-05,0.992709645318682,0.999999999940206,"COL1A1","OE",FALSE,"Activated",2.59681332657232e-11
"HMCN2",8.62165252970941e-09,0.405863520439094,8.32405035823892e-05,0.99272050275806,0.999999999940206,"COL1A1","OE",FALSE,"Activated",2.59681332657232e-11
"AC140912.1",8.60497534642055e-09,0.405187367439974,8.29187846333844e-05,0.99273458337087,0.999999999940206,"COL1A1","OE",FALSE,"Activated",2.59681332657232e-11
"GPR183",8.58658105143581e-09,0.40444029155645,8.25646633656668e-05,0.992750113750603,0.999999999940206,"COL1A1","OE",FALSE,"Activated",2.59681332657232e-11
"BRCA1",8.56098395472834e-09,0.403398389306623,8.20731369821785e-05,0.992771725490347,0.999999999940206,"COL1A1","OE",FALSE,"Activated",2.59681332657232e-11
"ECT2",8.52185150251658e-09,0.401800367467912,8.13245354900823e-05,0.992804765199681,0.999999999940206,"COL1A1","OE",FALSE,"Activated",2.59681332657232e-11
"CKS2",8.50538320044755e-09,0.401125981447521,8.1010523223361e-05,0.992818669466531,0.999999999940206,"COL1A1","OE",FALSE,"Activated",2.59681332657232e-11
"MIR155HG",8.49125755158272e-09,0.400546635300297,8.0741663858382e-05,0.992830595821722,0.999999999940206,"COL1A1","OE",FALSE,"Activated",2.59681332657232e-11
"RAB11FIP1",8.37878945110333e-09,0.395904161946358,7.86169555315684e-05,0.99292555325207,0.999999999940206,"COL1A1","OE",FALSE,"Activated",2.59681332657232e-11
"AC044839.1",8.3784315438231e-09,0.395889303085499,7.86102392917255e-05,0.992925855435299,0.999999999940206,"COL1A1","OE",FALSE,"Activated",2.59681332657232e-11
"FMNL1",8.3705101195644e-09,0.395560298157655,7.84616647802167e-05,0.992932543540799,0.999999999940206,"COL1A1","OE",FALSE,"Activated",2.59681332657232e-11
"TRBC2",8.31477204839629e-09,0.393237716115262,7.74202130200226e-05,0.992979603539001,0.999999999940206,"COL1A1","OE",FALSE,"Activated",2.59681332657232e-11
"RGS1",8.31250364645864e-09,0.39314291022382,7.73779758536348e-05,0.992981518765305,0.999999999940206,"COL1A1","OE",FALSE,"Activated",2.59681332657232e-11
"KIT",8.3033452209216e-09,0.39275991593831,7.72075650913522e-05,0.99298925128313,0.999999999940206,"COL1A1","OE",FALSE,"Activated",2.59681332657232e-11
"PIF1",8.23901254425746e-09,0.390059340650312,7.60158218501881e-05,0.993043567796011,0.999999999940206,"COL1A1","OE",FALSE,"Activated",2.59681332657232e-11
"CENPU",8.21246928675715e-09,0.388939826024477,7.55268172895867e-05,0.993065978456783,0.999999999940206,"COL1A1","OE",FALSE,"Activated",2.59681332657232e-11
"CCNB1",8.18696558018856e-09,0.387861228633039,7.50584507595455e-05,0.993087511422476,0.999999999940206,"COL1A1","OE",FALSE,"Activated",2.59681332657232e-11
"MELK",8.17840341759979e-09,0.387498473137716,7.49015363093051e-05,0.993094740520003,0.999999999940206,"COL1A1","OE",FALSE,"Activated",2.59681332657232e-11
"CCL13",8.17444693575545e-09,0.38733073771708,7.48290833202998e-05,0.99309808100723,0.999999999940206,"COL1A1","OE",FALSE,"Activated",2.59681332657232e-11
"FZD4",8.1664050493712e-09,0.386989586428963,7.46819245004318e-05,0.993104870832451,0.999999999940206,"COL1A1","OE",FALSE,"Activated",2.59681332657232e-11
"MIR193BHG",8.14637243393927e-09,0.386138512049522,7.43159766224414e-05,0.993121784522657,0.999999999940206,"COL1A1","OE",FALSE,"Activated",2.59681332657232e-11
"RRM2",8.14418112877357e-09,0.386045306780255,7.42760012635221e-05,0.993123634658532,0.999999999940206,"COL1A1","OE",FALSE,"Activated",2.59681332657232e-11
"DIRC3",8.13512109922293e-09,0.385659717762184,7.41108358658793e-05,0.993131284111845,0.999999999940206,"COL1A1","OE",FALSE,"Activated",2.59681332657232e-11
"KIF20B",8.12151076935283e-09,0.385079777945857,7.38630634875677e-05,0.993142775420244,0.999999999940206,"COL1A1","OE",FALSE,"Activated",2.59681332657232e-11
"PCLAF",8.10592183219715e-09,0.384414503891924,7.3579780830427e-05,0.993155937284059,0.999999999940206,"COL1A1","OE",FALSE,"Activated",2.59681332657232e-11
"GPR65",8.07557801814525e-09,0.383116396553544,7.30299328820011e-05,0.993181556813308,0.999999999940206,"COL1A1","OE",FALSE,"Activated",2.59681332657232e-11
"HIST1H3B",8.05117771930653e-09,0.382069513894312,7.25892808061089e-05,0.993202158189374,0.999999999940206,"COL1A1","OE",FALSE,"Activated",2.59681332657232e-11
"PLN",8.04776206775587e-09,0.381922749966942,7.2527702958764e-05,0.993205042052862,0.999999999940206,"COL1A1","OE",FALSE,"Activated",2.59681332657232e-11
"BUB1",8.02431899518604e-09,0.38091400211408,7.21057730485136e-05,0.993224835239674,0.999999999940206,"COL1A1","OE",FALSE,"Activated",2.59681332657232e-11
"PRKAA2",7.99782303947429e-09,0.379770841700019,7.16303788979889e-05,0.993247206006869,0.999999999940206,"COL1A1","OE",FALSE,"Activated",2.59681332657232e-11
"DERL3",7.96434795479091e-09,0.378321914426549,7.10320123441758e-05,0.993275469321296,0.999999999940206,"COL1A1","OE",FALSE,"Activated",2.59681332657232e-11
"KRT81",7.94480393268276e-09,0.377473558574255,7.06838236699048e-05,0.993291970518468,0.999999999940206,"COL1A1","OE",FALSE,"Activated",2.59681332657232e-11
"POU3F2",7.93454072692441e-09,0.377027341987651,7.050132097659e-05,0.993300635838399,0.999999999940206,"COL1A1","OE",FALSE,"Activated",2.59681332657232e-11
"CORO1A",7.90467313555987e-09,0.375725956433132,6.99715508187346e-05,0.993325853327644,0.999999999940206,"COL1A1","OE",FALSE,"Activated",2.59681332657232e-11
"IGLV3-1",7.89087623693195e-09,0.375123375470358,6.9727505840345e-05,0.993337502181608,0.999999999940206,"COL1A1","OE",FALSE,"Activated",2.59681332657232e-11
"SGO1",7.87095032217273e-09,0.374251511854882,6.93758008913627e-05,0.993354325825237,0.999999999940206,"COL1A1","OE",FALSE,"Activated",2.59681332657232e-11
"STRA6",7.87088327370081e-09,0.374248574936615,6.9374618944727e-05,0.993354382434918,0.999999999940206,"COL1A1","OE",FALSE,"Activated",2.59681332657232e-11
"SCN7A",7.85705906933276e-09,0.373642575638752,6.91311375835447e-05,0.993366054346863,0.999999999940206,"COL1A1","OE",FALSE,"Activated",2.59681332657232e-11
"ESM1",7.85705905708128e-09,0.37364257510129,6.91311373679529e-05,0.993366054357207,0.999999999940206,"COL1A1","OE",FALSE,"Activated",2.59681332657232e-11
"PENK",7.85705904233613e-09,0.373642574454432,6.91311371084794e-05,0.993366054369656,0.999999999940206,"COL1A1","OE",FALSE,"Activated",2.59681332657232e-11
"SPC25",7.84526689120479e-09,0.373124929144766,6.89237839326373e-05,0.993376010600155,0.999999999940206,"COL1A1","OE",FALSE,"Activated",2.59681332657232e-11
"MND1",7.83561980328049e-09,0.372700950004351,6.87543811575194e-05,0.993384155733218,0.999999999940206,"COL1A1","OE",FALSE,"Activated",2.59681332657232e-11
"UBD",7.82354885747478e-09,0.372169813763228,6.85427090328906e-05,0.993394347354764,0.999999999940206,"COL1A1","OE",FALSE,"Activated",2.59681332657232e-11
"PHLDA2",7.81970610269784e-09,0.372000580372322,6.84753922330641e-05,0.993397591831688,0.999999999940206,"COL1A1","OE",FALSE,"Activated",2.59681332657232e-11
"GADD45G",7.81445091578223e-09,0.371769028498206,6.8383386200427e-05,0.993402028839602,0.999999999940206,"COL1A1","OE",FALSE,"Activated",2.59681332657232e-11
"AL024507.2",7.81163210137291e-09,0.371644772014328,6.83340608388817e-05,0.993404408793443,0.999999999940206,"COL1A1","OE",FALSE,"Activated",2.59681332657232e-11
"ERRFI1",7.75866554586095e-09,0.369302765627603,6.74105280631618e-05,0.99344912900897,0.999999999940206,"COL1A1","OE",FALSE,"Activated",2.59681332657232e-11
"DOK2",7.59241977545556e-09,0.361861759085935,6.45526522201035e-05,0.993589492180723,0.999999999940206,"COL1A1","OE",FALSE,"Activated",2.59681332657232e-11
"PTPRN",7.54182373572786e-09,0.359569384806362,6.36951585762794e-05,0.993632211025099,0.999999999940206,"COL1A1","OE",FALSE,"Activated",2.59681332657232e-11
"KIFC1",7.49323729443423e-09,0.357355608983943,6.28771196824058e-05,0.99367323315855,0.999999999940206,"COL1A1","OE",FALSE,"Activated",2.59681332657232e-11
"CXCL1",7.48274427749692e-09,0.356875892518481,6.27011453452736e-05,0.99368209254476,0.999999999940206,"COL1A1","OE",FALSE,"Activated",2.59681332657232e-11
"CDKN3",7.4652661618628e-09,0.356075550792885,6.2408574081372e-05,0.993696849539406,0.999999999940206,"COL1A1","OE",FALSE,"Activated",2.59681332657232e-11
"TMEM59L",7.46228598965532e-09,0.355938925121842,6.23587563869409e-05,0.993699365736804,0.999999999940206,"COL1A1","OE",FALSE,"Activated",2.59681332657232e-11
"UBE2T",7.4585933476833e-09,0.355769571406109,6.229705636945e-05,0.993702483481596,0.999999999940206,"COL1A1","OE",FALSE,"Activated",2.59681332657232e-11
"AOC3",7.44956897178687e-09,0.355355388272325,6.21463974124025e-05,0.99371010287786,0.999999999940206,"COL1A1","OE",FALSE,"Activated",2.59681332657232e-11
"INSIG1",7.44813029264144e-09,0.355289318819655,6.21223959989402e-05,0.99371131757316,0.999999999940206,"COL1A1","OE",FALSE,"Activated",2.59681332657232e-11
"CHI3L2",7.44039227755164e-09,0.354933772714559,6.19933825923153e-05,0.993717850879039,0.999999999940206,"COL1A1","OE",FALSE,"Activated",2.59681332657232e-11
"PDZRN4",7.43989409023125e-09,0.354910871150278,6.19850810721694e-05,0.993718271505029,0.999999999940206,"COL1A1","OE",FALSE,"Activated",2.59681332657232e-11
"CD93",7.43510761552074e-09,0.35469077086998,6.19053502100779e-05,0.993722312787549,0.999999999940206,"COL1A1","OE",FALSE,"Activated",2.59681332657232e-11
"HLA-DPB1",7.39284078214983e-09,0.352741887540676,6.12035161434515e-05,0.993757999228748,0.999999999940206,"COL1A1","OE",FALSE,"Activated",2.59681332657232e-11
"MT1M",7.38957199033705e-09,0.352590768796916,6.11494050570288e-05,0.993760759113025,0.999999999940206,"COL1A1","OE",FALSE,"Activated",2.59681332657232e-11
"ITIH4",7.38529160309448e-09,0.352392796487344,6.10785843581631e-05,0.993764373100851,0.999999999940206,"COL1A1","OE",FALSE,"Activated",2.59681332657232e-11
"NEK2",7.38496788200983e-09,0.352377820051129,6.10732299339114e-05,0.99376464642287,0.999999999940206,"COL1A1","OE",FALSE,"Activated",2.59681332657232e-11
"AGPAT4",7.38287300207626e-09,0.352280890177892,6.10385857920525e-05,0.993766415157885,0.999999999940206,"COL1A1","OE",FALSE,"Activated",2.59681332657232e-11
"SELL",7.36572895385091e-09,0.351486748997308,6.07554349212765e-05,0.993780890107181,0.999999999940206,"COL1A1","OE",FALSE,"Activated",2.59681332657232e-11
"DEPDC1",7.33166409788036e-09,0.349904090578727,6.01947736818288e-05,0.993809651526917,0.999999999940206,"COL1A1","OE",FALSE,"Activated",2.59681332657232e-11
"RGS7BP",7.31685393491003e-09,0.349214039937084,5.9951829112984e-05,0.993822155950816,0.999999999940206,"COL1A1","OE",FALSE,"Activated",2.59681332657232e-11
"PCK1",7.316142997091e-09,0.349180885047074,5.9940179310393e-05,0.993822756205414,0.999999999940206,"COL1A1","OE",FALSE,"Activated",2.59681332657232e-11
"TRIP13",7.28998192629146e-09,0.347958925967349,5.95122774309764e-05,0.993844844360443,0.999999999940206,"COL1A1","OE",FALSE,"Activated",2.59681332657232e-11
"CDCA5",7.28896886890973e-09,0.347911531395211,5.94957382506357e-05,0.99384569969894,0.999999999940206,"COL1A1","OE",FALSE,"Activated",2.59681332657232e-11
"CEP55",7.2809502240371e-09,0.347536190011034,5.93649069113374e-05,0.993852469953057,0.999999999940206,"COL1A1","OE",FALSE,"Activated",2.59681332657232e-11
"CD7",7.25130106990751e-09,0.346145268373351,5.88824051822905e-05,0.993877503152777,0.999999999940206,"COL1A1","OE",FALSE,"Activated",2.59681332657232e-11
"HES5",7.22203506145405e-09,0.34476752821607,5.84080694856782e-05,0.9939022128631,0.999999999940206,"COL1A1","OE",FALSE,"Activated",2.59681332657232e-11
"LONRF2",7.19627062670605e-09,0.343550659865975,5.79920740985828e-05,0.993923966149408,0.999999999940206,"COL1A1","OE",FALSE,"Activated",2.59681332657232e-11
"COLGALT2",7.18528930408399e-09,0.343030869730297,5.78152203321219e-05,0.993933237840899,0.999999999940206,"COL1A1","OE",FALSE,"Activated",2.59681332657232e-11
"STMN2",7.16583555015506e-09,0.342108370059762,5.7502581422003e-05,0.993949662932216,0.999999999940206,"COL1A1","OE",FALSE,"Activated",2.59681332657232e-11
"SLPI",7.11915892025445e-09,0.339886165362067,5.6755903628026e-05,0.993989072709602,0.999999999940206,"COL1A1","OE",FALSE,"Activated",2.59681332657232e-11
"MAD2L1",7.11166327228109e-09,0.339528144701546,5.66364517886634e-05,0.993995401398766,0.999999999940206,"COL1A1","OE",FALSE,"Activated",2.59681332657232e-11
"SERPINE2",7.0887762362734e-09,0.338432965980734,5.62724990379084e-05,0.994014725272409,0.999999999940206,"COL1A1","OE",FALSE,"Activated",2.59681332657232e-11
"RTKN2",7.0606048848277e-09,0.337080752485595,5.58261251374733e-05,0.994038510779007,0.999999999940206,"COL1A1","OE",FALSE,"Activated",2.59681332657232e-11
"CCL3L1",7.05278147168642e-09,0.336704410733816,5.57024788266969e-05,0.994045116208347,0.999999999940206,"COL1A1","OE",FALSE,"Activated",2.59681332657232e-11
"HSPA6",6.97899172773155e-09,0.3331370587738,5.45430015898285e-05,0.994107418056342,0.999999999940206,"COL1A1","OE",FALSE,"Activated",2.59681332657232e-11
"MTURN",6.96084798091844e-09,0.332254948397662,5.42597721301068e-05,0.994122737114284,0.999999999940206,"COL1A1","OE",FALSE,"Activated",2.59681332657232e-11
"SMPX",6.94571840179677e-09,0.331517871016967,5.40241584909479e-05,0.994135511263507,0.999999999940206,"COL1A1","OE",FALSE,"Activated",2.59681332657232e-11
"CD1A",6.94571836536758e-09,0.331517869240565,5.40241579242516e-05,0.994135511294265,0.999999999940206,"COL1A1","OE",FALSE,"Activated",2.59681332657232e-11
"MMP7",6.94514795283527e-09,0.331490053155333,5.40152848920517e-05,0.994135992902854,0.999999999940206,"COL1A1","OE",FALSE,"Activated",2.59681332657232e-11
"LAPTM5",6.92653124450843e-09,0.330581134494516,5.37260933425521e-05,0.994151711293998,0.999999999940206,"COL1A1","OE",FALSE,"Activated",2.59681332657232e-11
"ZNF141",6.90426203134222e-09,0.329491133693956,5.3381183466771e-05,0.994170513557661,0.999999999940206,"COL1A1","OE",FALSE,"Activated",2.59681332657232e-11
"HELLS",6.83923897333314e-09,0.326291129999617,5.23804499720126e-05,0.994225413615579,0.999999999940206,"COL1A1","OE",FALSE,"Activated",2.59681332657232e-11
"CDCA8",6.80431962575432e-09,0.3245618450921,5.18469339717892e-05,0.994254896617425,0.999999999940206,"COL1A1","OE",FALSE,"Activated",2.59681332657232e-11
"NUF2",6.79921780520388e-09,0.324308554342883,5.17692143458208e-05,0.994259204172351,0.999999999940206,"COL1A1","OE",FALSE,"Activated",2.59681332657232e-11
"PEG10",6.78839009364638e-09,0.323770448874075,5.16044613384478e-05,0.994268346196188,0.999999999940206,"COL1A1","OE",FALSE,"Activated",2.59681332657232e-11
"LINC01220",6.78218359489828e-09,0.323461672039793,5.15101424776068e-05,0.994273586450592,0.999999999940206,"COL1A1","OE",FALSE,"Activated",2.59681332657232e-11
"IGHG4",6.77786203724662e-09,0.323246528909375,5.14445196213646e-05,0.994277235216723,0.999999999940206,"COL1A1","OE",FALSE,"Activated",2.59681332657232e-11
"PCNA",6.77169678048047e-09,0.322939395832683,5.13509725943028e-05,0.994282440650222,0.999999999940206,"COL1A1","OE",FALSE,"Activated",2.59681332657232e-11
"CENPW",6.75396206074085e-09,0.322054570256567,5.10823537812134e-05,0.994297414383855,0.999999999940206,"COL1A1","OE",FALSE,"Activated",2.59681332657232e-11
"CCNF",6.67982733471193e-09,0.318334102821323,4.99670995245988e-05,0.994360007649574,0.999999999940206,"COL1A1","OE",FALSE,"Activated",2.59681332657232e-11
"NEDD9",6.65625662574278e-09,0.317143779598256,4.96150898224632e-05,0.994379908825032,0.999999999940206,"COL1A1","OE",FALSE,"Activated",2.59681332657232e-11
"PLA2G7",6.64756645346251e-09,0.31670401255174,4.94856229925342e-05,0.994387246095385,0.999999999940206,"COL1A1","OE",FALSE,"Activated",2.59681332657232e-11
"SLC9B1",6.63493976004337e-09,0.316064157758156,4.92978109955166e-05,0.994397907042906,0.999999999940206,"COL1A1","OE",FALSE,"Activated",2.59681332657232e-11
"SLC13A5",6.6298565104669e-09,0.315806270302043,4.92223025230817e-05,0.994402198923507,0.999999999940206,"COL1A1","OE",FALSE,"Activated",2.59681332657232e-11
"FANCI",6.60223553042243e-09,0.314402008639435,4.88130218242775e-05,0.994425519825033,0.999999999940206,"COL1A1","OE",FALSE,"Activated",2.59681332657232e-11
"CD36",6.60046551366911e-09,0.314311848560054,4.87868524201757e-05,0.994427014282899,0.999999999940206,"COL1A1","OE",FALSE,"Activated",2.59681332657232e-11
"CKS1B",6.57936867498495e-09,0.313235630151903,4.84754793881063e-05,0.994444826735307,0.999999999940206,"COL1A1","OE",FALSE,"Activated",2.59681332657232e-11
"C5AR1",6.57046117426979e-09,0.312780340503307,4.83443108536107e-05,0.994452347504295,0.999999999940206,"COL1A1","OE",FALSE,"Activated",2.59681332657232e-11
"AURKA",6.49438720596449e-09,0.308870245032551,4.72313135494695e-05,0.994516578194605,0.999999999940206,"COL1A1","OE",FALSE,"Activated",2.59681332657232e-11
"CXCL14",6.48834665671876e-09,0.308558088206511,4.71434929796243e-05,0.994521678346113,0.999999999940206,"COL1A1","OE",FALSE,"Activated",2.59681332657232e-11
"SRGN",6.47482365976043e-09,0.307858356920165,4.69471850492231e-05,0.994533096072453,0.999999999940206,"COL1A1","OE",FALSE,"Activated",2.59681332657232e-11
"SCNN1D",6.43931585928449e-09,0.306015062613373,4.64336821357983e-05,0.99456307599643,0.999999999940206,"COL1A1","OE",FALSE,"Activated",2.59681332657232e-11
"AC103706.1",6.41556254464808e-09,0.304777098013293,4.60917453212854e-05,0.994583131384533,0.999999999940206,"COL1A1","OE",FALSE,"Activated",2.59681332657232e-11
"RASGRP1",6.39881952470018e-09,0.303902128081756,4.58514832978004e-05,0.994597267845784,0.999999999940206,"COL1A1","OE",FALSE,"Activated",2.59681332657232e-11
"LINC02054",6.39064310964301e-09,0.303474124580356,4.57343800624967e-05,0.994604171354548,0.999999999940206,"COL1A1","OE",FALSE,"Activated",2.59681332657232e-11
"HAO2",6.3507225894115e-09,0.301377670293224,4.51647854928432e-05,0.994637877044233,0.999999999940206,"COL1A1","OE",FALSE,"Activated",2.59681332657232e-11
"LRRC2",6.33267535014425e-09,0.300426194044805,4.49084551243522e-05,0.994653114690646,0.999999999940206,"COL1A1","OE",FALSE,"Activated",2.59681332657232e-11
"FGF18",6.29813493100827e-09,0.298598669021787,4.44199012268128e-05,0.994682277865358,0.999999999940206,"COL1A1","OE",FALSE,"Activated",2.59681332657232e-11
"ORC6",6.27335710636016e-09,0.297282376896361,4.40710793882305e-05,0.994703198288402,0.999999999940206,"COL1A1","OE",FALSE,"Activated",2.59681332657232e-11
"UBE2S",6.26462340227968e-09,0.296817346172519,4.3948454187782e-05,0.994710572333873,0.999999999940206,"COL1A1","OE",FALSE,"Activated",2.59681332657232e-11
"LINC02076",6.25655073203338e-09,0.296387017671225,4.38352621352305e-05,0.994717388255323,0.999999999940206,"COL1A1","OE",FALSE,"Activated",2.59681332657232e-11
"RPA3",6.25052934346027e-09,0.296065726249089,4.37509274454898e-05,0.994722472237736,0.999999999940206,"COL1A1","OE",FALSE,"Activated",2.59681332657232e-11
"LDLRAD4",6.24735108231084e-09,0.295896032369708,4.37064459262924e-05,0.994725155709183,0.999999999940206,"COL1A1","OE",FALSE,"Activated",2.59681332657232e-11
"TUBA1C",6.23196430419674e-09,0.295073452087557,4.34914193605019e-05,0.994738147084175,0.999999999940206,"COL1A1","OE",FALSE,"Activated",2.59681332657232e-11
"SLAMF1",6.20629333309645e-09,0.293697190481195,4.31338539393493e-05,0.994759821619106,0.999999999940206,"COL1A1","OE",FALSE,"Activated",2.59681332657232e-11
"PDGFB",6.19649378596349e-09,0.293170533010491,4.2997747409094e-05,0.99476809558163,0.999999999940206,"COL1A1","OE",FALSE,"Activated",2.59681332657232e-11
"SGCA",6.1741578811364e-09,0.29196745813939,4.26883264017178e-05,0.994786954255156,0.999999999940206,"COL1A1","OE",FALSE,"Activated",2.59681332657232e-11
"IGHG3",6.13930451799378e-09,0.290082678033892,4.2207732177743e-05,0.994816381687432,0.999999999940206,"COL1A1","OE",FALSE,"Activated",2.59681332657232e-11
"AC093772.1",6.13891103348665e-09,0.290061347059797,4.22023219374084e-05,0.994816713914771,0.999999999940206,"COL1A1","OE",FALSE,"Activated",2.59681332657232e-11
"LTC4S",6.13033459835165e-09,0.289596122973122,4.20844858441153e-05,0.994823955181604,0.999999999940206,"COL1A1","OE",FALSE,"Activated",2.59681332657232e-11
"KIF2C",6.11930745582809e-09,0.28899714043762,4.19332202862932e-05,0.994833265633502,0.999999999940206,"COL1A1","OE",FALSE,"Activated",2.59681332657232e-11
"TACC3",6.11009147411767e-09,0.288495827473425,4.18070083634006e-05,0.994841046884192,0.999999999940206,"COL1A1","OE",FALSE,"Activated",2.59681332657232e-11
"SEMA3C",6.08261653697585e-09,0.286997440422309,4.14318708044438e-05,0.994864244564819,0.999999999940206,"COL1A1","OE",FALSE,"Activated",2.59681332657232e-11
"NAV3",6.06562331644576e-09,0.28606778094848,4.12006948184644e-05,0.994878592308742,0.999999999940206,"COL1A1","OE",FALSE,"Activated",2.59681332657232e-11
"CADM1",6.06487315034897e-09,0.286026689640435,4.11905044549782e-05,0.994879225690254,0.999999999940206,"COL1A1","OE",FALSE,"Activated",2.59681332657232e-11
"LRRC10B",6.01442985519174e-09,0.283253537980111,4.0508167345634e-05,0.994921816066187,0.999999999940206,"COL1A1","OE",FALSE,"Activated",2.59681332657232e-11
"LINC00158",5.97692004070983e-09,0.281178448278177,4.00044734834582e-05,0.994953486431268,0.999999999940206,"COL1A1","OE",FALSE,"Activated",2.59681332657232e-11
"ARL6IP1",5.97225350045047e-09,0.280919508623385,3.99420300819462e-05,0.994957426494865,0.999999999940206,"COL1A1","OE",FALSE,"Activated",2.59681332657232e-11
"TYMS",5.94602044167723e-09,0.279460634951133,3.95919108534347e-05,0.994979575651378,0.999999999940206,"COL1A1","OE",FALSE,"Activated",2.59681332657232e-11
"ZWINT",5.93870259112023e-09,0.279052689542548,3.9494518184246e-05,0.994985754276481,0.999999999940206,"COL1A1","OE",FALSE,"Activated",2.59681332657232e-11
"KNSTRN",5.93505215351462e-09,0.278849028762205,3.9445979648483e-05,0.994988836422812,0.999999999940206,"COL1A1","OE",FALSE,"Activated",2.59681332657232e-11
"COL21A1",5.93434587830687e-09,0.278809612707639,3.94365920107376e-05,0.994989432746817,0.999999999940206,"COL1A1","OE",FALSE,"Activated",2.59681332657232e-11
"MYOM1",5.93345922481753e-09,0.278760124341049,3.94248084105083e-05,0.994990181368256,0.999999999940206,"COL1A1","OE",FALSE,"Activated",2.59681332657232e-11
"PTTG1",5.91715759539361e-09,0.277849120087693,3.92084739827191e-05,0.9950039452006,0.999999999940206,"COL1A1","OE",FALSE,"Activated",2.59681332657232e-11
"SCN2A",5.87725957409014e-09,0.275610332601492,3.86815092999588e-05,0.99503763200355,0.999999999940206,"COL1A1","OE",FALSE,"Activated",2.59681332657232e-11
"ARMC4",5.87725957007859e-09,0.275610332375739,3.86815092471544e-05,0.995037632006938,0.999999999940206,"COL1A1","OE",FALSE,"Activated",2.59681332657232e-11
"AL109910.2",5.87725954947875e-09,0.275610331216463,3.86815089759964e-05,0.995037632024331,0.999999999940206,"COL1A1","OE",FALSE,"Activated",2.59681332657232e-11
"CAMK2B",5.87725954459984e-09,0.275610330941898,3.86815089117747e-05,0.99503763202845,0.999999999940206,"COL1A1","OE",FALSE,"Activated",2.59681332657232e-11
"TMC5",5.87725952725261e-09,0.275610329965667,3.86815086834312e-05,0.995037632043097,0.999999999940206,"COL1A1","OE",FALSE,"Activated",2.59681332657232e-11
"TMOD1",5.86695765158064e-09,0.27503014604156,3.85460228007168e-05,0.995046330151471,0.999999999940206,"COL1A1","OE",FALSE,"Activated",2.59681332657232e-11
"APOC1",5.84716953599008e-09,0.273913257492296,3.82864447057708e-05,0.995063037710018,0.999999999940206,"COL1A1","OE",FALSE,"Activated",2.59681332657232e-11
"PILRA",5.78451806885951e-09,0.270355544667961,3.74703742745932e-05,0.995115935790796,0.999999999940206,"COL1A1","OE",FALSE,"Activated",2.59681332657232e-11
"MYBL2",5.7590178633694e-09,0.26889802376684,3.71407370822811e-05,0.995137466209438,0.999999999940206,"COL1A1","OE",FALSE,"Activated",2.59681332657232e-11
"XIRP1",5.75118418936604e-09,0.268449161095333,3.70397648148196e-05,0.995144080363939,0.999999999940206,"COL1A1","OE",FALSE,"Activated",2.59681332657232e-11
"GADD45A",5.66462362054645e-09,0.26345407897555,3.59331909280729e-05,0.995217165502399,0.999999999940206,"COL1A1","OE",FALSE,"Activated",2.59681332657232e-11
"MARCH1",5.65751427845408e-09,0.263040922132608,3.58430521804754e-05,0.995223168090105,0.999999999940206,"COL1A1","OE",FALSE,"Activated",2.59681332657232e-11
"TENT5C",5.64765336309291e-09,0.262467120673315,3.57182138635049e-05,0.995231493897435,0.999999999940206,"COL1A1","OE",FALSE,"Activated",2.59681332657232e-11
"TNFRSF11B",5.58776235275605e-09,0.258963516383919,3.49646770873967e-05,0.995282061324925,0.999999999940206,"COL1A1","OE",FALSE,"Activated",2.59681332657232e-11
"CDC20",5.5742331982706e-09,0.25816760716188,3.47955683028675e-05,0.995293484319665,0.999999999940206,"COL1A1","OE",FALSE,"Activated",2.59681332657232e-11
"ZC3H12D",5.55046146327384e-09,0.256765112473316,3.44994245013291e-05,0.995313555377003,0.999999999940206,"COL1A1","OE",FALSE,"Activated",2.59681332657232e-11
"EGR4",5.54136727031872e-09,0.256227206508397,3.43864654628989e-05,0.995321233827354,0.999999999940206,"COL1A1","OE",FALSE,"Activated",2.59681332657232e-11
"LINC02515",5.53806491290776e-09,0.256031690274473,3.43454927004879e-05,0.995324022088887,0.999999999940206,"COL1A1","OE",FALSE,"Activated",2.59681332657232e-11
"TRPA1",5.53349568032865e-09,0.255761003640937,3.42888419362505e-05,0.995327880004358,0.999999999940206,"COL1A1","OE",FALSE,"Activated",2.59681332657232e-11
"GAP43",5.48784940916907e-09,0.253046287476633,3.3725472121666e-05,0.995366420279997,0.999999999940206,"COL1A1","OE",FALSE,"Activated",2.59681332657232e-11
"SERPINE1",5.48421587667513e-09,0.252829359391135,3.36808272993829e-05,0.99536948816181,0.999999999940206,"COL1A1","OE",FALSE,"Activated",2.59681332657232e-11
"HIST1H2BN",5.47087234282345e-09,0.252031668435435,3.3517130417107e-05,0.995380754439743,0.999999999940206,"COL1A1","OE",FALSE,"Activated",2.59681332657232e-11
"TNFSF9",5.46124270404875e-09,0.251454960645572,3.33992428902526e-05,0.995388884984146,0.999999999940206,"COL1A1","OE",FALSE,"Activated",2.59681332657232e-11
"AGT",5.45944969375552e-09,0.251347483035306,3.337731551624e-05,0.995390398867548,0.999999999940206,"COL1A1","OE",FALSE,"Activated",2.59681332657232e-11
"PLK1",5.45616023737468e-09,0.251150225869757,3.33371062815876e-05,0.995393176237826,0.999999999940206,"COL1A1","OE",FALSE,"Activated",2.59681332657232e-11
"TAGAP",5.44962776717183e-09,0.250758193877266,3.32573273610398e-05,0.995398691765932,0.999999999940206,"COL1A1","OE",FALSE,"Activated",2.59681332657232e-11
"CCL19",5.44672310932078e-09,0.250583747661711,3.3221884421857e-05,0.995401144241333,0.999999999940206,"COL1A1","OE",FALSE,"Activated",2.59681332657232e-11
"FEN1",5.42433602332194e-09,0.249236552896136,3.29493489143219e-05,0.995420046220414,0.999999999940206,"COL1A1","OE",FALSE,"Activated",2.59681332657232e-11
"CAV1",5.41458784861478e-09,0.248648442754938,3.28310275586108e-05,0.995428276850001,0.999999999940206,"COL1A1","OE",FALSE,"Activated",2.59681332657232e-11
"OASL",5.3889799071739e-09,0.247099170090255,3.25212174848761e-05,0.995449898282667,0.999999999940206,"COL1A1","OE",FALSE,"Activated",2.59681332657232e-11
"SIGLEC1",5.35044049592825e-09,0.244755600631,3.20577283195489e-05,0.995482438088663,0.999999999940206,"COL1A1","OE",FALSE,"Activated",2.59681332657232e-11
"EFNA2",5.29593015697726e-09,0.241415994541495,3.14078468832143e-05,0.995528462568301,0.999999999940206,"COL1A1","OE",FALSE,"Activated",2.59681332657232e-11
"IL2RB",5.26530330132498e-09,0.239526663685296,3.10456283049096e-05,0.995554321615922,0.999999999940206,"COL1A1","OE",FALSE,"Activated",2.59681332657232e-11
"UBE2C",5.2512853695451e-09,0.238658768995913,3.08805414487359e-05,0.995566157320419,0.999999999940206,"COL1A1","OE",FALSE,"Activated",2.59681332657232e-11
"FOXM1",5.24543289676352e-09,0.238295835609158,3.08117480746793e-05,0.995571098715738,0.999999999940206,"COL1A1","OE",FALSE,"Activated",2.59681332657232e-11
"MYL3",5.21653841130398e-09,0.236498874585645,3.04732297702823e-05,0.995595495085454,0.999999999940206,"COL1A1","OE",FALSE,"Activated",2.59681332657232e-11
"DTL",5.19165594618356e-09,0.23494456733161,3.01832134322723e-05,0.995616504004777,0.999999999940206,"COL1A1","OE",FALSE,"Activated",2.59681332657232e-11
"BIRC3",5.15135844733878e-09,0.232413736501547,2.97164692776652e-05,0.995650528248689,0.999999999940206,"COL1A1","OE",FALSE,"Activated",2.59681332657232e-11
"ZBTB16",5.14906558428223e-09,0.23226922623587,2.96900216399414e-05,0.99565246417384,0.999999999940206,"COL1A1","OE",FALSE,"Activated",2.59681332657232e-11
"ZFAND2A",5.14536608643441e-09,0.232035944802242,2.96473736250243e-05,0.995655587758141,0.999999999940206,"COL1A1","OE",FALSE,"Activated",2.59681332657232e-11
"LINC02446",5.1453456333941e-09,0.232034654682836,2.96471379264511e-05,0.995655605027187,0.999999999940206,"COL1A1","OE",FALSE,"Activated",2.59681332657232e-11
"GMPR",5.12928650389047e-09,0.23102033018818,2.94623634632707e-05,0.995669164177576,0.999999999940206,"COL1A1","OE",FALSE,"Activated",2.59681332657232e-11
"LINC00520",5.11332957106678e-09,0.230009758661535,2.92793369618723e-05,0.995682637041827,0.999999999940206,"COL1A1","OE",FALSE,"Activated",2.59681332657232e-11
"FAM83D",5.10714182576373e-09,0.229617153332158,2.92085167823355e-05,0.99568786152066,0.999999999940206,"COL1A1","OE",FALSE,"Activated",2.59681332657232e-11
"C9",5.10520437003396e-09,0.229494140104521,2.91863597810067e-05,0.995689497366382,0.999999999940206,"COL1A1","OE",FALSE,"Activated",2.59681332657232e-11
"BCAT1",5.1047926832903e-09,0.229467996069583,2.91816527596723e-05,0.99568984496452,0.999999999940206,"COL1A1","OE",FALSE,"Activated",2.59681332657232e-11
"NDRG2",5.10256584153237e-09,0.229326549836304,2.91561987389701e-05,0.995691725146637,0.999999999940206,"COL1A1","OE",FALSE,"Activated",2.59681332657232e-11
"SLC7A8",5.08814848598573e-09,0.22840949382084,2.89916691915148e-05,0.995703898106511,0.999999999940206,"COL1A1","OE",FALSE,"Activated",2.59681332657232e-11
"TCOF1",5.0693062791136e-09,0.227207616567279,2.87773454256091e-05,0.995719807088513,0.999999999940206,"COL1A1","OE",FALSE,"Activated",2.59681332657232e-11
"AKAP6",5.01622428252142e-09,0.223800979463202,2.81778309599949e-05,0.995764625654948,0.999999999940206,"COL1A1","OE",FALSE,"Activated",2.59681332657232e-11
"MTHFD2",4.98877581216083e-09,0.222027275217949,2.7870299952226e-05,0.995787801146641,0.999999999940206,"COL1A1","OE",FALSE,"Activated",2.59681332657232e-11
"MAP3K7CL",4.97920543511554e-09,0.221406874350051,2.77634707642105e-05,0.995795881677679,0.999999999940206,"COL1A1","OE",FALSE,"Activated",2.59681332657232e-11
"CXCL8",4.97323751299554e-09,0.221019485030512,2.76969577681679e-05,0.995800920557734,0.999999999940206,"COL1A1","OE",FALSE,"Activated",2.59681332657232e-11
"C7",4.96044949267836e-09,0.220188045361289,2.75547027954665e-05,0.995811717834002,0.999999999940206,"COL1A1","OE",FALSE,"Activated",2.59681332657232e-11
"PLK3",4.9438167743659e-09,0.219103879188671,2.73702270784589e-05,0.995825761295377,0.999999999940206,"COL1A1","OE",FALSE,"Activated",2.59681332657232e-11
"MS4A6A",4.9345286018106e-09,0.218497088369987,2.72674803154498e-05,0.9958336035554,0.999999999940206,"COL1A1","OE",FALSE,"Activated",2.59681332657232e-11
"MCM3",4.91396340935462e-09,0.217150082361959,2.70406734574899e-05,0.995850967315492,0.999999999940206,"COL1A1","OE",FALSE,"Activated",2.59681332657232e-11
"CCNB2",4.89965865393372e-09,0.21621027599083,2.68834695153397e-05,0.995863045216814,0.999999999940206,"COL1A1","OE",FALSE,"Activated",2.59681332657232e-11
"CST7",4.87103646220483e-09,0.214322741802291,2.65702981718136e-05,0.995887211729126,0.999999999940206,"COL1A1","OE",FALSE,"Activated",2.59681332657232e-11
"NTRK3",4.86802097124459e-09,0.214123327035582,2.65374108411476e-05,0.995889757792209,0.999999999940206,"COL1A1","OE",FALSE,"Activated",2.59681332657232e-11
"ATP1A2",4.84418499172197e-09,0.212543310689482,2.62781693239451e-05,0.995909883175685,0.999999999940206,"COL1A1","OE",FALSE,"Activated",2.59681332657232e-11
"LST1",4.81816165253099e-09,0.210810666907571,2.59965909455082e-05,0.995931855411014,0.999999999940206,"COL1A1","OE",FALSE,"Activated",2.59681332657232e-11
"CD69",4.8018761185202e-09,0.209722281534205,2.58211493985186e-05,0.995945605745819,0.999999999940206,"COL1A1","OE",FALSE,"Activated",2.59681332657232e-11
"WEE1",4.76734543573707e-09,0.207404031649098,2.54511206705462e-05,0.995974760977314,0.999999999940206,"COL1A1","OE",FALSE,"Activated",2.59681332657232e-11
"CLDN5",4.76690015650642e-09,0.207374043459512,2.54463665253604e-05,0.99597513693919,0.999999999940206,"COL1A1","OE",FALSE,"Activated",2.59681332657232e-11
"NEAT1",4.76203922117183e-09,0.207046517982746,2.53944963071802e-05,0.995979241164731,0.999999999940206,"COL1A1","OE",FALSE,"Activated",2.59681332657232e-11
"TRIM72",4.74615352921704e-09,0.205974150319584,2.52253518459659e-05,0.995992653905649,0.999999999940206,"COL1A1","OE",FALSE,"Activated",2.59681332657232e-11
"MCM4",4.74092245290938e-09,0.205620351249379,2.51697771492614e-05,0.995997070652201,0.999999999940206,"COL1A1","OE",FALSE,"Activated",2.59681332657232e-11
"TK1",4.72738624743628e-09,0.20470328543882,2.50262536500562e-05,0.996008499656161,0.999999999940206,"COL1A1","OE",FALSE,"Activated",2.59681332657232e-11
"INSYN2B",4.72645041529364e-09,0.204639800431367,2.50163462495586e-05,0.996009289805934,0.999999999940206,"COL1A1","OE",FALSE,"Activated",2.59681332657232e-11
"MYH11",4.72414730522553e-09,0.204483516048897,2.4991972202904e-05,0.996011234387477,0.999999999940206,"COL1A1","OE",FALSE,"Activated",2.59681332657232e-11
"CXCL6",4.72310958637805e-09,0.204413077189917,2.49809938017328e-05,0.996012110563116,0.999999999940206,"COL1A1","OE",FALSE,"Activated",2.59681332657232e-11
"SAMSN1",4.71371534415798e-09,0.203774804742372,2.48817184763698e-05,0.996020042390148,0.999999999940206,"COL1A1","OE",FALSE,"Activated",2.59681332657232e-11
"PPP1R14B",4.71214323940826e-09,0.203667884751699,2.48651242860536e-05,0.99602136976313,0.999999999940206,"COL1A1","OE",FALSE,"Activated",2.59681332657232e-11
"PRF1",4.70882390414887e-09,0.203442033786912,2.48301055654321e-05,0.996024172372816,0.999999999940206,"COL1A1","OE",FALSE,"Activated",2.59681332657232e-11
"PAPPA2",4.64104950759388e-09,0.198800466158883,2.412048685576e-05,0.996081396244725,0.999999999940206,"COL1A1","OE",FALSE,"Activated",2.59681332657232e-11
"FBP1",4.63763045652731e-09,0.198564773392335,2.40849609262287e-05,0.996084283048394,0.999999999940206,"COL1A1","OE",FALSE,"Activated",2.59681332657232e-11
"PTCRA",4.6376304527326e-09,0.198564773130663,2.4084960886814e-05,0.996084283051598,0.999999999940206,"COL1A1","OE",FALSE,"Activated",2.59681332657232e-11
"CDC20B",4.63763044893789e-09,0.198564772868992,2.40849608473993e-05,0.996084283054802,0.999999999940206,"COL1A1","OE",FALSE,"Activated",2.59681332657232e-11
"CACNG8",4.63763044330004e-09,0.198564772480223,2.40849607888403e-05,0.996084283059562,0.999999999940206,"COL1A1","OE",FALSE,"Activated",2.59681332657232e-11
"MMP1",4.62330913266963e-09,0.197575908185722,2.39364385516362e-05,0.99609637495675,0.999999999940206,"COL1A1","OE",FALSE,"Activated",2.59681332657232e-11
"HAS1",4.59953713018244e-09,0.195928672190222,2.36909199490955e-05,0.996116446348661,0.999999999940206,"COL1A1","OE",FALSE,"Activated",2.59681332657232e-11
"EBI3",4.58715453263096e-09,0.195067748582094,2.35635331088388e-05,0.996126901336273,0.999999999940206,"COL1A1","OE",FALSE,"Activated",2.59681332657232e-11
"BATF",4.58420799476049e-09,0.194862591329083,2.35332709744894e-05,0.996129389184078,0.999999999940206,"COL1A1","OE",FALSE,"Activated",2.59681332657232e-11
"FCER1A",4.57589182810327e-09,0.19428295457626,2.34479654696239e-05,0.996136410766178,0.999999999940206,"COL1A1","OE",FALSE,"Activated",2.59681332657232e-11
"TMEM106C",4.55786737052751e-09,0.193023541588212,2.32636060090034e-05,0.996151629342527,0.999999999940206,"COL1A1","OE",FALSE,"Activated",2.59681332657232e-11
"STAC3",4.52640242269101e-09,0.190814733116663,2.29435170404498e-05,0.996178196120993,0.999999999940206,"COL1A1","OE",FALSE,"Activated",2.59681332657232e-11
"SP5",4.51009634825326e-09,0.189664876194497,2.27785096935346e-05,0.996191963819639,0.999999999940206,"COL1A1","OE",FALSE,"Activated",2.59681332657232e-11
"SORBS2",4.50288429633405e-09,0.189155165422904,2.27057181464131e-05,0.996198053167736,0.999999999940206,"COL1A1","OE",FALSE,"Activated",2.59681332657232e-11
"PDE3B",4.4941581497926e-09,0.188537509070449,2.2617800523258e-05,0.996205420910865,0.999999999940206,"COL1A1","OE",FALSE,"Activated",2.59681332657232e-11
"NKG7",4.48264305427486e-09,0.187720868107861,2.25020447076068e-05,0.996215143446442,0.999999999940206,"COL1A1","OE",FALSE,"Activated",2.59681332657232e-11
"GINS2",4.42767675442582e-09,0.183797728578956,2.19535865988591e-05,0.996261553126142,0.999999999940206,"COL1A1","OE",FALSE,"Activated",2.59681332657232e-11
"ATAD5",4.42171958943459e-09,0.183370039013498,2.18945519557247e-05,0.99626658293826,0.999999999940206,"COL1A1","OE",FALSE,"Activated",2.59681332657232e-11
"HIST3H2BB",4.4126822795797e-09,0.182720268385339,2.18051452710432e-05,0.996274213408858,0.999999999940206,"COL1A1","OE",FALSE,"Activated",2.59681332657232e-11
"RRAGD",4.41004002543419e-09,0.182530078132791,2.1779039840207e-05,0.996276444343005,0.999999999940206,"COL1A1","OE",FALSE,"Activated",2.59681332657232e-11
"FLT3",4.37271659300357e-09,0.179833029309847,2.14119553023808e-05,0.996307957635632,0.999999999940206,"COL1A1","OE",FALSE,"Activated",2.59681332657232e-11
"CLEC5A",4.37271658161945e-09,0.179833028484206,2.14119551908911e-05,0.996307957645244,0.999999999940206,"COL1A1","OE",FALSE,"Activated",2.59681332657232e-11
"INSM1",4.37271657836684e-09,0.179833028248308,2.14119551590369e-05,0.99630795764799,0.999999999940206,"COL1A1","OE",FALSE,"Activated",2.59681332657232e-11
"AOC1",4.37271656015224e-09,0.179833026927282,2.14119549806535e-05,0.996307957663369,0.999999999940206,"COL1A1","OE",FALSE,"Activated",2.59681332657232e-11
"LRRN2",4.37271655147863e-09,0.179833026298222,2.1411954895709e-05,0.996307957670693,0.999999999940206,"COL1A1","OE",FALSE,"Activated",2.59681332657232e-11
"LINC01814",4.3727165464913e-09,0.179833025936513,2.14119548468659e-05,0.996307957674904,0.999999999940206,"COL1A1","OE",FALSE,"Activated",2.59681332657232e-11
"TAC1",4.37271654150397e-09,0.179833025574803,2.14119547980228e-05,0.996307957679115,0.999999999940206,"COL1A1","OE",FALSE,"Activated",2.59681332657232e-11
"NRARP",4.36889939091533e-09,0.179556080437279,2.13745881034567e-05,0.996311180614087,0.999999999940206,"COL1A1","OE",FALSE,"Activated",2.59681332657232e-11
"PKIA",4.35792590067815e-09,0.178758764773883,2.12673486158369e-05,0.996320445862052,0.999999999940206,"COL1A1","OE",FALSE,"Activated",2.59681332657232e-11
"DEPP1",4.3541575845069e-09,0.178484567853708,2.12305845927956e-05,0.996323627564888,0.999999999940206,"COL1A1","OE",FALSE,"Activated",2.59681332657232e-11
"SELP",4.3532711774567e-09,0.178420039954386,2.12219413482899e-05,0.996324375985065,0.999999999940206,"COL1A1","OE",FALSE,"Activated",2.59681332657232e-11
"NPHP1",4.33141110641171e-09,0.176825111719358,2.10093433499537e-05,0.996342833102646,0.999999999940206,"COL1A1","OE",FALSE,"Activated",2.59681332657232e-11
"CCL22",4.3233333111431e-09,0.176234001717751,2.09310543480787e-05,0.996349653429424,0.999999999940206,"COL1A1","OE",FALSE,"Activated",2.59681332657232e-11
"SLC16A10",4.32198574802298e-09,0.176135298697546,2.09180081547608e-05,0.996350791217736,0.999999999940206,"COL1A1","OE",FALSE,"Activated",2.59681332657232e-11
"TSPAN8",4.27699614830371e-09,0.172824758680357,2.04847838325893e-05,0.996388777302153,0.999999999940206,"COL1A1","OE",FALSE,"Activated",2.59681332657232e-11
"ADCY2",4.26638561415102e-09,0.172039635579651,2.03832710510484e-05,0.99639773609935,0.999999999940206,"COL1A1","OE",FALSE,"Activated",2.59681332657232e-11
"LYAR",4.21648093350546e-09,0.168324334924763,1.99092063896065e-05,0.996439872147457,0.999999999940206,"COL1A1","OE",FALSE,"Activated",2.59681332657232e-11
"HCST",4.2058762742079e-09,0.16752998354353,1.98091870358825e-05,0.996448825986907,0.999999999940206,"COL1A1","OE",FALSE,"Activated",2.59681332657232e-11
"ZBTB32",4.19821878736709e-09,0.166955323753453,1.97371209587041e-05,0.996455291438441,0.999999999940206,"COL1A1","OE",FALSE,"Activated",2.59681332657232e-11
"LINC00243",4.18734104063855e-09,0.166137450159151,1.96349741808603e-05,0.99646447585479,0.999999999940206,"COL1A1","OE",FALSE,"Activated",2.59681332657232e-11
"CD3G",4.17978188085172e-09,0.165568019683163,1.95641464477754e-05,0.996470858286324,0.999999999940206,"COL1A1","OE",FALSE,"Activated",2.59681332657232e-11
"RBM24",4.15962587443052e-09,0.164045340638851,1.93759144878293e-05,0.996487876624728,0.999999999940206,"COL1A1","OE",FALSE,"Activated",2.59681332657232e-11
"APOBEC3G",4.12711743339594e-09,0.161576111624925,1.90742433950986e-05,0.99651532450834,0.999999999940206,"COL1A1","OE",FALSE,"Activated",2.59681332657232e-11
"LINC00472",4.11630565700857e-09,0.160751188564111,1.89744370131495e-05,0.996524453226919,0.999999999940206,"COL1A1","OE",FALSE,"Activated",2.59681332657232e-11
"APLNR",4.09461330239027e-09,0.159090471586369,1.87749787062036e-05,0.996542768756983,0.999999999940206,"COL1A1","OE",FALSE,"Activated",2.59681332657232e-11
"CRADD",4.0602203312803e-09,0.156441889586815,1.8460900018675e-05,0.99657180781652,0.999999999940206,"COL1A1","OE",FALSE,"Activated",2.59681332657232e-11
"MCM7",4.05871903577512e-09,0.15632583792735,1.84472504430363e-05,0.996573075407302,0.999999999940206,"COL1A1","OE",FALSE,"Activated",2.59681332657232e-11
"FCRL5",4.03877877951272e-09,0.154780932795576,1.82664351156936e-05,0.996589911590558,0.999999999940206,"COL1A1","OE",FALSE,"Activated",2.59681332657232e-11
"SLA",4.03132035533497e-09,0.15420139695518,1.8199032055298e-05,0.996596208972217,0.999999999940206,"COL1A1","OE",FALSE,"Activated",2.59681332657232e-11
"HRH2",4.02647419854747e-09,0.153824346812854,1.815530327963e-05,0.99660030073463,0.999999999940206,"COL1A1","OE",FALSE,"Activated",2.59681332657232e-11
"OTUD1",4.00796453111591e-09,0.152380629081075,1.79887673958945e-05,0.99661592902913,0.999999999940206,"COL1A1","OE",FALSE,"Activated",2.59681332657232e-11
"AC091182.1",4.00696604022089e-09,0.152302586274121,1.79798055485735e-05,0.996616772086441,0.999999999940206,"COL1A1","OE",FALSE,"Activated",2.59681332657232e-11
"AL355075.4",4.00379488493374e-09,0.152054615688029,1.79513579934788e-05,0.996619449592752,0.999999999940206,"COL1A1","OE",FALSE,"Activated",2.59681332657232e-11
"CHRNA1",3.98673600013853e-09,0.150717786719559,1.77987139232756e-05,0.996633852947251,0.999999999940206,"COL1A1","OE",FALSE,"Activated",2.59681332657232e-11
"CX3CL1",3.96602390186941e-09,0.149088059816382,1.76142567129927e-05,0.996651340826589,0.999999999940206,"COL1A1","OE",FALSE,"Activated",2.59681332657232e-11
"SLC38A11",3.96270559270031e-09,0.148826281133407,1.75847939063638e-05,0.996654142580071,0.999999999940206,"COL1A1","OE",FALSE,"Activated",2.59681332657232e-11
"TCN1",3.93255540913525e-09,0.146439101870873,1.73182246139301e-05,0.996679599336436,0.999999999940206,"COL1A1","OE",FALSE,"Activated",2.59681332657232e-11
"HNF1A-AS1",3.92275220965042e-09,0.145659538322905,1.72319893882615e-05,0.996687876489454,0.999999999940206,"COL1A1","OE",FALSE,"Activated",2.59681332657232e-11
"MYCN",3.9166799567069e-09,0.145175826020992,1.71786819113195e-05,0.99669300348586,0.999999999940206,"COL1A1","OE",FALSE,"Activated",2.59681332657232e-11
"GCNT2",3.90039131602325e-09,0.143875097221762,1.7036094041176e-05,0.996706756504239,0.999999999940206,"COL1A1","OE",FALSE,"Activated",2.59681332657232e-11
"CD3D",3.89794061719968e-09,0.143678993625569,1.70146924863416e-05,0.996708825707434,0.999999999940206,"COL1A1","OE",FALSE,"Activated",2.59681332657232e-11
"SOX11",3.89329538540931e-09,0.14330699426357,1.69741633437399e-05,0.99671274782488,0.999999999940206,"COL1A1","OE",FALSE,"Activated",2.59681332657232e-11
"DHCR7",3.88969419282419e-09,0.143018341530106,1.6942776585424e-05,0.996715788426761,0.999999999940206,"COL1A1","OE",FALSE,"Activated",2.59681332657232e-11
"NPM3",3.8663411393931e-09,0.141140899525877,1.67399442837645e-05,0.99673550615656,0.999999999940206,"COL1A1","OE",FALSE,"Activated",2.59681332657232e-11
"BMP2",3.8643224209738e-09,0.140978150536103,1.67224681167749e-05,0.99673721062517,0.999999999940206,"COL1A1","OE",FALSE,"Activated",2.59681332657232e-11
"AC036108.3",3.85696698299194e-09,0.140384537769766,1.66588688606855e-05,0.996743421057138,0.999999999940206,"COL1A1","OE",FALSE,"Activated",2.59681332657232e-11
"CLNK",3.85452707696732e-09,0.140187413253959,1.66377988238499e-05,0.996745481148017,0.999999999940206,"COL1A1","OE",FALSE,"Activated",2.59681332657232e-11
"PTPN22",3.84633918519648e-09,0.139525115070251,1.65671889652551e-05,0.996752394447698,0.999999999940206,"COL1A1","OE",FALSE,"Activated",2.59681332657232e-11
"CREB5",3.82956641398203e-09,0.138164622243905,1.64230145777089e-05,0.996766556237248,0.999999999940206,"COL1A1","OE",FALSE,"Activated",2.59681332657232e-11
"GZMA",3.82546458789837e-09,0.137831132316255,1.63878522300646e-05,0.996770019540933,0.999999999940206,"COL1A1","OE",FALSE,"Activated",2.59681332657232e-11
"EDN1",3.81529924483033e-09,0.137003337490562,1.63008736159354e-05,0.996778602467287,0.999999999940206,"COL1A1","OE",FALSE,"Activated",2.59681332657232e-11
"CYBB",3.80911198600859e-09,0.136498563430893,1.62480463343578e-05,0.996783826569247,0.999999999940206,"COL1A1","OE",FALSE,"Activated",2.59681332657232e-11
"THSD7A",3.74686036624245e-09,0.131380372463784,1.57213082944229e-05,0.996836387625036,0.999999999940206,"COL1A1","OE",FALSE,"Activated",2.59681332657232e-11
"CRYAB",3.72204475237743e-09,0.129319731862363,1.55137521319785e-05,0.9968573402542,0.999999999940206,"COL1A1","OE",FALSE,"Activated",2.59681332657232e-11
"C19orf48",3.71053281921634e-09,0.128359798690746,1.54179353949925e-05,0.996867060154182,0.999999999940206,"COL1A1","OE",FALSE,"Activated",2.59681332657232e-11
"HLA-DQA1",3.70980590214482e-09,0.12829909832345,1.54118950427434e-05,0.996867673913949,0.999999999940206,"COL1A1","OE",FALSE,"Activated",2.59681332657232e-11
"CTNNAL1",3.70910647497682e-09,0.128240683836111,1.54060842363385e-05,0.996868264463096,0.999999999940206,"COL1A1","OE",FALSE,"Activated",2.59681332657232e-11
"LUCAT1",3.69994563611223e-09,0.127474718733667,1.53300775917248e-05,0.996875999257994,0.999999999940206,"COL1A1","OE",FALSE,"Activated",2.59681332657232e-11
"THBD",3.69633756794937e-09,0.127172590744467,1.53001933711961e-05,0.996879045667647,0.999999999940206,"COL1A1","OE",FALSE,"Activated",2.59681332657232e-11
"TTN",3.69282575460494e-09,0.126878279765744,1.52711343917533e-05,0.996882010806261,0.999999999940206,"COL1A1","OE",FALSE,"Activated",2.59681332657232e-11
"SLC51A",3.61339238131448e-09,0.120156296675845,1.46212302455826e-05,0.996949079007049,0.999999999940206,"COL1A1","OE",FALSE,"Activated",2.59681332657232e-11
"RHOH",3.59958751651111e-09,0.118975164747476,1.45097236525256e-05,0.99696073490912,0.999999999940206,"COL1A1","OE",FALSE,"Activated",2.59681332657232e-11
"LCN2",3.55233360706687e-09,0.11490252658811,1.41312687566178e-05,0.99700063294625,0.999999999940206,"COL1A1","OE",FALSE,"Activated",2.59681332657232e-11
"HIST1H4C",3.54867730632784e-09,0.114585470190394,1.4102194022129e-05,0.99700372008209,0.999999999940206,"COL1A1","OE",FALSE,"Activated",2.59681332657232e-11
"C12orf75",3.54437592871663e-09,0.114212116940543,1.40680279969434e-05,0.997007351877762,0.999999999940206,"COL1A1","OE",FALSE,"Activated",2.59681332657232e-11
"FCGR2A",3.54395726122596e-09,0.114175756464019,1.40647047162076e-05,0.997007705372604,0.999999999940206,"COL1A1","OE",FALSE,"Activated",2.59681332657232e-11
"TFPI2",3.53677559613264e-09,0.113551468040611,1.40077595289736e-05,0.997013769090603,0.999999999940206,"COL1A1","OE",FALSE,"Activated",2.59681332657232e-11
"TROAP",3.53603804115136e-09,0.113487292234813,1.40019178150861e-05,0.997014391832742,0.999999999940206,"COL1A1","OE",FALSE,"Activated",2.59681332657232e-11
"PKMYT1",3.53570651220466e-09,0.113458441644652,1.39992923775775e-05,0.997014671753631,0.999999999940206,"COL1A1","OE",FALSE,"Activated",2.59681332657232e-11
"CD200R1",3.52661716084176e-09,0.112666555061988,1.39274080562286e-05,0.99702234619469,0.999999999940206,"COL1A1","OE",FALSE,"Activated",2.59681332657232e-11
"CAVIN2",3.52130179203693e-09,0.112202655409681,1.38854565100796e-05,0.997026834137133,0.999999999940206,"COL1A1","OE",FALSE,"Activated",2.59681332657232e-11
"TREM1",3.51968264603042e-09,0.112061224822012,1.38726899743638e-05,0.997028201235909,0.999999999940206,"COL1A1","OE",FALSE,"Activated",2.59681332657232e-11
"ICOS",3.50130367927915e-09,0.110451917880351,1.37281882976744e-05,0.997043719208856,0.999999999940206,"COL1A1","OE",FALSE,"Activated",2.59681332657232e-11
"TIGIT",3.49918971597787e-09,0.110266349709501,1.37116161131285e-05,0.997045504098457,0.999999999940206,"COL1A1","OE",FALSE,"Activated",2.59681332657232e-11
"ID1",3.46700949991221e-09,0.107429560571482,1.34605786642351e-05,0.997072674928169,0.999999999940206,"COL1A1","OE",FALSE,"Activated",2.59681332657232e-11
"CD8A",3.45398421669476e-09,0.10627491482755,1.33596279729398e-05,0.997083672610181,0.999999999940206,"COL1A1","OE",FALSE,"Activated",2.59681332657232e-11
"CYB5D2",3.42385093193843e-09,0.103589320558465,1.31275403903563e-05,0.997109115151876,0.999999999940206,"COL1A1","OE",FALSE,"Activated",2.59681332657232e-11
"ALDH1A3",3.41284356970752e-09,0.102603244320566,1.30432684294725e-05,0.997118409037256,0.999999999940206,"COL1A1","OE",FALSE,"Activated",2.59681332657232e-11
"AC245140.2",3.38940368284878e-09,0.100494296905796,1.28647177151253e-05,0.997138200121761,0.999999999940206,"COL1A1","OE",FALSE,"Activated",2.59681332657232e-11
"SLC43A3",3.38020436467853e-09,0.0996631903782471,1.27949791783255e-05,0.997145967415848,0.999999999940206,"COL1A1","OE",FALSE,"Activated",2.59681332657232e-11
"C1QBP",3.37770691267583e-09,0.0994372247980564,1.2776079113084e-05,0.997148076098714,0.999999999940206,"COL1A1","OE",FALSE,"Activated",2.59681332657232e-11
"IL18BP",3.33037427789531e-09,0.0951273083169865,1.24205193094149e-05,0.99718804064066,0.999999999940206,"COL1A1","OE",FALSE,"Activated",2.59681332657232e-11
"ADAMTS6",3.31844823928815e-09,0.0940330878646479,1.23317230608754e-05,0.99719811019891,0.999999999940206,"COL1A1","OE",FALSE,"Activated",2.59681332657232e-11
"SLC6A7",3.29577442875935e-09,0.0919434166536263,1.21637819615786e-05,0.997217254466175,0.999999999940206,"COL1A1","OE",FALSE,"Activated",2.59681332657232e-11
"KLF4",3.26858725111999e-09,0.0894214613747889,1.19639291356757e-05,0.997240209524485,0.999999999940206,"COL1A1","OE",FALSE,"Activated",2.59681332657232e-11
"LDLR",3.23022619959074e-09,0.0858322030657111,1.16847530324488e-05,0.997272599068257,0.999999999940206,"COL1A1","OE",FALSE,"Activated",2.59681332657232e-11
"SBSPON",3.22749664277354e-09,0.0855754205404819,1.1665014029697e-05,0.997274903726318,0.999999999940206,"COL1A1","OE",FALSE,"Activated",2.59681332657232e-11
"MCM6",3.2156037220976e-09,0.0844544175095202,1.15792041909698e-05,0.997284945325762,0.999999999940206,"COL1A1","OE",FALSE,"Activated",2.59681332657232e-11
"SLC3A2",3.20568851174669e-09,0.0835171075292956,1.15079060781968e-05,0.997293317077107,0.999999999940206,"COL1A1","OE",FALSE,"Activated",2.59681332657232e-11
"DUSP4",3.19646371903848e-09,0.0826428285241417,1.14417703287152e-05,0.997301105885481,0.999999999940206,"COL1A1","OE",FALSE,"Activated",2.59681332657232e-11
"KDM7A",3.17275301495733e-09,0.0803856764605596,1.12726545440667e-05,0.997321125646056,0.999999999940206,"COL1A1","OE",FALSE,"Activated",2.59681332657232e-11
"ITK",3.17220899526648e-09,0.0803337186477466,1.12687891185203e-05,0.997321584980557,0.999999999940206,"COL1A1","OE",FALSE,"Activated",2.59681332657232e-11
"DUSP2",3.09904448663522e-09,0.0732753270335887,1.07549721026819e-05,0.997383360294944,0.999999999940206,"COL1A1","OE",FALSE,"Activated",2.59681332657232e-11
"CD4",3.0811481846818e-09,0.0715270781545362,1.0631115552149e-05,0.997398470761425,0.999999999940206,"COL1A1","OE",FALSE,"Activated",2.59681332657232e-11
"TMEM233",3.07365374092265e-09,0.0707923742273898,1.05794611721736e-05,0.997404798579679,0.999999999940206,"COL1A1","OE",FALSE,"Activated",2.59681332657232e-11
"CRTAM",3.06399431239218e-09,0.069843159836714,1.05130704975098e-05,0.997412954369748,0.999999999940206,"COL1A1","OE",FALSE,"Activated",2.59681332657232e-11
"C11orf53",3.05761016213078e-09,0.0692143910698035,1.04693059912559e-05,0.997418344729081,0.999999999940206,"COL1A1","OE",FALSE,"Activated",2.59681332657232e-11
"HOXD3",3.04705220310984e-09,0.0681720722387495,1.03971295793531e-05,0.997427259180068,0.999999999940206,"COL1A1","OE",FALSE,"Activated",2.59681332657232e-11
"LINC01783",3.04705214933341e-09,0.0681720669218663,1.0397129212362e-05,0.997427259225474,0.999999999940206,"COL1A1","OE",FALSE,"Activated",2.59681332657232e-11
"LINC00621",3.04705214358714e-09,0.068172066353732,1.03971291731473e-05,0.997427259230325,0.999999999940206,"COL1A1","OE",FALSE,"Activated",2.59681332657232e-11
"SRPK3",3.04705212493886e-09,0.0681720645099739,1.03971290458842e-05,0.997427259246071,0.999999999940206,"COL1A1","OE",FALSE,"Activated",2.59681332657232e-11
"LINC01121",3.03479232976328e-09,0.0669578396535459,1.03136317923942e-05,0.997437610616752,0.999999999940206,"COL1A1","OE",FALSE,"Activated",2.59681332657232e-11
"TNFSF10",3.03442496065113e-09,0.0669213900846104,1.03111349622889e-05,0.997437920799253,0.999999999940206,"COL1A1","OE",FALSE,"Activated",2.59681332657232e-11
"HMGCS1",3.02606646110313e-09,0.0660910532026269,1.02544079603709e-05,0.997444978170854,0.999999999940206,"COL1A1","OE",FALSE,"Activated",2.59681332657232e-11
"VSIG4",3.01080974409763e-09,0.064570358012547,1.01512679839357e-05,0.99745785994766,0.999999999940206,"COL1A1","OE",FALSE,"Activated",2.59681332657232e-11
"SPOCK2",3.00303433715173e-09,0.0637928089522341,1.00989044487136e-05,0.997464424994433,0.999999999940206,"COL1A1","OE",FALSE,"Activated",2.59681332657232e-11
"C1orf162",2.99140606946705e-09,0.0626267407495813,1.00208464639429e-05,0.99747424314598,0.999999999940206,"COL1A1","OE",FALSE,"Activated",2.59681332657232e-11
"CSPG4",2.93784516831582e-09,0.0572049896331923,9.66521400277984e-06,0.997519466485852,0.999999999940206,"COL1A1","OE",FALSE,"Activated",2.59681332657232e-11
"TNNC2",2.87349481817475e-09,0.0505777766106669,9.24643888876546e-06,0.997573799744937,0.999999999940206,"COL1A1","OE",FALSE,"Activated",2.59681332657232e-11
"CDKN2A",2.86821972216981e-09,0.0500288845446786,9.21252124831121e-06,0.997578253694133,0.999999999940206,"COL1A1","OE",FALSE,"Activated",2.59681332657232e-11
"SAMD9",2.8667440338435e-09,0.0498751790356831,9.20304407142866e-06,0.997579499669732,0.999999999940206,"COL1A1","OE",FALSE,"Activated",2.59681332657232e-11
"SLC7A1",2.85448543806496e-09,0.0485957113121891,9.12450536230048e-06,0.997589850033887,0.999999999940206,"COL1A1","OE",FALSE,"Activated",2.59681332657232e-11
"MCM5",2.85357557624708e-09,0.0485005584111019,9.11868945180683e-06,0.997590618262281,0.999999999940206,"COL1A1","OE",FALSE,"Activated",2.59681332657232e-11
"PRRG4",2.85308989259904e-09,0.0484497551990926,9.11558568157523e-06,0.9975910283421,0.999999999940206,"COL1A1","OE",FALSE,"Activated",2.59681332657232e-11
"CDCA7",2.85268412451399e-09,0.0484073055819233,9.11299301827918e-06,0.997591370946394,0.999999999940206,"COL1A1","OE",FALSE,"Activated",2.59681332657232e-11
"IGSF21",2.83620146845128e-09,0.0466785705422651,9.0079884814839e-06,0.997605287834134,0.999999999940206,"COL1A1","OE",FALSE,"Activated",2.59681332657232e-11
"FHL5",2.83157550358405e-09,0.0461918410709866,8.97862762301605e-06,0.997609193699527,0.999999999940206,"COL1A1","OE",FALSE,"Activated",2.59681332657232e-11
"CD86",2.79696638527847e-09,0.0425285775445624,8.76048521389683e-06,0.997638415401324,0.999999999940206,"COL1A1","OE",FALSE,"Activated",2.59681332657232e-11
"BMP5",2.78918790635411e-09,0.0416999020537093,8.71182642745791e-06,0.997644983046436,0.999999999940206,"COL1A1","OE",FALSE,"Activated",2.59681332657232e-11
"SCIN",2.7891878783817e-09,0.0416998990701225,8.71182625271829e-06,0.997644983070054,0.999999999940206,"COL1A1","OE",FALSE,"Activated",2.59681332657232e-11
"AIF1",2.75758090786862e-09,0.0383121417775315,8.51550080283838e-06,0.997671669955777,0.999999999940206,"COL1A1","OE",FALSE,"Activated",2.59681332657232e-11
"CTLA4",2.75609267179344e-09,0.0381518072374854,8.50631183891924e-06,0.99767292652632,0.999999999940206,"COL1A1","OE",FALSE,"Activated",2.59681332657232e-11
"HSPB7",2.74429556141286e-09,0.0368782155626288,8.43364727787929e-06,0.997682887245555,0.999999999940206,"COL1A1","OE",FALSE,"Activated",2.59681332657232e-11
"AL096865.1",2.72914938337279e-09,0.0352361615508764,8.34081105153962e-06,0.997695675702078,0.999999999940206,"COL1A1","OE",FALSE,"Activated",2.59681332657232e-11
"LINC01133",2.7238762749255e-09,0.0346626491747763,8.30861090030552e-06,0.997700127975123,0.999999999940206,"COL1A1","OE",FALSE,"Activated",2.59681332657232e-11
"IGKC",2.72088528183863e-09,0.0343369201362044,8.29037412943008e-06,0.997702653377018,0.999999999940206,"COL1A1","OE",FALSE,"Activated",2.59681332657232e-11
"BTG2",2.71747016599226e-09,0.0339646269213007,8.26957588409763e-06,0.99770553688088,0.999999999940206,"COL1A1","OE",FALSE,"Activated",2.59681332657232e-11
"TMEM154",2.70664336061367e-09,0.0327817014871754,8.20381270979903e-06,0.997714678338211,0.999999999940206,"COL1A1","OE",FALSE,"Activated",2.59681332657232e-11
"GALNT3",2.6948075791267e-09,0.031483883032611,8.13222127910471e-06,0.997724671710344,0.999999999940206,"COL1A1","OE",FALSE,"Activated",2.59681332657232e-11
"HOPX",2.69080749121178e-09,0.0310441592754334,8.10809676843288e-06,0.997728049127213,0.999999999940206,"COL1A1","OE",FALSE,"Activated",2.59681332657232e-11
"C16orf74",2.68944184598713e-09,0.030893907504173,8.09986877454943e-06,0.997729202190184,0.999999999940206,"COL1A1","OE",FALSE,"Activated",2.59681332657232e-11
"NQO1",2.6846266358849e-09,0.0303636030380081,8.07089052788078e-06,0.997733267843854,0.999999999940206,"COL1A1","OE",FALSE,"Activated",2.59681332657232e-11
"SCG5",2.68361175523409e-09,0.0302517289974315,8.06478953619366e-06,0.9977341247438,0.999999999940206,"COL1A1","OE",FALSE,"Activated",2.59681332657232e-11
"TUBA4A",2.68195511567711e-09,0.0300690335023675,8.05483554376455e-06,0.997735523503696,0.999999999940206,"COL1A1","OE",FALSE,"Activated",2.59681332657232e-11
"IGHG1",2.68024790708e-09,0.0298806598986296,8.04458413598192e-06,0.997736964960844,0.999999999940206,"COL1A1","OE",FALSE,"Activated",2.59681332657232e-11
"RHOD",2.6799125341957e-09,0.0298436427181536,8.04257106354599e-06,0.997737248128141,0.999999999940206,"COL1A1","OE",FALSE,"Activated",2.59681332657232e-11
"CDC6",2.67822527566933e-09,0.0296573492429637,8.03244713251404e-06,0.997738672740741,0.999999999940206,"COL1A1","OE",FALSE,"Activated",2.59681332657232e-11
"CHAF1A",2.67736854019698e-09,0.0295627168799901,8.02730896750408e-06,0.997739396113084,0.999999999940206,"COL1A1","OE",FALSE,"Activated",2.59681332657232e-11
"FOLR2",2.66793127455707e-09,0.0285185828137824,7.97081892306665e-06,0.997747364333478,0.999999999940206,"COL1A1","OE",FALSE,"Activated",2.59681332657232e-11
"FGFBP1",2.66777281538039e-09,0.0285010239448804,7.96987211314899e-06,0.997747498126222,0.999999999940206,"COL1A1","OE",FALSE,"Activated",2.59681332657232e-11
"CCL7",2.66741025046949e-09,0.0284608447440439,7.96770596196847e-06,0.997747804252728,0.999999999940206,"COL1A1","OE",FALSE,"Activated",2.59681332657232e-11
"IGHGP",2.6635777268698e-09,0.0280358402871054,7.94482647889698e-06,0.997751040189336,0.999999999940206,"COL1A1","OE",FALSE,"Activated",2.59681332657232e-11
"TNFRSF17",2.66208843077016e-09,0.0278705445109374,7.93594452206326e-06,0.997752297655254,0.999999999940206,"COL1A1","OE",FALSE,"Activated",2.59681332657232e-11
"AC021739.4",2.66208842101234e-09,0.0278705434276649,7.93594446388525e-06,0.997752297663493,0.999999999940206,"COL1A1","OE",FALSE,"Activated",2.59681332657232e-11
"CLIC5",2.66208840778508e-09,0.0278705419592293,7.93594438502173e-06,0.997752297674661,0.999999999940206,"COL1A1","OE",FALSE,"Activated",2.59681332657232e-11
"IGHV3-33",2.66208837287377e-09,0.0278705380835212,7.93594417687371e-06,0.997752297704138,0.999999999940206,"COL1A1","OE",FALSE,"Activated",2.59681332657232e-11
"CXCL5",2.6495342841373e-09,0.0264740081147857,7.8612707510846e-06,0.99776289757011,0.999999999940206,"COL1A1","OE",FALSE,"Activated",2.59681332657232e-11
"FGF5",2.64783226225883e-09,0.0262842366739888,7.85117406555332e-06,0.997764334648065,0.999999999940206,"COL1A1","OE",FALSE,"Activated",2.59681332657232e-11
"CRB2",2.64677010603649e-09,0.0261657557146999,7.84487646059574e-06,0.997765231464562,0.999999999940206,"COL1A1","OE",FALSE,"Activated",2.59681332657232e-11
"MZB1",2.64322230379354e-09,0.0257697110714354,7.82385958662603e-06,0.997768227000938,0.999999999940206,"COL1A1","OE",FALSE,"Activated",2.59681332657232e-11
"HAVCR2",2.63132694268683e-09,0.0244384840488687,7.75359821090613e-06,0.997778270680172,0.999999999940206,"COL1A1","OE",FALSE,"Activated",2.59681332657232e-11
"RAB40B",2.62988210169516e-09,0.0242764383764255,7.74508566867169e-06,0.99777949061117,0.999999999940206,"COL1A1","OE",FALSE,"Activated",2.59681332657232e-11
"TINAGL1",2.6198010080756e-09,0.0231436663104649,7.6858211988498e-06,0.997788002439726,0.999999999940206,"COL1A1","OE",FALSE,"Activated",2.59681332657232e-11
"C1QC",2.60854520026544e-09,0.0218744694241718,7.61991979382433e-06,0.997797506121862,0.999999999940206,"COL1A1","OE",FALSE,"Activated",2.59681332657232e-11
"CCL3",2.60788904696535e-09,0.0218003372209239,7.61608684763693e-06,0.99779806013563,0.999999999940206,"COL1A1","OE",FALSE,"Activated",2.59681332657232e-11
"HLA-DRB5",2.59172907798683e-09,0.0199695149370745,7.52199204432244e-06,0.997811704577462,0.999999999940206,"COL1A1","OE",FALSE,"Activated",2.59681332657232e-11
"GIMAP7",2.58859330379366e-09,0.019613117537487,7.50380110034722e-06,0.997814352224238,0.999999999940206,"COL1A1","OE",FALSE,"Activated",2.59681332657232e-11
"PKIB",2.57619680720401e-09,0.0182005537322571,7.4321033862463e-06,0.99782481903178,0.999999999940206,"COL1A1","OE",FALSE,"Activated",2.59681332657232e-11
"IGFBP2",2.55877972271929e-09,0.0162060168654206,7.33194955010795e-06,0.997839524902729,0.999999999940206,"COL1A1","OE",FALSE,"Activated",2.59681332657232e-11
"PECAM1",2.55284869057817e-09,0.0155241594360544,7.2979992810721e-06,0.997844532686682,0.999999999940206,"COL1A1","OE",FALSE,"Activated",2.59681332657232e-11
"KLF5",2.54952588728467e-09,0.0151415612508873,7.27901340518925e-06,0.99784733824916,0.999999999940206,"COL1A1","OE",FALSE,"Activated",2.59681332657232e-11
"ITGB4",2.54875227618228e-09,0.0150524238120881,7.27459668498478e-06,0.997847991436876,0.999999999940206,"COL1A1","OE",FALSE,"Activated",2.59681332657232e-11
"OCIAD2",2.53966936500159e-09,0.0140041279673563,7.22284055135978e-06,0.997855660466023,0.999999999940206,"COL1A1","OE",FALSE,"Activated",2.59681332657232e-11
"FCGR2B",2.5352869781857e-09,0.0134971881199326,7.19793496986509e-06,0.99785936067317,0.999999999940206,"COL1A1","OE",FALSE,"Activated",2.59681332657232e-11
"TNS4",2.53051245453027e-09,0.0129440308532175,7.17084979102595e-06,0.997863391975638,0.999999999940206,"COL1A1","OE",FALSE,"Activated",2.59681332657232e-11
"VEGFC",2.52775207309135e-09,0.0126238154873139,7.1552138399416e-06,0.997865722665237,0.999999999940206,"COL1A1","OE",FALSE,"Activated",2.59681332657232e-11
"CDC42EP3",2.52154521882983e-09,0.0119026983454179,7.12011795827856e-06,0.9978709633362,0.999999999940206,"COL1A1","OE",FALSE,"Activated",2.59681332657232e-11
"ISG15",2.51599930592597e-09,0.0112570805810534,7.08883227750019e-06,0.997875645950609,0.999999999940206,"COL1A1","OE",FALSE,"Activated",2.59681332657232e-11
"PRXL2A",2.51385718465407e-09,0.0110073823981604,7.07676655548902e-06,0.997877454620925,0.999999999940206,"COL1A1","OE",FALSE,"Activated",2.59681332657232e-11
"DHCR24",2.51091582842168e-09,0.0106642231580408,7.06021580312228e-06,0.997879938114186,0.999999999940206,"COL1A1","OE",FALSE,"Activated",2.59681332657232e-11
"CSF2RA",2.50929121068967e-09,0.01047453599889,7.05108252917051e-06,0.997881309837601,0.999999999940206,"COL1A1","OE",FALSE,"Activated",2.59681332657232e-11
"DDX60L",2.50828092432779e-09,0.0103565238221927,7.04540588356056e-06,0.99788216285886,0.999999999940206,"COL1A1","OE",FALSE,"Activated",2.59681332657232e-11
"CCR7",2.50664774137036e-09,0.0101656644411751,7.03623411121995e-06,0.997883541814215,0.999999999940206,"COL1A1","OE",FALSE,"Activated",2.59681332657232e-11
"MRC1",2.50370442921814e-09,0.00982142932673533,7.01971988446656e-06,0.99788602695898,0.999999999940206,"COL1A1","OE",FALSE,"Activated",2.59681332657232e-11
"WDFY4",2.50237280593001e-09,0.00966557523449761,7.01225483663881e-06,0.997887151296628,0.999999999940206,"COL1A1","OE",FALSE,"Activated",2.59681332657232e-11
"CSF1R",2.50232429200269e-09,0.00965989578842389,7.0119829437194e-06,0.99788719225869,0.999999999940206,"COL1A1","OE",FALSE,"Activated",2.59681332657232e-11
"CD163",2.50052775122196e-09,0.00944951115387467,7.00191806824404e-06,0.99788870914298,0.999999999940206,"COL1A1","OE",FALSE,"Activated",2.59681332657232e-11
"C1QA",2.49594128459881e-09,0.00891182246013609,6.97625579618678e-06,0.997892581662493,0.999999999940206,"COL1A1","OE",FALSE,"Activated",2.59681332657232e-11
"XCL2",2.472718523645e-09,0.00617624929008882,6.84704262609027e-06,0.997912189479536,0.999999999940206,"COL1A1","OE",FALSE,"Activated",2.59681332657232e-11
"C1QB",2.45875090936192e-09,0.00452027251405119,6.7699074907102e-06,0.997923982842093,0.999999999940206,"COL1A1","OE",FALSE,"Activated",2.59681332657232e-11
"IGSF6",2.45565507425022e-09,0.00415214328946282,6.75287012209733e-06,0.997926596767851,0.999999999940206,"COL1A1","OE",FALSE,"Activated",2.59681332657232e-11
"CD2",2.43412292817541e-09,0.00158065984007558,6.63496569103803e-06,0.997944777139581,0.999999999940206,"COL1A1","OE",FALSE,"Activated",2.59681332657232e-11
"KCNAB1",2.43097869243557e-09,0.00120352710125461,6.61783556008027e-06,0.997947431931922,0.999999999940206,"COL1A1","OE",FALSE,"Activated",2.59681332657232e-11
"DENND2C",2.41740527500542e-09,-0.000429342923106385,6.54414024518516e-06,0.997958892461105,0.999999999940206,"COL1A1","OE",FALSE,"Activated",2.59681332657232e-11
"SDC1",2.38370403613395e-09,-0.00451783910236104,6.36294736554561e-06,0.997987347642581,0.999999999940206,"COL1A1","OE",FALSE,"Activated",2.59681332657232e-11
"IVNS1ABP",2.36583174934983e-09,-0.00670619284525767,6.26789017903537e-06,0.998002437865254,0.999999999940206,"COL1A1","OE",FALSE,"Activated",2.59681332657232e-11
"HBB",2.35389708484572e-09,-0.00817543102072805,6.20481174114728e-06,0.998012514737575,0.999999999940206,"COL1A1","OE",FALSE,"Activated",2.59681332657232e-11
"DSP",2.35190172296479e-09,-0.0084216968577196,6.19429675526986e-06,0.998014199494383,0.999999999940206,"COL1A1","OE",FALSE,"Activated",2.59681332657232e-11
"TNFSF13B",2.34961302465146e-09,-0.008704386815987,6.1822469502552e-06,0.99801613192585,0.999999999940206,"COL1A1","OE",FALSE,"Activated",2.59681332657232e-11
"KRT5",2.34796247061134e-09,-0.00890840264138363,6.17356420251865e-06,0.998017525548838,0.999999999940206,"COL1A1","OE",FALSE,"Activated",2.59681332657232e-11
"MS4A4A",2.34697149529509e-09,-0.00903095071654231,6.16835410331804e-06,0.998018362265451,0.999999999940206,"COL1A1","OE",FALSE,"Activated",2.59681332657232e-11
"P3H2",2.33898101820386e-09,-0.0100207111698756,6.12642416137867e-06,0.998025108916854,0.999999999940206,"COL1A1","OE",FALSE,"Activated",2.59681332657232e-11
"SCD",2.33695820497222e-09,-0.0102717320398163,6.11583215312459e-06,0.998026816851906,0.999999999940206,"COL1A1","OE",FALSE,"Activated",2.59681332657232e-11
"IMPA2",2.33081593535739e-09,-0.0110351005367415,6.0837256966033e-06,0.998032002994413,0.999999999940206,"COL1A1","OE",FALSE,"Activated",2.59681332657232e-11
"POU3F1",2.32828518043003e-09,-0.0113501278233874,6.07052168509568e-06,0.998034139803227,0.999999999940206,"COL1A1","OE",FALSE,"Activated",2.59681332657232e-11
"CCL4",2.3140699794734e-09,-0.0131251084934766,5.99662158384353e-06,0.99804614221683,0.999999999940206,"COL1A1","OE",FALSE,"Activated",2.59681332657232e-11
"ACKR1",2.27703595703181e-09,-0.017793676711648,5.80621942580822e-06,0.998077411397299,0.999999999940206,"COL1A1","OE",FALSE,"Activated",2.59681332657232e-11
"MMP3",2.26123941478918e-09,-0.0198048557994396,5.72593957724117e-06,0.998090748996916,0.999999999940206,"COL1A1","OE",FALSE,"Activated",2.59681332657232e-11
"ACTG2",2.25531875770393e-09,-0.0205617663180298,5.69599410381386e-06,0.998095748024845,0.999999999940206,"COL1A1","OE",FALSE,"Activated",2.59681332657232e-11
"LCK",2.24597005750449e-09,-0.0217604037631311,5.64887014375604e-06,0.998103641475457,0.999999999940206,"COL1A1","OE",FALSE,"Activated",2.59681332657232e-11
"CLSTN2",2.21115394722325e-09,-0.0262623145614777,5.47509460906147e-06,0.99813303799651,0.999999999940206,"COL1A1","OE",FALSE,"Activated",2.59681332657232e-11
"PLEK2",2.20945359783738e-09,-0.0264837324475788,5.4666772898643e-06,0.998134473664033,0.999999999940206,"COL1A1","OE",FALSE,"Activated",2.59681332657232e-11
"KCNJ2",2.20892417454167e-09,-0.0265527032903594,5.46405778288601e-06,0.998134920675594,0.999999999940206,"COL1A1","OE",FALSE,"Activated",2.59681332657232e-11
"GATA3",2.20726928195585e-09,-0.026768386600478,5.45587367082629e-06,0.998136317962276,0.999999999940206,"COL1A1","OE",FALSE,"Activated",2.59681332657232e-11
"FRMD4B",2.20132720320809e-09,-0.027543966920834,5.42653824341561e-06,0.998141335077977,0.999999999940206,"COL1A1","OE",FALSE,"Activated",2.59681332657232e-11
"RGS12",2.19462085874722e-09,-0.0284214620733404,5.3935247048952e-06,0.998146997491425,0.999999999940206,"COL1A1","OE",FALSE,"Activated",2.59681332657232e-11
"SQLE",2.19448003010188e-09,-0.0284399135174922,5.39283252300489e-06,0.998147116398235,0.999999999940206,"COL1A1","OE",FALSE,"Activated",2.59681332657232e-11
"RNF144B",2.19414192966909e-09,-0.0284842157634653,5.39117091886461e-06,0.998147401868876,0.999999999940206,"COL1A1","OE",FALSE,"Activated",2.59681332657232e-11
"CPVL",2.18517710274137e-09,-0.0296610437843435,5.34720641654293e-06,0.998154971202347,0.999999999940206,"COL1A1","OE",FALSE,"Activated",2.59681332657232e-11
"CLCA2",2.17878845477943e-09,-0.0305022225044696,5.31598562288937e-06,0.998160365373161,0.999999999940206,"COL1A1","OE",FALSE,"Activated",2.59681332657232e-11
"MYOZ1",2.17544707161599e-09,-0.0309430178760855,5.29969296779154e-06,0.998163186626086,0.999999999940206,"COL1A1","OE",FALSE,"Activated",2.59681332657232e-11
"AC245041.2",2.16842061640446e-09,-0.0318718461492686,5.26551340227334e-06,0.998169119321201,0.999999999940206,"COL1A1","OE",FALSE,"Activated",2.59681332657232e-11
"SLCO2B1",2.16828056735525e-09,-0.0318903854849743,5.26483327008284e-06,0.998169237569776,0.999999999940206,"COL1A1","OE",FALSE,"Activated",2.59681332657232e-11
"TP53AIP1",2.16690376829374e-09,-0.0320726973403121,5.25814934155712e-06,0.998170400051982,0.999999999940206,"COL1A1","OE",FALSE,"Activated",2.59681332657232e-11
"MYOCD",2.16643352888256e-09,-0.032134987885397,5.25586744902603e-06,0.998170797092454,0.999999999940206,"COL1A1","OE",FALSE,"Activated",2.59681332657232e-11
"PPP1R14B-AS1",2.16576894061431e-09,-0.0322230427510816,5.25264330018002e-06,0.998171358228832,0.999999999940206,"COL1A1","OE",FALSE,"Activated",2.59681332657232e-11
"USP18",2.16511881383576e-09,-0.0323092039679329,5.24949026620791e-06,0.998171907154842,0.999999999940206,"COL1A1","OE",FALSE,"Activated",2.59681332657232e-11
"CTSV",2.16347315941592e-09,-0.0325274015680524,5.24151327786521e-06,0.99817329664155,0.999999999940206,"COL1A1","OE",FALSE,"Activated",2.59681332657232e-11
"AIM2",2.15606095141236e-09,-0.0335119558819693,5.20565923171736e-06,0.99817955504215,0.999999999940206,"COL1A1","OE",FALSE,"Activated",2.59681332657232e-11
"EPCAM",2.15524886219263e-09,-0.0336200010921872,5.20173850434101e-06,0.998180240719037,0.999999999940206,"COL1A1","OE",FALSE,"Activated",2.59681332657232e-11
"PLCG2",2.13493270067797e-09,-0.0363344164562438,5.10413374475092e-06,0.998197394404125,0.999999999940206,"COL1A1","OE",FALSE,"Activated",2.59681332657232e-11
"MS4A7",2.12672687826325e-09,-0.0374370716959744,5.06497267593234e-06,0.998204322883125,0.999999999940206,"COL1A1","OE",FALSE,"Activated",2.59681332657232e-11
"KRTAP2-3",2.09312053973954e-09,-0.0419913448204114,4.90616495512232e-06,0.998232697957613,0.999999999940206,"COL1A1","OE",FALSE,"Activated",2.59681332657232e-11
"KRTAP1-5",2.09312053074066e-09,-0.0419913460482966,4.90616491293654e-06,0.998232697965211,0.999999999940206,"COL1A1","OE",FALSE,"Activated",2.59681332657232e-11
"GPR157",2.09110870275364e-09,-0.042265970652095,4.89673820651584e-06,0.998234396626056,0.999999999940206,"COL1A1","OE",FALSE,"Activated",2.59681332657232e-11
"KLHL30",2.08514889068253e-09,-0.0430808472429837,4.86886586139568e-06,0.998239428716059,0.999999999940206,"COL1A1","OE",FALSE,"Activated",2.59681332657232e-11
"TRGC1",2.05422435106076e-09,-0.0473414768800991,4.7255179076298e-06,0.998265539451012,0.999999999940206,"COL1A1","OE",FALSE,"Activated",2.59681332657232e-11
"MT2A",2.05118048653639e-09,-0.0477638141549209,4.71152412975973e-06,0.998268109498745,0.999999999940206,"COL1A1","OE",FALSE,"Activated",2.59681332657232e-11
"LRRN3",2.04259288975018e-09,-0.0489582511031983,4.67215560788471e-06,0.998275360325373,0.999999999940206,"COL1A1","OE",FALSE,"Activated",2.59681332657232e-11
"PERP",2.03750840982307e-09,-0.0496674762618935,4.64892443429552e-06,0.998279653340514,0.999999999940206,"COL1A1","OE",FALSE,"Activated",2.59681332657232e-11
"SLC16A6",2.03746120799533e-09,-0.0496740674713427,4.64870903868049e-06,0.998279693194769,0.999999999940206,"COL1A1","OE",FALSE,"Activated",2.59681332657232e-11
"CASP5",2.03445989991735e-09,-0.0500934359243594,4.63502344633958e-06,0.998282227310613,0.999999999940206,"COL1A1","OE",FALSE,"Activated",2.59681332657232e-11
"CCRL2",2.02776155957575e-09,-0.0510313027531008,4.60455260306778e-06,0.998287882968124,0.999999999940206,"COL1A1","OE",FALSE,"Activated",2.59681332657232e-11
"TSTD1",2.0267938505942e-09,-0.0511670159806869,4.60015878896087e-06,0.998288700040762,0.999999999940206,"COL1A1","OE",FALSE,"Activated",2.59681332657232e-11
"CTNNA3",2.02579050929969e-09,-0.0513077850546309,4.59560540348436e-06,0.998289547199088,0.999999999940206,"COL1A1","OE",FALSE,"Activated",2.59681332657232e-11
"CBLN1",2.02579039567532e-09,-0.0513078009995491,4.59560488795944e-06,0.998289547295026,0.999999999940206,"COL1A1","OE",FALSE,"Activated",2.59681332657232e-11
"CYSLTR1",2.02579038982062e-09,-0.0513078018211398,4.59560486139609e-06,0.998289547299969,0.999999999940206,"COL1A1","OE",FALSE,"Activated",2.59681332657232e-11
"HBZ",2.02579038960377e-09,-0.0513078018515695,4.59560486041225e-06,0.998289547300152,0.999999999940206,"COL1A1","OE",FALSE,"Activated",2.59681332657232e-11
"RANBP3L",2.02579038938694e-09,-0.0513078018819973,4.59560485942847e-06,0.998289547300335,0.999999999940206,"COL1A1","OE",FALSE,"Activated",2.59681332657232e-11
"CSDC2",2.02579036466713e-09,-0.0513078053509314,4.59560474727224e-06,0.998289547321207,0.999999999940206,"COL1A1","OE",FALSE,"Activated",2.59681332657232e-11
"PGAM2",2.02579036206504e-09,-0.0513078057160827,4.59560473546632e-06,0.998289547323404,0.999999999940206,"COL1A1","OE",FALSE,"Activated",2.59681332657232e-11
"KCNA5",2.02579034558518e-09,-0.0513078080287032,4.59560466069557e-06,0.998289547337319,0.999999999940206,"COL1A1","OE",FALSE,"Activated",2.59681332657232e-11
"LAMP3",2.01695957060671e-09,-0.0525493549267258,4.55562589677528e-06,0.998297003488752,0.999999999940206,"COL1A1","OE",FALSE,"Activated",2.59681332657232e-11
"KRT14",2.01494108204185e-09,-0.052833795306215,4.54651230056087e-06,0.998298707773667,0.999999999940206,"COL1A1","OE",FALSE,"Activated",2.59681332657232e-11
"SNHG1",2.0137839033343e-09,-0.0529969723007482,4.54129168488675e-06,0.998299684822662,0.999999999940206,"COL1A1","OE",FALSE,"Activated",2.59681332657232e-11
"HSBP1L1",2.01026525348742e-09,-0.0534936415608975,4.5254357083227e-06,0.998302655749531,0.999999999940206,"COL1A1","OE",FALSE,"Activated",2.59681332657232e-11
"FAT2",2.00919681776584e-09,-0.0536446024634113,4.52062653973684e-06,0.998303557869533,0.999999999940206,"COL1A1","OE",FALSE,"Activated",2.59681332657232e-11
"TYROBP",2.00855700225203e-09,-0.0537350359377391,4.51774787057004e-06,0.99830409808956,0.999999999940206,"COL1A1","OE",FALSE,"Activated",2.59681332657232e-11
"HLA-DRB1",2.00853923391964e-09,-0.053737547720636,4.51766794006206e-06,0.998304113092023,0.999999999940206,"COL1A1","OE",FALSE,"Activated",2.59681332657232e-11
"DSG3",2.0070072060527e-09,-0.0539541913254276,4.5107788004667e-06,0.998305406640116,0.999999999940206,"COL1A1","OE",FALSE,"Activated",2.59681332657232e-11
"TGFBI",2.00361946391971e-09,-0.0544337550848985,4.49556365005525e-06,0.998308267036778,0.999999999940206,"COL1A1","OE",FALSE,"Activated",2.59681332657232e-11
"CDC45",1.98977397275886e-09,-0.0564009617814271,4.4336474729817e-06,0.998319957300061,0.999999999940206,"COL1A1","OE",FALSE,"Activated",2.59681332657232e-11
"ALX3",1.98953250206934e-09,-0.0564353746778589,4.43257144026089e-06,0.998320161182751,0.999999999940206,"COL1A1","OE",FALSE,"Activated",2.59681332657232e-11
"IFIH1",1.98853160294467e-09,-0.0565780547948179,4.4281126632439e-06,0.998321006279133,0.999999999940206,"COL1A1","OE",FALSE,"Activated",2.59681332657232e-11
"RSPO4",1.98789125091526e-09,-0.0566693705416026,4.42526121811676e-06,0.998321546952185,0.999999999940206,"COL1A1","OE",FALSE,"Activated",2.59681332657232e-11
"RERGL",1.9871211716025e-09,-0.0567792191384879,4.42183332229973e-06,0.998322197158811,0.999999999940206,"COL1A1","OE",FALSE,"Activated",2.59681332657232e-11
"FGFR3",1.98488228088999e-09,-0.0570987951046175,4.41187477067251e-06,0.998324087537579,0.999999999940206,"COL1A1","OE",FALSE,"Activated",2.59681332657232e-11
"WNT10A",1.98270991627947e-09,-0.0574091709577778,4.40222285733611e-06,0.998325921745891,0.999999999940206,"COL1A1","OE",FALSE,"Activated",2.59681332657232e-11
"LDB3",1.97524321573535e-09,-0.0584782025538908,4.36912856884937e-06,0.998332226159194,0.999999999940206,"COL1A1","OE",FALSE,"Activated",2.59681332657232e-11
"SERPINA5",1.97344540253495e-09,-0.0587361190251748,4.36117886189282e-06,0.998333744119839,0.999999999940206,"COL1A1","OE",FALSE,"Activated",2.59681332657232e-11
"MUSTN1",1.96559663966268e-09,-0.0598644783805297,4.32655739286272e-06,0.99834037112273,0.999999999940206,"COL1A1","OE",FALSE,"Activated",2.59681332657232e-11
"AC108134.2",1.94362194513767e-09,-0.0630443073223685,4.2303592986167e-06,0.998358925176573,0.999999999940206,"COL1A1","OE",FALSE,"Activated",2.59681332657232e-11
"GABBR2",1.94149794223269e-09,-0.0633532914779733,4.22111842143201e-06,0.99836071855146,0.999999999940206,"COL1A1","OE",FALSE,"Activated",2.59681332657232e-11
"C3AR1",1.94118894775771e-09,-0.0633982658562783,4.21977492427909e-06,0.998360979447022,0.999999999940206,"COL1A1","OE",FALSE,"Activated",2.59681332657232e-11
"CARNS1",1.91439369868701e-09,-0.0673218929977615,4.10408341620048e-06,0.998383603676105,0.999999999940206,"COL1A1","OE",FALSE,"Activated",2.59681332657232e-11
"CXCL3",1.90917216660439e-09,-0.0680919612295127,4.08172607299517e-06,0.998388012410719,0.999999999940206,"COL1A1","OE",FALSE,"Activated",2.59681332657232e-11
"FOSL1",1.87784417313274e-09,-0.072750502867654,3.9488693837683e-06,0.998414463807052,0.999999999940206,"COL1A1","OE",FALSE,"Activated",2.59681332657232e-11
"ATP1B2",1.87698594557655e-09,-0.0728790587487845,3.94526072003699e-06,0.998415188440694,0.999999999940206,"COL1A1","OE",FALSE,"Activated",2.59681332657232e-11
"STEAP4",1.87476262530733e-09,-0.0732123296839806,3.93591980503582e-06,0.998417065673203,0.999999999940206,"COL1A1","OE",FALSE,"Activated",2.59681332657232e-11
"DSC3",1.87398164401835e-09,-0.0733294775722935,3.93264126787193e-06,0.998417725084935,0.999999999940206,"COL1A1","OE",FALSE,"Activated",2.59681332657232e-11
"KRT6A",1.86974755361805e-09,-0.0739653249034731,3.91489045605691e-06,0.998421300085949,0.999999999940206,"COL1A1","OE",FALSE,"Activated",2.59681332657232e-11
"SPINT2",1.86860474641456e-09,-0.0741371557120768,3.91010628319811e-06,0.998422265000853,0.999999999940206,"COL1A1","OE",FALSE,"Activated",2.59681332657232e-11
"LINC00958",1.86575341938925e-09,-0.074566270437877,3.89818242873233e-06,0.998424672483013,0.999999999940206,"COL1A1","OE",FALSE,"Activated",2.59681332657232e-11
"S100A2",1.85577778903737e-09,-0.0760720083932097,3.85660901567232e-06,0.998433095281317,0.999999999940206,"COL1A1","OE",FALSE,"Activated",2.59681332657232e-11
"SLC7A5",1.8493103271779e-09,-0.0770519319907034,3.82977497434113e-06,0.998438556001672,0.999999999940206,"COL1A1","OE",FALSE,"Activated",2.59681332657232e-11
"TENM2",1.84711878140822e-09,-0.0773846530533414,3.820703317912e-06,0.998440406405889,0.999999999940206,"COL1A1","OE",FALSE,"Activated",2.59681332657232e-11
"SOX15",1.83964266316101e-09,-0.0785222332544117,3.78983770779688e-06,0.998446718772741,0.999999999940206,"COL1A1","OE",FALSE,"Activated",2.59681332657232e-11
"AC036176.3",1.82806362604027e-09,-0.0802919737255487,3.74228002747299e-06,0.998456495387974,0.999999999940206,"COL1A1","OE",FALSE,"Activated",2.59681332657232e-11
"WARS",1.82205595349015e-09,-0.0812139787640054,3.71772349664573e-06,0.998461567891275,0.999999999940206,"COL1A1","OE",FALSE,"Activated",2.59681332657232e-11
"MIR205HG",1.81841305251893e-09,-0.0817743302596397,3.70287240525894e-06,0.998464643729252,0.999999999940206,"COL1A1","OE",FALSE,"Activated",2.59681332657232e-11
"PTPRZ1",1.8152448106065e-09,-0.0822624531534446,3.68998053177863e-06,0.998467318794795,0.999999999940206,"COL1A1","OE",FALSE,"Activated",2.59681332657232e-11
"MSMO1",1.81144285845217e-09,-0.082849175833779,3.67453970787837e-06,0.998470528925699,0.999999999940206,"COL1A1","OE",FALSE,"Activated",2.59681332657232e-11
"KRT1",1.80749925194225e-09,-0.0834588760546336,3.65855779061611e-06,0.998473858660719,0.999999999940206,"COL1A1","OE",FALSE,"Activated",2.59681332657232e-11
"RNASE1",1.79423097744231e-09,-0.0855186274706232,3.60504232654901e-06,0.998485061563166,0.999999999940206,"COL1A1","OE",FALSE,"Activated",2.59681332657232e-11
"ALKAL2",1.78780444485072e-09,-0.0865209758749822,3.57926367134972e-06,0.998490487726087,0.999999999940206,"COL1A1","OE",FALSE,"Activated",2.59681332657232e-11
"INHBA",1.7828277212919e-09,-0.0872993229352971,3.55936416523306e-06,0.998494689760818,0.999999999940206,"COL1A1","OE",FALSE,"Activated",2.59681332657232e-11
"PLAUR",1.74774107610631e-09,-0.0928403039582162,3.42064381046034e-06,0.998524314735121,0.999999999940206,"COL1A1","OE",FALSE,"Activated",2.59681332657232e-11
"PDLIM4",1.74737751375667e-09,-0.092898216431643,3.41922084458702e-06,0.998524621704499,0.999999999940206,"COL1A1","OE",FALSE,"Activated",2.59681332657232e-11
"MPZ",1.74256561372329e-09,-0.0936656876811863,3.40041518314968e-06,0.998528684572858,0.999999999940206,"COL1A1","OE",FALSE,"Activated",2.59681332657232e-11
"CASQ2",1.73751852163878e-09,-0.0944726267449249,3.38074607631244e-06,0.998532946022761,0.999999999940206,"COL1A1","OE",FALSE,"Activated",2.59681332657232e-11
"DSG2",1.73343519378096e-09,-0.095126950109564,3.36487462134633e-06,0.998536393730266,0.999999999940206,"COL1A1","OE",FALSE,"Activated",2.59681332657232e-11
"SERPINB5",1.71918171907882e-09,-0.0974213767335038,3.30976558587758e-06,0.998548428476014,0.999999999940206,"COL1A1","OE",FALSE,"Activated",2.59681332657232e-11
"SLC25A4",1.69950790333138e-09,-0.100615289059965,3.23444703762728e-06,0.998565039820483,0.999999999940206,"COL1A1","OE",FALSE,"Activated",2.59681332657232e-11
"COL17A1",1.69779108708415e-09,-0.100895505010127,3.22791556288454e-06,0.998566489393205,0.999999999940206,"COL1A1","OE",FALSE,"Activated",2.59681332657232e-11
"IGFBP6",1.69464286983481e-09,-0.101409984072537,3.21595560190071e-06,0.998569147551804,0.999999999940206,"COL1A1","OE",FALSE,"Activated",2.59681332657232e-11
"ST14",1.68137439324395e-09,-0.103587358119997,3.16579307699678e-06,0.998580350627354,0.999999999940206,"COL1A1","OE",FALSE,"Activated",2.59681332657232e-11
"MT1E",1.67709788537264e-09,-0.104292279851114,3.14970942340551e-06,0.998583961444408,0.999999999940206,"COL1A1","OE",FALSE,"Activated",2.59681332657232e-11
"ALDH1A1",1.67099223867541e-09,-0.105301386319412,3.12681748982297e-06,0.998589116672483,0.999999999940206,"COL1A1","OE",FALSE,"Activated",2.59681332657232e-11
"GJB5",1.65517224060726e-09,-0.10793081744398,3.06789191679619e-06,0.998602474094537,0.999999999940206,"COL1A1","OE",FALSE,"Activated",2.59681332657232e-11
"GJB2",1.64847009675708e-09,-0.109051282361348,3.04309712674914e-06,0.998608132967917,0.999999999940206,"COL1A1","OE",FALSE,"Activated",2.59681332657232e-11
"KLK8",1.64706336301908e-09,-0.109286956298568,3.03790564542682e-06,0.998609320726393,0.999999999940206,"COL1A1","OE",FALSE,"Activated",2.59681332657232e-11
"SLCO2A1",1.64675147574113e-09,-0.109339231009055,3.03675524109378e-06,0.998609584064613,0.999999999940206,"COL1A1","OE",FALSE,"Activated",2.59681332657232e-11
"MS4A1",1.64509637206129e-09,-0.109616781347436,3.03065399384451e-06,0.998610981531225,0.999999999940206,"COL1A1","OE",FALSE,"Activated",2.59681332657232e-11
"NELL2",1.64148312227971e-09,-0.110223533587946,3.01735570403012e-06,0.998614032334637,0.999999999940206,"COL1A1","OE",FALSE,"Activated",2.59681332657232e-11
"IFIT1",1.63747122187557e-09,-0.110898572740161,3.00262446827885e-06,0.998617419733867,0.999999999940206,"COL1A1","OE",FALSE,"Activated",2.59681332657232e-11
"AC112721.1",1.63520827900412e-09,-0.111279959786698,2.99433110415877e-06,0.998619330422123,0.999999999940206,"COL1A1","OE",FALSE,"Activated",2.59681332657232e-11
"RTL3",1.63520821460251e-09,-0.11127997064712,2.99433086829924e-06,0.998619330476499,0.999999999940206,"COL1A1","OE",FALSE,"Activated",2.59681332657232e-11
"LILRB4",1.63185794738174e-09,-0.111845443077468,2.98207367472526e-06,0.998622159233843,0.999999999940206,"COL1A1","OE",FALSE,"Activated",2.59681332657232e-11
"MPEG1",1.62375685759577e-09,-0.113216906363923,2.95253914041613e-06,0.998628999290456,0.999999999940206,"COL1A1","OE",FALSE,"Activated",2.59681332657232e-11
"IRF4",1.62203973733478e-09,-0.11350835769012,2.94629783148031e-06,0.998630449120073,0.999999999940206,"COL1A1","OE",FALSE,"Activated",2.59681332657232e-11
"DSE",1.59047315412518e-09,-0.118913960591287,2.83273763839393e-06,0.998657101981645,0.999999999940206,"COL1A1","OE",FALSE,"Activated",2.59681332657232e-11
"ANO5",1.585625267371e-09,-0.119752271950141,2.81549514432488e-06,0.998661195236146,0.999999999940206,"COL1A1","OE",FALSE,"Activated",2.59681332657232e-11
"CLEC2D",1.58382111126274e-09,-0.120064813587393,2.80909173611005e-06,0.998662718553527,0.999999999940206,"COL1A1","OE",FALSE,"Activated",2.59681332657232e-11
"LAX1",1.57989141539273e-09,-0.120746630022518,2.79516947990549e-06,0.998666036544705,0.999999999940206,"COL1A1","OE",FALSE,"Activated",2.59681332657232e-11
"REEP1",1.57975558415962e-09,-0.120770223233993,2.79468887093152e-06,0.998666151232164,0.999999999940206,"COL1A1","OE",FALSE,"Activated",2.59681332657232e-11
"LCP1",1.57906414701744e-09,-0.120890349419244,2.79224301307379e-06,0.998666735038755,0.999999999940206,"COL1A1","OE",FALSE,"Activated",2.59681332657232e-11
"ITGAX",1.57607773067312e-09,-0.121409710575233,2.78169130144179e-06,0.998669256583293,0.999999999940206,"COL1A1","OE",FALSE,"Activated",2.59681332657232e-11
"AC079822.1",1.5751535009049e-09,-0.121570612422541,2.77842982766043e-06,0.998670036945528,0.999999999940206,"COL1A1","OE",FALSE,"Activated",2.59681332657232e-11
"CCL4L2",1.57440122625172e-09,-0.121701637904431,2.77577657104745e-06,0.998670672119541,0.999999999940206,"COL1A1","OE",FALSE,"Activated",2.59681332657232e-11
"RNF19B",1.57299783778422e-09,-0.121946213059945,2.77083023769524e-06,0.998671857053636,0.999999999940206,"COL1A1","OE",FALSE,"Activated",2.59681332657232e-11
"FMO2",1.55578700703624e-09,-0.12496095174961,2.7105283093703e-06,0.99868638881086,0.999999999940206,"COL1A1","OE",FALSE,"Activated",2.59681332657232e-11
"CD3E",1.55271877365192e-09,-0.125501401674906,2.69984775641974e-06,0.998688979436733,0.999999999940206,"COL1A1","OE",FALSE,"Activated",2.59681332657232e-11
"PLXNA4",1.55113129003513e-09,-0.125781386606345,2.69432998566674e-06,0.998690319809395,0.999999999940206,"COL1A1","OE",FALSE,"Activated",2.59681332657232e-11
"ADA2",1.54980291740183e-09,-0.126015861031346,2.68971716958838e-06,0.998691441404823,0.999999999940206,"COL1A1","OE",FALSE,"Activated",2.59681332657232e-11
"ITGA6",1.54573481445379e-09,-0.126735006252652,2.6756151373282e-06,0.998694876258548,0.999999999940206,"COL1A1","OE",FALSE,"Activated",2.59681332657232e-11
"TP63",1.53720452838413e-09,-0.128248248002859,2.64616534457229e-06,0.998702078702926,0.999999999940206,"COL1A1","OE",FALSE,"Activated",2.59681332657232e-11
"SORL1",1.52386115207635e-09,-0.130629824540683,2.60042577752541e-06,0.99871334502233,0.999999999940206,"COL1A1","OE",FALSE,"Activated",2.59681332657232e-11
"TJP2",1.51355946036532e-09,-0.132480778054154,2.56538553108558e-06,0.998722043132081,0.999999999940206,"COL1A1","OE",FALSE,"Activated",2.59681332657232e-11
"P2RX1",1.50451554339977e-09,-0.13411467143699,2.53481941473939e-06,0.998729679254947,0.999999999940206,"COL1A1","OE",FALSE,"Activated",2.59681332657232e-11
"CD79A",1.49313364081728e-09,-0.13618296724997,2.49661185180607e-06,0.998739289428105,0.999999999940206,"COL1A1","OE",FALSE,"Activated",2.59681332657232e-11
"HAS3",1.47340386668928e-09,-0.139800481604918,2.4310689561864e-06,0.998755948027076,0.999999999940206,"COL1A1","OE",FALSE,"Activated",2.59681332657232e-11
"CPA4",1.45890603818593e-09,-0.142485284505873,2.38346242999047e-06,0.998768189095638,0.999999999940206,"COL1A1","OE",FALSE,"Activated",2.59681332657232e-11
"KHDC1L",1.4589000556678e-09,-0.142486397103167,2.38344288236014e-06,0.998768194146906,0.999999999940206,"COL1A1","OE",FALSE,"Activated",2.59681332657232e-11
"WNT4",1.45539187396591e-09,-0.143139505401861,2.37199384955556e-06,0.998771156238323,0.999999999940206,"COL1A1","OE",FALSE,"Activated",2.59681332657232e-11
"AC110995.1",1.4507285331801e-09,-0.144009760389793,2.3568176012006e-06,0.998775093674574,0.999999999940206,"COL1A1","OE",FALSE,"Activated",2.59681332657232e-11
"AL109615.2",1.4318457955756e-09,-0.147558301716635,2.29586403218962e-06,0.998791037089477,0.999999999940206,"COL1A1","OE",FALSE,"Activated",2.59681332657232e-11
"PDPN",1.41555207475838e-09,-0.150652715685946,2.24390966090797e-06,0.998804794499237,0.999999999940206,"COL1A1","OE",FALSE,"Activated",2.59681332657232e-11
"CD74",1.39689924234453e-09,-0.154232897162345,2.18516296182504e-06,0.998820543797307,0.999999999940206,"COL1A1","OE",FALSE,"Activated",2.59681332657232e-11
"SNAI1",1.3905730371442e-09,-0.155456450146029,2.1654156720524e-06,0.998825885253827,0.999999999940206,"COL1A1","OE",FALSE,"Activated",2.59681332657232e-11
"IER5",1.38441907135656e-09,-0.156651280793355,2.14629203480707e-06,0.998831081282086,0.999999999940206,"COL1A1","OE",FALSE,"Activated",2.59681332657232e-11
"ATP1B1",1.38327342668729e-09,-0.156874217707021,2.14274127379741e-06,0.998832048593624,0.999999999940206,"COL1A1","OE",FALSE,"Activated",2.59681332657232e-11
"IGHA1",1.37381098120828e-09,-0.158721645565949,2.11352619113437e-06,0.998840038097708,0.999999999940206,"COL1A1","OE",FALSE,"Activated",2.59681332657232e-11
"TFEC",1.36530687742855e-09,-0.160391305998108,2.08744106518549e-06,0.998847218437397,0.999999999940206,"COL1A1","OE",FALSE,"Activated",2.59681332657232e-11
"MMP12",1.35118506086521e-09,-0.163183736903154,2.04448221453013e-06,0.998859142026797,0.999999999940206,"COL1A1","OE",FALSE,"Activated",2.59681332657232e-11
"MNDA",1.35104688667094e-09,-0.163211182746601,2.04406409232508e-06,0.998859258692551,0.999999999940206,"COL1A1","OE",FALSE,"Activated",2.59681332657232e-11
"AREG",1.34797615573333e-09,-0.163821751024212,2.03478293736301e-06,0.998861851428067,0.999999999940206,"COL1A1","OE",FALSE,"Activated",2.59681332657232e-11
"SNHG3",1.33077304472141e-09,-0.1672645618548,1.98317782673919e-06,0.998876376672538,0.999999999940206,"COL1A1","OE",FALSE,"Activated",2.59681332657232e-11
"MAL2",1.3278360445702e-09,-0.167856146930078,1.97443378703083e-06,0.998878856494114,0.999999999940206,"COL1A1","OE",FALSE,"Activated",2.59681332657232e-11
"ERAP2",1.3093266056868e-09,-0.171610452430369,1.91977199863611e-06,0.998894484721645,0.999999999940206,"COL1A1","OE",FALSE,"Activated",2.59681332657232e-11
"SLCO1B3",1.30838283296275e-09,-0.171803096894052,1.91700542312946e-06,0.998895281585081,0.999999999940206,"COL1A1","OE",FALSE,"Activated",2.59681332657232e-11
"ARTN",1.30665492000818e-09,-0.172156110501408,1.91194538847898e-06,0.998896740528133,0.999999999940206,"COL1A1","OE",FALSE,"Activated",2.59681332657232e-11
"TAF4B",1.29925979588791e-09,-0.173671477964538,1.8903649962858e-06,0.998902984514553,0.999999999940206,"COL1A1","OE",FALSE,"Activated",2.59681332657232e-11
"ECRG4",1.29604429944235e-09,-0.174332688630484,1.88101976717883e-06,0.998905699481329,0.999999999940206,"COL1A1","OE",FALSE,"Activated",2.59681332657232e-11
"GJB6",1.29220013758305e-09,-0.175125022778337,1.8698778321469e-06,0.998908945254404,0.999999999940206,"COL1A1","OE",FALSE,"Activated",2.59681332657232e-11
"LINC00511",1.29095281155556e-09,-0.175382548182481,1.86626968888115e-06,0.99890999841954,0.999999999940206,"COL1A1","OE",FALSE,"Activated",2.59681332657232e-11
"HLA-DMB",1.2892349520854e-09,-0.175737570503302,1.86130613647299e-06,0.998911448874087,0.999999999940206,"COL1A1","OE",FALSE,"Activated",2.59681332657232e-11
"HERC5",1.28441564046909e-09,-0.176735726710019,1.84741658373717e-06,0.998915518003489,0.999999999940206,"COL1A1","OE",FALSE,"Activated",2.59681332657232e-11
"IFIT3",1.28139224990333e-09,-0.177363560316842,1.83872953902175e-06,0.998918070767969,0.999999999940206,"COL1A1","OE",FALSE,"Activated",2.59681332657232e-11
"LINP1",1.28095252590871e-09,-0.177454978693992,1.83746779458813e-06,0.998918442043784,0.999999999940206,"COL1A1","OE",FALSE,"Activated",2.59681332657232e-11
"FPR3",1.27892606639583e-09,-0.17787662674466,1.83165866630877e-06,0.998920153061192,0.999999999940206,"COL1A1","OE",FALSE,"Activated",2.59681332657232e-11
"FAM111B",1.27789165924394e-09,-0.178092078169078,1.82869693981592e-06,0.998921026450784,0.999999999940206,"COL1A1","OE",FALSE,"Activated",2.59681332657232e-11
"UNG",1.27665764472589e-09,-0.178349300588423,1.82516682992164e-06,0.998922068376525,0.999999999940206,"COL1A1","OE",FALSE,"Activated",2.59681332657232e-11
"HIST2H2AC",1.27229175046942e-09,-0.179261058787342,1.81270481998404e-06,0.998925754668347,0.999999999940206,"COL1A1","OE",FALSE,"Activated",2.59681332657232e-11
"SOX2",1.27213618458804e-09,-0.179293596119363,1.81226156035774e-06,0.998925886018582,0.999999999940206,"COL1A1","OE",FALSE,"Activated",2.59681332657232e-11
"HIST1H2BH",1.27146162316142e-09,-0.179434723300084,1.81034013458194e-06,0.998926455576646,0.999999999940206,"COL1A1","OE",FALSE,"Activated",2.59681332657232e-11
"A2ML1",1.27110236420629e-09,-0.179509911244971,1.80931723462355e-06,0.99892675891275,0.999999999940206,"COL1A1","OE",FALSE,"Activated",2.59681332657232e-11
"USP2",1.26460676815304e-09,-0.180872504318811,1.79087251274231e-06,0.998932243393461,0.999999999940206,"COL1A1","OE",FALSE,"Activated",2.59681332657232e-11
"FCGR3A",1.25494487143631e-09,-0.182910447436215,1.76361166722848e-06,0.998940401303274,0.999999999940206,"COL1A1","OE",FALSE,"Activated",2.59681332657232e-11
"CSF2RB",1.25073130303169e-09,-0.183803415164501,1.7517886408278e-06,0.998943958980651,0.999999999940206,"COL1A1","OE",FALSE,"Activated",2.59681332657232e-11
"IL4I1",1.24942758342114e-09,-0.184080230964578,1.7481385348458e-06,0.998945059761114,0.999999999940206,"COL1A1","OE",FALSE,"Activated",2.59681332657232e-11
"FCER1G",1.24404891943558e-09,-0.185224896770492,1.73311979961352e-06,0.998949601173406,0.999999999940206,"COL1A1","OE",FALSE,"Activated",2.59681332657232e-11
"TNFRSF6B",1.23966701661106e-09,-0.186160578388232,1.7209321956572e-06,0.998953300982045,0.999999999940206,"COL1A1","OE",FALSE,"Activated",2.59681332657232e-11
"SLC20A1",1.23699379917939e-09,-0.186732793344182,1.7135181631722e-06,0.998955558082076,0.999999999940206,"COL1A1","OE",FALSE,"Activated",2.59681332657232e-11
"SCN3A",1.23699012318076e-09,-0.186733580939323,1.71350797899656e-06,0.998955561185862,0.999999999940206,"COL1A1","OE",FALSE,"Activated",2.59681332657232e-11
"CD209",1.22830759875358e-09,-0.188599468669767,1.68953792262962e-06,0.998962892174381,0.999999999940206,"COL1A1","OE",FALSE,"Activated",2.59681332657232e-11
"CDH3",1.22408620349591e-09,-0.189510744020427,1.67794481427769e-06,0.998966456460403,0.999999999940206,"COL1A1","OE",FALSE,"Activated",2.59681332657232e-11
"TFF3",1.20321744581655e-09,-0.194055699850447,1.62121983157466e-06,0.998984076753696,0.999999999940206,"COL1A1","OE",FALSE,"Activated",2.59681332657232e-11
"FABP3",1.20232502133586e-09,-0.194251562301706,1.61881581105345e-06,0.998984830261958,0.999999999940206,"COL1A1","OE",FALSE,"Activated",2.59681332657232e-11
"CDC42EP4",1.17460055995121e-09,-0.200399326133759,1.54501988798222e-06,0.999008239089883,0.999999999940206,"COL1A1","OE",FALSE,"Activated",2.59681332657232e-11
"SNCG",1.16453283528862e-09,-0.202662630860848,1.51864807506889e-06,0.999016739656832,0.999999999940206,"COL1A1","OE",FALSE,"Activated",2.59681332657232e-11
"LYVE1",1.16287867714134e-09,-0.203036103107396,1.51433681845515e-06,0.999018136326154,0.999999999940206,"COL1A1","OE",FALSE,"Activated",2.59681332657232e-11
"ARC",1.16002952068372e-09,-0.203680449336042,1.50692538843404e-06,0.999020541978502,0.999999999940206,"COL1A1","OE",FALSE,"Activated",2.59681332657232e-11
"NPY1R",1.15743096270579e-09,-0.204269306740658,1.50018168573933e-06,0.999022736040926,0.999999999940206,"COL1A1","OE",FALSE,"Activated",2.59681332657232e-11
"DUSP26",1.14763706741034e-09,-0.206498936349313,1.47490076592177e-06,0.999031005403397,0.999999999940206,"COL1A1","OE",FALSE,"Activated",2.59681332657232e-11
"SLA2",1.14338967764303e-09,-0.20747095388106,1.46400379122095e-06,0.999034591637964,0.999999999940206,"COL1A1","OE",FALSE,"Activated",2.59681332657232e-11
"KLK5",1.14307627708577e-09,-0.207542798419498,1.46320134087133e-06,0.999034856254111,0.999999999940206,"COL1A1","OE",FALSE,"Activated",2.59681332657232e-11
"SOX9",1.14160728537826e-09,-0.207879778263922,1.45944297489063e-06,0.999036096580324,0.999999999940206,"COL1A1","OE",FALSE,"Activated",2.59681332657232e-11
"AC025263.1",1.1276604355154e-09,-0.211097788304917,1.42400119464564e-06,0.999047872442328,0.999999999940206,"COL1A1","OE",FALSE,"Activated",2.59681332657232e-11
"IRX1",1.1110368633136e-09,-0.21497831538478,1.38232640692123e-06,0.999061908364272,0.999999999940206,"COL1A1","OE",FALSE,"Activated",2.59681332657232e-11
"AKR1B10",1.1056027510604e-09,-0.216257632868806,1.36883748120697e-06,0.9990664965945,0.999999999940206,"COL1A1","OE",FALSE,"Activated",2.59681332657232e-11
"SLITRK6",1.10415057381491e-09,-0.216600422701651,1.36524398582956e-06,0.999067722723673,0.999999999940206,"COL1A1","OE",FALSE,"Activated",2.59681332657232e-11
"DKK1",1.10285059708711e-09,-0.216907613479191,1.36203112578029e-06,0.99906882034409,0.999999999940206,"COL1A1","OE",FALSE,"Activated",2.59681332657232e-11
"MIR503HG",1.1013662604533e-09,-0.217258749456479,1.35836725293843e-06,0.999070073626677,0.999999999940206,"COL1A1","OE",FALSE,"Activated",2.59681332657232e-11
"TINCR",1.0984260560583e-09,-0.217955486978339,1.35112434658074e-06,0.999072556154493,0.999999999940206,"COL1A1","OE",FALSE,"Activated",2.59681332657232e-11
"GBP6",1.09707764932051e-09,-0.218275552923923,1.34780915404843e-06,0.99907369466624,0.999999999940206,"COL1A1","OE",FALSE,"Activated",2.59681332657232e-11
"GPX2",1.09073277612589e-09,-0.21978615550097,1.33226431242899e-06,0.999079051887096,0.999999999940206,"COL1A1","OE",FALSE,"Activated",2.59681332657232e-11
"KLK9",1.09072632870083e-09,-0.219787694349053,1.33224856219372e-06,0.999079057330906,0.999999999940206,"COL1A1","OE",FALSE,"Activated",2.59681332657232e-11
"DLK2",1.08932714367957e-09,-0.220121831511421,1.32883273445913e-06,0.999080238716725,0.999999999940206,"COL1A1","OE",FALSE,"Activated",2.59681332657232e-11
"AGR2",1.08876628784726e-09,-0.220255871983182,1.32746474921506e-06,0.999080712268912,0.999999999940206,"COL1A1","OE",FALSE,"Activated",2.59681332657232e-11
"AC253572.2",1.08872497042032e-09,-0.220265748890614,1.32736399960936e-06,0.999080747154807,0.999999999940206,"COL1A1","OE",FALSE,"Activated",2.59681332657232e-11
"RAP2B",1.08024716690222e-09,-0.222299197882455,1.30677235722119e-06,0.999087905290984,0.999999999940206,"COL1A1","OE",FALSE,"Activated",2.59681332657232e-11
"XCL1",1.07980834972331e-09,-0.222404822842591,1.30571090071966e-06,0.999088275801239,0.999999999940206,"COL1A1","OE",FALSE,"Activated",2.59681332657232e-11
"HMGA1",1.07275300025734e-09,-0.224108147883201,1.28870389979573e-06,0.999094232904708,0.999999999940206,"COL1A1","OE",FALSE,"Activated",2.59681332657232e-11
"BANK1",1.06900096370453e-09,-0.225017894435026,1.27970498153298e-06,0.999097400893795,0.999999999940206,"COL1A1","OE",FALSE,"Activated",2.59681332657232e-11
"SOWAHC",1.04694211363429e-09,-0.230422519191462,1.22743642384934e-06,0.999116026031471,0.999999999940206,"COL1A1","OE",FALSE,"Activated",2.59681332657232e-11
"IGKV4-1",1.02404355395277e-09,-0.236137220716859,1.17433099424044e-06,0.99913536016886,0.999999999940206,"COL1A1","OE",FALSE,"Activated",2.59681332657232e-11
"KRT13",1.02133619974985e-09,-0.236820112188753,1.16812983765252e-06,0.9991376460925,0.999999999940206,"COL1A1","OE",FALSE,"Activated",2.59681332657232e-11
"GALNT6",1.00555163220704e-09,-0.24083274747634,1.13230237347873e-06,0.999150973612198,0.999999999940206,"COL1A1","OE",FALSE,"Activated",2.59681332657232e-11
"CAPN3",1.00382555479767e-09,-0.241274809267315,1.12841840762606e-06,0.999152431006,0.999999999940206,"COL1A1","OE",FALSE,"Activated",2.59681332657232e-11
"SLITRK5",9.99271101954072e-10,-0.242444377979087,1.11820215124999e-06,0.9991562765064,0.999999999940206,"COL1A1","OE",FALSE,"Activated",2.59681332657232e-11
"MT1G",9.9096048988224e-10,-0.244590352161483,1.09968004832046e-06,0.999163293477127,0.999999999940206,"COL1A1","OE",FALSE,"Activated",2.59681332657232e-11
"NT5C3A",9.8694389435008e-10,-0.245633060447139,1.0907835917902e-06,0.999166684843878,0.999999999940206,"COL1A1","OE",FALSE,"Activated",2.59681332657232e-11
"ITGB6",9.81471436687206e-10,-0.247059584939914,1.07872066154888e-06,0.999171305451284,0.999999999940206,"COL1A1","OE",FALSE,"Activated",2.59681332657232e-11
"HLA-DRA",9.74890286881026e-10,-0.248784181115811,1.06430267549777e-06,0.999176862170332,0.999999999940206,"COL1A1","OE",FALSE,"Activated",2.59681332657232e-11
"AC005280.2",9.69232411018368e-10,-0.250274834972825,1.05198494345347e-06,0.99918163933355,0.999999999940206,"COL1A1","OE",FALSE,"Activated",2.59681332657232e-11
"HLA-DMA",9.68192570171234e-10,-0.250549608608125,1.04972891051695e-06,0.999182517311361,0.999999999940206,"COL1A1","OE",FALSE,"Activated",2.59681332657232e-11
"AMIGO2",9.60835675456829e-10,-0.252500901920826,1.0338366090508e-06,0.999188729021899,0.999999999940206,"COL1A1","OE",FALSE,"Activated",2.59681332657232e-11
"C6orf141",9.50285322438049e-10,-0.255321696851278,1.01125739384965e-06,0.99919763709279,0.999999999940206,"COL1A1","OE",FALSE,"Activated",2.59681332657232e-11
"GCLC",9.45842099955193e-10,-0.256517705017291,1.00182288608551e-06,0.999201388677321,0.999999999940206,"COL1A1","OE",FALSE,"Activated",2.59681332657232e-11
"CUL2",9.4256913136162e-10,-0.257401795783389,9.94901515869178e-07,0.999204152171258,0.999999999940206,"COL1A1","OE",FALSE,"Activated",2.59681332657232e-11
"CNFN",9.40776955795353e-10,-0.257887012737034,9.91121754750521e-07,0.99920566537439,0.999999999940206,"COL1A1","OE",FALSE,"Activated",2.59681332657232e-11
"MYPN",9.399690292615e-10,-0.258106011625121,9.89420161783469e-07,0.999206347538005,0.999999999940206,"COL1A1","OE",FALSE,"Activated",2.59681332657232e-11
"UPK1B",9.3996888289423e-10,-0.258106051314481,9.89419853648389e-07,0.999206347661589,0.999999999940206,"COL1A1","OE",FALSE,"Activated",2.59681332657232e-11
"AP001160.1",9.3824168085397e-10,-0.258574773862089,9.85787056999486e-07,0.999207806005064,0.999999999940206,"COL1A1","OE",FALSE,"Activated",2.59681332657232e-11
"DLL1",9.34767227164902e-10,-0.259519906508747,9.78499532340213e-07,0.999210739620682,0.999999999940206,"COL1A1","OE",FALSE,"Activated",2.59681332657232e-11
"EZR",9.31865099952958e-10,-0.260311665681857,9.72433162339266e-07,0.999213189998931,0.999999999940206,"COL1A1","OE",FALSE,"Activated",2.59681332657232e-11
"CXCL11",9.27712994316048e-10,-0.261448130451126,9.63786739247548e-07,0.99921669578232,0.999999999940206,"COL1A1","OE",FALSE,"Activated",2.59681332657232e-11
"SHISA2",9.20333939483531e-10,-0.263478649289831,9.4851574191934e-07,0.999222926203769,0.999999999940206,"COL1A1","OE",FALSE,"Activated",2.59681332657232e-11
"CMPK2",9.19195394604472e-10,-0.263793189191657,9.4617037638363e-07,0.999223887521258,0.999999999940206,"COL1A1","OE",FALSE,"Activated",2.59681332657232e-11
"LGALS7",9.13814988197671e-10,-0.265284143253714,9.35126191374426e-07,0.99922843040656,0.999999999940206,"COL1A1","OE",FALSE,"Activated",2.59681332657232e-11
"SELE",9.1080417134131e-10,-0.26612175409273,9.28974277641801e-07,0.999230972555734,0.999999999940206,"COL1A1","OE",FALSE,"Activated",2.59681332657232e-11
"TSPAN7",8.96170284357176e-10,-0.270227057367975,8.99362438809676e-07,0.999243328512876,0.999999999940206,"COL1A1","OE",FALSE,"Activated",2.59681332657232e-11
"SAA1",8.78412185114545e-10,-0.275286762364485,8.64072871553655e-07,0.999258322363584,0.999999999940206,"COL1A1","OE",FALSE,"Activated",2.59681332657232e-11
"AKR1C2",8.72446002161316e-10,-0.277006370279726,8.52375151996467e-07,0.999263359842896,0.999999999940206,"COL1A1","OE",FALSE,"Activated",2.59681332657232e-11
"CDK6",8.66571973810439e-10,-0.278709300705476,8.40936001422734e-07,0.999268319512537,0.999999999940206,"COL1A1","OE",FALSE,"Activated",2.59681332657232e-11
"LINC01871",8.58274436330836e-10,-0.281131779380858,8.2490896149001e-07,0.999275325444847,0.999999999940206,"COL1A1","OE",FALSE,"Activated",2.59681332657232e-11
"PDE6A",8.51071395324185e-10,-0.283251063729262,8.11121018102475e-07,0.999281407251433,0.999999999940206,"COL1A1","OE",FALSE,"Activated",2.59681332657232e-11
"PGM5",8.27127143903525e-10,-0.290408333908063,7.66122493979179e-07,0.999301624310869,0.999999999940206,"COL1A1","OE",FALSE,"Activated",2.59681332657232e-11
"AHNAK2",8.21070014816507e-10,-0.292247037224694,7.54942806649641e-07,0.999306738579773,0.999999999940206,"COL1A1","OE",FALSE,"Activated",2.59681332657232e-11
"EFNA1",8.14916953596345e-10,-0.294126814688821,7.43670189868494e-07,0.999311933847925,0.999999999940206,"COL1A1","OE",FALSE,"Activated",2.59681332657232e-11
"KRT18",8.08098610823693e-10,-0.296224112892524,7.31277796744692e-07,0.999317690839121,0.999999999940206,"COL1A1","OE",FALSE,"Activated",2.59681332657232e-11
"LILRB5",7.94537091718464e-10,-0.300441114172779,7.06939127955617e-07,0.999329141355676,0.999999999940206,"COL1A1","OE",FALSE,"Activated",2.59681332657232e-11
"ADRB2",7.90548174994962e-10,-0.301693232194813,6.99858671341195e-07,0.9993325093528,0.999999999940206,"COL1A1","OE",FALSE,"Activated",2.59681332657232e-11
"S100B",7.77235149938137e-10,-0.30591178694172,6.76485563792062e-07,0.999343750056367,0.999999999940206,"COL1A1","OE",FALSE,"Activated",2.59681332657232e-11
"TH",7.32180122304062e-10,-0.320664092103398,6.00329293366213e-07,0.999381791765171,0.999999999940206,"COL1A1","OE",FALSE,"Activated",2.59681332657232e-11
"LGALS7B",7.23143628203351e-10,-0.323716302838902,5.85602328407094e-07,0.999389421628096,0.999999999940206,"COL1A1","OE",FALSE,"Activated",2.59681332657232e-11
"TPRG1",7.22826817823316e-10,-0.323823902692452,5.85089334170262e-07,0.999389689123405,0.999999999940206,"COL1A1","OE",FALSE,"Activated",2.59681332657232e-11
"LY6K",7.21997802586325e-10,-0.324105656743396,5.83748017526818e-07,0.99939038909317,0.999999999940206,"COL1A1","OE",FALSE,"Activated",2.59681332657232e-11
"PIMREG",7.14090816859872e-10,-0.326807011214719,5.71032153874796e-07,0.99939706526836,0.999999999940206,"COL1A1","OE",FALSE,"Activated",2.59681332657232e-11
"CDH1",7.07841807637924e-10,-0.328960145975703,5.61081677993915e-07,0.999402341549613,0.999999999940206,"COL1A1","OE",FALSE,"Activated",2.59681332657232e-11
"EFNB2",6.94921312523641e-10,-0.333464199670265,5.40785364484441e-07,0.999413250825669,0.999999999940206,"COL1A1","OE",FALSE,"Activated",2.59681332657232e-11
"CXCR4",6.77175544805667e-10,-0.339768890182786,5.13518623713395e-07,0.99942823426705,0.999999999940206,"COL1A1","OE",FALSE,"Activated",2.59681332657232e-11
"NPTX1",6.69950880687586e-10,-0.342376323982136,5.02619798604165e-07,0.999434334331813,0.999999999940206,"COL1A1","OE",FALSE,"Activated",2.59681332657232e-11
"CYB5R1",6.68529634628749e-10,-0.34289209928742,5.0048952692408e-07,0.999435534345113,0.999999999940206,"COL1A1","OE",FALSE,"Activated",2.59681332657232e-11
"HK2",6.64382397080426e-10,-0.344402542415407,4.94299193136042e-07,0.999439036019011,0.999999999940206,"COL1A1","OE",FALSE,"Activated",2.59681332657232e-11
"STAB1",6.61235666265039e-10,-0.345554002616376,4.89627958596023e-07,0.999441692926184,0.999999999940206,"COL1A1","OE",FALSE,"Activated",2.59681332657232e-11
"HLA-DOA",6.58149746724453e-10,-0.346687785054823,4.85068534985839e-07,0.99944429848804,0.999999999940206,"COL1A1","OE",FALSE,"Activated",2.59681332657232e-11
"TNFRSF18",6.55770617061979e-10,-0.347565006803472,4.81567948414906e-07,0.999446307279724,0.999999999940206,"COL1A1","OE",FALSE,"Activated",2.59681332657232e-11
"CD48",6.27317904111565e-10,-0.358273242362077,4.40685775647187e-07,0.999470331011889,0.999999999940206,"COL1A1","OE",FALSE,"Activated",2.59681332657232e-11
"TMPRSS11D",5.86671058196891e-10,-0.374317449085327,3.85427763650257e-07,0.999504650725614,0.999999999940206,"COL1A1","OE",FALSE,"Activated",2.59681332657232e-11
"PSAT1",5.82189610865484e-10,-0.376144267897432,3.79561862919206e-07,0.999508434586043,0.999999999940206,"COL1A1","OE",FALSE,"Activated",2.59681332657232e-11
"FYB1",5.78931832595497e-10,-0.377479857158538,3.75325893317303e-07,0.999511185255057,0.999999999940206,"COL1A1","OE",FALSE,"Activated",2.59681332657232e-11
"ROBO2",5.72126089017645e-10,-0.380290937169429,3.66553331704009e-07,0.999516931609316,0.999999999940206,"COL1A1","OE",FALSE,"Activated",2.59681332657232e-11
"KRT86",5.7212603491597e-10,-0.380290959629631,3.66553262379611e-07,0.999516931654997,0.999999999940206,"COL1A1","OE",FALSE,"Activated",2.59681332657232e-11
"NECTIN1",5.66032337873832e-10,-0.382832380114422,3.58786549982066e-07,0.999522076800666,0.999999999940206,"COL1A1","OE",FALSE,"Activated",2.59681332657232e-11
"MYH3",5.65363181943015e-10,-0.383112884772069,3.57938745997687e-07,0.999522641795073,0.999999999940206,"COL1A1","OE",FALSE,"Activated",2.59681332657232e-11
"CCL14",5.65363140743331e-10,-0.383112902051404,3.57938693829583e-07,0.99952264182986,0.999999999940206,"COL1A1","OE",FALSE,"Activated",2.59681332657232e-11
"COL19A1",5.65362920216581e-10,-0.383112994541343,3.5793841459298e-07,0.999522642016059,0.999999999940206,"COL1A1","OE",FALSE,"Activated",2.59681332657232e-11
"FABP5",5.6276215480203e-10,-0.384205926184643,3.54652834180373e-07,0.999524837943566,0.999999999940206,"COL1A1","OE",FALSE,"Activated",2.59681332657232e-11
"DNAH5",5.60220952310521e-10,-0.385278020724178,3.51457133001817e-07,0.999526983579781,0.999999999940206,"COL1A1","OE",FALSE,"Activated",2.59681332657232e-11
"TNFAIP8L1",5.58516437526026e-10,-0.385999469494582,3.49321716508803e-07,0.999528422767988,0.999999999940206,"COL1A1","OE",FALSE,"Activated",2.59681332657232e-11
"AC239799.2",5.5761824790867e-10,-0.386380395241013,3.48199082221446e-07,0.999529181144458,0.999999999940206,"COL1A1","OE",FALSE,"Activated",2.59681332657232e-11
"AKR1C1",5.49548894454946e-10,-0.389826452757943,3.38194347110444e-07,0.999535994413824,0.999999999940206,"COL1A1","OE",FALSE,"Activated",2.59681332657232e-11
"COL22A1",5.42183716868244e-10,-0.393009890834078,3.29189980407494e-07,0.999542213120113,0.999999999940206,"COL1A1","OE",FALSE,"Activated",2.59681332657232e-11
"GIMAP4",5.24165056844939e-10,-0.400957346404836,3.07673291934938e-07,0.999557426976661,0.999999999940206,"COL1A1","OE",FALSE,"Activated",2.59681332657232e-11
"ANKRD37",5.11405271322745e-10,-0.406728268855003,2.92876190879829e-07,0.999568200560714,0.999999999940206,"COL1A1","OE",FALSE,"Activated",2.59681332657232e-11
"TACSTD2",5.06801482862902e-10,-0.408840793835396,2.87626847282062e-07,0.999572087718699,0.999999999940206,"COL1A1","OE",FALSE,"Activated",2.59681332657232e-11
"AIFM1",5.05865831462039e-10,-0.409272144752692,2.86565800501878e-07,0.999572877725637,0.999999999940206,"COL1A1","OE",FALSE,"Activated",2.59681332657232e-11
"PCDHB15",5.05849374107213e-10,-0.409279737991106,2.86547155090183e-07,0.999572891621223,0.999999999940206,"COL1A1","OE",FALSE,"Activated",2.59681332657232e-11
"FST",4.93389653571948e-10,-0.415090273283959,2.7260495354057e-07,0.999583411848825,0.999999999940206,"COL1A1","OE",FALSE,"Activated",2.59681332657232e-11
"FXYD3",4.68736821404278e-10,-0.426967998823366,2.46043450214407e-07,0.999604227195955,0.999999999940206,"COL1A1","OE",FALSE,"Activated",2.59681332657232e-11
"IGFBP3",4.64401289017355e-10,-0.429112041048532,2.41512993047234e-07,0.99960788785497,0.999999999940206,"COL1A1","OE",FALSE,"Activated",2.59681332657232e-11
"SCT",4.61837663707039e-10,-0.430387917498304,2.38853913932638e-07,0.999610052423767,0.999999999940206,"COL1A1","OE",FALSE,"Activated",2.59681332657232e-11
"CDX1",4.2183627185968e-10,-0.45112710660938,1.99269810260871e-07,0.999643827158781,0.999999999940206,"COL1A1","OE",FALSE,"Activated",2.59681332657232e-11
"LINC02345",3.99317869135413e-10,-0.463556275898926,1.7856286972665e-07,0.999662840324605,0.999999999940206,"COL1A1","OE",FALSE,"Activated",2.59681332657232e-11
"MLXIPL",3.99317768955134e-10,-0.463556332517571,1.78562780131482e-07,0.999662840409191,0.999999999940206,"COL1A1","OE",FALSE,"Activated",2.59681332657232e-11
"MET",3.99305712203948e-10,-0.463563146691318,1.78551997468265e-07,0.999662850589176,0.999999999940206,"COL1A1","OE",FALSE,"Activated",2.59681332657232e-11
"IBSP",3.94661069992102e-10,-0.466201408283664,1.74422394828334e-07,0.9996667722418,0.999999999940206,"COL1A1","OE",FALSE,"Activated",2.59681332657232e-11
"CXCL10",3.8613335499973e-10,-0.471115473981163,1.66966100412424e-07,0.999673972524284,0.999999999940206,"COL1A1","OE",FALSE,"Activated",2.59681332657232e-11
"SNCA",3.860366424314e-10,-0.471171736031633,1.66882472836752e-07,0.999674054182479,0.999999999940206,"COL1A1","OE",FALSE,"Activated",2.59681332657232e-11
"AC079753.2",3.851052618074e-10,-0.471714181865386,1.66078178206026e-07,0.99967484058348,0.999999999940206,"COL1A1","OE",FALSE,"Activated",2.59681332657232e-11
"SNHG4",3.83691640200595e-10,-0.472539644170686,1.64861156101488e-07,0.999676034159359,0.999999999940206,"COL1A1","OE",FALSE,"Activated",2.59681332657232e-11
"KBTBD7",3.83469424075055e-10,-0.47266964102466,1.64670251766099e-07,0.999676221785105,0.999999999940206,"COL1A1","OE",FALSE,"Activated",2.59681332657232e-11
"KC877982.1",3.80439899093315e-10,-0.474448396052522,1.62078639566826e-07,0.999678779731256,0.999999999940206,"COL1A1","OE",FALSE,"Activated",2.59681332657232e-11
"TEX26-AS1",3.78046936962703e-10,-0.475862009835259,1.60046106870105e-07,0.999680800202556,0.999999999940206,"COL1A1","OE",FALSE,"Activated",2.59681332657232e-11
"TRBC1",3.77291410353559e-10,-0.476309922568833,1.59407041969706e-07,0.999681438123153,0.999999999940206,"COL1A1","OE",FALSE,"Activated",2.59681332657232e-11
"HIST1H2BF",3.72200142343101e-10,-0.479348497168675,1.55133909377065e-07,0.999685736879404,0.999999999940206,"COL1A1","OE",FALSE,"Activated",2.59681332657232e-11
"DAPL1",3.70911572181097e-10,-0.480123194305308,1.54061610514337e-07,0.999686824869475,0.999999999940206,"COL1A1","OE",FALSE,"Activated",2.59681332657232e-11
"S100A9",3.70542267876056e-10,-0.480345648215902,1.53754975209676e-07,0.999687136687511,0.999999999940206,"COL1A1","OE",FALSE,"Activated",2.59681332657232e-11
"MSR1",3.66633888504962e-10,-0.482711629253903,1.50528549578062e-07,0.999690436684733,0.999999999940206,"COL1A1","OE",FALSE,"Activated",2.59681332657232e-11
"ANGPTL4",3.58380590070428e-10,-0.487779802873093,1.43827730442827e-07,0.999697405266693,0.999999999940206,"COL1A1","OE",FALSE,"Activated",2.59681332657232e-11
"SPRR2A",3.51330079612705e-10,-0.492189302198047,1.38224279648868e-07,0.999703358287843,0.999999999940206,"COL1A1","OE",FALSE,"Activated",2.59681332657232e-11
"GABRA4",3.45302796340768e-10,-0.49601946122894,1.33522316335685e-07,0.999708447358358,0.999999999940206,"COL1A1","OE",FALSE,"Activated",2.59681332657232e-11
"SERPINB2",3.36623217263092e-10,-0.501637095226639,1.26894208137982e-07,0.999715775865763,0.999999999940206,"COL1A1","OE",FALSE,"Activated",2.59681332657232e-11
"KCTD11",3.34737685054953e-10,-0.502873863304878,1.25476640897462e-07,0.999717367894208,0.999999999940206,"COL1A1","OE",FALSE,"Activated",2.59681332657232e-11
"RAMP3",3.33349353546053e-10,-0.503788330883108,1.24437965383429e-07,0.999718540116695,0.999999999940206,"COL1A1","OE",FALSE,"Activated",2.59681332657232e-11
"SERPINB4",3.32784691297043e-10,-0.504161198068695,1.24016750167844e-07,0.999719016883073,0.999999999940206,"COL1A1","OE",FALSE,"Activated",2.59681332657232e-11
"LILRA5",3.29631052380365e-10,-0.5062536974983,1.21677394372634e-07,0.999721679623516,0.999999999940206,"COL1A1","OE",FALSE,"Activated",2.59681332657232e-11
"SERPINB3",3.28104952387334e-10,-0.507272466562147,1.20553337530679e-07,0.999722968169315,0.999999999940206,"COL1A1","OE",FALSE,"Activated",2.59681332657232e-11
"LTB",3.27661818251245e-10,-0.50756904836944,1.20227921997345e-07,0.999723342324764,0.999999999940206,"COL1A1","OE",FALSE,"Activated",2.59681332657232e-11
"IL36G",3.2763558045084e-10,-0.507586619650831,1.2020866806085e-07,0.999723364478364,0.999999999940206,"COL1A1","OE",FALSE,"Activated",2.59681332657232e-11
"AC006262.2",3.24544677265895e-10,-0.509665073813923,1.17951277435249e-07,0.999725974248584,0.999999999940206,"COL1A1","OE",FALSE,"Activated",2.59681332657232e-11
"SLC6A8",3.22819091449456e-10,-0.510832828198034,1.1670033127359e-07,0.999727431228053,0.999999999940206,"COL1A1","OE",FALSE,"Activated",2.59681332657232e-11
"SPIB",3.22550350253245e-10,-0.51101517489998,1.16506110217762e-07,0.999727658136736,0.999999999940206,"COL1A1","OE",FALSE,"Activated",2.59681332657232e-11
"AC079163.2",3.22550326617612e-10,-0.511015190942998,1.16506093143246e-07,0.999727658156693,0.999999999940206,"COL1A1","OE",FALSE,"Activated",2.59681332657232e-11
"CHGB",3.22550297018912e-10,-0.511015211033532,1.16506071760979e-07,0.999727658181684,0.999999999940206,"COL1A1","OE",FALSE,"Activated",2.59681332657232e-11
"LINC02376",3.22550283032799e-10,-0.511015220526805,1.16506061657332e-07,0.999727658193493,0.999999999940206,"COL1A1","OE",FALSE,"Activated",2.59681332657232e-11
"IFNG",3.22550282056964e-10,-0.511015221189166,1.16506060952384e-07,0.999727658194317,0.999999999940206,"COL1A1","OE",FALSE,"Activated",2.59681332657232e-11
"CLEC4C",3.22550277286481e-10,-0.511015224427199,1.1650605750616e-07,0.999727658198345,0.999999999940206,"COL1A1","OE",FALSE,"Activated",2.59681332657232e-11
"TMEM163",3.22550274575945e-10,-0.511015226267014,1.16506055548054e-07,0.999727658200634,0.999999999940206,"COL1A1","OE",FALSE,"Activated",2.59681332657232e-11
"LINC02154",3.22550274250699e-10,-0.51101522648778,1.16506055313094e-07,0.999727658200908,0.999999999940206,"COL1A1","OE",FALSE,"Activated",2.59681332657232e-11
"LILRA4",3.22550241941578e-10,-0.511015248418054,1.16506031972807e-07,0.999727658228188,0.999999999940206,"COL1A1","OE",FALSE,"Activated",2.59681332657232e-11
"LINC00052",3.19686987928338e-10,-0.512966163665382,1.14446782218723e-07,0.999730075785331,0.999999999940206,"COL1A1","OE",FALSE,"Activated",2.59681332657232e-11
"SPINK6",3.15971351514265e-10,-0.51552033185354,1.11801873875708e-07,0.999733213042214,0.999999999940206,"COL1A1","OE",FALSE,"Activated",2.59681332657232e-11
"CD52",3.15173738020546e-10,-0.516071976862036,1.11238138397895e-07,0.999733886498427,0.999999999940206,"COL1A1","OE",FALSE,"Activated",2.59681332657232e-11
"GPR35",3.14559247139896e-10,-0.516497788044589,1.10804801618499e-07,0.999734405337068,0.999999999940206,"COL1A1","OE",FALSE,"Activated",2.59681332657232e-11
"IL13RA2",3.14272185641196e-10,-0.516696951770143,1.10602656686658e-07,0.999734647714298,0.999999999940206,"COL1A1","OE",FALSE,"Activated",2.59681332657232e-11
"CD24",3.13478366339515e-10,-0.517248518481922,1.10044620419566e-07,0.999735317966926,0.999999999940206,"COL1A1","OE",FALSE,"Activated",2.59681332657232e-11
"OR5AU1",3.13013580225063e-10,-0.517572020605003,1.09718541814356e-07,0.999735710403989,0.999999999940206,"COL1A1","OE",FALSE,"Activated",2.59681332657232e-11
"MYLPF",3.10926735963928e-10,-0.519029611885198,1.08260443677174e-07,0.999737472408073,0.999999999940206,"COL1A1","OE",FALSE,"Activated",2.59681332657232e-11
"SERPINB13",3.10383984033008e-10,-0.519410080976623,1.0788281593565e-07,0.999737930674719,0.999999999940206,"COL1A1","OE",FALSE,"Activated",2.59681332657232e-11
"MYO1G",3.04192655552139e-10,-0.523791083858581,1.0362179604366e-07,0.999743158255085,0.999999999940206,"COL1A1","OE",FALSE,"Activated",2.59681332657232e-11
"S100A7A",3.03472083187607e-10,-0.524305920628714,1.03131458321596e-07,0.999743766662466,0.999999999940206,"COL1A1","OE",FALSE,"Activated",2.59681332657232e-11
"UPP1",3.02384425357623e-10,-0.525085023392496,1.02393527355002e-07,0.999744685014439,0.999999999940206,"COL1A1","OE",FALSE,"Activated",2.59681332657232e-11
"TRAF1",3.01481635338625e-10,-0.525733531040637,1.01783033864501e-07,0.999745447275302,0.999999999940206,"COL1A1","OE",FALSE,"Activated",2.59681332657232e-11
"LINC02657",2.99923182536381e-10,-0.526856956140361,1.00733457060185e-07,0.999746763137853,0.999999999940206,"COL1A1","OE",FALSE,"Activated",2.59681332657232e-11
"PLAC8",2.99247304887645e-10,-0.527345726254579,1.00279962412848e-07,0.999747333807742,0.999999999940206,"COL1A1","OE",FALSE,"Activated",2.59681332657232e-11
"ANXA8",2.97084309659062e-10,-0.528916316482987,9.88355305413491e-08,0.999749160109069,0.999999999940206,"COL1A1","OE",FALSE,"Activated",2.59681332657232e-11
"SEMA3B",2.94005298840364e-10,-0.531169048966102,9.67974647175737e-08,0.999751759838129,0.999999999940206,"COL1A1","OE",FALSE,"Activated",2.59681332657232e-11
"DEC1",2.93866568558047e-10,-0.531271025496293,9.6706135946312e-08,0.999751876973523,0.999999999940206,"COL1A1","OE",FALSE,"Activated",2.59681332657232e-11
"SGPP2",2.91922464500835e-10,-0.532704440904891,9.54308299243829e-08,0.999753518456491,0.999999999940206,"COL1A1","OE",FALSE,"Activated",2.59681332657232e-11
"ADAM8",2.90726061623994e-10,-0.533590641358783,9.46502133504167e-08,0.999754528626157,0.999999999940206,"COL1A1","OE",FALSE,"Activated",2.59681332657232e-11
"SUCNR1",2.8449653776499e-10,-0.538256174687894,9.06374415678846e-08,0.999759788456406,0.999999999940206,"COL1A1","OE",FALSE,"Activated",2.59681332657232e-11
"IL1R2",2.80505287840557e-10,-0.541291651712498,8.81121446917193e-08,0.999763158424577,0.999999999940206,"COL1A1","OE",FALSE,"Activated",2.59681332657232e-11
"HEPHL1",2.79054983769874e-10,-0.542403838340394,8.72033629243275e-08,0.99976438297294,0.999999999940206,"COL1A1","OE",FALSE,"Activated",2.59681332657232e-11
"GNLY",2.78841249136315e-10,-0.542568162846889,8.70698319564416e-08,0.999764563437437,0.999999999940206,"COL1A1","OE",FALSE,"Activated",2.59681332657232e-11
"LILRB1",2.77683988108811e-10,-0.54345977488353,8.63486084742562e-08,0.999765540558115,0.999999999940206,"COL1A1","OE",FALSE,"Activated",2.59681332657232e-11
"CDA",2.76245631756575e-10,-0.544572410753485,8.54563827278994e-08,0.999766755018554,0.999999999940206,"COL1A1","OE",FALSE,"Activated",2.59681332657232e-11
"SERPINB7",2.75852042706806e-10,-0.544877736216381,8.521304323868e-08,0.999767087341159,0.999999999940206,"COL1A1","OE",FALSE,"Activated",2.59681332657232e-11
"CD84",2.75656695061278e-10,-0.545029415332247,8.50923968724701e-08,0.999767252280805,0.999999999940206,"COL1A1","OE",FALSE,"Activated",2.59681332657232e-11
"MTSS1",2.75617147306951e-10,-0.545060133699957,8.50679826509569e-08,0.999767285672518,0.999999999940206,"COL1A1","OE",FALSE,"Activated",2.59681332657232e-11
"TLR2",2.74802044842448e-10,-0.545694100923619,8.45655713010652e-08,0.99976797389536,0.999999999940206,"COL1A1","OE",FALSE,"Activated",2.59681332657232e-11
"MB",2.74667583166363e-10,-0.545798836966437,8.44828350421837e-08,0.999768087426605,0.999999999940206,"COL1A1","OE",FALSE,"Activated",2.59681332657232e-11
"AC093791.1",2.7268966034922e-10,-0.547344602160732,8.32704686822332e-08,0.999769757464082,0.999999999940206,"COL1A1","OE",FALSE,"Activated",2.59681332657232e-11
"PIK3AP1",2.68981411038436e-10,-0.550268738307141,8.10211124835891e-08,0.999772888483794,0.999999999940206,"COL1A1","OE",FALSE,"Activated",2.59681332657232e-11
"FLNB",2.68056323036588e-10,-0.551003602657168,8.04647709066796e-08,0.999773669571723,0.999999999940206,"COL1A1","OE",FALSE,"Activated",2.59681332657232e-11
"NECTIN4",2.66464708480145e-10,-0.552273044318925,7.95120704632726e-08,0.999775013434052,0.999999999940206,"COL1A1","OE",FALSE,"Activated",2.59681332657232e-11
"PLD4",2.639782395504e-10,-0.55426928421023,7.80350878465908e-08,0.999777112856877,0.999999999940206,"COL1A1","OE",FALSE,"Activated",2.59681332657232e-11
"NDRG1",2.61055992800216e-10,-0.556636108365174,7.63169493377162e-08,0.999779580223938,0.999999999940206,"COL1A1","OE",FALSE,"Activated",2.59681332657232e-11
"MMP10",2.56769878906531e-10,-0.56014902317112,7.38315217233015e-08,0.999783199157298,0.999999999940206,"COL1A1","OE",FALSE,"Activated",2.59681332657232e-11
"TGFA",2.56626585620627e-10,-0.560267333432701,7.37491397135802e-08,0.999783320145416,0.999999999940206,"COL1A1","OE",FALSE,"Activated",2.59681332657232e-11
"CDCP1",2.53740151414121e-10,-0.562662672789973,7.209946737852e-08,0.999785757274552,0.999999999940206,"COL1A1","OE",FALSE,"Activated",2.59681332657232e-11
"FAM83A",2.53617666941749e-10,-0.562764833928196,7.20298770222282e-08,0.999785860692976,0.999999999940206,"COL1A1","OE",FALSE,"Activated",2.59681332657232e-11
"WFDC2",2.53345513405082e-10,-0.562991981761965,7.18753714780157e-08,0.999786090482837,0.999999999940206,"COL1A1","OE",FALSE,"Activated",2.59681332657232e-11
"LYZ",2.5327987472177e-10,-0.563046797184962,7.18381322664693e-08,0.999786145904141,0.999999999940206,"COL1A1","OE",FALSE,"Activated",2.59681332657232e-11
"FERMT1",2.51780644528944e-10,-0.564302147107371,7.09901917099523e-08,0.99978741176275,0.999999999940206,"COL1A1","OE",FALSE,"Activated",2.59681332657232e-11
"LYPD3",2.51173211445047e-10,-0.564812594894353,7.06480703014901e-08,0.999787924642227,0.999999999940206,"COL1A1","OE",FALSE,"Activated",2.59681332657232e-11
"CA12",2.49025271649802e-10,-0.566626120114427,6.94449248272124e-08,0.999789738231692,0.999999999940206,"COL1A1","OE",FALSE,"Activated",2.59681332657232e-11
"IQCG",2.46571445915412e-10,-0.568714402910208,6.80830857082386e-08,0.999791810092603,0.999999999940206,"COL1A1","OE",FALSE,"Activated",2.59681332657232e-11
"LCE3E",2.43965835272937e-10,-0.570951467374832,6.66517707625795e-08,0.999794010111442,0.999999999940206,"COL1A1","OE",FALSE,"Activated",2.59681332657232e-11
"KCNMA1",2.43415990382384e-10,-0.571426157693522,6.6351672700292e-08,0.99979447436696,0.999999999940206,"COL1A1","OE",FALSE,"Activated",2.59681332657232e-11
"IL1A",2.43375168225419e-10,-0.571461436815883,6.63294195092118e-08,0.999794508834702,0.999999999940206,"COL1A1","OE",FALSE,"Activated",2.59681332657232e-11
"ISG20",2.4236756568807e-10,-0.572333835182588,6.57813328484827e-08,0.999795359592881,0.999999999940206,"COL1A1","OE",FALSE,"Activated",2.59681332657232e-11
"LAMB3",2.41637756713717e-10,-0.572967660429192,6.53857722693818e-08,0.999795975799105,0.999999999940206,"COL1A1","OE",FALSE,"Activated",2.59681332657232e-11
"F11R",2.4108382262544e-10,-0.573449838871422,6.50863331943148e-08,0.999796443507292,0.999999999940206,"COL1A1","OE",FALSE,"Activated",2.59681332657232e-11
"CCL20",2.37803577179541e-10,-0.576324802282039,6.33272214884136e-08,0.999799213146651,0.999999999940206,"COL1A1","OE",FALSE,"Activated",2.59681332657232e-11
"RHCG",2.35080215602351e-10,-0.578737649852601,6.18850616316134e-08,0.99980151258721,0.999999999940206,"COL1A1","OE",FALSE,"Activated",2.59681332657232e-11
"CLECL1",2.35034931838954e-10,-0.578777972678843,6.18612219514606e-08,0.99980155082206,0.999999999940206,"COL1A1","OE",FALSE,"Activated",2.59681332657232e-11
"F3",2.35015649903508e-10,-0.57879514425842,6.18510723524122e-08,0.999801567102551,0.999999999940206,"COL1A1","OE",FALSE,"Activated",2.59681332657232e-11
"GPRC5A",2.34758376288427e-10,-0.579024375691074,6.17157286922624e-08,0.999801784328714,0.999999999940206,"COL1A1","OE",FALSE,"Activated",2.59681332657232e-11
"KRT17",2.34245810706053e-10,-0.579481716019898,6.1446525734093e-08,0.999802217107857,0.999999999940206,"COL1A1","OE",FALSE,"Activated",2.59681332657232e-11
"PPP1R14C",2.33108179595777e-10,-0.580499850728856,6.08511363563873e-08,0.999803177654242,0.999999999940206,"COL1A1","OE",FALSE,"Activated",2.59681332657232e-11
"IL1RL1",2.31950097909986e-10,-0.581540675460193,6.02480212042633e-08,0.999804155467847,0.999999999940206,"COL1A1","OE",FALSE,"Activated",2.59681332657232e-11
"DIO3",2.31344481441364e-10,-0.582086749046696,5.9933819481118e-08,0.999804666813488,0.999999999940206,"COL1A1","OE",FALSE,"Activated",2.59681332657232e-11
"ODC1",2.30857770590873e-10,-0.582526497069947,5.96819029006145e-08,0.999805077762471,0.999999999940206,"COL1A1","OE",FALSE,"Activated",2.59681332657232e-11
"IRF6",2.30817413508334e-10,-0.582562995786625,5.96610383055145e-08,0.999805111837533,0.999999999940206,"COL1A1","OE",FALSE,"Activated",2.59681332657232e-11
"SLC2A1",2.28350031938282e-10,-0.584804949752868,5.8392332074111e-08,0.999807195144176,0.999999999940206,"COL1A1","OE",FALSE,"Activated",2.59681332657232e-11
"CYP27B1",2.28007408595892e-10,-0.585117911361322,5.8217236265474e-08,0.999807484434448,0.999999999940206,"COL1A1","OE",FALSE,"Activated",2.59681332657232e-11
"LAMC2",2.27370276029551e-10,-0.585700960018671,5.78923321474968e-08,0.999808022390362,0.999999999940206,"COL1A1","OE",FALSE,"Activated",2.59681332657232e-11
"EHF",2.27318869379723e-10,-0.58574806402222,5.78661570953534e-08,0.999808065795004,0.999999999940206,"COL1A1","OE",FALSE,"Activated",2.59681332657232e-11
"KCNK1",2.25923138743514e-10,-0.587030479847186,5.71577458713688e-08,0.999809244264903,0.999999999940206,"COL1A1","OE",FALSE,"Activated",2.59681332657232e-11
"BCAR3",2.24930088597045e-10,-0.587947052008964,5.66563739252172e-08,0.999810082735934,0.999999999940206,"COL1A1","OE",FALSE,"Activated",2.59681332657232e-11
"APOBEC3A",2.24890759553211e-10,-0.587983423608248,5.66365629143966e-08,0.999810115942982,0.999999999940206,"COL1A1","OE",FALSE,"Activated",2.59681332657232e-11
"HMGA2",2.24385926781787e-10,-0.588450779441282,5.63825738082964e-08,0.999810542193012,0.999999999940206,"COL1A1","OE",FALSE,"Activated",2.59681332657232e-11
"NEDD4L",2.2391471063376e-10,-0.588887828857092,5.61460127860375e-08,0.999810940059213,0.999999999940206,"COL1A1","OE",FALSE,"Activated",2.59681332657232e-11
"AC124319.1",2.23865832989905e-10,-0.588933207655688,5.61215035852941e-08,0.999810981328518,0.999999999940206,"COL1A1","OE",FALSE,"Activated",2.59681332657232e-11
"TM4SF1",2.23684109501463e-10,-0.589101997272951,5.60304271051724e-08,0.999811134764758,0.999999999940206,"COL1A1","OE",FALSE,"Activated",2.59681332657232e-11
"PTHLH",2.23094611715507e-10,-0.589650349460455,5.57354907383157e-08,0.999811632500767,0.999999999940206,"COL1A1","OE",FALSE,"Activated",2.59681332657232e-11
"NEFM",2.22632170728789e-10,-0.590081383805956,5.55046679320945e-08,0.999812022957757,0.999999999940206,"COL1A1","OE",FALSE,"Activated",2.59681332657232e-11
"HIST1H3G",2.22120599908515e-10,-0.590559107051443,5.52498804459156e-08,0.999812454896985,0.999999999940206,"COL1A1","OE",FALSE,"Activated",2.59681332657232e-11
"EPHA2",2.22069810346253e-10,-0.59060658766336,5.5224616725e-08,0.999812497780596,0.999999999940206,"COL1A1","OE",FALSE,"Activated",2.59681332657232e-11
"DMKN",2.21606209211015e-10,-0.591040416230006,5.49942795087604e-08,0.999812889217145,0.999999999940206,"COL1A1","OE",FALSE,"Activated",2.59681332657232e-11
"HCAR2",2.21504399877101e-10,-0.591135791596496,5.49437606639327e-08,0.999812975178743,0.999999999940206,"COL1A1","OE",FALSE,"Activated",2.59681332657232e-11
"FOLR3",2.18856349602309e-10,-0.593629802073338,5.36379250903708e-08,0.999815211031036,0.999999999940206,"COL1A1","OE",FALSE,"Activated",2.59681332657232e-11
"ITGA2",2.18527460319329e-10,-0.593941364319053,5.3476836013648e-08,0.999815488725106,0.999999999940206,"COL1A1","OE",FALSE,"Activated",2.59681332657232e-11
"ITGB8",2.18295656973569e-10,-0.594161197211667,5.33634449103588e-08,0.999815684445726,0.999999999940206,"COL1A1","OE",FALSE,"Activated",2.59681332657232e-11
"HBEGF",2.17942433564503e-10,-0.594496565345557,5.31908902359656e-08,0.999815982686049,0.999999999940206,"COL1A1","OE",FALSE,"Activated",2.59681332657232e-11
"AC023157.3",2.1696846836574e-10,-0.595423718441672,5.27165418791004e-08,0.999816805042915,0.999999999940206,"COL1A1","OE",FALSE,"Activated",2.59681332657232e-11
"CALML3",2.15110342771428e-10,-0.59720248377023,5.18174756149295e-08,0.999818373930944,0.999999999940206,"COL1A1","OE",FALSE,"Activated",2.59681332657232e-11
"EREG",2.14694737438184e-10,-0.597602141662265,5.16174404615546e-08,0.999818724842763,0.999999999940206,"COL1A1","OE",FALSE,"Activated",2.59681332657232e-11
"FOXP3",2.12963338262141e-10,-0.599274279204722,5.07882628809963e-08,0.999820186730726,0.999999999940206,"COL1A1","OE",FALSE,"Activated",2.59681332657232e-11
"SDC4",2.12201763055123e-10,-0.600013483066766,5.04256659920505e-08,0.999820829758426,0.999999999940206,"COL1A1","OE",FALSE,"Activated",2.59681332657232e-11
"CD80",2.11660181028009e-10,-0.600540541993906,5.01686013555918e-08,0.999821287037289,0.999999999940206,"COL1A1","OE",FALSE,"Activated",2.59681332657232e-11
"MXD1",2.10835498975515e-10,-0.601345335702285,4.97784236209518e-08,0.999821983348564,0.999999999940206,"COL1A1","OE",FALSE,"Activated",2.59681332657232e-11
"DUSP6",2.09928541619846e-10,-0.60223354459359,4.93510781048861e-08,0.999822749128091,0.999999999940206,"COL1A1","OE",FALSE,"Activated",2.59681332657232e-11
"DDIT4",2.09380368761448e-10,-0.602771983096204,4.90936800344106e-08,0.999823211971851,0.999999999940206,"COL1A1","OE",FALSE,"Activated",2.59681332657232e-11
"LINC01322",2.09325491511117e-10,-0.602825952414495,4.90679491301405e-08,0.999823258306858,0.999999999940206,"COL1A1","OE",FALSE,"Activated",2.59681332657232e-11
"FOXD1",2.09053612700439e-10,-0.603093512211517,4.89405697842888e-08,0.999823487864759,0.999999999940206,"COL1A1","OE",FALSE,"Activated",2.59681332657232e-11
"KCTD14",2.08993892504757e-10,-0.603152323686988,4.89126121432037e-08,0.999823538288853,0.999999999940206,"COL1A1","OE",FALSE,"Activated",2.59681332657232e-11
"SPRR2D",2.08460129042441e-10,-0.60367860647664,4.86630888129927e-08,0.999823988966197,0.999999999940206,"COL1A1","OE",FALSE,"Activated",2.59681332657232e-11
"CLDN1",2.07525926460246e-10,-0.604602504843763,4.82279042283804e-08,0.999824777749934,0.999999999940206,"COL1A1","OE",FALSE,"Activated",2.59681332657232e-11
"PLVAP",2.0638526207086e-10,-0.605735437887061,4.76991927773703e-08,0.999825740857441,0.999999999940206,"COL1A1","OE",FALSE,"Activated",2.59681332657232e-11
"SPI1",2.0623738491782e-10,-0.60588270582631,4.76308633456688e-08,0.999825865715899,0.999999999940206,"COL1A1","OE",FALSE,"Activated",2.59681332657232e-11
"DAPP1",2.06170066338534e-10,-0.60594977707827,4.75997737472473e-08,0.999825922555606,0.999999999940206,"COL1A1","OE",FALSE,"Activated",2.59681332657232e-11
"RBM38",2.05682359599421e-10,-0.606436253869742,4.73748402932143e-08,0.999826334345459,0.999999999940206,"COL1A1","OE",FALSE,"Activated",2.59681332657232e-11
"AC020656.1",2.05630994545575e-10,-0.60648754696681,4.73511814108532e-08,0.999826377714981,0.999999999940206,"COL1A1","OE",FALSE,"Activated",2.59681332657232e-11
"IL6R-AS1",2.04530389911934e-10,-0.607589259386745,4.68456597440231e-08,0.999827306998471,0.999999999940206,"COL1A1","OE",FALSE,"Activated",2.59681332657232e-11
"CLDN7",2.04369876275003e-10,-0.607750359301347,4.6772160479128e-08,0.999827442526406,0.999999999940206,"COL1A1","OE",FALSE,"Activated",2.59681332657232e-11
"GBP5",2.03306184604706e-10,-0.608820687553429,4.62865538179432e-08,0.99982834064284,0.999999999940206,"COL1A1","OE",FALSE,"Activated",2.59681332657232e-11
"AATK",2.02828579019445e-10,-0.609302836493769,4.6069337109161e-08,0.999828743903895,0.999999999940206,"COL1A1","OE",FALSE,"Activated",2.59681332657232e-11
"TNNC1",2.01999124783944e-10,-0.610142500473538,4.56933124542083e-08,0.999829444244512,0.999999999940206,"COL1A1","OE",FALSE,"Activated",2.59681332657232e-11
"NCCRP1",2.00300840692384e-10,-0.611870957464168,4.49282198500762e-08,0.99983087817212,0.999999999940206,"COL1A1","OE",FALSE,"Activated",2.59681332657232e-11
"CCNE2",1.99481847056605e-10,-0.61270899934327,4.45615643724564e-08,0.999831569680444,0.999999999940206,"COL1A1","OE",FALSE,"Activated",2.59681332657232e-11
"HIST3H2A",1.98135409663964e-10,-0.614093189248407,4.39620424672188e-08,0.999832706530139,0.999999999940206,"COL1A1","OE",FALSE,"Activated",2.59681332657232e-11
"OSM",1.97283448908988e-10,-0.614973212011478,4.35847912628357e-08,0.99983342587389,0.999999999940206,"COL1A1","OE",FALSE,"Activated",2.59681332657232e-11
"NGEF",1.97193972088932e-10,-0.615065825108235,4.3545264945005e-08,0.999833501422665,0.999999999940206,"COL1A1","OE",FALSE,"Activated",2.59681332657232e-11
"HAPLN1",1.97193365586189e-10,-0.61506645299267,4.35449970840586e-08,0.999833501934759,0.999999999940206,"COL1A1","OE",FALSE,"Activated",2.59681332657232e-11
"ZBP1",1.97108003747149e-10,-0.615154840713645,4.35073053849619e-08,0.999833574009095,0.999999999940206,"COL1A1","OE",FALSE,"Activated",2.59681332657232e-11
"UCA1",1.9645899956775e-10,-0.615827926626372,4.32212699484085e-08,0.99983412198868,0.999999999940206,"COL1A1","OE",FALSE,"Activated",2.59681332657232e-11
"RSAD2",1.96222650541487e-10,-0.616073519409355,4.3117338233877e-08,0.999834321547397,0.999999999940206,"COL1A1","OE",FALSE,"Activated",2.59681332657232e-11
"CILP2",1.96071572931805e-10,-0.616230638740571,4.30509691710494e-08,0.999834449108125,0.999999999940206,"COL1A1","OE",FALSE,"Activated",2.59681332657232e-11
"PROSER2",1.9579745597171e-10,-0.616515983230551,4.29306788968954e-08,0.999834680555784,0.999999999940206,"COL1A1","OE",FALSE,"Activated",2.59681332657232e-11
"UCP2",1.95101898396503e-10,-0.617241571113864,4.26262038507077e-08,0.99983526784222,0.999999999940206,"COL1A1","OE",FALSE,"Activated",2.59681332657232e-11
"AC005899.8",1.95015847979915e-10,-0.617331490895661,4.25886112518045e-08,0.999835340497949,0.999999999940206,"COL1A1","OE",FALSE,"Activated",2.59681332657232e-11
"CCN3",1.94440248841244e-10,-0.617933849421173,4.23375773886684e-08,0.99983582649879,0.999999999940206,"COL1A1","OE",FALSE,"Activated",2.59681332657232e-11
"CITED4",1.94401635991794e-10,-0.617974312093365,4.23207638720127e-08,0.999835859101128,0.999999999940206,"COL1A1","OE",FALSE,"Activated",2.59681332657232e-11
"SLC18A2",1.94178424099798e-10,-0.618208352596102,4.2223634292895e-08,0.999836047567649,0.999999999940206,"COL1A1","OE",FALSE,"Activated",2.59681332657232e-11
"ASS1",1.93901381071519e-10,-0.618499156936114,4.21032355544369e-08,0.999836281485902,0.999999999940206,"COL1A1","OE",FALSE,"Activated",2.59681332657232e-11
"TNNT1",1.92396865700241e-10,-0.620084656917327,4.14523973573382e-08,0.999837551807012,0.999999999940206,"COL1A1","OE",FALSE,"Activated",2.59681332657232e-11
"NCAM1",1.91820668074099e-10,-0.620694687686564,4.1204482638517e-08,0.99983803831318,0.999999999940206,"COL1A1","OE",FALSE,"Activated",2.59681332657232e-11
"FSTL3",1.91652517669194e-10,-0.620873007838636,4.1132274427399e-08,0.999838180289137,0.999999999940206,"COL1A1","OE",FALSE,"Activated",2.59681332657232e-11
"LAMA3",1.91552386825274e-10,-0.620979258369877,4.10893056890201e-08,0.99983826483352,0.999999999940206,"COL1A1","OE",FALSE,"Activated",2.59681332657232e-11
"C2CD4B",1.91122687879988e-10,-0.621435760839412,4.09051656925742e-08,0.999838627645128,0.999999999940206,"COL1A1","OE",FALSE,"Activated",2.59681332657232e-11
"LINC01127",1.90598986900139e-10,-0.621993320912543,4.0681301891186e-08,0.999839069826327,0.999999999940206,"COL1A1","OE",FALSE,"Activated",2.59681332657232e-11
"CAVIN4",1.89917830160321e-10,-0.622720486469227,4.03910503191702e-08,0.999839644953576,0.999999999940206,"COL1A1","OE",FALSE,"Activated",2.59681332657232e-11
"ANXA3",1.89614830117447e-10,-0.623044671881607,4.02622711818018e-08,0.999839900788351,0.999999999940206,"COL1A1","OE",FALSE,"Activated",2.59681332657232e-11
"TRPV3",1.88859683658434e-10,-0.623854555323934,3.99422184804977e-08,0.99984053838801,0.999999999940206,"COL1A1","OE",FALSE,"Activated",2.59681332657232e-11
"MBOAT2",1.87867707212337e-10,-0.624922667451632,3.95237312361476e-08,0.999841375952481,0.999999999940206,"COL1A1","OE",FALSE,"Activated",2.59681332657232e-11
"NPPC",1.87573451346028e-10,-0.625240438317314,3.94000167150814e-08,0.999841624404206,0.999999999940206,"COL1A1","OE",FALSE,"Activated",2.59681332657232e-11
"CXADR",1.86062797591373e-10,-0.626878578594697,3.87679431827227e-08,0.999842899908195,0.999999999940206,"COL1A1","OE",FALSE,"Activated",2.59681332657232e-11
"MMP28",1.85608017004377e-10,-0.62737397325368,3.85786591219302e-08,0.999843283897213,0.999999999940206,"COL1A1","OE",FALSE,"Activated",2.59681332657232e-11
"BNIP3",1.85345672421961e-10,-0.627660220243369,3.8469679458554e-08,0.999843505404995,0.999999999940206,"COL1A1","OE",FALSE,"Activated",2.59681332657232e-11
"NRG1",1.8397480740052e-10,-0.629161663663881,3.79027203283775e-08,0.999844662879894,0.999999999940206,"COL1A1","OE",FALSE,"Activated",2.59681332657232e-11
"FAM83G",1.83938624233717e-10,-0.629201423205967,3.78878127917691e-08,0.999844693430756,0.999999999940206,"COL1A1","OE",FALSE,"Activated",2.59681332657232e-11
"TMCC3",1.82005676703549e-10,-0.631335241594105,3.70956969109315e-08,0.99984632549388,0.999999999940206,"COL1A1","OE",FALSE,"Activated",2.59681332657232e-11
"DSC2",1.81326420493971e-10,-0.632089703256943,3.68193268145096e-08,0.999846899016438,0.999999999940206,"COL1A1","OE",FALSE,"Activated",2.59681332657232e-11
"NLRP1",1.80624914443866e-10,-0.63287142744367,3.65349885746089e-08,0.999847491325406,0.999999999940206,"COL1A1","OE",FALSE,"Activated",2.59681332657232e-11
"MALL",1.78533008327959e-10,-0.635218109539086,3.56936296461011e-08,0.999849257603476,0.999999999940206,"COL1A1","OE",FALSE,"Activated",2.59681332657232e-11
"BCL2A1",1.78309021303663e-10,-0.635470772261356,3.56041235679868e-08,0.999849446724472,0.999999999940206,"COL1A1","OE",FALSE,"Activated",2.59681332657232e-11
"RAET1G",1.78230707322575e-10,-0.635559176548344,3.55728555107295e-08,0.999849512848026,0.999999999940206,"COL1A1","OE",FALSE,"Activated",2.59681332657232e-11
"NCF2",1.77969899456103e-10,-0.635853828483356,3.54688230171195e-08,0.999849733058298,0.999999999940206,"COL1A1","OE",FALSE,"Activated",2.59681332657232e-11
"IL1B",1.77664530007721e-10,-0.636199295727116,3.534720916341e-08,0.999849990893655,0.999999999940206,"COL1A1","OE",FALSE,"Activated",2.59681332657232e-11
"CKB",1.75167764302904e-10,-0.639043179988125,3.43607030382424e-08,0.999852099010497,0.999999999940206,"COL1A1","OE",FALSE,"Activated",2.59681332657232e-11
"KRT8",1.73360218711335e-10,-0.641123804333553,3.36552297404441e-08,0.999853625191867,0.999999999940206,"COL1A1","OE",FALSE,"Activated",2.59681332657232e-11
"VEGFA",1.73269312771507e-10,-0.641228934777942,3.36199430044372e-08,0.999853701947304,0.999999999940206,"COL1A1","OE",FALSE,"Activated",2.59681332657232e-11
"BCAM",1.73035009953595e-10,-0.641500118426408,3.35290795818491e-08,0.999853899778328,0.999999999940206,"COL1A1","OE",FALSE,"Activated",2.59681332657232e-11
"NLRP3",1.71692860017861e-10,-0.643059629913584,3.30109586977179e-08,0.999855033007962,0.999999999940206,"COL1A1","OE",FALSE,"Activated",2.59681332657232e-11
"TSLP",1.69227327899072e-10,-0.645951911160655,3.20696825562668e-08,0.999857114753069,0.999999999940206,"COL1A1","OE",FALSE,"Activated",2.59681332657232e-11
"CSF2",1.68305831512526e-10,-0.647042191616599,3.17213743167248e-08,0.999857892808475,0.999999999940206,"COL1A1","OE",FALSE,"Activated",2.59681332657232e-11
"CYP2S1",1.67916807526187e-10,-0.647504008290238,3.15749015113927e-08,0.999858221276627,0.999999999940206,"COL1A1","OE",FALSE,"Activated",2.59681332657232e-11
"HLA-DPA1",1.67632091504148e-10,-0.647842581331342,3.14679168805408e-08,0.99985846167349,0.999999999940206,"COL1A1","OE",FALSE,"Activated",2.59681332657232e-11
"TMEM265",1.67108015277043e-10,-0.648467083887125,3.1271465141653e-08,0.999858904171527,0.999999999940206,"COL1A1","OE",FALSE,"Activated",2.59681332657232e-11
"TRIB3",1.67041588895569e-10,-0.648546359184903,3.12466089142612e-08,0.999858960257916,0.999999999940206,"COL1A1","OE",FALSE,"Activated",2.59681332657232e-11
"SEMA7A",1.65584782541791e-10,-0.650291793645341,3.07039684542589e-08,0.999860190296445,0.999999999940206,"COL1A1","OE",FALSE,"Activated",2.59681332657232e-11
"CSF3",1.64926047104173e-10,-0.651085368873016,3.04601590861085e-08,0.999860746492515,0.999999999940206,"COL1A1","OE",FALSE,"Activated",2.59681332657232e-11
"ITGB2",1.64866563219238e-10,-0.651157162588083,3.04381909145188e-08,0.999860796717084,0.999999999940206,"COL1A1","OE",FALSE,"Activated",2.59681332657232e-11
"TSPAN1",1.64234391062519e-10,-0.651921535106625,3.02052111657434e-08,0.999861330484738,0.999999999940206,"COL1A1","OE",FALSE,"Activated",2.59681332657232e-11
"WNT7B",1.64230127551708e-10,-0.651926698768855,3.02036429366782e-08,0.999861334084587,0.999999999940206,"COL1A1","OE",FALSE,"Activated",2.59681332657232e-11
"ITPKC",1.63545353810497e-10,-0.652757544561587,2.99522938976278e-08,0.999861912265814,0.999999999940206,"COL1A1","OE",FALSE,"Activated",2.59681332657232e-11
"PLEK",1.6314429213048e-10,-0.653245545232786,2.98055702193359e-08,0.999862250897862,0.999999999940206,"COL1A1","OE",FALSE,"Activated",2.59681332657232e-11
"TPD52",1.62754253761647e-10,-0.653721121148506,2.96632248245238e-08,0.999862580222498,0.999999999940206,"COL1A1","OE",FALSE,"Activated",2.59681332657232e-11
"FAM110C",1.61927543320851e-10,-0.654732374795379,2.93626413981657e-08,0.999863278246427,0.999999999940206,"COL1A1","OE",FALSE,"Activated",2.59681332657232e-11
"ALOX5AP",1.61049920903991e-10,-0.655810763457946,2.90452219039327e-08,0.999864019257327,0.999999999940206,"COL1A1","OE",FALSE,"Activated",2.59681332657232e-11
"EPPK1",1.6089086010563e-10,-0.656006750656137,2.89878772655613e-08,0.999864153558575,0.999999999940206,"COL1A1","OE",FALSE,"Activated",2.59681332657232e-11
"TMEM40",1.60237749319748e-10,-0.656813229384365,2.87530116060336e-08,0.999864705005532,0.999999999940206,"COL1A1","OE",FALSE,"Activated",2.59681332657232e-11
"PLSCR3",1.57649648691605e-10,-0.660037072076009,2.78316966170702e-08,0.999866890240025,0.999999999940206,"COL1A1","OE",FALSE,"Activated",2.59681332657232e-11
"ELF3",1.5689368174998e-10,-0.660987301563941,2.75654175956737e-08,0.999867528532454,0.999999999940206,"COL1A1","OE",FALSE,"Activated",2.59681332657232e-11
"PPP2R2C",1.53304516979932e-10,-0.665553096195743,2.63186476207736e-08,0.999870559004522,0.999999999940206,"COL1A1","OE",FALSE,"Activated",2.59681332657232e-11
"AC015912.3",1.51211439639158e-10,-0.66825821401428,2.56048928932391e-08,0.999872326271512,0.999999999940206,"COL1A1","OE",FALSE,"Activated",2.59681332657232e-11
"CD70",1.48657203193398e-10,-0.671603201977388,2.47471723368565e-08,0.999874482913156,0.999999999940206,"COL1A1","OE",FALSE,"Activated",2.59681332657232e-11
"IL23A",1.48596556718707e-10,-0.671683221082312,2.47269846488323e-08,0.999874534119344,0.999999999940206,"COL1A1","OE",FALSE,"Activated",2.59681332657232e-11
"NEURL1",1.48156574141117e-10,-0.672264590053612,2.45807721645039e-08,0.999874905613828,0.999999999940206,"COL1A1","OE",FALSE,"Activated",2.59681332657232e-11
"JCHAIN",1.48113837710116e-10,-0.672321138528776,2.45665933409218e-08,0.999874941697867,0.999999999940206,"COL1A1","OE",FALSE,"Activated",2.59681332657232e-11
"IL1RN",1.47786688379655e-10,-0.672754483985794,2.4458189307805e-08,0.999875217922831,0.999999999940206,"COL1A1","OE",FALSE,"Activated",2.59681332657232e-11
"MISP",1.4401507115495e-10,-0.677810770945241,2.3225739663353e-08,0.99987840244664,0.999999999940206,"COL1A1","OE",FALSE,"Activated",2.59681332657232e-11
"TRIML2",1.42904204963992e-10,-0.679321667894617,2.28688161635174e-08,0.999879340394376,0.999999999940206,"COL1A1","OE",FALSE,"Activated",2.59681332657232e-11
"LINC00973",1.4212682604227e-10,-0.680384990295,2.2620686565723e-08,0.999879996765778,0.999999999940206,"COL1A1","OE",FALSE,"Activated",2.59681332657232e-11
"LILRB2",1.41709070259503e-10,-0.680958471916381,2.24879032660873e-08,0.999880349493311,0.999999999940206,"COL1A1","OE",FALSE,"Activated",2.59681332657232e-11
"SLAMF7",1.41182497551531e-10,-0.681683403667785,2.23210894506959e-08,0.999880794099226,0.999999999940206,"COL1A1","OE",FALSE,"Activated",2.59681332657232e-11
"KDM7A-DT",1.40224453797657e-10,-0.68300831073835,2.20191819992453e-08,0.999881603013006,0.999999999940206,"COL1A1","OE",FALSE,"Activated",2.59681332657232e-11
"FBN2",1.39903743105976e-10,-0.683453566107791,2.19185759878487e-08,0.999881873801576,0.999999999940206,"COL1A1","OE",FALSE,"Activated",2.59681332657232e-11
"SDR16C5",1.37487782308663e-10,-0.686836175141992,2.11681001077431e-08,0.99988391369169,0.999999999940206,"COL1A1","OE",FALSE,"Activated",2.59681332657232e-11
"IGFL2",1.36513160693591e-10,-0.688215201605244,2.08690515147125e-08,0.999884736602807,0.999999999940206,"COL1A1","OE",FALSE,"Activated",2.59681332657232e-11
"CTC1",1.3571284948836e-10,-0.689353919769167,2.06250782809106e-08,0.999885412336833,0.999999999940206,"COL1A1","OE",FALSE,"Activated",2.59681332657232e-11
"COX6B2",1.35263038075805e-10,-0.689996462440121,2.04885838963572e-08,0.999885792130187,0.999999999940206,"COL1A1","OE",FALSE,"Activated",2.59681332657232e-11
"RTTN",1.29924530692324e-10,-0.697765770520672,1.89032283492744e-08,0.999890299640598,0.999999999940206,"COL1A1","OE",FALSE,"Activated",2.59681332657232e-11
"HCAR3",1.29864068718947e-10,-0.697855319649889,1.88856387448222e-08,0.999890350691005,0.999999999940206,"COL1A1","OE",FALSE,"Activated",2.59681332657232e-11
"CD274",1.28452456789212e-10,-0.69995626576508,1.84772994469981e-08,0.999891542570123,0.999999999940206,"COL1A1","OE",FALSE,"Activated",2.59681332657232e-11
"HCLS1",1.28234188459375e-10,-0.700282887541987,1.84145589916399e-08,0.999891726862604,0.999999999940206,"COL1A1","OE",FALSE,"Activated",2.59681332657232e-11
"MT1X",1.27519450090497e-10,-0.701355786906367,1.82098567564594e-08,0.999892330344141,0.999999999940206,"COL1A1","OE",FALSE,"Activated",2.59681332657232e-11
"PDCD1",1.26378739396721e-10,-0.703078851524496,1.78855255153239e-08,0.999893293490759,0.999999999940206,"COL1A1","OE",FALSE,"Activated",2.59681332657232e-11
"RAB3IP",1.25491164129718e-10,-0.704428804212135,1.76351826984267e-08,0.999894042905244,0.999999999940206,"COL1A1","OE",FALSE,"Activated",2.59681332657232e-11
"ULBP2",1.23578794251338e-10,-0.707365476309769,1.71017901922883e-08,0.999895657593869,0.999999999940206,"COL1A1","OE",FALSE,"Activated",2.59681332657232e-11
"HLA-DQB1",1.20855900280412e-10,-0.711614808080634,1.63564625195119e-08,0.999897956639662,0.999999999940206,"COL1A1","OE",FALSE,"Activated",2.59681332657232e-11
"CCL5",1.17329804726788e-10,-0.717241374069208,1.54159524765653e-08,0.999900933859942,0.999999999940206,"COL1A1","OE",FALSE,"Activated",2.59681332657232e-11
"SLC28A3",1.14313815792571e-10,-0.722170267704513,1.4633597670072e-08,0.999903480377269,0.999999999940206,"COL1A1","OE",FALSE,"Activated",2.59681332657232e-11
"KRT6B",1.10161199635587e-10,-0.729142521405119,1.3589734760514e-08,0.999906986593383,0.999999999940206,"COL1A1","OE",FALSE,"Activated",2.59681332657232e-11
"LINC00707",1.09410863405057e-10,-0.730426319787842,1.34052388829098e-08,0.999907620131587,0.999999999940206,"COL1A1","OE",FALSE,"Activated",2.59681332657232e-11
"KCNN4",1.07130931297082e-10,-0.734374088826269,1.2852376153189e-08,0.999909545167371,0.999999999940206,"COL1A1","OE",FALSE,"Activated",2.59681332657232e-11
"NFKBID",1.06841060088753e-10,-0.734881161433085,1.27829192083192e-08,0.999909789916961,0.999999999940206,"COL1A1","OE",FALSE,"Activated",2.59681332657232e-11
"ANKRD22",1.06755748339447e-10,-0.735030622320199,1.27625132369281e-08,0.999909861949005,0.999999999940206,"COL1A1","OE",FALSE,"Activated",2.59681332657232e-11
"CASC9",1.06524495171642e-10,-0.73543627942741,1.27072810822922e-08,0.999910057205093,0.999999999940206,"COL1A1","OE",FALSE,"Activated",2.59681332657232e-11
"OVOL1",1.05842462186954e-10,-0.736637095816901,1.25450828971327e-08,0.999910633072197,0.999999999940206,"COL1A1","OE",FALSE,"Activated",2.59681332657232e-11
"KLK10",1.04576622116989e-10,-0.738883490403095,1.22468073627257e-08,0.999911701870441,0.999999999940206,"COL1A1","OE",FALSE,"Activated",2.59681332657232e-11
"AL161431.1",1.04298631702024e-10,-0.739379941645303,1.21817838421951e-08,0.999911936588613,0.999999999940206,"COL1A1","OE",FALSE,"Activated",2.59681332657232e-11
"RBP1",1.02398829544449e-10,-0.742803435374995,1.17420426129455e-08,0.999913540665824,0.999999999940206,"COL1A1","OE",FALSE,"Activated",2.59681332657232e-11
"LGALS2",1.01512582628753e-10,-0.744419148340293,1.15396708401404e-08,0.999914288958732,0.999999999940206,"COL1A1","OE",FALSE,"Activated",2.59681332657232e-11
"POLM",9.76675263029968e-11,-0.751572331486532,1.06820361511215e-08,0.999917535490065,0.999999999940206,"COL1A1","OE",FALSE,"Activated",2.59681332657232e-11
"SAA2",9.52346631468031e-11,-0.756224135980539,1.01564928491114e-08,0.999919589651513,0.999999999940206,"COL1A1","OE",FALSE,"Activated",2.59681332657232e-11
"SMOC1",9.19208343345821e-11,-0.762727218369792,9.4619703404933e-09,0.999922387646696,0.999999999940206,"COL1A1","OE",FALSE,"Activated",2.59681332657232e-11
"PRSS22",9.15816789819746e-11,-0.763404073675977,9.39227650602277e-09,0.999922674008816,0.999999999940206,"COL1A1","OE",FALSE,"Activated",2.59681332657232e-11
"CLDN4",9.15381588897151e-11,-0.763491082707512,9.38335210926803e-09,0.999922710754531,0.999999999940206,"COL1A1","OE",FALSE,"Activated",2.59681332657232e-11
"CA2",8.85541427632495e-11,-0.769543355081054,8.78155516040722e-09,0.999925230275974,0.999999999940206,"COL1A1","OE",FALSE,"Activated",2.59681332657232e-11
"CXorf21",8.85396972758485e-11,-0.769573076740958,8.77869039329662e-09,0.999925242472864,0.999999999940206,"COL1A1","OE",FALSE,"Activated",2.59681332657232e-11
"AC103591.3",8.56077718515144e-11,-0.775693438335942,8.20691724792752e-09,0.999927718012092,0.999999999940206,"COL1A1","OE",FALSE,"Activated",2.59681332657232e-11
"OLR1",8.55233080549271e-11,-0.775872404837432,8.19073074028027e-09,0.999927789328177,0.999999999940206,"COL1A1","OE",FALSE,"Activated",2.59681332657232e-11
"ARL14",8.26522572180093e-11,-0.782047820255415,7.65002940049819e-09,0.999930213468612,0.999999999940206,"COL1A1","OE",FALSE,"Activated",2.59681332657232e-11
"AL137800.1",8.24511821682869e-11,-0.782487178419653,7.61285294571178e-09,0.999930383244136,0.999999999940206,"COL1A1","OE",FALSE,"Activated",2.59681332657232e-11
"LINC02577",7.97207114790317e-11,-0.788546237142843,7.11698415658665e-09,0.999932688687259,0.999999999940206,"COL1A1","OE",FALSE,"Activated",2.59681332657232e-11
"HAP1",7.66816471436303e-11,-0.795503116336925,6.58470818765197e-09,0.999935254688059,0.999999999940206,"COL1A1","OE",FALSE,"Activated",2.59681332657232e-11
"CYP24A1",7.30489547982696e-11,-0.804136263287513,5.97560221729842e-09,0.999938321912191,0.999999999940206,"COL1A1","OE",FALSE,"Activated",2.59681332657232e-11
"ANXA8L1",7.2197127080275e-11,-0.80621384122257,5.83705115480758e-09,0.999939041143628,0.999999999940206,"COL1A1","OE",FALSE,"Activated",2.59681332657232e-11
"MMP9",6.77033552928209e-11,-0.817535291898782,5.13303294528815e-09,0.99994283541079,0.999999999940206,"COL1A1","OE",FALSE,"Activated",2.59681332657232e-11
"NSG1",6.7229004049662e-11,-0.818767671445468,5.0613575949459e-09,0.999943235924085,0.999999999940206,"COL1A1","OE",FALSE,"Activated",2.59681332657232e-11
"NPW",6.69087150056607e-11,-0.819604018108611,5.0132463419851e-09,0.999943506356643,0.999999999940206,"COL1A1","OE",FALSE,"Activated",2.59681332657232e-11
"MMP13",6.43733408615449e-11,-0.826348457084001,4.6405105539982e-09,0.99994564707213,0.999999999940206,"COL1A1","OE",FALSE,"Activated",2.59681332657232e-11
"TNF",6.1344371861726e-11,-0.834711376495244,4.21408328735088e-09,0.999948204549048,0.999999999940206,"COL1A1","OE",FALSE,"Activated",2.59681332657232e-11
"GAST",6.09708780871229e-11,-0.835766984466115,4.16292480626913e-09,0.99994851990444,0.999999999940206,"COL1A1","OE",FALSE,"Activated",2.59681332657232e-11
"KRT15",6.05569145208653e-11,-0.836943473721743,4.10658810725795e-09,0.999948869430059,0.999999999940206,"COL1A1","OE",FALSE,"Activated",2.59681332657232e-11
"IL20",5.88985682083798e-11,-0.841726797286184,3.88475059610389e-09,0.99995026963667,0.999999999940206,"COL1A1","OE",FALSE,"Activated",2.59681332657232e-11
"AC100801.1",5.81331964994936e-11,-0.843973504973456,3.7844439231116e-09,0.999950915869919,0.999999999940206,"COL1A1","OE",FALSE,"Activated",2.59681332657232e-11
"KRT16",5.78944352339669e-11,-0.844679568823607,3.75342126782834e-09,0.999951117465388,0.999999999940206,"COL1A1","OE",FALSE,"Activated",2.59681332657232e-11
"MUCL1",5.60526463577984e-11,-0.850211679258362,3.51840565258161e-09,0.999952672559725,0.999999999940206,"COL1A1","OE",FALSE,"Activated",2.59681332657232e-11
"AQP3",5.41653430038185e-11,-0.856044693805043,3.28546361875936e-09,0.999954266083715,0.999999999940206,"COL1A1","OE",FALSE,"Activated",2.59681332657232e-11
"HIST1H2AC",4.38924285394946e-11,-0.891244237492088,2.15741099914404e-09,0.999962939906932,0.999999999940206,"COL1A1","OE",FALSE,"Activated",2.59681332657232e-11
"SFTA1P",4.32482164258986e-11,-0.89367969983127,2.09454680915223e-09,0.9999634838404,0.999999999940206,"COL1A1","OE",FALSE,"Activated",2.59681332657232e-11
"OBSCN",4.21076581836133e-11,-0.898068988712893,1.98552721745984e-09,0.999964446858305,0.999999999940206,"COL1A1","OE",FALSE,"Activated",2.59681332657232e-11
"PRSS3",4.11035592510941e-11,-0.902018378993353,1.89196251334667e-09,0.999965294658281,0.999999999940206,"COL1A1","OE",FALSE,"Activated",2.59681332657232e-11
"CALML5",4.0261169399411e-11,-0.905396091352106,1.81520816766697e-09,0.99996600592096,0.999999999940206,"COL1A1","OE",FALSE,"Activated",2.59681332657232e-11
"ABLIM2",3.96025443351087e-11,-0.908079460929514,1.75630462406343e-09,0.999966562023845,0.999999999940206,"COL1A1","OE",FALSE,"Activated",2.59681332657232e-11
"KLK13",3.96025437932323e-11,-0.908079463152926,1.75630457600086e-09,0.999966562024303,0.999999999940206,"COL1A1","OE",FALSE,"Activated",2.59681332657232e-11
"PACRG-AS1",3.96025306742789e-11,-0.908079516982242,1.7563034123951e-09,0.99996656203538,0.999999999940206,"COL1A1","OE",FALSE,"Activated",2.59681332657232e-11
"ZNF114",3.85810961107174e-11,-0.912317759707788,1.66687407164567e-09,0.999967424472507,0.999999999940206,"COL1A1","OE",FALSE,"Activated",2.59681332657232e-11
"ACTC1",3.85320733426546e-11,-0.912523580704958,1.66264076185861e-09,0.999967465864346,0.999999999940206,"COL1A1","OE",FALSE,"Activated",2.59681332657232e-11
"LCE3D",3.78450798270769e-11,-0.915431797815989,1.60388238752496e-09,0.999968045919824,0.999999999940206,"COL1A1","OE",FALSE,"Activated",2.59681332657232e-11
"LINC02605",3.66262516202756e-11,-0.920704736062307,1.50223756030891e-09,0.99996907502412,0.999999999940206,"COL1A1","OE",FALSE,"Activated",2.59681332657232e-11
"IGFL2-AS1",3.62908839290394e-11,-0.922182008215278,1.47485308098808e-09,0.99996935818817,0.999999999940206,"COL1A1","OE",FALSE,"Activated",2.59681332657232e-11
"TNIP3",3.0033815070931e-11,-0.952148982743173,1.01012395793393e-09,0.99997464127598,0.999999999940206,"COL1A1","OE",FALSE,"Activated",2.59681332657232e-11
"GDNF",2.94054645014463e-11,-0.955447295551568,9.68299606312105e-10,0.999975171816926,0.999999999940206,"COL1A1","OE",FALSE,"Activated",2.59681332657232e-11
"SLC7A11",2.86715494035103e-11,-0.959377174506044,9.20568250839524e-10,0.99997579149013,0.999999999940206,"COL1A1","OE",FALSE,"Activated",2.59681332657232e-11
"TREM2",2.82294742085303e-11,-0.961786189033735,8.92399350494125e-10,0.999976164751497,0.999999999940206,"COL1A1","OE",FALSE,"Activated",2.59681332657232e-11
"MANCR",2.70353409826978e-11,-0.968459067037344,8.18497524104892e-10,0.999977173004855,0.999999999940206,"COL1A1","OE",FALSE,"Activated",2.59681332657232e-11
"ATP2C2",2.67514321265197e-11,-0.970082702190378,8.01397052133834e-10,0.9999774127202,0.999999999940206,"COL1A1","OE",FALSE,"Activated",2.59681332657232e-11
"EEF1A2",2.61979548316736e-11,-0.973290925758429,7.68578878156932e-10,0.999977880042714,0.999999999940206,"COL1A1","OE",FALSE,"Activated",2.59681332657232e-11
"KLK12",2.6197930870095e-11,-0.973291065905068,7.68577472218574e-10,0.999977880062946,0.999999999940206,"COL1A1","OE",FALSE,"Activated",2.59681332657232e-11
"SLC9A2",2.61978807806044e-11,-0.973291358869165,7.68574533237057e-10,0.999977880105238,0.999999999940206,"COL1A1","OE",FALSE,"Activated",2.59681332657232e-11
"TMEM52B",2.60777655995887e-11,-0.973995276295269,7.61542984703703e-10,0.99997798152318,0.999999999940206,"COL1A1","OE",FALSE,"Activated",2.59681332657232e-11
"TMEM45B",2.52068017084752e-11,-0.979184325190323,7.11523350320362e-10,0.999978716912038,0.999999999940206,"COL1A1","OE",FALSE,"Activated",2.59681332657232e-11
"SLAMF9",2.45150982864211e-11,-0.983416127024178,6.73009112562149e-10,0.999979300944274,0.999999999940206,"COL1A1","OE",FALSE,"Activated",2.59681332657232e-11
"KLK11",2.437673273006e-11,-0.984274911414676,6.65433496383865e-10,0.999979417771722,0.999999999940206,"COL1A1","OE",FALSE,"Activated",2.59681332657232e-11
"SPRR1B",2.43134066499072e-11,-0.984669348848354,6.61980649729806e-10,0.999979471240406,0.999999999940206,"COL1A1","OE",FALSE,"Activated",2.59681332657232e-11
"AL603756.1",2.37782260262664e-11,-0.988038480423987,6.33158685842428e-10,0.999979923114326,0.999999999940206,"COL1A1","OE",FALSE,"Activated",2.59681332657232e-11
"TMEM171",2.30753288692018e-11,-0.992563682623061,5.96278933045694e-10,0.99998051659787,0.999999999940206,"COL1A1","OE",FALSE,"Activated",2.59681332657232e-11
"NMU",2.29787169139683e-11,-0.993194878127418,5.91296375458065e-10,0.99998059817112,0.999999999940206,"COL1A1","OE",FALSE,"Activated",2.59681332657232e-11
"HIST1H1D",2.2094483580358e-11,-0.999080119158415,5.46665136103703e-10,0.999981344763887,0.999999999940206,"COL1A1","OE",FALSE,"Activated",2.59681332657232e-11
"H19",2.16067856993911e-11,-1.00241311202395,5.22798094690226e-10,0.99998175654627,0.999999999940206,"COL1A1","OE",FALSE,"Activated",2.59681332657232e-11
"PCSK9",2.12454417146533e-11,-1.00492446458536,5.05458142425933e-10,0.999982061643121,0.999999999940206,"COL1A1","OE",FALSE,"Activated",2.59681332657232e-11
"LINC02195",2.08823986543208e-11,-1.00748480149055,4.88331154059259e-10,0.999982368174567,0.999999999940206,"COL1A1","OE",FALSE,"Activated",2.59681332657232e-11
"HIST1H2BG",1.97839254772404e-11,-1.01547134193245,4.38307197147549e-10,0.999983295658408,0.999999999940206,"COL1A1","OE",FALSE,"Activated",2.59681332657232e-11
"AC114977.1",1.94493732218468e-11,-1.01797931516162,4.23608716197385e-10,0.999983578133954,0.999999999940206,"COL1A1","OE",FALSE,"Activated",2.59681332657232e-11
"KLRD1",1.87586741947385e-11,-1.02327646725658,3.94056003247401e-10,0.99998416131814,0.999999999940206,"COL1A1","OE",FALSE,"Activated",2.59681332657232e-11
"GLDC",1.87544700923494e-11,-1.02330921847704,3.93879395228399e-10,0.999984164867828,0.999999999940206,"COL1A1","OE",FALSE,"Activated",2.59681332657232e-11
"RYR1",1.76691031620016e-11,-1.03198312283839,3.49609060955953e-10,0.999985081285552,0.999999999940206,"COL1A1","OE",FALSE,"Activated",2.59681332657232e-11
"GPR171",1.67081562057264e-11,-1.04005300290708,3.12615653715739e-10,0.999985892650629,0.999999999940206,"COL1A1","OE",FALSE,"Activated",2.59681332657232e-11
"LY9",1.66596361856141e-11,-1.04047093202629,3.10802635723392e-10,0.999985933617978,0.999999999940206,"COL1A1","OE",FALSE,"Activated",2.59681332657232e-11
"S100A8",1.60436114295379e-11,-1.04586995622952,2.88242447683404e-10,0.999986453751759,0.999999999940206,"COL1A1","OE",FALSE,"Activated",2.59681332657232e-11
"LRRC75A",1.52686262097958e-11,-1.05292068271627,2.6106797087838e-10,0.999987108102072,0.999999999940206,"COL1A1","OE",FALSE,"Activated",2.59681332657232e-11
"SLC11A1",1.50609272257529e-11,-1.05486241448457,2.54013668764742e-10,0.999987283470443,0.999999999940206,"COL1A1","OE",FALSE,"Activated",2.59681332657232e-11
"CNKSR3",1.47085003205304e-11,-1.05821036858402,2.42264876992284e-10,0.999987581038255,0.999999999940206,"COL1A1","OE",FALSE,"Activated",2.59681332657232e-11
"LGALS9C",1.44315694408534e-11,-1.06088976459478,2.33228056834305e-10,0.999987814861821,0.999999999940206,"COL1A1","OE",FALSE,"Activated",2.59681332657232e-11
"JPH1",1.43026765588322e-11,-1.06215191578901,2.29080594915033e-10,0.99998792369112,0.999999999940206,"COL1A1","OE",FALSE,"Activated",2.59681332657232e-11
"POPDC3",1.37148095642418e-11,-1.06803521927195,2.10636306263071e-10,0.999988420050201,0.999999999940206,"COL1A1","OE",FALSE,"Activated",2.59681332657232e-11
"APLN",1.27860279891368e-11,-1.07778692960036,1.83073282568706e-10,0.999989204256789,0.999999999940206,"COL1A1","OE",FALSE,"Activated",2.59681332657232e-11
"AP005482.1",1.23657659660033e-11,-1.08240056345177,1.71236251689097e-10,0.999989559100443,0.999999999940206,"COL1A1","OE",FALSE,"Activated",2.59681332657232e-11
"CTSW",1.20439223716664e-11,-1.08602561027194,1.62438721389739e-10,0.99998983084557,0.999999999940206,"COL1A1","OE",FALSE,"Activated",2.59681332657232e-11
"KRT75",1.18459373205933e-11,-1.0882970897494,1.571420910226e-10,0.999989998012087,0.999999999940206,"COL1A1","OE",FALSE,"Activated",2.59681332657232e-11
"KCNN3",1.02964123391003e-11,-1.10729622474181,1.18720446105128e-10,0.999991306336596,0.999999999940206,"COL1A1","OE",FALSE,"Activated",2.59681332657232e-11
"MIR3945HG",9.61222280172215e-12,-1.11647742914605,1.0346687316034e-10,0.999991884024567,0.999999999940206,"COL1A1","OE",FALSE,"Activated",2.59681332657232e-11
"TGM1",9.28848003742564e-12,-1.12101869719712,9.66146469488631e-11,0.999992157373237,0.999999999940206,"COL1A1","OE",FALSE,"Activated",2.59681332657232e-11
"KLHDC7B",8.87249117947734e-12,-1.12705762382034,8.81545676150428e-11,0.99999250860889,0.999999999940206,"COL1A1","OE",FALSE,"Activated",2.59681332657232e-11
"SLC47A2",8.81902472585156e-12,-1.12785132539461,8.70953136628895e-11,0.999992553752706,0.999999999940206,"COL1A1","OE",FALSE,"Activated",2.59681332657232e-11
"SAPCD2",8.57099547867173e-12,-1.13158817009201,8.22652078071774e-11,0.999992763173495,0.999999999940206,"COL1A1","OE",FALSE,"Activated",2.59681332657232e-11
"IGHG2",8.39586798223334e-12,-1.13428294891318,7.89377728782534e-11,0.999992911040485,0.999999999940206,"COL1A1","OE",FALSE,"Activated",2.59681332657232e-11
"SYT8",7.87683211202155e-12,-1.14256302813441,6.94795256843342e-11,0.999993349282759,0.999999999940206,"COL1A1","OE",FALSE,"Activated",2.59681332657232e-11
"FAM30A",6.89683464194272e-12,-1.15956340854893,5.32663936246443e-11,0.999994176732929,0.999999999940206,"COL1A1","OE",FALSE,"Activated",2.59681332657232e-11
"ITIH3",6.61371630251827e-12,-1.1648605523292,4.89829334949325e-11,0.999994415780809,0.999999999940206,"COL1A1","OE",FALSE,"Activated",2.59681332657232e-11
"CSAG1",6.40233689189717e-12,-1.16894382265871,4.59019053572769e-11,0.999994594256708,0.999999999940206,"COL1A1","OE",FALSE,"Activated",2.59681332657232e-11
"SLURP2",6.36745441001481e-12,-1.16962874232002,4.54030842247887e-11,0.999994623709351,0.999999999940206,"COL1A1","OE",FALSE,"Activated",2.59681332657232e-11
"AC022819.1",5.79171822165383e-12,-1.18142566766688,3.75637131926987e-11,0.999995109825919,0.999999999940206,"COL1A1","OE",FALSE,"Activated",2.59681332657232e-11
"DDN",5.36067837767392e-12,-1.19093558340341,3.21805283897686e-11,0.999995473769708,0.999999999940206,"COL1A1","OE",FALSE,"Activated",2.59681332657232e-11
"ADPRHL1",4.20455970134729e-12,-1.22013541679641,1.97967871675218e-11,0.999996449925897,0.999999999940206,"COL1A1","OE",FALSE,"Activated",2.59681332657232e-11
"LMOD3",4.0677881057182e-12,-1.22403315124692,1.85297820573068e-11,0.999996565407501,0.999999999940206,"COL1A1","OE",FALSE,"Activated",2.59681332657232e-11
"NUP210",4.02154199618338e-12,-1.22537653134977,1.81108520892403e-11,0.999996604454899,0.999999999940206,"COL1A1","OE",FALSE,"Activated",2.59681332657232e-11
"NPR3",3.85437743684327e-12,-1.23034562250452,1.66365070264889e-11,0.99999674559847,0.999999999940206,"COL1A1","OE",FALSE,"Activated",2.59681332657232e-11
"PODXL",3.69064339041137e-12,-1.23539531910348,1.52530900369111e-11,0.999996883845526,0.999999999940206,"COL1A1","OE",FALSE,"Activated",2.59681332657232e-11
"WFDC5",3.4810740594231e-12,-1.24214686258732,1.35700107897927e-11,0.999997060793104,0.999999999940206,"COL1A1","OE",FALSE,"Activated",2.59681332657232e-11
"SPINK5",3.39400124335485e-12,-1.24505500659215,1.28996421078341e-11,0.999997134312086,0.999999999940206,"COL1A1","OE",FALSE,"Activated",2.59681332657232e-11
"AFAP1-AS1",3.29653016143631e-12,-1.24838736925257,1.21693609971872e-11,0.99999721661073,0.999999999940206,"COL1A1","OE",FALSE,"Activated",2.59681332657232e-11
"NGFR",3.0176423563663e-12,-1.25841219591949,1.01973940331539e-11,0.999997452086605,0.999999999940206,"COL1A1","OE",FALSE,"Activated",2.59681332657232e-11
"ALDH3A1",2.84854400729029e-12,-1.26488473989682,9.08656073229778e-12,0.999997594862951,0.999999999940206,"COL1A1","OE",FALSE,"Activated",2.59681332657232e-11
"BMP7",2.64350545316255e-12,-1.2731906891612,7.82553590386784e-12,0.999997767985017,0.999999999940206,"COL1A1","OE",FALSE,"Activated",2.59681332657232e-11
"TNNI2",2.40924164847412e-12,-1.2833861440718,6.50001548823412e-12,0.999997965783104,0.999999999940206,"COL1A1","OE",FALSE,"Activated",2.59681332657232e-11
"TCHH",2.07613269166301e-12,-1.2994575279282,4.82685087174145e-12,0.999998247040017,0.999999999940206,"COL1A1","OE",FALSE,"Activated",2.59681332657232e-11
"WIPF3",1.35656732815285e-12,-1.34358565610484,2.06080250470092e-12,0.999998854597179,0.999999999940206,"COL1A1","OE",FALSE,"Activated",2.59681332657232e-11
"NEFL",1.2324514549235e-12,-1.35317218278258,1.70095690576903e-12,0.999998959393063,0.999999999940206,"COL1A1","OE",FALSE,"Activated",2.59681332657232e-11
"AC103858.1",1.22467578477825e-12,-1.3537999337917,1.67956156822372e-12,0.999998965958365,0.999999999940206,"COL1A1","OE",FALSE,"Activated",2.59681332657232e-11
"AL356804.1",1.15310592694185e-12,-1.35974439473054,1.48899101090004e-12,0.999999026387593,0.999999999940206,"COL1A1","OE",FALSE,"Activated",2.59681332657232e-11
"ARHGAP45",9.50729111604215e-13,-1.37845613328122,1.01220214140643e-12,0.999999197262249,0.999999999940206,"COL1A1","OE",FALSE,"Activated",2.59681332657232e-11
"GCNA",8.3553482168245e-13,-1.39069546989488,7.81776795276456e-13,0.999999294525291,0.999999999940206,"COL1A1","OE",FALSE,"Activated",2.59681332657232e-11
"ZNF750",7.30350263125541e-13,-1.40320891991278,5.97332365888834e-13,0.999999383336725,0.999999999940206,"COL1A1","OE",FALSE,"Activated",2.59681332657232e-11
"SULT2B1",4.78226053234496e-13,-1.44106444429617,2.56106223242201e-13,0.99999959621505,0.999999999940206,"COL1A1","OE",FALSE,"Activated",2.59681332657232e-11
"PDZK1",4.53006842701516e-13,-1.44574545412337,2.29806967192526e-13,0.999999617508616,0.999999999940206,"COL1A1","OE",FALSE,"Activated",2.59681332657232e-11
"C1orf68",4.22407997011692e-13,-1.45173505901121,1.99810326923815e-13,0.999999643344417,0.999999999940206,"COL1A1","OE",FALSE,"Activated",2.59681332657232e-11
"DNASE1L3",3.37693246068097e-13,-1.47050983386985,1.27702211000036e-13,0.999999714872393,0.999999999940206,"COL1A1","OE",FALSE,"Activated",2.59681332657232e-11
"CST6",3.06144216304747e-13,-1.47855038743175,1.04955640997444e-13,0.999999741510472,0.999999999940206,"COL1A1","OE",FALSE,"Activated",2.59681332657232e-11
"TNNT2",2.40655443066589e-13,-1.49781310751738,6.48552361171763e-14,0.999999796805203,0.999999999940206,"COL1A1","OE",FALSE,"Activated",2.59681332657232e-11
"FAT3",4.16392627827691e-14,-1.61996346953253,1.94159985395422e-15,0.999999964842343,0.999999999940206,"COL1A1","OE",FALSE,"Activated",2.59681332657232e-11
"ULBP1",3.89808326795911e-14,-1.62398921952662,1.70159378635577e-15,0.999999967086959,0.999999999940206,"COL1A1","OE",FALSE,"Activated",2.59681332657232e-11
"CLEC4E",3.6692522733458e-14,-1.62764775946894,1.50767874076099e-15,0.999999969019069,0.999999999940206,"COL1A1","OE",FALSE,"Activated",2.59681332657232e-11
"CA3",3.65324812548801e-14,-1.62791089156034,1.49455536312634e-15,0.999999969154198,0.999999999940206,"COL1A1","OE",FALSE,"Activated",2.59681332657232e-11
"KLRC2",3.65204667893353e-14,-1.62793068501532,1.49357249360038e-15,0.999999969164342,0.999999999940206,"COL1A1","OE",FALSE,"Activated",2.59681332657232e-11
"CCL21",3.61560829181914e-14,-1.62853366618647,1.46391686639487e-15,0.999999969472006,0.999999999940206,"COL1A1","OE",FALSE,"Activated",2.59681332657232e-11
"EGLN3",3.470808135083e-14,-1.63098254662069,1.34900910372896e-15,0.99999997069461,0.999999999940206,"COL1A1","OE",FALSE,"Activated",2.59681332657232e-11
"PLA2G2D",3.38996955868222e-14,-1.63238807882575,1.28690137159799e-15,0.999999971377162,0.999999999940206,"COL1A1","OE",FALSE,"Activated",2.59681332657232e-11
"ADRA2B",3.34391098417119e-14,-1.63320180348429,1.25216938957257e-15,0.999999971766052,0.999999999940206,"COL1A1","OE",FALSE,"Activated",2.59681332657232e-11
"IGLC2",3.33710960256573e-14,-1.63332277829509,1.24708084457171e-15,0.999999971823479,0.999999999940206,"COL1A1","OE",FALSE,"Activated",2.59681332657232e-11
"AL590550.1",3.32690775150906e-14,-1.63350463374547,1.2394676178169e-15,0.999999971909617,0.999999999940206,"COL1A1","OE",FALSE,"Activated",2.59681332657232e-11
"CFHR1",3.27119296746733e-14,-1.63450631437535,1.19830120173749e-15,0.999999972380039,0.999999999940206,"COL1A1","OE",FALSE,"Activated",2.59681332657232e-11
"SLC27A2",3.22122226776177e-14,-1.63541725217216,1.16197036619903e-15,0.999999972801961,0.999999999940206,"COL1A1","OE",FALSE,"Activated",2.59681332657232e-11
"TRBV28",3.20820940574987e-14,-1.63565645795237,1.15260124025397e-15,0.999999972911834,0.999999999940206,"COL1A1","OE",FALSE,"Activated",2.59681332657232e-11
"ASB5",3.19885261083443e-14,-1.63582897190762,1.1458878838275e-15,0.999999972990837,0.999999999940206,"COL1A1","OE",FALSE,"Activated",2.59681332657232e-11
"CPA3",3.18895376596803e-14,-1.6360119516657,1.13880695989794e-15,0.999999973074417,0.999999999940206,"COL1A1","OE",FALSE,"Activated",2.59681332657232e-11
"MS4A2",3.16587784363025e-14,-1.6364404084736,1.12238531022977e-15,0.999999973269256,0.999999999940206,"COL1A1","OE",FALSE,"Activated",2.59681332657232e-11
"ACSBG1",3.1220033366167e-14,-1.63726248118292,1.09149158759307e-15,0.999999973639705,0.999999999940206,"COL1A1","OE",FALSE,"Activated",2.59681332657232e-11
"ADORA3",3.12043274788947e-14,-1.6372920924704,1.09039366872795e-15,0.999999973652967,0.999999999940206,"COL1A1","OE",FALSE,"Activated",2.59681332657232e-11
"TIE1",3.10048260609595e-14,-1.63766934191257,1.07649561629188e-15,0.999999973821413,0.999999999940206,"COL1A1","OE",FALSE,"Activated",2.59681332657232e-11
"PSG4",3.05981014407989e-14,-1.6384449375237,1.04843769577699e-15,0.999999974164827,0.999999999940206,"COL1A1","OE",FALSE,"Activated",2.59681332657232e-11
"ADCYAP1",3.03889725392365e-14,-1.63884718059643,1.03415515341513e-15,0.999999974341403,0.999999999940206,"COL1A1","OE",FALSE,"Activated",2.59681332657232e-11
"CALB1",2.97298839361204e-14,-1.64013061235996,9.89783237607888e-16,0.999999974897897,0.999999999940206,"COL1A1","OE",FALSE,"Activated",2.59681332657232e-11
"AC016074.2",2.85034470204883e-14,-1.64258522785177,9.09805242339635e-16,0.999999975933425,0.999999999940206,"COL1A1","OE",FALSE,"Activated",2.59681332657232e-11
"GZMH",2.83281949302762e-14,-1.64294334798991,8.98651847491943e-16,0.999999976081398,0.999999999940206,"COL1A1","OE",FALSE,"Activated",2.59681332657232e-11
"KLRK1",2.79083515264805e-14,-1.64380907297971,8.72211957504352e-16,0.999999976435888,0.999999999940206,"COL1A1","OE",FALSE,"Activated",2.59681332657232e-11
"PCSK2",2.78281224539114e-14,-1.64397577695689,8.67204411708924e-16,0.999999976503628,0.999999999940206,"COL1A1","OE",FALSE,"Activated",2.59681332657232e-11
"SYTL3",2.75788737147682e-14,-1.64449632179001,8.51739364747491e-16,0.999999976714079,0.999999999940206,"COL1A1","OE",FALSE,"Activated",2.59681332657232e-11
"STRIT1",2.68020708958237e-14,-1.64614494397027,8.04433911589048e-16,0.999999977369964,0.999999999940206,"COL1A1","OE",FALSE,"Activated",2.59681332657232e-11
"MAL",2.64269413292517e-14,-1.64695581257115,7.82073315882411e-16,0.9999999776867,0.999999999940206,"COL1A1","OE",FALSE,"Activated",2.59681332657232e-11
"LEMD1",2.62907760212562e-14,-1.6472525871367,7.74034784027896e-16,0.99999997780167,0.999999999940206,"COL1A1","OE",FALSE,"Activated",2.59681332657232e-11
"TMEFF2",2.61666154319368e-14,-1.64752434878087,7.667411473963e-16,0.999999977906504,0.999999999940206,"COL1A1","OE",FALSE,"Activated",2.59681332657232e-11
"DBNDD1",2.59238742175547e-14,-1.6480588697427,7.52581396042158e-16,0.99999997811146,0.999999999940206,"COL1A1","OE",FALSE,"Activated",2.59681332657232e-11
"TNFSF18",2.59030444295945e-14,-1.64810493712003,7.51372486223598e-16,0.999999978129047,0.999999999940206,"COL1A1","OE",FALSE,"Activated",2.59681332657232e-11
"AL449363.2",2.55630525989781e-14,-1.64886139545066,7.31777571247006e-16,0.999999978416115,0.999999999940206,"COL1A1","OE",FALSE,"Activated",2.59681332657232e-11
"AC243829.4",2.55357560343007e-14,-1.64892250201302,7.30215602156333e-16,0.999999978439163,0.999999999940206,"COL1A1","OE",FALSE,"Activated",2.59681332657232e-11
"MROH2A",2.53270785858302e-14,-1.64939151164739,7.18329765843479e-16,0.999999978615358,0.999999999940206,"COL1A1","OE",FALSE,"Activated",2.59681332657232e-11
"IFNB1",2.49732281939246e-14,-1.65019443314233,6.9839808236397e-16,0.999999978914127,0.999999999940206,"COL1A1","OE",FALSE,"Activated",2.59681332657232e-11
"FLG",2.4893403599972e-14,-1.65037691124947,6.93940489286903e-16,0.999999978981526,0.999999999940206,"COL1A1","OE",FALSE,"Activated",2.59681332657232e-11
"TMEM78",2.48621644000836e-14,-1.65044846038731,6.92199904202797e-16,0.999999979007903,0.999999999940206,"COL1A1","OE",FALSE,"Activated",2.59681332657232e-11
"CD40LG",2.47858442208694e-14,-1.65062358628454,6.87956690721154e-16,0.999999979072343,0.999999999940206,"COL1A1","OE",FALSE,"Activated",2.59681332657232e-11
"SLC27A6",2.4636696124942e-14,-1.65096716422349,6.79702082891199e-16,0.999999979198274,0.999999999940206,"COL1A1","OE",FALSE,"Activated",2.59681332657232e-11
"HTR2A",2.45741998397754e-14,-1.65111166153422,6.76258035312451e-16,0.999999979251043,0.999999999940206,"COL1A1","OE",FALSE,"Activated",2.59681332657232e-11
"HIST1H2AL",2.4189180353555e-14,-1.65200888123741,6.55233317295407e-16,0.99999997957613,0.999999999940206,"COL1A1","OE",FALSE,"Activated",2.59681332657232e-11
"L1CAM",2.40751538813472e-14,-1.65227695091826,6.49070409430467e-16,0.999999979672407,0.999999999940206,"COL1A1","OE",FALSE,"Activated",2.59681332657232e-11
"TMIGD3",2.40711103292807e-14,-1.65228647705762,6.48852397981432e-16,0.999999979675821,0.999999999940206,"COL1A1","OE",FALSE,"Activated",2.59681332657232e-11
"CCL17",2.4052114819728e-14,-1.65233124665394,6.47828729479185e-16,0.999999979691859,0.999999999940206,"COL1A1","OE",FALSE,"Activated",2.59681332657232e-11
"SPP1",2.3866398229535e-14,-1.65277055846349,6.37863031954869e-16,0.999999979848667,0.999999999940206,"COL1A1","OE",FALSE,"Activated",2.59681332657232e-11
"TPSAB1",2.37506545982046e-14,-1.65304583517037,6.31691211508502e-16,0.999999979946394,0.999999999940206,"COL1A1","OE",FALSE,"Activated",2.59681332657232e-11
"FASLG",2.34049362380449e-14,-1.65387497634128,6.13435057022073e-16,0.999999980238298,0.999999999940206,"COL1A1","OE",FALSE,"Activated",2.59681332657232e-11
"KLRB1",2.31725385023723e-14,-1.65443826416064,6.01313413768651e-16,0.99999998043452,0.999999999940206,"COL1A1","OE",FALSE,"Activated",2.59681332657232e-11
"FGF19",2.30857956850254e-14,-1.65464975474906,5.96819992050942e-16,0.99999998050776,0.999999999940206,"COL1A1","OE",FALSE,"Activated",2.59681332657232e-11
"LINC01781",2.30745199039399e-14,-1.65467729665777,5.96237125581918e-16,0.999999980517281,0.999999999940206,"COL1A1","OE",FALSE,"Activated",2.59681332657232e-11
"COX6A2",2.30129435670811e-14,-1.65482790530444,5.93059151705606e-16,0.999999980569272,0.999999999940206,"COL1A1","OE",FALSE,"Activated",2.59681332657232e-11
"RHOV",2.27683266101917e-14,-1.65542964571078,5.80518270211368e-16,0.999999980775812,0.999999999940206,"COL1A1","OE",FALSE,"Activated",2.59681332657232e-11
"GFRA3",2.27458084484663e-14,-1.65548531716526,5.79370558284221e-16,0.999999980794825,0.999999999940206,"COL1A1","OE",FALSE,"Activated",2.59681332657232e-11
"IL13",2.2731901649995e-14,-1.65551972244229,5.7866231997054e-16,0.999999980806567,0.999999999940206,"COL1A1","OE",FALSE,"Activated",2.59681332657232e-11
"AC106798.1",2.27110914740298e-14,-1.65557124034578,5.77603319024091e-16,0.999999980824138,0.999999999940206,"COL1A1","OE",FALSE,"Activated",2.59681332657232e-11
"LRRN1",2.271103186872e-14,-1.6555713879635,5.77600287185688e-16,0.999999980824188,0.999999999940206,"COL1A1","OE",FALSE,"Activated",2.59681332657232e-11
"KRT6C",2.25584344129783e-14,-1.65595040295254,5.69864467574253e-16,0.999999980953032,0.999999999940206,"COL1A1","OE",FALSE,"Activated",2.59681332657232e-11
"ERC2",2.25029140736441e-14,-1.65608884780272,5.67062842839653e-16,0.99999998099991,0.999999999940206,"COL1A1","OE",FALSE,"Activated",2.59681332657232e-11
"MYL1",2.23676077512553e-14,-1.65642747726788,5.60264033263689e-16,0.999999981114154,0.999999999940206,"COL1A1","OE",FALSE,"Activated",2.59681332657232e-11
"WIF1",2.22773609625484e-14,-1.65665431502235,5.55752149037862e-16,0.999999981190353,0.999999999940206,"COL1A1","OE",FALSE,"Activated",2.59681332657232e-11
"IFIT2",2.21135627856364e-14,-1.65706804768591,5.47609665047624e-16,0.999999981328655,0.999999999940206,"COL1A1","OE",FALSE,"Activated",2.59681332657232e-11
"PTGER1",2.20692062067756e-14,-1.65718053885694,5.45415018229365e-16,0.999999981366107,0.999999999940206,"COL1A1","OE",FALSE,"Activated",2.59681332657232e-11
"NEFH",2.20172425020691e-14,-1.65731256916447,5.42849595786078e-16,0.999999981409982,0.999999999940206,"COL1A1","OE",FALSE,"Activated",2.59681332657232e-11
"AMTN",2.20067914286205e-14,-1.65733915572148,5.42334361919693e-16,0.999999981418806,0.999999999940206,"COL1A1","OE",FALSE,"Activated",2.59681332657232e-11
"HS3ST6",2.18991769125003e-14,-1.65761354885615,5.37043236156696e-16,0.999999981509669,0.999999999940206,"COL1A1","OE",FALSE,"Activated",2.59681332657232e-11
"LIF",2.18836765903667e-14,-1.65765316649461,5.36283262647899e-16,0.999999981522756,0.999999999940206,"COL1A1","OE",FALSE,"Activated",2.59681332657232e-11
"STC1",2.1606229730286e-14,-1.65836640292481,5.2277119056359e-16,0.999999981757016,0.999999999940206,"COL1A1","OE",FALSE,"Activated",2.59681332657232e-11
"BBOX1",2.15661638637886e-14,-1.65847004918741,5.20834169539689e-16,0.999999981790845,0.999999999940206,"COL1A1","OE",FALSE,"Activated",2.59681332657232e-11
"SPRR2E",2.153164473476e-14,-1.6585594791626,5.19168193755511e-16,0.999999981819991,0.999999999940206,"COL1A1","OE",FALSE,"Activated",2.59681332657232e-11
"CNTFR",2.14386731141025e-14,-1.6588009573389,5.14694434243686e-16,0.99999998189849,0.999999999940206,"COL1A1","OE",FALSE,"Activated",2.59681332657232e-11
"DES",2.12193473284879e-14,-1.65937419837137,5.04217262602179e-16,0.999999982083676,0.999999999940206,"COL1A1","OE",FALSE,"Activated",2.59681332657232e-11
"CTSG",2.10076098740307e-14,-1.65993244877816,4.94204794562893e-16,0.999999982262454,0.999999999940206,"COL1A1","OE",FALSE,"Activated",2.59681332657232e-11
"AC073476.3",2.09555419340145e-14,-1.66007046618231,4.91758030105822e-16,0.999999982306417,0.999999999940206,"COL1A1","OE",FALSE,"Activated",2.59681332657232e-11
"TNFSF8",2.08770755510255e-14,-1.66027901515496,4.88082226155055e-16,0.999999982372669,0.999999999940206,"COL1A1","OE",FALSE,"Activated",2.59681332657232e-11
"BEX1",2.07716391609072e-14,-1.66056030673911,4.83164709959108e-16,0.999999982461693,0.999999999940206,"COL1A1","OE",FALSE,"Activated",2.59681332657232e-11
"IL21",2.05236398896091e-14,-1.66122679904275,4.71696266521116e-16,0.999999982671089,0.999999999940206,"COL1A1","OE",FALSE,"Activated",2.59681332657232e-11
"PPP1R9A",2.04060488779673e-14,-1.66154523981423,4.66306546122359e-16,0.999999982770375,0.999999999940206,"COL1A1","OE",FALSE,"Activated",2.59681332657232e-11
"CKM",2.03939578990601e-14,-1.66157807181641,4.65754118525554e-16,0.999999982780584,0.999999999940206,"COL1A1","OE",FALSE,"Activated",2.59681332657232e-11
"NRXN3",2.03900357576822e-14,-1.66158872563729,4.65574989211886e-16,0.999999982783896,0.999999999940206,"COL1A1","OE",FALSE,"Activated",2.59681332657232e-11
"ACTA1",2.03514131541344e-14,-1.66169373128208,4.63812884618505e-16,0.999999982816506,0.999999999940206,"COL1A1","OE",FALSE,"Activated",2.59681332657232e-11
"MSMB",2.03301768958368e-14,-1.66175154046253,4.62845432265515e-16,0.999999982834437,0.999999999940206,"COL1A1","OE",FALSE,"Activated",2.59681332657232e-11
"LINC00324",2.03096360084039e-14,-1.66180750601649,4.61910619639429e-16,0.99999998285178,0.999999999940206,"COL1A1","OE",FALSE,"Activated",2.59681332657232e-11
"KLRF1",2.02911829402904e-14,-1.66185782453309,4.61071629134953e-16,0.999999982867361,0.999999999940206,"COL1A1","OE",FALSE,"Activated",2.59681332657232e-11
"CA9",2.02426057896392e-14,-1.6619904744608,4.58866658024065e-16,0.999999982908377,0.999999999940206,"COL1A1","OE",FALSE,"Activated",2.59681332657232e-11
"CAPNS2",2.0109036807237e-14,-1.66235662497637,4.52831057290318e-16,0.999999983021154,0.999999999940206,"COL1A1","OE",FALSE,"Activated",2.59681332657232e-11
"GPR143",2.00708732600767e-14,-1.66246162528624,4.51113894925631e-16,0.999999983053377,0.999999999940206,"COL1A1","OE",FALSE,"Activated",2.59681332657232e-11
"MYLK3",2.00673377775493e-14,-1.66247136121278,4.50954981578767e-16,0.999999983056362,0.999999999940206,"COL1A1","OE",FALSE,"Activated",2.59681332657232e-11
"PMEL",1.99711486539986e-14,-1.66273681077985,4.4664220176364e-16,0.999999983137579,0.999999999940206,"COL1A1","OE",FALSE,"Activated",2.59681332657232e-11
"AZGP1",1.99632476228615e-14,-1.66275866367582,4.46288868468497e-16,0.99999998314425,0.999999999940206,"COL1A1","OE",FALSE,"Activated",2.59681332657232e-11
"LINC01198",1.99077540872494e-14,-1.6629123586765,4.43811142859821e-16,0.999999983191105,0.999999999940206,"COL1A1","OE",FALSE,"Activated",2.59681332657232e-11
"Z99289.1",1.98956163262225e-14,-1.66294602442022,4.43270124382233e-16,0.999999983201353,0.999999999940206,"COL1A1","OE",FALSE,"Activated",2.59681332657232e-11
"KRT19",1.97552552541362e-14,-1.66333662050476,4.37037756483668e-16,0.999999983319866,0.999999999940206,"COL1A1","OE",FALSE,"Activated",2.59681332657232e-11
"ZNF385C",1.97551524330164e-14,-1.66333690750632,4.37033207152973e-16,0.999999983319953,0.999999999940206,"COL1A1","OE",FALSE,"Activated",2.59681332657232e-11
"ELAVL3",1.96379809352726e-14,-1.66366480069879,4.31864330425521e-16,0.999999983418885,0.999999999940206,"COL1A1","OE",FALSE,"Activated",2.59681332657232e-11
"CLEC10A",1.9616368353766e-14,-1.66372546468632,4.30914276856568e-16,0.999999983437133,0.999999999940206,"COL1A1","OE",FALSE,"Activated",2.59681332657232e-11
"MYBPC1",1.95252715349425e-14,-1.66398179464888,4.26921308252605e-16,0.99999998351405,0.999999999940206,"COL1A1","OE",FALSE,"Activated",2.59681332657232e-11
"AL606500.1",1.95226181587523e-14,-1.6639892761334,4.26805283657202e-16,0.99999998351629,0.999999999940206,"COL1A1","OE",FALSE,"Activated",2.59681332657232e-11
"LCE3A",1.95122021534492e-14,-1.66401865363591,4.26349973809107e-16,0.999999983525085,0.999999999940206,"COL1A1","OE",FALSE,"Activated",2.59681332657232e-11
"SOX18",1.94042992877966e-14,-1.66432377915524,4.21647564413652e-16,0.999999983616192,0.999999999940206,"COL1A1","OE",FALSE,"Activated",2.59681332657232e-11
"AC108105.1",1.94012227790812e-14,-1.66433250016522,4.21513872436096e-16,0.999999983618789,0.999999999940206,"COL1A1","OE",FALSE,"Activated",2.59681332657232e-11
"CLEC14A",1.93978065548152e-14,-1.66434218556044,4.21365442704896e-16,0.999999983621674,0.999999999940206,"COL1A1","OE",FALSE,"Activated",2.59681332657232e-11
"BCAS1",1.93110447404561e-14,-1.66458865728836,4.1760453586263e-16,0.99999998369493,0.999999999940206,"COL1A1","OE",FALSE,"Activated",2.59681332657232e-11
"HPGDS",1.92278103356959e-14,-1.6648260028392,4.14012378501164e-16,0.999999983765208,0.999999999940206,"COL1A1","OE",FALSE,"Activated",2.59681332657232e-11
"LY6D",1.87698297048306e-14,-1.66614793957202,3.9452482132729e-16,0.999999984151899,0.999999999940206,"COL1A1","OE",FALSE,"Activated",2.59681332657232e-11
"FABP4",1.7895657643669e-14,-1.66874992818115,3.58631962469344e-16,0.999999984889997,0.999999999940206,"COL1A1","OE",FALSE,"Activated",2.59681332657232e-11
"APOBEC2",1.77775878381432e-14,-1.66910968101888,3.5391529632126e-16,0.999999984989688,0.999999999940206,"COL1A1","OE",FALSE,"Activated",2.59681332657232e-11
"IL22RA2",1.77359016223336e-14,-1.6692371865279,3.52257468259303e-16,0.999999985024885,0.999999999940206,"COL1A1","OE",FALSE,"Activated",2.59681332657232e-11
"S100A1",1.77080722691007e-14,-1.66932245127083,3.51152883139766e-16,0.999999985048382,0.999999999940206,"COL1A1","OE",FALSE,"Activated",2.59681332657232e-11
"AC005614.1",1.76928186488291e-14,-1.66936923473633,3.50548181996543e-16,0.999999985061262,0.999999999940206,"COL1A1","OE",FALSE,"Activated",2.59681332657232e-11
"LINC02096",1.76691446842816e-14,-1.66944191230418,3.49610704116021e-16,0.99999998508125,0.999999999940206,"COL1A1","OE",FALSE,"Activated",2.59681332657232e-11
"CCL1",1.74027789117444e-14,-1.67026544867593,3.39149259225998e-16,0.999999985306154,0.999999999940206,"COL1A1","OE",FALSE,"Activated",2.59681332657232e-11
"MUSK",1.73786021099834e-14,-1.67034073149192,3.38207587916741e-16,0.999999985326567,0.999999999940206,"COL1A1","OE",FALSE,"Activated",2.59681332657232e-11
"LINC01170",1.72224049913018e-14,-1.67082928195964,3.32155357901862e-16,0.99999998545845,0.999999999940206,"COL1A1","OE",FALSE,"Activated",2.59681332657232e-11
"COLEC11",1.69969507554437e-14,-1.6715411995045,3.23515951674655e-16,0.99999998564881,0.999999999940206,"COL1A1","OE",FALSE,"Activated",2.59681332657232e-11
"KRTDAP",1.6951811873692e-14,-1.67168470716319,3.21799907700342e-16,0.999999985686923,0.999999999940206,"COL1A1","OE",FALSE,"Activated",2.59681332657232e-11
"S100P",1.69517522489244e-14,-1.67168489694174,3.21797643964632e-16,0.999999985686973,0.999999999940206,"COL1A1","OE",FALSE,"Activated",2.59681332657232e-11
"AC136616.1",1.68615208206131e-14,-1.6719727511659,3.18381007977695e-16,0.999999985763159,0.999999999940206,"COL1A1","OE",FALSE,"Activated",2.59681332657232e-11
"DSG1",1.67784063860789e-14,-1.672239072521,3.15249992828201e-16,0.999999985833336,0.999999999940206,"COL1A1","OE",FALSE,"Activated",2.59681332657232e-11
"MYF5",1.67747814849098e-14,-1.67225071342977,3.15113790783953e-16,0.999999985836396,0.999999999940206,"COL1A1","OE",FALSE,"Activated",2.59681332657232e-11
"AL157895.1",1.66533828350923e-14,-1.67264182161292,3.10569354151535e-16,0.999999985938898,0.999999999940206,"COL1A1","OE",FALSE,"Activated",2.59681332657232e-11
"TYRP1",1.6646422787178e-14,-1.67266431874166,3.1030981218262e-16,0.999999985944775,0.999999999940206,"COL1A1","OE",FALSE,"Activated",2.59681332657232e-11
"JSRP1",1.66283585569387e-14,-1.67272274585549,3.09636698626082e-16,0.999999985960027,0.999999999940206,"COL1A1","OE",FALSE,"Activated",2.59681332657232e-11
"CST1",1.66048691678635e-14,-1.6727988016429,3.08762524572266e-16,0.99999998597986,0.999999999940206,"COL1A1","OE",FALSE,"Activated",2.59681332657232e-11
"ANKRD1",1.6597948642392e-14,-1.67282122706532,3.08505208045386e-16,0.999999985985703,0.999999999940206,"COL1A1","OE",FALSE,"Activated",2.59681332657232e-11
"AL356515.1",1.65389384143473e-14,-1.67301277159236,3.06315467461057e-16,0.999999986035528,0.999999999940206,"COL1A1","OE",FALSE,"Activated",2.59681332657232e-11
"APOC2",1.64452167282809e-14,-1.67331819637271,3.02853690170328e-16,0.999999986114661,0.999999999940206,"COL1A1","OE",FALSE,"Activated",2.59681332657232e-11
"CCL26",1.64035798161507e-14,-1.67345436403905,3.0132206799942e-16,0.999999986149816,0.999999999940206,"COL1A1","OE",FALSE,"Activated",2.59681332657232e-11
"GALR1",1.63827839934145e-14,-1.67352248491423,3.00558543410946e-16,0.999999986167375,0.999999999940206,"COL1A1","OE",FALSE,"Activated",2.59681332657232e-11
"PRG2",1.62487311582746e-14,-1.67396339068585,2.95660000575892e-16,0.999999986280561,0.999999999940206,"COL1A1","OE",FALSE,"Activated",2.59681332657232e-11
"HSPB3",1.62233186955804e-14,-1.6740473250453,2.94735919394099e-16,0.999999986302018,0.999999999940206,"COL1A1","OE",FALSE,"Activated",2.59681332657232e-11
"C6orf223",1.6216212348798e-14,-1.67407081664784,2.94477767906997e-16,0.999999986308018,0.999999999940206,"COL1A1","OE",FALSE,"Activated",2.59681332657232e-11
"SOX17",1.60427474527625e-14,-1.67464700012979,2.88211403790812e-16,0.999999986454481,0.999999999940206,"COL1A1","OE",FALSE,"Activated",2.59681332657232e-11
"PLIN5",1.59352294275806e-14,-1.67500682218085,2.84361180381078e-16,0.999999986545263,0.999999999940206,"COL1A1","OE",FALSE,"Activated",2.59681332657232e-11
"ANK3",1.5924816992159e-14,-1.67504177917054,2.83989685877793e-16,0.999999986554055,0.999999999940206,"COL1A1","OE",FALSE,"Activated",2.59681332657232e-11
"LINC01647",1.59082837452842e-14,-1.67509732546653,2.83400312165263e-16,0.999999986568014,0.999999999940206,"COL1A1","OE",FALSE,"Activated",2.59681332657232e-11
"UNC45B",1.590051796413e-14,-1.67512343304381,2.83123690543261e-16,0.999999986574571,0.999999999940206,"COL1A1","OE",FALSE,"Activated",2.59681332657232e-11
"KPNA7",1.58935918140419e-14,-1.67514672711732,2.82877091018735e-16,0.999999986580419,0.999999999940206,"COL1A1","OE",FALSE,"Activated",2.59681332657232e-11
"KRT3",1.58103498864388e-14,-1.67542737033489,2.79921740101373e-16,0.999999986650704,0.999999999940206,"COL1A1","OE",FALSE,"Activated",2.59681332657232e-11
"LINC01291",1.55292522137077e-14,-1.67638453006423,2.70056574151034e-16,0.999999986888045,0.999999999940206,"COL1A1","OE",FALSE,"Activated",2.59681332657232e-11
"FITM1",1.55075716082917e-14,-1.67645897004551,2.69303041034688e-16,0.999999986906351,0.999999999940206,"COL1A1","OE",FALSE,"Activated",2.59681332657232e-11
"AC144521.1",1.54772256345315e-14,-1.67656331249505,2.68250101569858e-16,0.999999986931973,0.999999999940206,"COL1A1","OE",FALSE,"Activated",2.59681332657232e-11
"KDR",1.54669337812199e-14,-1.67659874014885,2.67893464942185e-16,0.999999986940663,0.999999999940206,"COL1A1","OE",FALSE,"Activated",2.59681332657232e-11
"HBA2",1.5369833971988e-14,-1.67693398609895,2.64540408270933e-16,0.999999987022648,0.999999999940206,"COL1A1","OE",FALSE,"Activated",2.59681332657232e-11
"ADH7",1.50922336021657e-14,-1.677902550301,2.55070776653706e-16,0.999999987257037,0.999999999940206,"COL1A1","OE",FALSE,"Activated",2.59681332657232e-11
"DNAAF1",1.50505539128068e-14,-1.67804929046975,2.53663882086268e-16,0.999999987292229,0.999999999940206,"COL1A1","OE",FALSE,"Activated",2.59681332657232e-11
"PIP",1.50401468688584e-14,-1.6780859845552,2.53313200180708e-16,0.999999987301016,0.999999999940206,"COL1A1","OE",FALSE,"Activated",2.59681332657232e-11
"ADGRG3",1.49396153968025e-14,-1.67844157338472,2.4993812156276e-16,0.999999987385899,0.999999999940206,"COL1A1","OE",FALSE,"Activated",2.59681332657232e-11
"CASP14",1.48893518312226e-14,-1.6786201304635,2.48259142898814e-16,0.999999987428338,0.999999999940206,"COL1A1","OE",FALSE,"Activated",2.59681332657232e-11
"SBK1",1.48769996095034e-14,-1.67866408983163,2.47847401675383e-16,0.999999987438768,0.999999999940206,"COL1A1","OE",FALSE,"Activated",2.59681332657232e-11
"MT1H",1.48633591105367e-14,-1.67871267034473,2.47393114866223e-16,0.999999987450285,0.999999999940206,"COL1A1","OE",FALSE,"Activated",2.59681332657232e-11
"LINC01936",1.48180171166341e-14,-1.67887443078407,2.45886027895753e-16,0.999999987488569,0.999999999940206,"COL1A1","OE",FALSE,"Activated",2.59681332657232e-11
"AL158839.1",1.47869213756941e-14,-1.67898561244588,2.44855122673292e-16,0.999999987514824,0.999999999940206,"COL1A1","OE",FALSE,"Activated",2.59681332657232e-11
"AL133405.1",1.4675888869765e-14,-1.67938424872684,2.4119177635192e-16,0.999999987608573,0.999999999940206,"COL1A1","OE",FALSE,"Activated",2.59681332657232e-11
"MYCT1",1.46341643680613e-14,-1.67953471982891,2.39822278254734e-16,0.999999987643803,0.999999999940206,"COL1A1","OE",FALSE,"Activated",2.59681332657232e-11
"GZMK",1.46202871564844e-14,-1.67958484678981,2.39367658988143e-16,0.99999998765552,0.999999999940206,"COL1A1","OE",FALSE,"Activated",2.59681332657232e-11
"AL355607.2",1.45197695777315e-14,-1.67994915774704,2.3608756658068e-16,0.999999987740391,0.999999999940206,"COL1A1","OE",FALSE,"Activated",2.59681332657232e-11
"IGLC3",1.43011384776875e-14,-1.68074908469165,2.29031327828975e-16,0.99999998792499,0.999999999940206,"COL1A1","OE",FALSE,"Activated",2.59681332657232e-11
"NRN1",1.42802573206811e-14,-1.68082603235534,2.28362996745718e-16,0.999999987942621,0.999999999940206,"COL1A1","OE",FALSE,"Activated",2.59681332657232e-11
"KBTBD12",1.4248157027725e-14,-1.68094451131225,2.27337485808366e-16,0.999999987969724,0.999999999940206,"COL1A1","OE",FALSE,"Activated",2.59681332657232e-11
"COBL",1.39402395693588e-14,-1.682092789853,2.17617662871462e-16,0.999999988229711,0.999999999940206,"COL1A1","OE",FALSE,"Activated",2.59681332657232e-11
"TNN",1.3926374617936e-14,-1.68214500481591,2.17184993428721e-16,0.999999988241418,0.999999999940206,"COL1A1","OE",FALSE,"Activated",2.59681332657232e-11
"CD27",1.36765743025651e-14,-1.68309346888079,2.09463485332072e-16,0.999999988452334,0.999999999940206,"COL1A1","OE",FALSE,"Activated",2.59681332657232e-11
"AC020909.2",1.3572547075223e-14,-1.68349283729533,2.06289147143933e-16,0.999999988540168,0.999999999940206,"COL1A1","OE",FALSE,"Activated",2.59681332657232e-11
"OTOF",1.35239345868464e-14,-1.68368036526991,2.04814071055282e-16,0.999999988581213,0.999999999940206,"COL1A1","OE",FALSE,"Activated",2.59681332657232e-11
"MTUS2-AS1",1.35092653357952e-14,-1.68373706708013,2.04369993253525e-16,0.999999988593599,0.999999999940206,"COL1A1","OE",FALSE,"Activated",2.59681332657232e-11
"SGCG",1.34580836019989e-14,-1.68393531699182,2.02824358353707e-16,0.999999988636814,0.999999999940206,"COL1A1","OE",FALSE,"Activated",2.59681332657232e-11
"LOR",1.33886165459663e-14,-1.68420543143259,2.00735911281221e-16,0.999999988695468,0.999999999940206,"COL1A1","OE",FALSE,"Activated",2.59681332657232e-11
"GPR84",1.31771129049272e-14,-1.68503530702679,1.94443845408676e-16,0.999999988874049,0.999999999940206,"COL1A1","OE",FALSE,"Activated",2.59681332657232e-11
"AC005005.4",1.30312683439259e-14,-1.68561423851808,1.90163447902248e-16,0.999999988997191,0.999999999940206,"COL1A1","OE",FALSE,"Activated",2.59681332657232e-11
"CCL18",1.28785871945228e-14,-1.68622629402562,1.85733444300036e-16,0.999999989126105,0.999999999940206,"COL1A1","OE",FALSE,"Activated",2.59681332657232e-11
"MYL4",1.28717401418612e-14,-1.68625388747783,1.85536002051022e-16,0.999999989131887,0.999999999940206,"COL1A1","OE",FALSE,"Activated",2.59681332657232e-11
"PHF24",1.26981938143108e-14,-1.68695751411317,1.80566662173406e-16,0.999999989278419,0.999999999940206,"COL1A1","OE",FALSE,"Activated",2.59681332657232e-11
"MIR133A1HG",1.26913697158014e-14,-1.68698534994463,1.80372638738189e-16,0.99999998928418,0.999999999940206,"COL1A1","OE",FALSE,"Activated",2.59681332657232e-11
"LINC02099",1.24761401101289e-14,-1.68786994002962,1.74306729275298e-16,0.999999989465907,0.999999999940206,"COL1A1","OE",FALSE,"Activated",2.59681332657232e-11
"TBC1D30",1.24509925932488e-14,-1.68797414833408,1.736047551552e-16,0.99999998948714,0.999999999940206,"COL1A1","OE",FALSE,"Activated",2.59681332657232e-11
"UBE2L5",1.23443912711071e-14,-1.68841790631648,1.7064478662098e-16,0.999999989577148,0.999999999940206,"COL1A1","OE",FALSE,"Activated",2.59681332657232e-11
"ATP1B4",1.22332820255314e-14,-1.68888394253128,1.67586736262762e-16,0.999999989670962,0.999999999940206,"COL1A1","OE",FALSE,"Activated",2.59681332657232e-11
"TRAV6",1.21447990861718e-14,-1.68925767950043,1.65171204647481e-16,0.999999989745671,0.999999999940206,"COL1A1","OE",FALSE,"Activated",2.59681332657232e-11
"SPRR3",1.21326623344507e-14,-1.68930912512188,1.64841246081469e-16,0.999999989755919,0.999999999940206,"COL1A1","OE",FALSE,"Activated",2.59681332657232e-11
"NRXN1",1.2058229871323e-14,-1.68962560075207,1.62824886681037e-16,0.999999989818765,0.999999999940206,"COL1A1","OE",FALSE,"Activated",2.59681332657232e-11
"LUZP2",1.18170545996836e-14,-1.6906626848765,1.5637673866163e-16,0.999999990022399,0.999999999940206,"COL1A1","OE",FALSE,"Activated",2.59681332657232e-11
"OTOP3",1.17544907294961e-14,-1.69093468178944,1.54725289044165e-16,0.999999990075224,0.999999999940206,"COL1A1","OE",FALSE,"Activated",2.59681332657232e-11
"STAM-AS1",1.1692036981587e-14,-1.69120744143682,1.53085489699801e-16,0.999999990127956,0.999999999940206,"COL1A1","OE",FALSE,"Activated",2.59681332657232e-11
"FPR2",1.16825220587641e-14,-1.69124910643993,1.52836430628831e-16,0.99999999013599,0.999999999940206,"COL1A1","OE",FALSE,"Activated",2.59681332657232e-11
"MLIP",1.16226479136554e-14,-1.69151195998657,1.5127383981311e-16,0.999999990186544,0.999999999940206,"COL1A1","OE",FALSE,"Activated",2.59681332657232e-11
"TRGV10",1.16087733536487e-14,-1.69157303644577,1.50912888466138e-16,0.999999990198259,0.999999999940206,"COL1A1","OE",FALSE,"Activated",2.59681332657232e-11
"TCF15",1.15706413136179e-14,-1.69174121859946,1.4992309137716e-16,0.999999990230455,0.999999999940206,"COL1A1","OE",FALSE,"Activated",2.59681332657232e-11
"ATOH8",1.14977904865961e-14,-1.69206385495759,1.48041149416987e-16,0.999999990291966,0.999999999940206,"COL1A1","OE",FALSE,"Activated",2.59681332657232e-11
"FOXD3",1.14214386559349e-14,-1.69240388391526,1.4608152370942e-16,0.999999990356433,0.999999999940206,"COL1A1","OE",FALSE,"Activated",2.59681332657232e-11
"UNC5B-AS1",1.13589929976316e-14,-1.69268343511668,1.44488516048319e-16,0.999999990409158,0.999999999940206,"COL1A1","OE",FALSE,"Activated",2.59681332657232e-11
"IGHM",1.13175517857095e-14,-1.69286968413234,1.43436159284734e-16,0.999999990444149,0.999999999940206,"COL1A1","OE",FALSE,"Activated",2.59681332657232e-11
"LINC02757",1.12029961663206e-14,-1.69338759179046,1.40547149464101e-16,0.999999990540872,0.999999999940206,"COL1A1","OE",FALSE,"Activated",2.59681332657232e-11
"ADAMDEC1",1.11299889288428e-14,-1.69372003386976,1.38721294155065e-16,0.999999990602515,0.999999999940206,"COL1A1","OE",FALSE,"Activated",2.59681332657232e-11
"SOX10",1.10502689095925e-14,-1.69408518639014,1.36741191745027e-16,0.999999990669826,0.999999999940206,"COL1A1","OE",FALSE,"Activated",2.59681332657232e-11
"NMRK2",1.10501903987296e-14,-1.69408554711657,1.36739248691713e-16,0.999999990669892,0.999999999940206,"COL1A1","OE",FALSE,"Activated",2.59681332657232e-11
"CYP4F3",1.09703921442875e-14,-1.69445333049564,1.34771471772197e-16,0.999999990737269,0.999999999940206,"COL1A1","OE",FALSE,"Activated",2.59681332657232e-11
"LINC01268",1.09218283686779e-14,-1.69467828168624,1.33580899058604e-16,0.999999990778273,0.999999999940206,"COL1A1","OE",FALSE,"Activated",2.59681332657232e-11
"AC092645.2",1.06789622753221e-14,-1.69581630099573,1.27706138076336e-16,0.999999990983335,0.999999999940206,"COL1A1","OE",FALSE,"Activated",2.59681332657232e-11
"TNFRSF4",1.05969739886404e-14,-1.69620549596548,1.25752724693542e-16,0.999999991052561,0.999999999940206,"COL1A1","OE",FALSE,"Activated",2.59681332657232e-11
"CLEC9A",1.05264169444358e-14,-1.6965425008565,1.24083719520919e-16,0.999999991112135,0.999999999940206,"COL1A1","OE",FALSE,"Activated",2.59681332657232e-11
"RBFOX1",1.04846742198464e-14,-1.69674279200276,1.23101557657769e-16,0.99999999114738,0.999999999940206,"COL1A1","OE",FALSE,"Activated",2.59681332657232e-11
"KRT34",1.0453471581059e-14,-1.69689295667817,1.223699416314e-16,0.999999991173725,0.999999999940206,"COL1A1","OE",FALSE,"Activated",2.59681332657232e-11
"PLP1",1.02627040116659e-14,-1.69781949042691,1.17944386076686e-16,0.999999991334798,0.999999999940206,"COL1A1","OE",FALSE,"Activated",2.59681332657232e-11
"CYP2W1",1.02626242080995e-14,-1.69781988110347,1.17942551794797e-16,0.999999991334865,0.999999999940206,"COL1A1","OE",FALSE,"Activated",2.59681332657232e-11
"CDH19",1.02556868583299e-14,-1.69785385270705,1.17783151592524e-16,0.999999991340723,0.999999999940206,"COL1A1","OE",FALSE,"Activated",2.59681332657232e-11
"CADM2",1.01143072405201e-14,-1.69855050755201,1.14558139305676e-16,0.999999991460095,0.999999999940206,"COL1A1","OE",FALSE,"Activated",2.59681332657232e-11
"GAL",1.0068535725021e-14,-1.69877783923294,1.13523637387113e-16,0.999999991498742,0.999999999940206,"COL1A1","OE",FALSE,"Activated",2.59681332657232e-11
"AC011498.1",1.00614925462019e-14,-1.6988128989988,1.13364868000573e-16,0.999999991504689,0.999999999940206,"COL1A1","OE",FALSE,"Activated",2.59681332657232e-11
"SPNS2",1.00511756203486e-14,-1.69886429295599,1.13132501421253e-16,0.9999999915134,0.999999999940206,"COL1A1","OE",FALSE,"Activated",2.59681332657232e-11
"CNR1",1.00492592033589e-14,-1.69887384460618,1.13089364501365e-16,0.999999991515018,0.999999999940206,"COL1A1","OE",FALSE,"Activated",2.59681332657232e-11
"PROK2",1.00337741888654e-14,-1.69895108113668,1.1274111172002e-16,0.999999991528092,0.999999999940206,"COL1A1","OE",FALSE,"Activated",2.59681332657232e-11
"MCOLN3",9.94182585203168e-15,-1.69941182096294,1.10684286546469e-16,0.999999991605728,0.999999999940206,"COL1A1","OE",FALSE,"Activated",2.59681332657232e-11
"GRIK3",9.89491557030213e-15,-1.69964829147942,1.09642228190335e-16,0.999999991645336,0.999999999940206,"COL1A1","OE",FALSE,"Activated",2.59681332657232e-11
"LAIR2",9.78384054114924e-15,-1.70021206866637,1.07194474317848e-16,0.999999991739121,0.999999999940206,"COL1A1","OE",FALSE,"Activated",2.59681332657232e-11
"PLAC4",9.76308228786849e-15,-1.70031803858991,1.06740090483407e-16,0.999999991756648,0.999999999940206,"COL1A1","OE",FALSE,"Activated",2.59681332657232e-11
"ZG16B",9.57220415086208e-15,-1.70130163035769,1.0260713749876e-16,0.999999991917814,0.999999999940206,"COL1A1","OE",FALSE,"Activated",2.59681332657232e-11
"LRRTM1",9.5340498681847e-15,-1.70150025387841,1.01790794810057e-16,0.999999991950029,0.999999999940206,"COL1A1","OE",FALSE,"Activated",2.59681332657232e-11
"COL28A1",9.49067440730012e-15,-1.70172688775004,1.00866700830646e-16,0.999999991986653,0.999999999940206,"COL1A1","OE",FALSE,"Activated",2.59681332657232e-11
"MYL2",9.38159569197579e-15,-1.70230076833842,9.85614519224293e-17,0.999999992078752,0.999999999940206,"COL1A1","OE",FALSE,"Activated",2.59681332657232e-11
"TRPM1",9.38138489113757e-15,-1.70230188292494,9.85570226965408e-17,0.99999999207893,0.999999999940206,"COL1A1","OE",FALSE,"Activated",2.59681332657232e-11
"AL160272.1",9.29814248944632e-15,-1.70274370673115,9.68157605749915e-17,0.999999992149215,0.999999999940206,"COL1A1","OE",FALSE,"Activated",2.59681332657232e-11
"KLHL31",9.13861143810497e-15,-1.70360001460889,9.35220657788308e-17,0.999999992283913,0.999999999940206,"COL1A1","OE",FALSE,"Activated",2.59681332657232e-11
"TMEM38A",9.07967007860031e-15,-1.7039196380363,9.23195764678715e-17,0.99999999233368,0.999999999940206,"COL1A1","OE",FALSE,"Activated",2.59681332657232e-11
"MEOX1",9.07781589461194e-15,-1.70392972163191,9.22818746569664e-17,0.999999992335245,0.999999999940206,"COL1A1","OE",FALSE,"Activated",2.59681332657232e-11
"AC010624.5",8.99893202991754e-15,-1.7043603605547,9.06850319154912e-17,0.99999999240185,0.999999999940206,"COL1A1","OE",FALSE,"Activated",2.59681332657232e-11
"TCF23",8.99282017205006e-15,-1.70439386111433,9.05618915681829e-17,0.99999999240701,0.999999999940206,"COL1A1","OE",FALSE,"Activated",2.59681332657232e-11
"GATA2",8.80850258286523e-15,-1.70541344338156,8.68876075575558e-17,0.999999992562637,0.999999999940206,"COL1A1","OE",FALSE,"Activated",2.59681332657232e-11
"CASC19",8.7777045196852e-15,-1.70558558918935,8.62810817902196e-17,0.999999992588641,0.999999999940206,"COL1A1","OE",FALSE,"Activated",2.59681332657232e-11
"DIPK2B",8.68061355674524e-15,-1.70613169184687,8.43829127867711e-17,0.999999992670619,0.999999999940206,"COL1A1","OE",FALSE,"Activated",2.59681332657232e-11
"S100A7",8.65283811321265e-15,-1.70628888276618,8.38437750593324e-17,0.999999992694071,0.999999999940206,"COL1A1","OE",FALSE,"Activated",2.59681332657232e-11
"FABP7",8.59046875359926e-15,-1.70664343609356,8.26394450475129e-17,0.999999992746731,0.999999999940206,"COL1A1","OE",FALSE,"Activated",2.59681332657232e-11
"MIA",8.3631037106219e-15,-1.70795493059447,7.83228770423255e-17,0.999999992938705,0.999999999940206,"COL1A1","OE",FALSE,"Activated",2.59681332657232e-11
"RAPSN",8.31288310701987e-15,-1.70824873315375,7.7385040526703e-17,0.999999992981108,0.999999999940206,"COL1A1","OE",FALSE,"Activated",2.59681332657232e-11
"MUC5B",8.29719194213643e-15,-1.70834084242798,7.7093176582053e-17,0.999999992994356,0.999999999940206,"COL1A1","OE",FALSE,"Activated",2.59681332657232e-11
"MYOT",8.24347991386168e-15,-1.70865727473016,7.60982790225384e-17,0.999999993039708,0.999999999940206,"COL1A1","OE",FALSE,"Activated",2.59681332657232e-11
"LTF",8.24343486257194e-15,-1.70865754088114,7.60974472582145e-17,0.999999993039746,0.999999999940206,"COL1A1","OE",FALSE,"Activated",2.59681332657232e-11
"SCUBE1",8.17403507477539e-15,-1.70906902553069,7.4821543139676e-17,0.999999993098343,0.999999999940206,"COL1A1","OE",FALSE,"Activated",2.59681332657232e-11
"TRDC",8.11852534989516e-15,-1.7094003162487,7.38087702153668e-17,0.999999993145212,0.999999999940206,"COL1A1","OE",FALSE,"Activated",2.59681332657232e-11
"KANK4",8.0630847425095e-15,-1.70973313974135,7.28041466087069e-17,0.999999993192022,0.999999999940206,"COL1A1","OE",FALSE,"Activated",2.59681332657232e-11
"PCDH17",7.9373389266589e-15,-1.71049535992992,7.05510558182903e-17,0.999999993298194,0.999999999940206,"COL1A1","OE",FALSE,"Activated",2.59681332657232e-11
"ANGPTL7",7.91034262443012e-15,-1.71066035007867,7.00719585613248e-17,0.999999993320989,0.999999999940206,"COL1A1","OE",FALSE,"Activated",2.59681332657232e-11
"MGAT4C",7.74388516240064e-15,-1.71168847431997,6.7153936407439e-17,0.999999993461535,0.999999999940206,"COL1A1","OE",FALSE,"Activated",2.59681332657232e-11
"SLC6A17",7.57733119335674e-15,-1.71273634799238,6.42963333684622e-17,0.999999993602163,0.999999999940206,"COL1A1","OE",FALSE,"Activated",2.59681332657232e-11
"TCAP",7.56340066920536e-15,-1.71282488456875,6.4060139840619e-17,0.999999993613925,0.999999999940206,"COL1A1","OE",FALSE,"Activated",2.59681332657232e-11
"GCSAML",7.5530322891904e-15,-1.71289087250176,6.38846249791271e-17,0.99999999362268,0.999999999940206,"COL1A1","OE",FALSE,"Activated",2.59681332657232e-11
"NR5A2",7.5425793525645e-15,-1.71295747729087,6.37079224771481e-17,0.999999993631505,0.999999999940206,"COL1A1","OE",FALSE,"Activated",2.59681332657232e-11
"NRIP2",7.53563987469899e-15,-1.71300173851287,6.35907486769327e-17,0.999999993637365,0.999999999940206,"COL1A1","OE",FALSE,"Activated",2.59681332657232e-11
"CKMT2",7.50094738830299e-15,-1.71322353911217,6.30065798569874e-17,0.999999993666657,0.999999999940206,"COL1A1","OE",FALSE,"Activated",2.59681332657232e-11
"CCL27",7.26508641182015e-15,-1.7147552499096,5.91064989412192e-17,0.999999993865804,0.999999999940206,"COL1A1","OE",FALSE,"Activated",2.59681332657232e-11
"SLC26A7",7.25808666380253e-15,-1.7148013553597,5.89926582336848e-17,0.999999993871714,0.999999999940206,"COL1A1","OE",FALSE,"Activated",2.59681332657232e-11
"HSD17B2",7.23728121881131e-15,-1.71493862075026,5.86549357939219e-17,0.999999993889281,0.999999999940206,"COL1A1","OE",FALSE,"Activated",2.59681332657232e-11
"OPN4",7.13156107297617e-15,-1.71564139212721,5.69538226558196e-17,0.999999993978544,0.999999999940206,"COL1A1","OE",FALSE,"Activated",2.59681332657232e-11
"PMP2",7.08461702014755e-15,-1.71595632024769,5.62064845904468e-17,0.999999994018181,0.999999999940206,"COL1A1","OE",FALSE,"Activated",2.59681332657232e-11
"CDH5",7.01178264193039e-15,-1.71644849737552,5.50567481708215e-17,0.999999994079678,0.999999999940206,"COL1A1","OE",FALSE,"Activated",2.59681332657232e-11
"TMEM132D-AS1",6.93889404640478e-15,-1.71694545128873,5.39180502622707e-17,0.99999999414122,0.999999999940206,"COL1A1","OE",FALSE,"Activated",2.59681332657232e-11
"AC073263.2",6.9285836788203e-15,-1.71701610844214,5.37579377422205e-17,0.999999994149926,0.999999999940206,"COL1A1","OE",FALSE,"Activated",2.59681332657232e-11
"SOSTDC1",6.89038906010393e-15,-1.71727864537135,5.3166877692281e-17,0.999999994182175,0.999999999940206,"COL1A1","OE",FALSE,"Activated",2.59681332657232e-11
"TRIM54",6.88341718906108e-15,-1.71732670234412,5.30593409236612e-17,0.999999994188062,0.999999999940206,"COL1A1","OE",FALSE,"Activated",2.59681332657232e-11
"SOST",6.88338314289987e-15,-1.71732693712609,5.30588160499372e-17,0.999999994188091,0.999999999940206,"COL1A1","OE",FALSE,"Activated",2.59681332657232e-11
"PPP1R27",6.82787299762893e-15,-1.7177110660763,5.22064948811977e-17,0.99999999423496,0.999999999940206,"COL1A1","OE",FALSE,"Activated",2.59681332657232e-11
"AC019129.2",6.45326563052113e-15,-1.72037574765821,4.66350826791319e-17,0.999999994551256,0.999999999940206,"COL1A1","OE",FALSE,"Activated",2.59681332657232e-11
"C1QTNF12",6.44635172846924e-15,-1.72042616264184,4.65352083861831e-17,0.999999994557093,0.999999999940206,"COL1A1","OE",FALSE,"Activated",2.59681332657232e-11
"IGHV4-39",6.39766228671653e-15,-1.72078251711785,4.58349001515565e-17,0.999999994598204,0.999999999940206,"COL1A1","OE",FALSE,"Activated",2.59681332657232e-11
"ECSCR",6.39593166065287e-15,-1.72079522620644,4.5810105987543e-17,0.999999994599665,0.999999999940206,"COL1A1","OE",FALSE,"Activated",2.59681332657232e-11
"FDCSP",6.35603840945795e-15,-1.721089008646,4.5240426760596e-17,0.999999994633348,0.999999999940206,"COL1A1","OE",FALSE,"Activated",2.59681332657232e-11
"CRTAC1",6.2921582747816e-15,-1.72156274672657,4.43356361176981e-17,0.999999994687285,0.999999999940206,"COL1A1","OE",FALSE,"Activated",2.59681332657232e-11
"RBP4",6.13398244384842e-15,-1.72275378930046,4.21345853533458e-17,0.999999994820839,0.999999999940206,"COL1A1","OE",FALSE,"Activated",2.59681332657232e-11
"HPGD",6.08196537003637e-15,-1.72315123008372,4.14230004045956e-17,0.999999994864759,0.999999999940206,"COL1A1","OE",FALSE,"Activated",2.59681332657232e-11
"MYF6",6.0715378065668e-15,-1.72323125342359,4.12810822393425e-17,0.999999994873563,0.999999999940206,"COL1A1","OE",FALSE,"Activated",2.59681332657232e-11
"SORCS1",6.05084367012877e-15,-1.72339041441768,4.10001581887535e-17,0.999999994891036,0.999999999940206,"COL1A1","OE",FALSE,"Activated",2.59681332657232e-11
"RBM20",6.01255199583383e-15,-1.72368615558394,4.04828759156358e-17,0.999999994923367,0.999999999940206,"COL1A1","OE",FALSE,"Activated",2.59681332657232e-11
"DHRS2",5.99526407276079e-15,-1.72382020650307,4.02504093415373e-17,0.999999994937964,0.999999999940206,"COL1A1","OE",FALSE,"Activated",2.59681332657232e-11
"ADRB1",5.97622490186961e-15,-1.72396822087196,3.9995168675636e-17,0.99999999495404,0.999999999940206,"COL1A1","OE",FALSE,"Activated",2.59681332657232e-11
"GPAT3",5.90501017433869e-15,-1.7245254694065,3.90476559035416e-17,0.999999995014169,0.999999999940206,"COL1A1","OE",FALSE,"Activated",2.59681332657232e-11
"PCDH20",5.82867693890246e-15,-1.72512920835532,3.80446538065587e-17,0.99999999507862,0.999999999940206,"COL1A1","OE",FALSE,"Activated",2.59681332657232e-11
"SOHLH2",5.7940659315912e-15,-1.72540519325219,3.7594172746599e-17,0.999999995107844,0.999999999940206,"COL1A1","OE",FALSE,"Activated",2.59681332657232e-11
"AQP9",5.75933274345553e-15,-1.72568357785208,3.71447986075214e-17,0.99999999513717,0.999999999940206,"COL1A1","OE",FALSE,"Activated",2.59681332657232e-11
"PADI2",5.71428644537447e-15,-1.7260467746206,3.65660190214147e-17,0.999999995175205,0.999999999940206,"COL1A1","OE",FALSE,"Activated",2.59681332657232e-11
"AL353151.2",5.32907090327139e-15,-1.72925721919246,3.18021633676641e-17,0.999999995500457,0.999999999940206,"COL1A1","OE",FALSE,"Activated",2.59681332657232e-11
"PI3",5.27356163963868e-15,-1.7297361390589,3.11430913949287e-17,0.999999995547326,0.999999999940206,"COL1A1","OE",FALSE,"Activated",2.59681332657232e-11
"PAEP",5.26670558343962e-15,-1.72979559106999,3.10621669633732e-17,0.999999995553115,0.999999999940206,"COL1A1","OE",FALSE,"Activated",2.59681332657232e-11
"C4orf19",5.24598547579727e-15,-1.7299756690414,3.0818240130954e-17,0.999999995570609,0.999999999940206,"COL1A1","OE",FALSE,"Activated",2.59681332657232e-11
"NHLH2",5.14866563498295e-15,-1.73082972545512,2.96854095246032e-17,0.99999999565278,0.999999999940206,"COL1A1","OE",FALSE,"Activated",2.59681332657232e-11
"SMIM22",5.09575293111807e-15,-1.73129990310696,2.9078392409458e-17,0.999999995697457,0.999999999940206,"COL1A1","OE",FALSE,"Activated",2.59681332657232e-11
"TNNI1",5.09317852792312e-15,-1.73132288569488,2.90490186946757e-17,0.99999999569963,0.999999999940206,"COL1A1","OE",FALSE,"Activated",2.59681332657232e-11
"AL354743.1",5.07935743547407e-15,-1.73144644200606,2.88915749998828e-17,0.9999999957113,0.999999999940206,"COL1A1","OE",FALSE,"Activated",2.59681332657232e-11
"IGHV1-46",5.07235731046487e-15,-1.7315091310354,2.88119959281652e-17,0.99999999571721,0.999999999940206,"COL1A1","OE",FALSE,"Activated",2.59681332657232e-11
"ENTPD3",5.02036903944012e-15,-1.73197704422705,2.82244152047988e-17,0.999999995761106,0.999999999940206,"COL1A1","OE",FALSE,"Activated",2.59681332657232e-11
"MRLN",4.90580778284038e-15,-1.73302299029541,2.69509899954925e-17,0.999999995857835,0.999999999940206,"COL1A1","OE",FALSE,"Activated",2.59681332657232e-11
"CRCT1",4.89885992267121e-15,-1.73308709591094,2.68747052650724e-17,0.999999995863701,0.999999999940206,"COL1A1","OE",FALSE,"Activated",2.59681332657232e-11
"FA2H",4.84338327946588e-15,-1.733601777325,2.62694719735701e-17,0.999999995910542,0.999999999940206,"COL1A1","OE",FALSE,"Activated",2.59681332657232e-11
"PURPL",4.558885247883e-15,-1.73632349507139,2.32739977733654e-17,0.999999996150755,0.999999999940206,"COL1A1","OE",FALSE,"Activated",2.59681332657232e-11
"METTL7B",4.52417484128058e-15,-1.73666546491334,2.29209401808448e-17,0.999999996180062,0.999999999940206,"COL1A1","OE",FALSE,"Activated",2.59681332657232e-11
"ROPN1B",4.46170972345824e-15,-1.73728658691911,2.22923724729092e-17,0.999999996232804,0.999999999940206,"COL1A1","OE",FALSE,"Activated",2.59681332657232e-11
"SPRR2G",4.33692007636531e-15,-1.7385501046175,2.10628194302139e-17,0.999999996338169,0.999999999940206,"COL1A1","OE",FALSE,"Activated",2.59681332657232e-11
"FCN1",4.28825958493138e-15,-1.7390512659268,2.05928189432753e-17,0.999999996379255,0.999999999940206,"COL1A1","OE",FALSE,"Activated",2.59681332657232e-11
"GDF15",4.28824164870576e-15,-1.73905145155204,2.05926466791356e-17,0.99999999637927,0.999999999940206,"COL1A1","OE",FALSE,"Activated",2.59681332657232e-11
"EPHA7",4.2779086996819e-15,-1.73915849999432,2.04935261420556e-17,0.999999996387994,0.999999999940206,"COL1A1","OE",FALSE,"Activated",2.59681332657232e-11
"SMPD3",4.19115363879231e-15,-1.74006613143165,1.96707459730006e-17,0.999999996461245,0.999999999940206,"COL1A1","OE",FALSE,"Activated",2.59681332657232e-11
"GZMB",4.12173105761091e-15,-1.74080411376363,1.9024487603169e-17,0.999999996519861,0.999999999940206,"COL1A1","OE",FALSE,"Activated",2.59681332657232e-11
"AL132986.1",4.0627447467469e-15,-1.74143958261791,1.84838630429843e-17,0.999999996569666,0.999999999940206,"COL1A1","OE",FALSE,"Activated",2.59681332657232e-11
"PSG5",4.0106807632462e-15,-1.74200708661779,1.80131579435615e-17,0.999999996613625,0.999999999940206,"COL1A1","OE",FALSE,"Activated",2.59681332657232e-11
"TRDN",3.99681717912744e-15,-1.74215926656917,1.78888422306901e-17,0.999999996625331,0.999999999940206,"COL1A1","OE",FALSE,"Activated",2.59681332657232e-11
"TIMD4",3.93444241002553e-15,-1.74284960456412,1.73348485860527e-17,0.999999996677996,0.999999999940206,"COL1A1","OE",FALSE,"Activated",2.59681332657232e-11
"SBSN",3.8444152054265e-15,-1.74386273068445,1.65506189422856e-17,0.99999999675401,0.999999999940206,"COL1A1","OE",FALSE,"Activated",2.59681332657232e-11
"NPHS1",3.66374079307949e-15,-1.74595893587319,1.50315285905807e-17,0.99999999690656,0.999999999940206,"COL1A1","OE",FALSE,"Activated",2.59681332657232e-11
"BANCR",3.59220497888999e-15,-1.74681348106687,1.44502675435348e-17,0.999999996966961,0.999999999940206,"COL1A1","OE",FALSE,"Activated",2.59681332657232e-11
"PDZK1IP1",3.58747578645389e-15,-1.74687048751113,1.44122445953472e-17,0.999999996970954,0.999999999940206,"COL1A1","OE",FALSE,"Activated",2.59681332657232e-11
"TPSB2",3.56667465058361e-15,-1.74712199568597,1.42455971017929e-17,0.999999996988517,0.999999999940206,"COL1A1","OE",FALSE,"Activated",2.59681332657232e-11
"C10orf99",3.5457820495545e-15,-1.74737587960898,1.40791923155874e-17,0.999999997006158,0.999999999940206,"COL1A1","OE",FALSE,"Activated",2.59681332657232e-11
"CSRP3",3.47671995887793e-15,-1.74822434593045,1.35360854904631e-17,0.999999997064469,0.999999999940206,"COL1A1","OE",FALSE,"Activated",2.59681332657232e-11
"TCL1A",3.40704497467122e-15,-1.74909512200247,1.29989837277671e-17,0.999999997123299,0.999999999940206,"COL1A1","OE",FALSE,"Activated",2.59681332657232e-11
"TRGC2",3.40699875216548e-15,-1.74909570472789,1.29986310224e-17,0.999999997123338,0.999999999940206,"COL1A1","OE",FALSE,"Activated",2.59681332657232e-11
"PAX7",3.24740600945925e-15,-1.75114933489398,1.18093731928606e-17,0.999999997258088,0.999999999940206,"COL1A1","OE",FALSE,"Activated",2.59681332657232e-11
"ST8SIA6",3.24050811889896e-15,-1.75124003319002,1.1759257347571e-17,0.999999997263912,0.999999999940206,"COL1A1","OE",FALSE,"Activated",2.59681332657232e-11
"HES6",3.12256081051011e-15,-1.75281709741148,1.0918814221481e-17,0.9999999973635,0.999999999940206,"COL1A1","OE",FALSE,"Activated",2.59681332657232e-11
"CD300A",3.06359155664438e-15,-1.75362482172844,1.05103068361908e-17,0.99999999741329,0.999999999940206,"COL1A1","OE",FALSE,"Activated",2.59681332657232e-11
"FOXD3-AS1",3.04617713611932e-15,-1.7538659043325,1.03911586422935e-17,0.999999997427994,0.999999999940206,"COL1A1","OE",FALSE,"Activated",2.59681332657232e-11
"IL1RAPL1",2.99068359836744e-15,-1.75464211678829,1.0016006667849e-17,0.999999997474849,0.999999999940206,"COL1A1","OE",FALSE,"Activated",2.59681332657232e-11
"CDH15",2.98731274160764e-15,-1.75468966338169,9.99344092628588e-18,0.999999997477695,0.999999999940206,"COL1A1","OE",FALSE,"Activated",2.59681332657232e-11
"DEFB1",2.97679875773646e-15,-1.75483826142101,9.92321997193001e-18,0.999999997486572,0.999999999940206,"COL1A1","OE",FALSE,"Activated",2.59681332657232e-11
"MYBPC2",2.96298192287581e-15,-1.75503422600893,9.83131634657957e-18,0.999999997498239,0.999999999940206,"COL1A1","OE",FALSE,"Activated",2.59681332657232e-11
"IFNL1",2.88669755214997e-15,-1.7561304980724,9.3316025899279e-18,0.999999997562648,0.999999999940206,"COL1A1","OE",FALSE,"Activated",2.59681332657232e-11
"TTR",2.87964584530927e-15,-1.75623308768279,9.28606726727994e-18,0.999999997568602,0.999999999940206,"COL1A1","OE",FALSE,"Activated",2.59681332657232e-11
"AC083967.1",2.782496956259e-15,-1.75766882412855,8.67007916499638e-18,0.999999997650629,0.999999999940206,"COL1A1","OE",FALSE,"Activated",2.59681332657232e-11
"SCYGR4",2.73052051879227e-15,-1.75845471727401,8.34919406961203e-18,0.999999997694515,0.999999999940206,"COL1A1","OE",FALSE,"Activated",2.59681332657232e-11
"AF121898.1",2.72007630748414e-15,-1.75861418220306,8.28544506969673e-18,0.999999997703333,0.999999999940206,"COL1A1","OE",FALSE,"Activated",2.59681332657232e-11
"LILRA6",2.72005116410741e-15,-1.75861456673199,8.28529189524102e-18,0.999999997703354,0.999999999940206,"COL1A1","OE",FALSE,"Activated",2.59681332657232e-11
"ZNF683",2.71312317016602e-15,-1.7587206360017,8.24314022318108e-18,0.999999997709204,0.999999999940206,"COL1A1","OE",FALSE,"Activated",2.59681332657232e-11
"IGFL1",2.69234382450996e-15,-1.75904017235123,8.11735814831036e-18,0.999999997726749,0.999999999940206,"COL1A1","OE",FALSE,"Activated",2.59681332657232e-11
"ADGRL4",2.67847246970677e-15,-1.75925465999443,8.03392995375922e-18,0.999999997738461,0.999999999940206,"COL1A1","OE",FALSE,"Activated",2.59681332657232e-11
"KIR2DL4",2.52575940789447e-15,-1.76168125230383,7.14393715986707e-18,0.999999997867403,0.999999999940206,"COL1A1","OE",FALSE,"Activated",2.59681332657232e-11
"AC025211.1",2.49800385271703e-15,-1.76213574142806,6.98779048106933e-18,0.999999997890838,0.999999999940206,"COL1A1","OE",FALSE,"Activated",2.59681332657232e-11
"IGFL3",2.45640471587268e-15,-1.76282509446565,6.7569936696146e-18,0.999999997925962,0.999999999940206,"COL1A1","OE",FALSE,"Activated",2.59681332657232e-11
"GAPT",2.41476019846981e-15,-1.76352530472525,6.52982714510641e-18,0.999999997961124,0.999999999940206,"COL1A1","OE",FALSE,"Activated",2.59681332657232e-11
"FCRLA",2.40786594536343e-15,-1.76364222254025,6.49259444890692e-18,0.999999997966945,0.999999999940206,"COL1A1","OE",FALSE,"Activated",2.59681332657232e-11
"STATH",2.33843793302978e-15,-1.7648359245827,6.12357951762952e-18,0.999999998025565,0.999999999940206,"COL1A1","OE",FALSE,"Activated",2.59681332657232e-11
"GATM",2.31412615197133e-15,-1.76526111965083,5.99691271531741e-18,0.999999998046093,0.999999999940206,"COL1A1","OE",FALSE,"Activated",2.59681332657232e-11
"PICSAR",2.289869424779e-15,-1.76568918823546,5.87185204024333e-18,0.999999998066574,0.999999999940206,"COL1A1","OE",FALSE,"Activated",2.59681332657232e-11
"ABCB5",2.24127022017524e-15,-1.76655867535303,5.62525362832405e-18,0.999999998107608,0.999999999940206,"COL1A1","OE",FALSE,"Activated",2.59681332657232e-11
"IGLV3-19",2.15454160764998e-15,-1.768151340978,5.19832511703437e-18,0.999999998180836,0.999999999940206,"COL1A1","OE",FALSE,"Activated",2.59681332657232e-11
"XKR4",2.14499712946673e-15,-1.76832995693972,5.15237065114958e-18,0.999999998188895,0.999999999940206,"COL1A1","OE",FALSE,"Activated",2.59681332657232e-11
"ACOD1",2.11029343884024e-15,-1.76898520371965,4.98699995639291e-18,0.999999998218197,0.999999999940206,"COL1A1","OE",FALSE,"Activated",2.59681332657232e-11
"AC090004.2",2.08171730111323e-15,-1.76953173168498,4.85285338286022e-18,0.999999998242325,0.999999999940206,"COL1A1","OE",FALSE,"Activated",2.59681332657232e-11
"DCT",1.91535110609129e-15,-1.77284769540604,4.10818942886566e-18,0.999999998382794,0.999999999940206,"COL1A1","OE",FALSE,"Activated",2.59681332657232e-11
"MLANA",1.9014136844191e-15,-1.77313658070654,4.04861889338622e-18,0.999999998394562,0.999999999940206,"COL1A1","OE",FALSE,"Activated",2.59681332657232e-11
"HDC",1.83753484764478e-15,-1.77448432177106,3.7811580848444e-18,0.999999998448498,0.999999999940206,"COL1A1","OE",FALSE,"Activated",2.59681332657232e-11
"IGLON5",1.70523919832974e-15,-1.77740848328437,3.25629904250393e-18,0.9999999985602,0.999999999940206,"COL1A1","OE",FALSE,"Activated",2.59681332657232e-11
"AC244502.1",1.6586162982813e-15,-1.77848550221184,3.08067244709231e-18,0.999999998599565,0.999999999940206,"COL1A1","OE",FALSE,"Activated",2.59681332657232e-11
"PCAT19",1.63762365798736e-15,-1.77897894710875,3.00318353728424e-18,0.99999999861729,0.999999999940206,"COL1A1","OE",FALSE,"Activated",2.59681332657232e-11
"IGLC1",1.62370119827454e-15,-1.77930920437122,2.9523367289441e-18,0.999999998629046,0.999999999940206,"COL1A1","OE",FALSE,"Activated",2.59681332657232e-11
"BPIFB2",1.60290442909627e-15,-1.77980708180327,2.87719253579453e-18,0.999999998646605,0.999999999940206,"COL1A1","OE",FALSE,"Activated",2.59681332657232e-11
"NCR3",1.57175095822986e-15,-1.78056336877861,2.76643923068671e-18,0.999999998672909,0.999999999940206,"COL1A1","OE",FALSE,"Activated",2.59681332657232e-11
"TIMP4",1.56130062595151e-15,-1.78081994426466,2.72977426254655e-18,0.999999998681733,0.999999999940206,"COL1A1","OE",FALSE,"Activated",2.59681332657232e-11
"IL2RA",1.52671858207383e-15,-1.78167963595624,2.61018716714157e-18,0.999999998710932,0.999999999940206,"COL1A1","OE",FALSE,"Activated",2.59681332657232e-11
"FAM155B",1.48857035081589e-15,-1.78264757991625,2.48137496422587e-18,0.999999998743142,0.999999999940206,"COL1A1","OE",FALSE,"Activated",2.59681332657232e-11
"SMTNL2",1.48847747582449e-15,-1.78264996229792,2.48106533762479e-18,0.99999999874322,0.999999999940206,"COL1A1","OE",FALSE,"Activated",2.59681332657232e-11
"DSC1",1.45025759580495e-15,-1.78364135828845,2.35528770319606e-18,0.999999998775491,0.999999999940206,"COL1A1","OE",FALSE,"Activated",2.59681332657232e-11
"KIR3DL2",1.41556064477917e-15,-1.78456097597786,2.2439368310997e-18,0.999999998804787,0.999999999940206,"COL1A1","OE",FALSE,"Activated",2.59681332657232e-11
"LINC02392",1.39473763489449e-15,-1.78512220159308,2.17840540942154e-18,0.999999998822368,0.999999999940206,"COL1A1","OE",FALSE,"Activated",2.59681332657232e-11
"AC073210.3",1.37742970833588e-15,-1.78559418511342,2.12467524693392e-18,0.999999998836982,0.999999999940206,"COL1A1","OE",FALSE,"Activated",2.59681332657232e-11
"ZNF536",1.36697607748619e-15,-1.78588172356189,2.09254832240429e-18,0.999999998845809,0.999999999940206,"COL1A1","OE",FALSE,"Activated",2.59681332657232e-11
"CLDN6",1.31841378829095e-15,-1.78724273881763,1.94651224347252e-18,0.999999998886812,0.999999999940206,"COL1A1","OE",FALSE,"Activated",2.59681332657232e-11
"SLC8A3",1.23869336131722e-15,-1.78957321462778,1.7182299591694e-18,0.999999998954123,0.999999999940206,"COL1A1","OE",FALSE,"Activated",2.59681332657232e-11
"LRRC39",1.16757973175206e-15,-1.79176333175262,1.52660528604533e-18,0.999999999014167,0.999999999940206,"COL1A1","OE",FALSE,"Activated",2.59681332657232e-11
"EDN2",1.11742231483681e-15,-1.79337795242243,1.39826132966239e-18,0.999999999056517,0.999999999940206,"COL1A1","OE",FALSE,"Activated",2.59681332657232e-11
"CD300E",1.08942394224359e-15,-1.79430648514462,1.3290689074331e-18,0.999999999080157,0.999999999940206,"COL1A1","OE",FALSE,"Activated",2.59681332657232e-11
"TMEM182",1.06169144658328e-15,-1.79524660535079,1.2622643135845e-18,0.999999999103572,0.999999999940206,"COL1A1","OE",FALSE,"Activated",2.59681332657232e-11
"HBA1",8.53595234846754e-16,-1.80306413856853,8.15938885733405e-19,0.999999999279276,0.999999999940206,"COL1A1","OE",FALSE,"Activated",2.59681332657232e-11
"ATP10B",7.98088485619918e-16,-1.80542504775049,7.13272954967129e-19,0.999999999326143,0.999999999940206,"COL1A1","OE",FALSE,"Activated",2.59681332657232e-11
"ENO3",7.54840994795996e-16,-1.80736424876851,6.38064560620013e-19,0.999999999362658,0.999999999940206,"COL1A1","OE",FALSE,"Activated",2.59681332657232e-11
"GPR78",6.9581258645005e-16,-1.81017101954821,5.42173426626571e-19,0.999999999412498,0.999999999940206,"COL1A1","OE",FALSE,"Activated",2.59681332657232e-11
"UTS2",6.66391450392794e-16,-1.81164708631379,4.97293176521154e-19,0.99999999943734,0.999999999940206,"COL1A1","OE",FALSE,"Activated",2.59681332657232e-11
"GABRB3",6.45599948827481e-16,-1.81272429597153,4.66746039681512e-19,0.999999999454895,0.999999999940206,"COL1A1","OE",FALSE,"Activated",2.59681332657232e-11
"ODAPH",5.83389537725385e-16,-1.81613538310625,3.81128073709371e-19,0.999999999507421,0.999999999940206,"COL1A1","OE",FALSE,"Activated",2.59681332657232e-11
"PIP5K1B",5.68998125885721e-16,-1.8169687418267,3.62556202249404e-19,0.999999999519573,0.999999999940206,"COL1A1","OE",FALSE,"Activated",2.59681332657232e-11
"TM4SF18",5.41402857645375e-16,-1.81861859039116,3.28242456826982e-19,0.999999999542872,0.999999999940206,"COL1A1","OE",FALSE,"Activated",2.59681332657232e-11
"IL22",4.16362345828433e-16,-1.82714294851587,1.9413174599661e-19,0.999999999648449,0.999999999940206,"COL1A1","OE",FALSE,"Activated",2.59681332657232e-11
"TMIGD2",3.33124450019005e-16,-1.83413717233866,1.2427011087246e-19,0.99999999971873,0.999999999940206,"COL1A1","OE",FALSE,"Activated",2.59681332657232e-11
"LINC00370",3.2655796152418e-16,-1.83475076904983,1.19419217150039e-19,0.999999999724274,0.999999999940206,"COL1A1","OE",FALSE,"Activated",2.59681332657232e-11
"SMIM5",3.03709123056595e-16,-1.83697176942835,1.03292631728483e-19,0.999999999743567,0.999999999940206,"COL1A1","OE",FALSE,"Activated",2.59681332657232e-11
"PRR9",2.85002095797472e-16,-1.83889958664843,9.09598581490271e-20,0.999999999759362,0.999999999940206,"COL1A1","OE",FALSE,"Activated",2.59681332657232e-11
"MYBPH",2.44624838065679e-16,-1.84346160295859,6.70123378606981e-20,0.999999999793454,0.999999999940206,"COL1A1","OE",FALSE,"Activated",2.59681332657232e-11
"GABRA2",2.32252957667774e-16,-1.84498898545421,6.0405456909024e-20,0.9999999998039,0.999999999940206,"COL1A1","OE",FALSE,"Activated",2.59681332657232e-11
"COLEC10",7.08173549897271e-17,-1.87703394160615,5.6160772242672e-21,0.999999999940206,0.999999999940206,"COL1A1","OE",FALSE,"Activated",2.59681332657232e-11
