"gene","distance","Z","FC","p.value","p.adj","target_gene","perturbation","significant","direction","minus_log10_fdr"
"AC114977.1",1.59289496677077e-07,2.93875595816184,326.927133203717,4.48818970874393e-73,5.38582765049272e-70,"MYH11","OE",TRUE,"Activated",69.2687475483693
"TNIP3",1.58467410518559e-07,2.93659360985766,323.561327655306,2.42761695370058e-72,1.94209356296046e-69,"MYH11","OE",TRUE,"Activated",68.7117298512052
"S100A7A",1.16560017261193e-08,1.94511597693527,1.75055553261087,0.185806909422529,0.999999999846669,"MYH11","OE",FALSE,"Activated",6.65908135295959e-11
"GABRA4",8.73936895476548e-09,1.84699146552557,0.984094569808327,0.321190009228131,0.999999999846669,"MYH11","OE",FALSE,"Activated",6.65908135295959e-11
"AVPR1A",6.18274850589223e-09,1.73180924055716,0.492538120228094,0.482797286505583,0.999999999846669,"MYH11","OE",FALSE,"Activated",6.65908135295959e-11
"RGS5",6.00042607399497e-09,1.72198503754608,0.46391761745019,0.495798738418395,0.999999999846669,"MYH11","OE",FALSE,"Activated",6.65908135295959e-11
"PXDNL",5.93773775436782e-09,1.71854321968892,0.454274868737315,0.500311847223422,0.999999999846669,"MYH11","OE",FALSE,"Activated",6.65908135295959e-11
"ACTC1",5.77895533352001e-09,1.70967260130325,0.430303978722141,0.511839828215309,0.999999999846669,"MYH11","OE",FALSE,"Activated",6.65908135295959e-11
"WNT6",5.76553355886513e-09,1.70891246423836,0.42830751538441,0.512820595320157,0.999999999846669,"MYH11","OE",FALSE,"Activated",6.65908135295959e-11
"GPR4",5.75057969551905e-09,1.70806362581262,0.426088624116452,0.513914468707404,0.999999999846669,"MYH11","OE",FALSE,"Activated",6.65908135295959e-11
"HIGD1B",5.70140114447681e-09,1.70525757728863,0.418832026733168,0.517520416257265,0.999999999846669,"MYH11","OE",FALSE,"Activated",6.65908135295959e-11
"CDH6",5.46954613735316e-09,1.69171876812814,0.385459955045394,0.53469554880595,0.999999999846669,"MYH11","OE",FALSE,"Activated",6.65908135295959e-11
"PARM1",5.25687585509094e-09,1.6788245578628,0.356067330140467,0.550698493679496,0.999999999846669,"MYH11","OE",FALSE,"Activated",6.65908135295959e-11
"ADAP2",5.24176960875893e-09,1.67789038953146,0.354023868364111,0.551844106644421,0.999999999846669,"MYH11","OE",FALSE,"Activated",6.65908135295959e-11
"LINC02515",5.04575694162636e-09,1.665537512657,0.328041915328132,0.566814360380402,0.999999999846669,"MYH11","OE",FALSE,"Activated",6.65908135295959e-11
"ACAN",5.01230870878284e-09,1.66338531304126,0.323707162585704,0.569388247117876,0.999999999846669,"MYH11","OE",FALSE,"Activated",6.65908135295959e-11
"COL5A2",4.84733071843319e-09,1.65257140841683,0.302748492178206,0.582164471614286,0.999999999846669,"MYH11","OE",FALSE,"Activated",6.65908135295959e-11
"PRRX1",4.75233524606907e-09,1.64618904958313,0.290998550412744,0.589581345215828,0.999999999846669,"MYH11","OE",FALSE,"Activated",6.65908135295959e-11
"BGN",4.59196543385493e-09,1.63514144109483,0.271690158223322,0.602200246835022,0.999999999846669,"MYH11","OE",FALSE,"Activated",6.65908135295959e-11
"PI15",4.52217731119948e-09,1.63022189087518,0.263494685142966,0.607729360769221,0.999999999846669,"MYH11","OE",FALSE,"Activated",6.65908135295959e-11
"CCDC102B",4.51002822303218e-09,1.6293582926788,0.262080799834705,0.608694207951835,0.999999999846669,"MYH11","OE",FALSE,"Activated",6.65908135295959e-11
"COL6A1",4.49024966973165e-09,1.62794774773192,0.259787149941342,0.610266423330827,0.999999999846669,"MYH11","OE",FALSE,"Activated",6.65908135295959e-11
"FARP1",4.47634264735528e-09,1.62695249331526,0.258180437103176,0.611372983525553,0.999999999846669,"MYH11","OE",FALSE,"Activated",6.65908135295959e-11
"COL6A2",4.44809606902682e-09,1.62492218633163,0.254932381580053,0.613623251061061,0.999999999846669,"MYH11","OE",FALSE,"Activated",6.65908135295959e-11
"LAMA4",4.41596409818149e-09,1.62259804005043,0.251262544827176,0.616187480579956,0.999999999846669,"MYH11","OE",FALSE,"Activated",6.65908135295959e-11
"COL5A1",4.3709857196931e-09,1.61931825753157,0.246170190350928,0.619784768397725,0.999999999846669,"MYH11","OE",FALSE,"Activated",6.65908135295959e-11
"PPP1R14A",4.35012829512315e-09,1.61778673449929,0.243826450890372,0.621456007562511,0.999999999846669,"MYH11","OE",FALSE,"Activated",6.65908135295959e-11
"ANXA6",4.31561529715758e-09,1.61523751003973,0.239972863548363,0.624225714825869,0.999999999846669,"MYH11","OE",FALSE,"Activated",6.65908135295959e-11
"SPARC",4.2527082401494e-09,1.6105420738281,0.233027868967857,0.629287741555867,0.999999999846669,"MYH11","OE",FALSE,"Activated",6.65908135295959e-11
"FKBP10",4.23310242481935e-09,1.60906552967714,0.23088421376949,0.630868971018595,0.999999999846669,"MYH11","OE",FALSE,"Activated",6.65908135295959e-11
"ADAMTS2",4.22304976431727e-09,1.60830599089643,0.22978892031424,0.631680385067698,0.999999999846669,"MYH11","OE",FALSE,"Activated",6.65908135295959e-11
"S100A4",4.21105575337616e-09,1.60739757811796,0.228485512990305,0.632649078612401,0.999999999846669,"MYH11","OE",FALSE,"Activated",6.65908135295959e-11
"COL3A1",4.17300440066497e-09,1.60449967086707,0.224374951282321,0.635726454569622,0.999999999846669,"MYH11","OE",FALSE,"Activated",6.65908135295959e-11
"NID1",4.17191713778058e-09,1.60441650829987,0.224258046169118,0.635814479007285,0.999999999846669,"MYH11","OE",FALSE,"Activated",6.65908135295959e-11
"TUBA1A",4.15204312109094e-09,1.60289283779785,0.222126511825264,0.637424378160477,0.999999999846669,"MYH11","OE",FALSE,"Activated",6.65908135295959e-11
"PDGFRB",4.13022415222116e-09,1.60121225849191,0.219798098102397,0.639193800552272,0.999999999846669,"MYH11","OE",FALSE,"Activated",6.65908135295959e-11
"SDC2",4.09926261897028e-09,1.59881332060542,0.216515090435267,0.641708170962465,0.999999999846669,"MYH11","OE",FALSE,"Activated",6.65908135295959e-11
"NMNAT2",4.09523470523556e-09,1.59850000049319,0.216089806317062,0.642035578816931,0.999999999846669,"MYH11","OE",FALSE,"Activated",6.65908135295959e-11
"AEBP1",4.08255853897342e-09,1.59751209166566,0.214754131495423,0.643066411378006,0.999999999846669,"MYH11","OE",FALSE,"Activated",6.65908135295959e-11
"RCN3",4.07067262578728e-09,1.59658318718103,0.213505486456588,0.644033604800029,0.999999999846669,"MYH11","OE",FALSE,"Activated",6.65908135295959e-11
"COL1A2",4.05747776880954e-09,1.59554904043241,0.212123597633788,0.645108017395413,0.999999999846669,"MYH11","OE",FALSE,"Activated",6.65908135295959e-11
"COL1A1",4.05734381590924e-09,1.59553852591793,0.212109591838213,0.645118928532004,0.999999999846669,"MYH11","OE",FALSE,"Activated",6.65908135295959e-11
"NDUFA4L2",4.05446840088589e-09,1.59531274522038,0.211809056799868,0.645353163949941,0.999999999846669,"MYH11","OE",FALSE,"Activated",6.65908135295959e-11
"TRPC6",4.02610739311021e-09,1.59307783043349,0.208856211781614,0.647665374225315,0.999999999846669,"MYH11","OE",FALSE,"Activated",6.65908135295959e-11
"ADAMTS9",3.99997894249001e-09,1.59100590767311,0.206154156868957,0.649798582379816,0.999999999846669,"MYH11","OE",FALSE,"Activated",6.65908135295959e-11
"THY1",3.97609531779939e-09,1.58910100195613,0.203699639480993,0.651751031051023,0.999999999846669,"MYH11","OE",FALSE,"Activated",6.65908135295959e-11
"ADAM12",3.95342795929404e-09,1.58728327828001,0.20138371348322,0.653606263004254,0.999999999846669,"MYH11","OE",FALSE,"Activated",6.65908135295959e-11
"OLFML2B",3.94725291780904e-09,1.58678642153965,0.200755103771988,0.654112037163065,0.999999999846669,"MYH11","OE",FALSE,"Activated",6.65908135295959e-11
"CRISPLD2",3.94308942647131e-09,1.58645101194769,0.200331821384294,0.654453142582393,0.999999999846669,"MYH11","OE",FALSE,"Activated",6.65908135295959e-11
"TMEM47",3.93395678385314e-09,1.58571413900302,0.19940491357215,0.655201611975928,0.999999999846669,"MYH11","OE",FALSE,"Activated",6.65908135295959e-11
"FSTL1",3.93135055264907e-09,1.58550356311182,0.199140791118106,0.655415270290529,0.999999999846669,"MYH11","OE",FALSE,"Activated",6.65908135295959e-11
"RHOBTB3",3.90528093762111e-09,1.58339007158969,0.196508458718956,0.657554001955024,0.999999999846669,"MYH11","OE",FALSE,"Activated",6.65908135295959e-11
"RAMP1",3.84585470729754e-09,1.57852307070389,0.190573465799192,0.66243975494662,0.999999999846669,"MYH11","OE",FALSE,"Activated",6.65908135295959e-11
"EGFLAM",3.82772624109686e-09,1.57702448634507,0.188781062121811,0.663933071017823,0.999999999846669,"MYH11","OE",FALSE,"Activated",6.65908135295959e-11
"COL6A3",3.82227277476164e-09,1.5765723912443,0.188243522226928,0.664382556979254,0.999999999846669,"MYH11","OE",FALSE,"Activated",6.65908135295959e-11
"PRRX2",3.81509927202542e-09,1.57597679387669,0.18753760805341,0.664973995737441,0.999999999846669,"MYH11","OE",FALSE,"Activated",6.65908135295959e-11
"WFDC1",3.80678542663633e-09,1.57528521812764,0.186721136600627,0.66565971406415,0.999999999846669,"MYH11","OE",FALSE,"Activated",6.65908135295959e-11
"ADGRA2",3.77203037395237e-09,1.57237894083365,0.183327260455528,0.668529301597581,0.999999999846669,"MYH11","OE",FALSE,"Activated",6.65908135295959e-11
"COL5A3",3.74580036102742e-09,1.57016907780589,0.180786476524462,0.670698224489456,0.999999999846669,"MYH11","OE",FALSE,"Activated",6.65908135295959e-11
"KLF9",3.73823718632551e-09,1.56952922335171,0.180057158786671,0.671324123789763,0.999999999846669,"MYH11","OE",FALSE,"Activated",6.65908135295959e-11
"FERMT2",3.7337275723221e-09,1.56914713345239,0.179622997724057,0.671697430682256,0.999999999846669,"MYH11","OE",FALSE,"Activated",6.65908135295959e-11
"GJC1",3.71916040098645e-09,1.56790996213107,0.178224130457509,0.672903857499587,0.999999999846669,"MYH11","OE",FALSE,"Activated",6.65908135295959e-11
"GJA4",3.69786909615004e-09,1.56609362317847,0.176189390234429,0.674668679680905,0.999999999846669,"MYH11","OE",FALSE,"Activated",6.65908135295959e-11
"COX4I2",3.67960255306989e-09,1.56452758936492,0.17445302692262,0.676184209279217,0.999999999846669,"MYH11","OE",FALSE,"Activated",6.65908135295959e-11
"GGT5",3.67712828017504e-09,1.56431491080835,0.174218491119079,0.676389594635721,0.999999999846669,"MYH11","OE",FALSE,"Activated",6.65908135295959e-11
"MAP1B",3.64657283151998e-09,1.56167750779129,0.17133515041353,0.678927933110533,0.999999999846669,"MYH11","OE",FALSE,"Activated",6.65908135295959e-11
"LYPD1",3.64404921753833e-09,1.56145876743115,0.171098087184405,0.679137741145536,0.999999999846669,"MYH11","OE",FALSE,"Activated",6.65908135295959e-11
"COX7A1",3.63580061203117e-09,1.56074281976403,0.170324374635629,0.679823686469724,0.999999999846669,"MYH11","OE",FALSE,"Activated",6.65908135295959e-11
"F2R",3.62859599901569e-09,1.56011625513174,0.16965002226014,0.680423031402716,0.999999999846669,"MYH11","OE",FALSE,"Activated",6.65908135295959e-11
"TWIST1",3.62714265284073e-09,1.55998972215644,0.169514151066907,0.680543958379467,0.999999999846669,"MYH11","OE",FALSE,"Activated",6.65908135295959e-11
"CREB3L1",3.60302622438413e-09,1.55788318710246,0.167267487106916,0.68255178444481,0.999999999846669,"MYH11","OE",FALSE,"Activated",6.65908135295959e-11
"EFEMP2",3.59278285683062e-09,1.55698449102656,0.166317759472875,0.683405282736201,0.999999999846669,"MYH11","OE",FALSE,"Activated",6.65908135295959e-11
"GUCY1A1",3.52848622048559e-09,1.5512886762305,0.160418162614321,0.688771816194795,0.999999999846669,"MYH11","OE",FALSE,"Activated",6.65908135295959e-11
"PALM2-AKAP2",3.50344614147368e-09,1.54904442744281,0.158149410401932,0.690866055857516,0.999999999846669,"MYH11","OE",FALSE,"Activated",6.65908135295959e-11
"MAP1LC3A",3.48654058591427e-09,1.54752083175625,0.156626822114348,0.692281300763964,0.999999999846669,"MYH11","OE",FALSE,"Activated",6.65908135295959e-11
"TIMP2",3.48402480636192e-09,1.54729351525124,0.156400869549783,0.69249200071804,0.999999999846669,"MYH11","OE",FALSE,"Activated",6.65908135295959e-11
"MYL9",3.45806871833734e-09,1.54493930477148,0.154079168034776,0.694667245019961,0.999999999846669,"MYH11","OE",FALSE,"Activated",6.65908135295959e-11
"TPM2",3.45172946374492e-09,1.54436185044635,0.153514776822485,0.695198887934845,0.999999999846669,"MYH11","OE",FALSE,"Activated",6.65908135295959e-11
"FMOD",3.44609373857915e-09,1.54384765676929,0.153013891217083,0.695671655092529,0.999999999846669,"MYH11","OE",FALSE,"Activated",6.65908135295959e-11
"PCOLCE",3.4087844940441e-09,1.54042385571906,0.149718606941494,0.698804412710082,0.999999999846669,"MYH11","OE",FALSE,"Activated",6.65908135295959e-11
"DLC1",3.39467632525974e-09,1.53912012743192,0.148481870320034,0.699990379275495,0.999999999846669,"MYH11","OE",FALSE,"Activated",6.65908135295959e-11
"PXDN",3.39364636037644e-09,1.5390247525404,0.148391783432518,0.700076989302773,0.999999999846669,"MYH11","OE",FALSE,"Activated",6.65908135295959e-11
"CD248",3.38887504572009e-09,1.53858257817655,0.147974812368881,0.700478261324308,0.999999999846669,"MYH11","OE",FALSE,"Activated",6.65908135295959e-11
"PRKG1",3.36835676561407e-09,1.53667448419019,0.146188380496761,0.702204819462187,0.999999999846669,"MYH11","OE",FALSE,"Activated",6.65908135295959e-11
"DDR2",3.35114058463107e-09,1.53506514656225,0.14469781764739,0.703654701951112,0.999999999846669,"MYH11","OE",FALSE,"Activated",6.65908135295959e-11
"GPM6B",3.32926927900436e-09,1.53300957978276,0.142815233036613,0.705498175965836,0.999999999846669,"MYH11","OE",FALSE,"Activated",6.65908135295959e-11
"IGFBP7",3.30661176860284e-09,1.53086689365919,0.140877975020224,0.70740974175873,0.999999999846669,"MYH11","OE",FALSE,"Activated",6.65908135295959e-11
"ZNF469",3.28820281184949e-09,1.52911595332748,0.139313716773852,0.708964226003806,0.999999999846669,"MYH11","OE",FALSE,"Activated",6.65908135295959e-11
"WIPI1",3.23411325266753e-09,1.5239182843091,0.134768108899494,0.713538637698355,0.999999999846669,"MYH11","OE",FALSE,"Activated",6.65908135295959e-11
"VAMP5",3.23229029236458e-09,1.52374171078134,0.134616223264358,0.713692988036589,0.999999999846669,"MYH11","OE",FALSE,"Activated",6.65908135295959e-11
"C11orf96",3.22194806280965e-09,1.52273820448308,0.133756149185087,0.714568887924575,0.999999999846669,"MYH11","OE",FALSE,"Activated",6.65908135295959e-11
"LINC00632",3.20577317185601e-09,1.52116275928319,0.132416549363049,0.715939518963897,0.999999999846669,"MYH11","OE",FALSE,"Activated",6.65908135295959e-11
"EBF2",3.19987826695901e-09,1.52058676109339,0.131930011333207,0.716439270527615,0.999999999846669,"MYH11","OE",FALSE,"Activated",6.65908135295959e-11
"NID2",3.19872801143718e-09,1.52047425370302,0.131835179007651,0.716536799756475,0.999999999846669,"MYH11","OE",FALSE,"Activated",6.65908135295959e-11
"RGS16",3.19795379882639e-09,1.52039850626892,0.131771368577027,0.716602447216697,0.999999999846669,"MYH11","OE",FALSE,"Activated",6.65908135295959e-11
"TPM1",3.17700126650489e-09,1.51834207706177,0.130050331076689,0.718379859643167,0.999999999846669,"MYH11","OE",FALSE,"Activated",6.65908135295959e-11
"FILIP1L",3.17259923748483e-09,1.51790843506314,0.129690187238021,0.718753479841842,0.999999999846669,"MYH11","OE",FALSE,"Activated",6.65908135295959e-11
"EMILIN1",3.17135111278233e-09,1.51778538145707,0.129588165095357,0.718859426093139,0.999999999846669,"MYH11","OE",FALSE,"Activated",6.65908135295959e-11
"HES5",3.16691474114451e-09,1.51734763279236,0.129225859486197,0.719236048330344,0.999999999846669,"MYH11","OE",FALSE,"Activated",6.65908135295959e-11
"ADAMTS12",3.15029308420442e-09,1.5157024646798,0.127872926874234,0.720647736288575,0.999999999846669,"MYH11","OE",FALSE,"Activated",6.65908135295959e-11
"PKIG",3.14583259692476e-09,1.51525960954754,0.127511073705484,0.721026730654719,0.999999999846669,"MYH11","OE",FALSE,"Activated",6.65908135295959e-11
"MYADM",3.13882002197891e-09,1.51456219592678,0.126943221287708,0.721622706860098,0.999999999846669,"MYH11","OE",FALSE,"Activated",6.65908135295959e-11
"COL4A2",3.13064477512037e-09,1.51374732876816,0.126282819819956,0.722317708205129,0.999999999846669,"MYH11","OE",FALSE,"Activated",6.65908135295959e-11
"TNFAIP6",3.12452350189457e-09,1.51313590032658,0.125789467188836,0.72283824542378,0.999999999846669,"MYH11","OE",FALSE,"Activated",6.65908135295959e-11
"WNT5A",3.12243849167606e-09,1.51292738410236,0.125621643316498,0.723015578594782,0.999999999846669,"MYH11","OE",FALSE,"Activated",6.65908135295959e-11
"CERCAM",3.12093036835528e-09,1.51277648040728,0.125500323279006,0.723143855962736,0.999999999846669,"MYH11","OE",FALSE,"Activated",6.65908135295959e-11
"TNS1",3.11711538960954e-09,1.51239444978143,0.125193691357111,0.723468383667141,0.999999999846669,"MYH11","OE",FALSE,"Activated",6.65908135295959e-11
"SOX4",3.09581341676999e-09,1.51025328672764,0.123488422385328,0.725281385063283,0.999999999846669,"MYH11","OE",FALSE,"Activated",6.65908135295959e-11
"ANKRD28",3.08838792329442e-09,1.50950370745779,0.122896744104509,0.72591372822033,0.999999999846669,"MYH11","OE",FALSE,"Activated",6.65908135295959e-11
"ZEB2",3.08755996469444e-09,1.50942002436567,0.122830858743407,0.725984247438861,0.999999999846669,"MYH11","OE",FALSE,"Activated",6.65908135295959e-11
"ANTXR1",3.07922013771921e-09,1.50857594410798,0.122168196556849,0.726694699936,0.999999999846669,"MYH11","OE",FALSE,"Activated",6.65908135295959e-11
"CHN1",3.06370287433831e-09,1.5069997811536,0.120940002786237,0.728017208576027,0.999999999846669,"MYH11","OE",FALSE,"Activated",6.65908135295959e-11
"CLEC11A",3.05701125805981e-09,1.5063177993248,0.120412275182299,0.728587773362876,0.999999999846669,"MYH11","OE",FALSE,"Activated",6.65908135295959e-11
"MAP1A",3.04748989023551e-09,1.50534503448193,0.119663371081111,0.729399877850206,0.999999999846669,"MYH11","OE",FALSE,"Activated",6.65908135295959e-11
"TFPI",3.04492504879951e-09,1.50508251248277,0.1194620326492,0.729618692410984,0.999999999846669,"MYH11","OE",FALSE,"Activated",6.65908135295959e-11
"TMEM45A",3.01002422813942e-09,1.50148977397001,0.116739188180951,0.732598371022455,0.999999999846669,"MYH11","OE",FALSE,"Activated",6.65908135295959e-11
"TAGLN",2.96434748859761e-09,1.49672902141617,0.113223065477428,0.736504141288486,0.999999999846669,"MYH11","OE",FALSE,"Activated",6.65908135295959e-11
"ADGRF5",2.95313154075293e-09,1.49554963231569,0.11236790150724,0.737464251789329,0.999999999846669,"MYH11","OE",FALSE,"Activated",6.65908135295959e-11
"PDGFA",2.91853571948877e-09,1.49188547543177,0.109750551712577,0.740428307988941,0.999999999846669,"MYH11","OE",FALSE,"Activated",6.65908135295959e-11
"GLIS3",2.9029665723439e-09,1.49022335680035,0.108582729901464,0.741763482743581,0.999999999846669,"MYH11","OE",FALSE,"Activated",6.65908135295959e-11
"EBF1",2.9029054468549e-09,1.49021681496299,0.10857815726694,0.741768726262114,0.999999999846669,"MYH11","OE",FALSE,"Activated",6.65908135295959e-11
"LUM",2.90088266092961e-09,1.49000025822763,0.108426892369377,0.741942253360894,0.999999999846669,"MYH11","OE",FALSE,"Activated",6.65908135295959e-11
"TMEM204",2.8993082737324e-09,1.48983160967089,0.108309231913731,0.742077323121325,0.999999999846669,"MYH11","OE",FALSE,"Activated",6.65908135295959e-11
"NTM",2.88705501711833e-09,1.48851613349778,0.107395678569102,0.743128825220739,0.999999999846669,"MYH11","OE",FALSE,"Activated",6.65908135295959e-11
"MMP14",2.88678934210041e-09,1.48848755413472,0.107375913766668,0.743151629197714,0.999999999846669,"MYH11","OE",FALSE,"Activated",6.65908135295959e-11
"NREP",2.88639996068018e-09,1.48844566294671,0.107346949155062,0.74318505180999,0.999999999846669,"MYH11","OE",FALSE,"Activated",6.65908135295959e-11
"PCK1",2.86203765592503e-09,1.48581420825594,0.105542499039081,0.745277153978133,0.999999999846669,"MYH11","OE",FALSE,"Activated",6.65908135295959e-11
"SPON2",2.85837199177401e-09,1.4854164736426,0.105272316991328,0.745592104371896,0.999999999846669,"MYH11","OE",FALSE,"Activated",6.65908135295959e-11
"SULF1",2.85437719225755e-09,1.48498248878314,0.104978269937891,0.745935382184078,0.999999999846669,"MYH11","OE",FALSE,"Activated",6.65908135295959e-11
"CYGB",2.83878059823142e-09,1.48328271281204,0.103834181294169,0.747276098108882,0.999999999846669,"MYH11","OE",FALSE,"Activated",6.65908135295959e-11
"FYN",2.83521891842294e-09,1.48289333485561,0.103573793360684,0.747582375014259,0.999999999846669,"MYH11","OE",FALSE,"Activated",6.65908135295959e-11
"SGIP1",2.81872813814949e-09,1.48108456878219,0.102372443150308,0.749000973247115,0.999999999846669,"MYH11","OE",FALSE,"Activated",6.65908135295959e-11
"CTSK",2.79528908900042e-09,1.47849675908029,0.100676971950958,0.751018748788304,0.999999999846669,"MYH11","OE",FALSE,"Activated",6.65908135295959e-11
"PCDH18",2.78872770701621e-09,1.47776874421052,0.100204888556942,0.75158389819581,0.999999999846669,"MYH11","OE",FALSE,"Activated",6.65908135295959e-11
"COL23A1",2.7717903290961e-09,1.47588210905112,0.0989913932028798,0.753043375216624,0.999999999846669,"MYH11","OE",FALSE,"Activated",6.65908135295959e-11
"ANPEP",2.76938442360749e-09,1.47561325261456,0.0988196193345959,0.753250761444596,0.999999999846669,"MYH11","OE",FALSE,"Activated",6.65908135295959e-11
"CCN1",2.7658118762737e-09,1.47521362638233,0.0985648262097619,0.753558743674118,0.999999999846669,"MYH11","OE",FALSE,"Activated",6.65908135295959e-11
"CYP7B1",2.74771466624375e-09,1.47318189481401,0.0972791909271915,0.755119469789809,0.999999999846669,"MYH11","OE",FALSE,"Activated",6.65908135295959e-11
"SLC2A3",2.74603096976023e-09,1.47299224063074,0.0971600093746602,0.755264724840712,0.999999999846669,"MYH11","OE",FALSE,"Activated",6.65908135295959e-11
"DSEL",2.72752235041088e-09,1.47090027355689,0.0958546801450425,0.756862060886583,0.999999999846669,"MYH11","OE",FALSE,"Activated",6.65908135295959e-11
"CCN2",2.72688070822551e-09,1.47082751540958,0.0958095863462214,0.756917454746804,0.999999999846669,"MYH11","OE",FALSE,"Activated",6.65908135295959e-11
"GREM1",2.72225692156915e-09,1.4703027381819,0.0954849461810538,0.757316669573446,0.999999999846669,"MYH11","OE",FALSE,"Activated",6.65908135295959e-11
"CSGALNACT1",2.71210137592238e-09,1.46914723019632,0.0947738502105744,0.758193720135442,0.999999999846669,"MYH11","OE",FALSE,"Activated",6.65908135295959e-11
"OR51E1",2.7018284563708e-09,1.46797428403884,0.0940572396630378,0.75908122403134,0.999999999846669,"MYH11","OE",FALSE,"Activated",6.65908135295959e-11
"HTRA3",2.70122599064667e-09,1.46790536730896,0.0940152977366199,0.759133282457256,0.999999999846669,"MYH11","OE",FALSE,"Activated",6.65908135295959e-11
"MCAM",2.69163860956151e-09,1.46680673639764,0.0933491106761043,0.759961864673051,0.999999999846669,"MYH11","OE",FALSE,"Activated",6.65908135295959e-11
"ID3",2.68936591321196e-09,1.46654577384839,0.0931915378015906,0.760158321184534,0.999999999846669,"MYH11","OE",FALSE,"Activated",6.65908135295959e-11
"AC104083.1",2.6794676855439e-09,1.46540682244455,0.0925068161377944,0.761014124468279,0.999999999846669,"MYH11","OE",FALSE,"Activated",6.65908135295959e-11
"ESAM",2.6724897717308e-09,1.46460155684357,0.0920256279698782,0.761617612516878,0.999999999846669,"MYH11","OE",FALSE,"Activated",6.65908135295959e-11
"GNG11",2.67126666315841e-09,1.46446020710546,0.0919414131835099,0.761723408565526,0.999999999846669,"MYH11","OE",FALSE,"Activated",6.65908135295959e-11
"UNC5B",2.66820727636582e-09,1.46410638349176,0.0917309338087862,0.761988057911445,0.999999999846669,"MYH11","OE",FALSE,"Activated",6.65908135295959e-11
"SHOX2",2.66554165159998e-09,1.46379779279992,0.0915477410641088,0.762218667942076,0.999999999846669,"MYH11","OE",FALSE,"Activated",6.65908135295959e-11
"VSTM4",2.6624682563748e-09,1.46344164100109,0.0913367519142528,0.762484581444261,0.999999999846669,"MYH11","OE",FALSE,"Activated",6.65908135295959e-11
"COL12A1",2.65789893598821e-09,1.46291143378919,0.0910235171879373,0.76287997584113,0.999999999846669,"MYH11","OE",FALSE,"Activated",6.65908135295959e-11
"COL4A1",2.65120699117821e-09,1.46213339986665,0.0905657439208569,0.763459157730748,0.999999999846669,"MYH11","OE",FALSE,"Activated",6.65908135295959e-11
"CCN4",2.64049846134703e-09,1.4608845895579,0.089835610548106,0.764386246848106,0.999999999846669,"MYH11","OE",FALSE,"Activated",6.65908135295959e-11
"FN1",2.64022549490236e-09,1.46085269543037,0.0898170376611561,0.76440988329156,0.999999999846669,"MYH11","OE",FALSE,"Activated",6.65908135295959e-11
"PAPPA",2.63950078982188e-09,1.46076800413986,0.0897677373795207,0.764472637310081,0.999999999846669,"MYH11","OE",FALSE,"Activated",6.65908135295959e-11
"BMP8A",2.60947700436609e-09,1.45724026970448,0.0877371725030229,0.767073826502545,0.999999999846669,"MYH11","OE",FALSE,"Activated",6.65908135295959e-11
"SYTL2",2.60848322138933e-09,1.45712286078867,0.0876703582674938,0.767159970560792,0.999999999846669,"MYH11","OE",FALSE,"Activated",6.65908135295959e-11
"C1orf54",2.60841785935251e-09,1.45711513724282,0.0876659647246525,0.767165636437014,0.999999999846669,"MYH11","OE",FALSE,"Activated",6.65908135295959e-11
"MAP3K7CL",2.60200990087481e-09,1.45635706548645,0.0872357653703731,0.76772116756596,0.999999999846669,"MYH11","OE",FALSE,"Activated",6.65908135295959e-11
"C1QTNF1",2.59054427385618e-09,1.45499633952686,0.0864686591005168,0.768715465553041,0.999999999846669,"MYH11","OE",FALSE,"Activated",6.65908135295959e-11
"GEM",2.57630237772362e-09,1.45329834288933,0.0855205243322965,0.769951051126856,0.999999999846669,"MYH11","OE",FALSE,"Activated",6.65908135295959e-11
"S1PR3",2.53429770539267e-09,1.44823921214994,0.0827545624861056,0.77359864626177,0.999999999846669,"MYH11","OE",FALSE,"Activated",6.65908135295959e-11
"THBS2",2.52876947474286e-09,1.44756760781656,0.0823939202969476,0.774079080339922,0.999999999846669,"MYH11","OE",FALSE,"Activated",6.65908135295959e-11
"ITGA1",2.52856740315149e-09,1.4475430331395,0.0823807527816494,0.774096643128911,0.999999999846669,"MYH11","OE",FALSE,"Activated",6.65908135295959e-11
"COL18A1",2.49447863890945e-09,1.44337111655411,0.0801745008496287,0.777061071860923,0.999999999846669,"MYH11","OE",FALSE,"Activated",6.65908135295959e-11
"OLFM2",2.48740010784842e-09,1.44249820331341,0.0797201273632859,0.777677044231495,0.999999999846669,"MYH11","OE",FALSE,"Activated",6.65908135295959e-11
"CPE",2.47745751283313e-09,1.44126820589418,0.0790840891121647,0.778542482815971,0.999999999846669,"MYH11","OE",FALSE,"Activated",6.65908135295959e-11
"TSPAN11",2.43536268460236e-09,1.43600949709945,0.0764194628877422,0.782209596900023,0.999999999846669,"MYH11","OE",FALSE,"Activated",6.65908135295959e-11
"ITGAV",2.42874482258666e-09,1.43517511306736,0.076004702225545,0.782786558474374,0.999999999846669,"MYH11","OE",FALSE,"Activated",6.65908135295959e-11
"PLXDC1",2.41561048194454e-09,1.43351287380306,0.0751848776168647,0.78393199641338,0.999999999846669,"MYH11","OE",FALSE,"Activated",6.65908135295959e-11
"MEG3",2.41219729996835e-09,1.43307954279907,0.0749725599660663,0.784229734722197,0.999999999846669,"MYH11","OE",FALSE,"Activated",6.65908135295959e-11
"NOTCH3",2.39791769570182e-09,1.43126045373203,0.074087549682012,0.785475713597916,0.999999999846669,"MYH11","OE",FALSE,"Activated",6.65908135295959e-11
"LMCD1",2.39601948290549e-09,1.43101788416528,0.0739702993930838,0.785641385220748,0.999999999846669,"MYH11","OE",FALSE,"Activated",6.65908135295959e-11
"EDNRA",2.38731445275283e-09,1.4299031982645,0.07343378958351,0.786401264365752,0.999999999846669,"MYH11","OE",FALSE,"Activated",6.65908135295959e-11
"TNFRSF19",2.37570949614487e-09,1.42841130710808,0.0727215879386842,0.787414600133269,0.999999999846669,"MYH11","OE",FALSE,"Activated",6.65908135295959e-11
"TIMP1",2.33855832688007e-09,1.42358948850482,0.0704649420001795,0.790661024416512,0.999999999846669,"MYH11","OE",FALSE,"Activated",6.65908135295959e-11
"RIPOR3",2.33816720734089e-09,1.42353834917473,0.0704413737097251,0.790695221511004,0.999999999846669,"MYH11","OE",FALSE,"Activated",6.65908135295959e-11
"RORA",2.33472970605203e-09,1.42308855088853,0.0702344044929148,0.790995792874487,0.999999999846669,"MYH11","OE",FALSE,"Activated",6.65908135295959e-11
"ANGPTL2",2.31404276772994e-09,1.42036863777968,0.0689952906843643,0.79280529108781,0.999999999846669,"MYH11","OE",FALSE,"Activated",6.65908135295959e-11
"ECM2",2.3119994139152e-09,1.42009875767286,0.0688734955755814,0.79298408513956,0.999999999846669,"MYH11","OE",FALSE,"Activated",6.65908135295959e-11
"SRPX2",2.30535718326177e-09,1.41921994318106,0.0684783254954374,0.79356535739455,0.999999999846669,"MYH11","OE",FALSE,"Activated",6.65908135295959e-11
"AC092807.3",2.3023311975775e-09,1.41881880610875,0.0682986757296838,0.793830204300605,0.999999999846669,"MYH11","OE",FALSE,"Activated",6.65908135295959e-11
"ZEB1",2.29668865847081e-09,1.41806950239654,0.0679643140112708,0.7943241263698,0.999999999846669,"MYH11","OE",FALSE,"Activated",6.65908135295959e-11
"EPS8",2.28897324379428e-09,1.4170421665801,0.067508447184011,0.79499963194532,0.999999999846669,"MYH11","OE",FALSE,"Activated",6.65908135295959e-11
"PMP22",2.28581750228844e-09,1.41662104381761,0.0673224315948474,0.795275970037329,0.999999999846669,"MYH11","OE",FALSE,"Activated",6.65908135295959e-11
"ZBTB20",2.28226836607159e-09,1.41614678024253,0.0671135339165733,0.795586787119531,0.999999999846669,"MYH11","OE",FALSE,"Activated",6.65908135295959e-11
"GUCY1B1",2.27264041969927e-09,1.41485677074665,0.0665484798129688,0.796430121766817,0.999999999846669,"MYH11","OE",FALSE,"Activated",6.65908135295959e-11
"CPXM1",2.23505178018656e-09,1.40977149549951,0.0643653098542074,0.799724867528618,0.999999999846669,"MYH11","OE",FALSE,"Activated",6.65908135295959e-11
"LINC00924",2.20792279096795e-09,1.40605184173545,0.0628122645428488,0.802105017058861,0.999999999846669,"MYH11","OE",FALSE,"Activated",6.65908135295959e-11
"MMP16",2.19500109195433e-09,1.40426524652213,0.0620792079829105,0.803239343841399,0.999999999846669,"MYH11","OE",FALSE,"Activated",6.65908135295959e-11
"LOXL2",2.16974624872086e-09,1.40074513561198,0.0606589067230156,0.805457526300592,0.999999999846669,"MYH11","OE",FALSE,"Activated",6.65908135295959e-11
"EPDR1",2.16493889324408e-09,1.40007077381505,0.0603904090783368,0.805879943789141,0.999999999846669,"MYH11","OE",FALSE,"Activated",6.65908135295959e-11
"PLAT",2.14458982557804e-09,1.39720082274464,0.0592604805303423,0.80766862188692,0.999999999846669,"MYH11","OE",FALSE,"Activated",6.65908135295959e-11
"DLX5",2.12883333776366e-09,1.3949612174109,0.0583928955920293,0.809054304886138,0.999999999846669,"MYH11","OE",FALSE,"Activated",6.65908135295959e-11
"OLFML2A",2.1182704200236e-09,1.39345120922263,0.0578148614981309,0.809983582037201,0.999999999846669,"MYH11","OE",FALSE,"Activated",6.65908135295959e-11
"PRSS23",2.11022629877932e-09,1.39229658861516,0.0573765919540744,0.810691446794221,0.999999999846669,"MYH11","OE",FALSE,"Activated",6.65908135295959e-11
"FADS1",2.09734623955898e-09,1.39043932264801,0.0566783174934881,0.811825185541437,0.999999999846669,"MYH11","OE",FALSE,"Activated",6.65908135295959e-11
"CXXC5",2.08848686331528e-09,1.38915568686701,0.0562005003360699,0.812605241800967,0.999999999846669,"MYH11","OE",FALSE,"Activated",6.65908135295959e-11
"YPEL2",2.08695321380576e-09,1.38893296446263,0.0561179906258822,0.812740296500355,0.999999999846669,"MYH11","OE",FALSE,"Activated",6.65908135295959e-11
"APCDD1",2.07645537715794e-09,1.38740434709252,0.0555548387554974,0.813664895767026,0.999999999846669,"MYH11","OE",FALSE,"Activated",6.65908135295959e-11
"NEURL1B",2.07358277708578e-09,1.38698481338982,0.0554012342541527,0.81391794596012,0.999999999846669,"MYH11","OE",FALSE,"Activated",6.65908135295959e-11
"LRRC32",2.06957215896933e-09,1.38639817487512,0.0551871330194674,0.814271277774979,0.999999999846669,"MYH11","OE",FALSE,"Activated",6.65908135295959e-11
"FAM162B",2.06791889469986e-09,1.38615604323748,0.0550989964720626,0.814416939859722,0.999999999846669,"MYH11","OE",FALSE,"Activated",6.65908135295959e-11
"PAG1",2.06047590087363e-09,1.38506374216599,0.0547030781804082,0.815072789796652,0.999999999846669,"MYH11","OE",FALSE,"Activated",6.65908135295959e-11
"NR4A1",2.04931280824984e-09,1.38341862749261,0.0541119512991937,0.816056684337331,0.999999999846669,"MYH11","OE",FALSE,"Activated",6.65908135295959e-11
"ADAMTS14",2.02301398736823e-09,1.37950990673272,0.0527320259734326,0.818375758169444,0.999999999846669,"MYH11","OE",FALSE,"Activated",6.65908135295959e-11
"MRGPRF",2.00295139948888e-09,1.37649629437487,0.0516913065141598,0.820145980969251,0.999999999846669,"MYH11","OE",FALSE,"Activated",6.65908135295959e-11
"FBXO32",2.00149568353528e-09,1.37627654433569,0.0516161968384589,0.820274461871437,0.999999999846669,"MYH11","OE",FALSE,"Activated",6.65908135295959e-11
"ISLR",1.99531560220231e-09,1.37534196899734,0.0512979350346517,0.820819967019683,0.999999999846669,"MYH11","OE",FALSE,"Activated",6.65908135295959e-11
"PAMR1",1.97656512687256e-09,1.37248995844626,0.0503383462430597,0.822475568611798,0.999999999846669,"MYH11","OE",FALSE,"Activated",6.65908135295959e-11
"CD93",1.97513139768138e-09,1.37227085367719,0.0502653454801306,0.822602194535443,0.999999999846669,"MYH11","OE",FALSE,"Activated",6.65908135295959e-11
"MYLIP",1.96204046216832e-09,1.37026343690324,0.0496012481379394,0.823758589767533,0.999999999846669,"MYH11","OE",FALSE,"Activated",6.65908135295959e-11
"CTHRC1",1.95284356487606e-09,1.36884571734479,0.0491373347307382,0.824571231976585,0.999999999846669,"MYH11","OE",FALSE,"Activated",6.65908135295959e-11
"CFL2",1.95152525407803e-09,1.36864199078662,0.0490710146064714,0.824687733975968,0.999999999846669,"MYH11","OE",FALSE,"Activated",6.65908135295959e-11
"TBX2",1.95132210658262e-09,1.36861058584232,0.0490607988689696,0.82470568690651,0.999999999846669,"MYH11","OE",FALSE,"Activated",6.65908135295959e-11
"RGS3",1.93292139988178e-09,1.3657533547977,0.0481398879177296,0.826332207771459,0.999999999846669,"MYH11","OE",FALSE,"Activated",6.65908135295959e-11
"CDH11",1.92486890901453e-09,1.36449504738464,0.0477396248266568,0.82704423842479,0.999999999846669,"MYH11","OE",FALSE,"Activated",6.65908135295959e-11
"SOD3",1.92392670289857e-09,1.36434749692947,0.0476929000263525,0.82712756103554,0.999999999846669,"MYH11","OE",FALSE,"Activated",6.65908135295959e-11
"A2M",1.9237671291388e-09,1.36432250088804,0.0476849888936211,0.8271416728988,0.999999999846669,"MYH11","OE",FALSE,"Activated",6.65908135295959e-11
"TBX3",1.92135255940869e-09,1.36394404202888,0.0475653626953921,0.827355211544351,0.999999999846669,"MYH11","OE",FALSE,"Activated",6.65908135295959e-11
"ENTPD1",1.90586815484858e-09,1.36150650203826,0.0468017824146272,0.82872491719059,0.999999999846669,"MYH11","OE",FALSE,"Activated",6.65908135295959e-11
"ADAM19",1.86900184876545e-09,1.35562842197784,0.0450086667233348,0.831988093088367,0.999999999846669,"MYH11","OE",FALSE,"Activated",6.65908135295959e-11
"CNN1",1.86018710738325e-09,1.35420707603962,0.0445851206589718,0.832768750513355,0.999999999846669,"MYH11","OE",FALSE,"Activated",6.65908135295959e-11
"MSX1",1.84955969463174e-09,1.35248512790077,0.0440771384485214,0.833710162284204,0.999999999846669,"MYH11","OE",FALSE,"Activated",6.65908135295959e-11
"UCHL1",1.84728348520967e-09,1.35211512521671,0.0439687158201684,0.833911827579489,0.999999999846669,"MYH11","OE",FALSE,"Activated",6.65908135295959e-11
"TSPYL2",1.84686053904765e-09,1.35204632791469,0.0439485843450834,0.833949300538968,0.999999999846669,"MYH11","OE",FALSE,"Activated",6.65908135295959e-11
"ADAMTS4",1.83739184325692e-09,1.35050229864741,0.0434990982896046,0.834788323989854,0.999999999846669,"MYH11","OE",FALSE,"Activated",6.65908135295959e-11
"ACTA2",1.83595985554927e-09,1.35026814800148,0.0434313218911492,0.834915229168581,0.999999999846669,"MYH11","OE",FALSE,"Activated",6.65908135295959e-11
"TDO2",1.82342173370975e-09,1.34821073118452,0.0428401457875438,0.83602656203853,0.999999999846669,"MYH11","OE",FALSE,"Activated",6.65908135295959e-11
"NR4A2",1.82221708192909e-09,1.34801236719101,0.0427835594152273,0.836133355203226,0.999999999846669,"MYH11","OE",FALSE,"Activated",6.65908135295959e-11
"LOX",1.82185560698168e-09,1.3479528212323,0.0427665870675072,0.836165400781924,0.999999999846669,"MYH11","OE",FALSE,"Activated",6.65908135295959e-11
"KCNE4",1.81865288845417e-09,1.34742475735305,0.0426163567769396,0.836449340957339,0.999999999846669,"MYH11","OE",FALSE,"Activated",6.65908135295959e-11
"FAM20C",1.81757333033042e-09,1.34724656587814,0.0425657773842982,0.836545055053433,0.999999999846669,"MYH11","OE",FALSE,"Activated",6.65908135295959e-11
"ITIH3",1.81671489348043e-09,1.3471048026423,0.0425255793880497,0.836621166167781,0.999999999846669,"MYH11","OE",FALSE,"Activated",6.65908135295959e-11
"NFKBIZ",1.8080791697599e-09,1.34567522874675,0.0421222510249809,0.837386915555741,0.999999999846669,"MYH11","OE",FALSE,"Activated",6.65908135295959e-11
"MSX2",1.80696955988321e-09,1.34549108370109,0.0420705664254224,0.837485318388302,0.999999999846669,"MYH11","OE",FALSE,"Activated",6.65908135295959e-11
"SLAMF8",1.80432001232722e-09,1.34505095481412,0.0419472812893006,0.837720296822212,0.999999999846669,"MYH11","OE",FALSE,"Activated",6.65908135295959e-11
"SERPINI1",1.80113885381032e-09,1.34452172624323,0.0417994989482946,0.838002440958433,0.999999999846669,"MYH11","OE",FALSE,"Activated",6.65908135295959e-11
"HES1",1.79759595923326e-09,1.34393129833996,0.0416352189230395,0.838316692799542,0.999999999846669,"MYH11","OE",FALSE,"Activated",6.65908135295959e-11
"SHC4",1.77201065063649e-09,1.33963520355721,0.0404584594504895,0.840586851234684,0.999999999846669,"MYH11","OE",FALSE,"Activated",6.65908135295959e-11
"ZNF275",1.76484288607888e-09,1.33842134644545,0.0401318133383264,0.841223078362398,0.999999999846669,"MYH11","OE",FALSE,"Activated",6.65908135295959e-11
"LINGO1",1.76297227866363e-09,1.33810380901112,0.0400467847124574,0.841389134823089,0.999999999846669,"MYH11","OE",FALSE,"Activated",6.65908135295959e-11
"SEPTIN4",1.7511618609407e-09,1.33609174659657,0.0395120230314507,0.842437724895275,0.999999999846669,"MYH11","OE",FALSE,"Activated",6.65908135295959e-11
"POSTN",1.74549611779317e-09,1.33512204803784,0.0392567607051345,0.842940858227556,0.999999999846669,"MYH11","OE",FALSE,"Activated",6.65908135295959e-11
"DAB2",1.73980741997063e-09,1.33414548416881,0.0390012964401411,0.843446094502555,0.999999999846669,"MYH11","OE",FALSE,"Activated",6.65908135295959e-11
"ALPK2",1.7278233791791e-09,1.33207850318329,0.0384658539687869,0.84451065626408,0.999999999846669,"MYH11","OE",FALSE,"Activated",6.65908135295959e-11
"HEY2",1.72395020719843e-09,1.33140762803005,0.0382935934428845,0.844854777236951,0.999999999846669,"MYH11","OE",FALSE,"Activated",6.65908135295959e-11
"CACNA2D3",1.72390541127279e-09,1.33139986073195,0.0382916033915818,0.844858757408469,0.999999999846669,"MYH11","OE",FALSE,"Activated",6.65908135295959e-11
"PLPPR4",1.71263120879126e-09,1.32943902601413,0.037792393142899,0.845860609433593,0.999999999846669,"MYH11","OE",FALSE,"Activated",6.65908135295959e-11
"PLIN2",1.70860601251605e-09,1.32873605849783,0.0376149550191104,0.846218358266506,0.999999999846669,"MYH11","OE",FALSE,"Activated",6.65908135295959e-11
"CD36",1.6923657003419e-09,1.32588415794425,0.0369032925238126,0.847662075654219,0.999999999846669,"MYH11","OE",FALSE,"Activated",6.65908135295959e-11
"RCAN2",1.6922589910961e-09,1.32586533547428,0.0368986389216243,0.847671563497711,0.999999999846669,"MYH11","OE",FALSE,"Activated",6.65908135295959e-11
"KCNQ1OT1",1.68634429777301e-09,1.32482031878956,0.0366411573697072,0.848197491349633,0.999999999846669,"MYH11","OE",FALSE,"Activated",6.65908135295959e-11
"ID4",1.68306346594811e-09,1.32423919234197,0.0364987231871338,0.848489248371439,0.999999999846669,"MYH11","OE",FALSE,"Activated",6.65908135295959e-11
"GMFG",1.68022492929934e-09,1.32373556171581,0.0363757146366505,0.848741689825305,0.999999999846669,"MYH11","OE",FALSE,"Activated",6.65908135295959e-11
"AC134312.5",1.67393840820999e-09,1.32261735816869,0.0361040261275149,0.84930082834497,0.999999999846669,"MYH11","OE",FALSE,"Activated",6.65908135295959e-11
"PTN",1.66639879395562e-09,1.32127112329778,0.0357795250647498,0.849971519997344,0.999999999846669,"MYH11","OE",FALSE,"Activated",6.65908135295959e-11
"MYOCD",1.66575482239049e-09,1.32115587775643,0.0357518767673562,0.850028809977632,0.999999999846669,"MYH11","OE",FALSE,"Activated",6.65908135295959e-11
"PRDM1",1.66479778908415e-09,1.32098453026334,0.0357108072086032,0.850113952496628,0.999999999846669,"MYH11","OE",FALSE,"Activated",6.65908135295959e-11
"TCEAL7",1.62915371229851e-09,1.31453694956046,0.0341980081090919,0.853286266182194,0.999999999846669,"MYH11","OE",FALSE,"Activated",6.65908135295959e-11
"NES",1.62275033093266e-09,1.31336483421098,0.0339297061918505,0.853856418532981,0.999999999846669,"MYH11","OE",FALSE,"Activated",6.65908135295959e-11
"APOBEC3H",1.61810332138464e-09,1.31251153152373,0.0337356579684141,0.854270232653622,0.999999999846669,"MYH11","OE",FALSE,"Activated",6.65908135295959e-11
"VWF",1.61810330722962e-09,1.31251152892107,0.0337356573781814,0.854270233914181,0.999999999846669,"MYH11","OE",FALSE,"Activated",6.65908135295959e-11
"AJAP1",1.61716700604133e-09,1.31233932689947,0.033696626993339,0.854353615972629,0.999999999846669,"MYH11","OE",FALSE,"Activated",6.65908135295959e-11
"HSPB2",1.61632382765291e-09,1.31218417275712,0.0336614978315779,0.854428706396532,0.999999999846669,"MYH11","OE",FALSE,"Activated",6.65908135295959e-11
"PDE4DIP",1.615130239945e-09,1.31196441124652,0.0336118009645461,0.854535005263946,0.999999999846669,"MYH11","OE",FALSE,"Activated",6.65908135295959e-11
"RCSD1",1.60934887677555e-09,1.31089782286402,0.0333716045577933,0.855049920853881,0.999999999846669,"MYH11","OE",FALSE,"Activated",6.65908135295959e-11
"GREM2",1.5909458959771e-09,1.30747892585209,0.0326127564747689,0.856689387467845,0.999999999846669,"MYH11","OE",FALSE,"Activated",6.65908135295959e-11
"RGS4",1.57972644828685e-09,1.30537657046343,0.0321544040545944,0.857689198529081,0.999999999846669,"MYH11","OE",FALSE,"Activated",6.65908135295959e-11
"BARX1",1.5701104019052e-09,1.30356363644224,0.0317641375351729,0.858546305703443,0.999999999846669,"MYH11","OE",FALSE,"Activated",6.65908135295959e-11
"LGI4",1.56792672581438e-09,1.30315051116286,0.0316758452041463,0.858740966599091,0.999999999846669,"MYH11","OE",FALSE,"Activated",6.65908135295959e-11
"FOXS1",1.56778405712399e-09,1.30312350142405,0.0316700809733635,0.858753684908399,0.999999999846669,"MYH11","OE",FALSE,"Activated",6.65908135295959e-11
"GIMAP4",1.56759446902684e-09,1.30308760547925,0.0316624218734761,0.858770585940754,0.999999999846669,"MYH11","OE",FALSE,"Activated",6.65908135295959e-11
"DDAH1",1.55816127017643e-09,1.30129646131161,0.031282503136412,0.859611600042174,0.999999999846669,"MYH11","OE",FALSE,"Activated",6.65908135295959e-11
"KCNK17",1.55318189258653e-09,1.30034694109297,0.0310828851545811,0.860055599296498,0.999999999846669,"MYH11","OE",FALSE,"Activated",6.65908135295959e-11
"STEAP1",1.53384510592311e-09,1.29663267275705,0.0303137521998426,0.861780232854046,0.999999999846669,"MYH11","OE",FALSE,"Activated",6.65908135295959e-11
"PSD3",1.5321201354082e-09,1.2962992320746,0.0302456085189118,0.861934113830334,0.999999999846669,"MYH11","OE",FALSE,"Activated",6.65908135295959e-11
"KHDRBS3",1.52070037776287e-09,1.29408295885098,0.0297964135900443,0.862952978197386,0.999999999846669,"MYH11","OE",FALSE,"Activated",6.65908135295959e-11
"COL11A1",1.49018341558847e-09,1.28808392296696,0.0286125218797105,0.865676798640069,0.999999999846669,"MYH11","OE",FALSE,"Activated",6.65908135295959e-11
"EGFL6",1.47713503736416e-09,1.2854840813442,0.0281136404014553,0.866841933126834,0.999999999846669,"MYH11","OE",FALSE,"Activated",6.65908135295959e-11
"GPX3",1.46530447198613e-09,1.28310843822233,0.0276651122260723,0.867898575127483,0.999999999846669,"MYH11","OE",FALSE,"Activated",6.65908135295959e-11
"HAS2",1.46405487510916e-09,1.28285647617089,0.027617947288103,0.868010196164892,0.999999999846669,"MYH11","OE",FALSE,"Activated",6.65908135295959e-11
"LAMC3",1.4570596132206e-09,1.28144230070341,0.027354660392839,0.868635100922248,0.999999999846669,"MYH11","OE",FALSE,"Activated",6.65908135295959e-11
"SEMA5B",1.44541129795119e-09,1.27907344557772,0.0269190405252093,0.869675856849945,0.999999999846669,"MYH11","OE",FALSE,"Activated",6.65908135295959e-11
"SYNPO2",1.44122696762061e-09,1.27821818375415,0.0267634099175883,0.870049774423937,0.999999999846669,"MYH11","OE",FALSE,"Activated",6.65908135295959e-11
"HEYL",1.4375735229411e-09,1.27746955082383,0.0266278938502819,0.870376275080842,0.999999999846669,"MYH11","OE",FALSE,"Activated",6.65908135295959e-11
"PTP4A3",1.39590287282245e-09,1.26880380729427,0.025106552878985,0.874101843167052,0.999999999846669,"MYH11","OE",FALSE,"Activated",6.65908135295959e-11
"ENPP1",1.39401777107692e-09,1.26840614731348,0.0250387882082847,0.874270447503604,0.999999999846669,"MYH11","OE",FALSE,"Activated",6.65908135295959e-11
"NR4A3",1.3927389106579e-09,1.2681360896526,0.0249928685250636,0.874384832597583,0.999999999846669,"MYH11","OE",FALSE,"Activated",6.65908135295959e-11
"LOXL1",1.38807112221453e-09,1.26714843783968,0.0248256212031244,0.874802355790972,0.999999999846669,"MYH11","OE",FALSE,"Activated",6.65908135295959e-11
"WDFY4",1.38517389667786e-09,1.26653386943807,0.0247220957280034,0.875061523648203,0.999999999846669,"MYH11","OE",FALSE,"Activated",6.65908135295959e-11
"METRNL",1.38353934588602e-09,1.26618661812347,0.0246637843795692,0.87520774635612,0.999999999846669,"MYH11","OE",FALSE,"Activated",6.65908135295959e-11
"PRKAA2",1.36500666979463e-09,1.26222265851905,0.0240074610622234,0.876865928708375,0.999999999846669,"MYH11","OE",FALSE,"Activated",6.65908135295959e-11
"CARMN",1.35516034587076e-09,1.26009630933887,0.0236623599369367,0.877747133569729,0.999999999846669,"MYH11","OE",FALSE,"Activated",6.65908135295959e-11
"CCK",1.35455235139653e-09,1.25996454227756,0.0236411324019772,0.877801551513247,0.999999999846669,"MYH11","OE",FALSE,"Activated",6.65908135295959e-11
"SLC39A14",1.35324583325507e-09,1.25968120291503,0.0235955488227104,0.877918492079467,0.999999999846669,"MYH11","OE",FALSE,"Activated",6.65908135295959e-11
"COL13A1",1.34331059918237e-09,1.25751826408441,0.0232503539763964,0.878807837197469,0.999999999846669,"MYH11","OE",FALSE,"Activated",6.65908135295959e-11
"GUCY1A2",1.32974421454556e-09,1.25454076334497,0.0227831046576629,0.880022468860841,0.999999999846669,"MYH11","OE",FALSE,"Activated",6.65908135295959e-11
"UACA",1.32945749677248e-09,1.25447753257474,0.0227732807882084,0.880048142462453,0.999999999846669,"MYH11","OE",FALSE,"Activated",6.65908135295959e-11
"CSRP1",1.32896683901271e-09,1.25436929698105,0.0227564741960315,0.880092077777606,0.999999999846669,"MYH11","OE",FALSE,"Activated",6.65908135295959e-11
"POU2F2",1.31917891667053e-09,1.25220238385139,0.0224225029426346,0.880968601591285,0.999999999846669,"MYH11","OE",FALSE,"Activated",6.65908135295959e-11
"ENPP2",1.31537232936413e-09,1.25135563435141,0.0222932860979325,0.881309526907017,0.999999999846669,"MYH11","OE",FALSE,"Activated",6.65908135295959e-11
"DUSP1",1.31508496155404e-09,1.25129161925987,0.0222835463871807,0.881335265017155,0.999999999846669,"MYH11","OE",FALSE,"Activated",6.65908135295959e-11
"NFATC2",1.30944901541266e-09,1.25003351042234,0.0220929583137787,0.881840074071648,0.999999999846669,"MYH11","OE",FALSE,"Activated",6.65908135295959e-11
"CCL3L1",1.30135212607518e-09,1.24821724270594,0.0218205824103022,0.882565392625686,0.999999999846669,"MYH11","OE",FALSE,"Activated",6.65908135295959e-11
"NAP1L3",1.29433975886614e-09,1.24663577637587,0.021586054531366,0.883193639392594,0.999999999846669,"MYH11","OE",FALSE,"Activated",6.65908135295959e-11
"NRGN",1.2939053396656e-09,1.24653754308634,0.0215715671097745,0.883232561974165,0.999999999846669,"MYH11","OE",FALSE,"Activated",6.65908135295959e-11
"MEF2C",1.29376274544636e-09,1.24650529223007,0.0215668128032854,0.883245338025087,0.999999999846669,"MYH11","OE",FALSE,"Activated",6.65908135295959e-11
"LRRC17",1.29339965815236e-09,1.24642315709522,0.0215547092906183,0.883277869787825,0.999999999846669,"MYH11","OE",FALSE,"Activated",6.65908135295959e-11
"SCN1B",1.29280077627946e-09,1.246287635457,0.0215347529901353,0.883331528617195,0.999999999846669,"MYH11","OE",FALSE,"Activated",6.65908135295959e-11
"GK",1.28657836959097e-09,1.24487611022723,0.0213279531193203,0.883889077636545,0.999999999846669,"MYH11","OE",FALSE,"Activated",6.65908135295959e-11
"ENPEP",1.28287090278962e-09,1.24403207981974,0.0212052108905384,0.884221306761465,0.999999999846669,"MYH11","OE",FALSE,"Activated",6.65908135295959e-11
"ANGPT2",1.27453629251683e-09,1.24212637223123,0.0209305721075349,0.884968252235015,0.999999999846669,"MYH11","OE",FALSE,"Activated",6.65908135295959e-11
"ARHGAP15",1.26769074666537e-09,1.24055248851522,0.0207063393263772,0.88558182466952,0.999999999846669,"MYH11","OE",FALSE,"Activated",6.65908135295959e-11
"IL1R1",1.24211089977821e-09,1.23460084449468,0.0198791326581117,0.887875173624337,0.999999999846669,"MYH11","OE",FALSE,"Activated",6.65908135295959e-11
"TRIM59",1.23480173273985e-09,1.23287937642438,0.0196458646067833,0.888530646832094,0.999999999846669,"MYH11","OE",FALSE,"Activated",6.65908135295959e-11
"AKR1B1",1.23323160316563e-09,1.23250834589784,0.0195959344187573,0.88867146324445,0.999999999846669,"MYH11","OE",FALSE,"Activated",6.65908135295959e-11
"DACT1",1.22623517458845e-09,1.23084971500266,0.0193742199416741,0.889298977652524,0.999999999846669,"MYH11","OE",FALSE,"Activated",6.65908135295959e-11
"COL14A1",1.22586286501126e-09,1.23076120688299,0.0193624569246818,0.889332372297552,0.999999999846669,"MYH11","OE",FALSE,"Activated",6.65908135295959e-11
"TGFB3",1.22581619181271e-09,1.23075010963775,0.0193609825499885,0.88933655870626,0.999999999846669,"MYH11","OE",FALSE,"Activated",6.65908135295959e-11
"AKAP6",1.22281410370458e-09,1.23003549547941,0.0192662665521641,0.889605841089771,0.999999999846669,"MYH11","OE",FALSE,"Activated",6.65908135295959e-11
"RUNX2",1.22226224559221e-09,1.22990395497766,0.0192488806775911,0.889655343244906,0.999999999846669,"MYH11","OE",FALSE,"Activated",6.65908135295959e-11
"SLC38A11",1.20435688610653e-09,1.2256059276446,0.0186890439993538,0.891261701991825,0.999999999846669,"MYH11","OE",FALSE,"Activated",6.65908135295959e-11
"ANGPT1",1.20244053884983e-09,1.225142425644,0.0186296160925341,0.891433651442857,0.999999999846669,"MYH11","OE",FALSE,"Activated",6.65908135295959e-11
"HEY1",1.19931646264456e-09,1.22438534491854,0.0185329381563795,0.891713978588635,0.999999999846669,"MYH11","OE",FALSE,"Activated",6.65908135295959e-11
"GAS1",1.18481308833409e-09,1.2208465416452,0.0180874095517439,0.893015560653039,0.999999999846669,"MYH11","OE",FALSE,"Activated",6.65908135295959e-11
"PDE5A",1.17531677327077e-09,1.2185076598921,0.0177986291601129,0.893867948570202,0.999999999846669,"MYH11","OE",FALSE,"Activated",6.65908135295959e-11
"GRIA3",1.17227431493428e-09,1.21775461997358,0.0177066003560862,0.894141065182794,0.999999999846669,"MYH11","OE",FALSE,"Activated",6.65908135295959e-11
"NR2F2",1.16956818618937e-09,1.21708330294149,0.0176249453483593,0.894384000574306,0.999999999846669,"MYH11","OE",FALSE,"Activated",6.65908135295959e-11
"TMEM158",1.16478259400979e-09,1.21589259910045,0.0174810063455085,0.894813638410913,0.999999999846669,"MYH11","OE",FALSE,"Activated",6.65908135295959e-11
"HSPB7",1.16184959542453e-09,1.21516059852429,0.0173930805569259,0.895076970543497,0.999999999846669,"MYH11","OE",FALSE,"Activated",6.65908135295959e-11
"IER3",1.16006971750881e-09,1.21471555239025,0.0173398312420257,0.895236778185182,0.999999999846669,"MYH11","OE",FALSE,"Activated",6.65908135295959e-11
"WNT2",1.15761600627754e-09,1.21410098118719,0.0172665564351164,0.895457093413776,0.999999999846669,"MYH11","OE",FALSE,"Activated",6.65908135295959e-11
"CTSS",1.14851924361141e-09,1.21181197729321,0.0169962550167999,0.896273948975131,0.999999999846669,"MYH11","OE",FALSE,"Activated",6.65908135295959e-11
"FGF1",1.14804132228658e-09,1.21169125510407,0.0169821130114015,0.896316867586253,0.999999999846669,"MYH11","OE",FALSE,"Activated",6.65908135295959e-11
"NTN4",1.14748136030578e-09,1.21154975035705,0.0169655508575038,0.89636715405335,0.999999999846669,"MYH11","OE",FALSE,"Activated",6.65908135295959e-11
"P2RY14",1.14460850449141e-09,1.21082276059247,0.0168807066579471,0.896625152699802,0.999999999846669,"MYH11","OE",FALSE,"Activated",6.65908135295959e-11
"GFPT2",1.13575992110582e-09,1.20857292055001,0.0166207173708604,0.897419873936331,0.999999999846669,"MYH11","OE",FALSE,"Activated",6.65908135295959e-11
"LINC01197",1.13525337755451e-09,1.20844363623401,0.0166058951542937,0.897465371449768,0.999999999846669,"MYH11","OE",FALSE,"Activated",6.65908135295959e-11
"LURAP1L",1.12910877987672e-09,1.20687109195824,0.0164266216834144,0.898017303246945,0.999999999846669,"MYH11","OE",FALSE,"Activated",6.65908135295959e-11
"ABCC9",1.11142104955818e-09,1.2022997531804,0.0159159996808109,0.899606358887329,0.999999999846669,"MYH11","OE",FALSE,"Activated",6.65908135295959e-11
"MGLL",1.10613047543863e-09,1.20091933022314,0.01576483399844,0.900081739556951,0.999999999846669,"MYH11","OE",FALSE,"Activated",6.65908135295959e-11
"MEST",1.1060080445471e-09,1.20088731309112,0.0157613443633408,0.900092740920215,0.999999999846669,"MYH11","OE",FALSE,"Activated",6.65908135295959e-11
"SAT1",1.09743121804376e-09,1.19863616289761,0.0155178413191346,0.900863482821086,0.999999999846669,"MYH11","OE",FALSE,"Activated",6.65908135295959e-11
"GPC4",1.09245590083131e-09,1.19732281973818,0.0153774568090788,0.901310624112957,0.999999999846669,"MYH11","OE",FALSE,"Activated",6.65908135295959e-11
"PLPP4",1.09085370008631e-09,1.19689870495827,0.0153323845900488,0.901454623636948,0.999999999846669,"MYH11","OE",FALSE,"Activated",6.65908135295959e-11
"SPOCK2",1.08259864329012e-09,1.194704344503,0.0151012063922104,0.902196607084685,0.999999999846669,"MYH11","OE",FALSE,"Activated",6.65908135295959e-11
"FMO2",1.07987192766714e-09,1.19397612374964,0.0150252320867456,0.902441709346,0.999999999846669,"MYH11","OE",FALSE,"Activated",6.65908135295959e-11
"TMSB15A",1.07274890828607e-09,1.19206572360946,0.0148276678404921,0.903082035612301,0.999999999846669,"MYH11","OE",FALSE,"Activated",6.65908135295959e-11
"MYLK",1.06930622130304e-09,1.1911381779874,0.0147326500630447,0.903391539762464,0.999999999846669,"MYH11","OE",FALSE,"Activated",6.65908135295959e-11
"IL6",1.06533036060166e-09,1.19006353525516,0.0146232967880811,0.903748995515035,0.999999999846669,"MYH11","OE",FALSE,"Activated",6.65908135295959e-11
"LINC01705",1.06250372021577e-09,1.18929725648722,0.0145457997674359,0.904003140751291,0.999999999846669,"MYH11","OE",FALSE,"Activated",6.65908135295959e-11
"FGFR1",1.06168617551617e-09,1.18907527497243,0.0145234238149011,0.904076648608203,0.999999999846669,"MYH11","OE",FALSE,"Activated",6.65908135295959e-11
"KLHL30",1.05541139762432e-09,1.18736624511399,0.0143522584389744,0.904640859730872,0.999999999846669,"MYH11","OE",FALSE,"Activated",6.65908135295959e-11
"LINC01929",1.0536864798156e-09,1.18689478929254,0.0143053833800267,0.904795968141637,0.999999999846669,"MYH11","OE",FALSE,"Activated",6.65908135295959e-11
"AC058791.1",1.04761007330438e-09,1.18522826908997,0.0141408663522522,0.905342400903609,0.999999999846669,"MYH11","OE",FALSE,"Activated",6.65908135295959e-11
"CXCL9",1.04103708526358e-09,1.18341544848042,0.0139639758122049,0.905933540189372,0.999999999846669,"MYH11","OE",FALSE,"Activated",6.65908135295959e-11
"XCL2",1.03759851455313e-09,1.18246286911632,0.0138718814580133,0.906242807579864,0.999999999846669,"MYH11","OE",FALSE,"Activated",6.65908135295959e-11
"ITGA11",1.03338754880286e-09,1.18129232529356,0.0137595152896997,0.906621564068153,0.999999999846669,"MYH11","OE",FALSE,"Activated",6.65908135295959e-11
"SLC6A6",1.03264538106626e-09,1.18108556343525,0.0137397585173164,0.906688320755861,0.999999999846669,"MYH11","OE",FALSE,"Activated",6.65908135295959e-11
"IRF8",1.0266534417297e-09,1.17941120019481,0.0135807708397788,0.907227309307297,0.999999999846669,"MYH11","OE",FALSE,"Activated",6.65908135295959e-11
"TCIM",1.02261691661106e-09,1.17827814149983,0.0134741889039849,0.907590428008774,0.999999999846669,"MYH11","OE",FALSE,"Activated",6.65908135295959e-11
"KCNJ8",1.02033262375599e-09,1.17763510084723,0.013414059609588,0.907795927539237,0.999999999846669,"MYH11","OE",FALSE,"Activated",6.65908135295959e-11
"TRAC",1.01486118580637e-09,1.1760894250573,0.0132705820644015,0.9082881740528,0.999999999846669,"MYH11","OE",FALSE,"Activated",6.65908135295959e-11
"EFHD1",1.01198272489366e-09,1.17527316263879,0.0131954098528668,0.908547153462343,0.999999999846669,"MYH11","OE",FALSE,"Activated",6.65908135295959e-11
"VMO1",1.01017083691467e-09,1.17475825149297,0.0131482011396801,0.908710176705469,0.999999999846669,"MYH11","OE",FALSE,"Activated",6.65908135295959e-11
"TESC",1.00156673057263e-09,1.17230136185446,0.0129251760196938,0.909484376992113,0.999999999846669,"MYH11","OE",FALSE,"Activated",6.65908135295959e-11
"GIMAP7",9.97275005235584e-10,1.1710685520837,0.012814644277537,0.909870580014191,0.999999999846669,"MYH11","OE",FALSE,"Activated",6.65908135295959e-11
"MEG8",9.95931044639693e-10,1.17068148563429,0.0127801286782324,0.909991524486483,0.999999999846669,"MYH11","OE",FALSE,"Activated",6.65908135295959e-11
"MASP1",9.87792863749458e-10,1.16832727124647,0.0125721181807553,0.910723932671808,0.999999999846669,"MYH11","OE",FALSE,"Activated",6.65908135295959e-11
"SLA2",9.87162598633668e-10,1.16814419955659,0.0125560799202735,0.910780657529575,0.999999999846669,"MYH11","OE",FALSE,"Activated",6.65908135295959e-11
"SUSD2",9.86912364274124e-10,1.1680714845293,0.0125497150835265,0.91080317914404,0.999999999846669,"MYH11","OE",FALSE,"Activated",6.65908135295959e-11
"QPCT",9.85067540911487e-10,1.16753487407961,0.0125028408735484,0.910969219306385,0.999999999846669,"MYH11","OE",FALSE,"Activated",6.65908135295959e-11
"FAP",9.75720646770331e-10,1.16480172584507,0.0122666980823602,0.91181053008143,0.999999999846669,"MYH11","OE",FALSE,"Activated",6.65908135295959e-11
"GASK1B",9.72831604766108e-10,1.16395202839393,0.0121941639202607,0.912070591819254,0.999999999846669,"MYH11","OE",FALSE,"Activated",6.65908135295959e-11
"CPM",9.5357010397746e-10,1.15822656540094,0.0117160695124678,0.913804686000004,0.999999999846669,"MYH11","OE",FALSE,"Activated",6.65908135295959e-11
"CCL2",9.47050262100181e-10,1.15626427084149,0.0115564047320795,0.914391754408832,0.999999999846669,"MYH11","OE",FALSE,"Activated",6.65908135295959e-11
"ITGA7",9.45859184848039e-10,1.15590443836453,0.0115273547107753,0.914499008050796,0.999999999846669,"MYH11","OE",FALSE,"Activated",6.65908135295959e-11
"BMP8B",9.39304768896497e-10,1.15391676625814,0.0113681485710829,0.915089245248355,0.999999999846669,"MYH11","OE",FALSE,"Activated",6.65908135295959e-11
"SPARCL1",9.35793798543467e-10,1.15284675191385,0.0112833227737595,0.915405433857633,0.999999999846669,"MYH11","OE",FALSE,"Activated",6.65908135295959e-11
"TSPAN15",9.24840720948319e-10,1.14948460615652,0.0110207353486715,0.916391924551993,0.999999999846669,"MYH11","OE",FALSE,"Activated",6.65908135295959e-11
"CD4",9.1768732857403e-10,1.14726884844902,0.0108509098722397,0.917036265589838,0.999999999846669,"MYH11","OE",FALSE,"Activated",6.65908135295959e-11
"AC079822.1",9.14202324317352e-10,1.14618357151511,0.0107686516520042,0.917350196738507,0.999999999846669,"MYH11","OE",FALSE,"Activated",6.65908135295959e-11
"TNFSF4",9.13789486525229e-10,1.146054754632,0.0107589279782565,0.917387386254324,0.999999999846669,"MYH11","OE",FALSE,"Activated",6.65908135295959e-11
"RUNX3",9.12494858461725e-10,1.14565044489401,0.0107284637556972,0.917504010932521,0.999999999846669,"MYH11","OE",FALSE,"Activated",6.65908135295959e-11
"EPB41L1",9.0843834339341e-10,1.14438015501758,0.0106332885565031,0.917869447651561,0.999999999846669,"MYH11","OE",FALSE,"Activated",6.65908135295959e-11
"AOC3",9.04506243113635e-10,1.14314380244576,0.0105414371520725,0.918223692856428,0.999999999846669,"MYH11","OE",FALSE,"Activated",6.65908135295959e-11
"ENC1",9.0311109846903e-10,1.14270393702767,0.0105089432085185,0.918349386155658,0.999999999846669,"MYH11","OE",FALSE,"Activated",6.65908135295959e-11
"CALB2",8.95930733759182e-10,1.14043008958904,0.0103425006236141,0.918996321704043,0.999999999846669,"MYH11","OE",FALSE,"Activated",6.65908135295959e-11
"FOXQ1",8.93882743951522e-10,1.13977844804053,0.0102952712428737,0.919180851065911,0.999999999846669,"MYH11","OE",FALSE,"Activated",6.65908135295959e-11
"AUXG01000058.1",8.90360187519144e-10,1.13865437953947,0.0102142892182166,0.919498253002734,0.999999999846669,"MYH11","OE",FALSE,"Activated",6.65908135295959e-11
"FGFBP2",8.842244651801e-10,1.13668656480375,0.0100739952156818,0.920051146329173,0.999999999846669,"MYH11","OE",FALSE,"Activated",6.65908135295959e-11
"ACKR4",8.84054106895611e-10,1.13663174824827,0.0100701137957788,0.920066497960912,0.999999999846669,"MYH11","OE",FALSE,"Activated",6.65908135295959e-11
"SLN",8.83496996791633e-10,1.13645241740174,0.0100574258971446,0.92011670147529,0.999999999846669,"MYH11","OE",FALSE,"Activated",6.65908135295959e-11
"MXRA8",8.82106352915234e-10,1.13600431907295,0.0100257895918363,0.920242019582244,0.999999999846669,"MYH11","OE",FALSE,"Activated",6.65908135295959e-11
"FILIP1",8.80918603124721e-10,1.13562107979963,0.0099988084634424,0.920349055422973,0.999999999846669,"MYH11","OE",FALSE,"Activated",6.65908135295959e-11
"XIRP1",8.74809473431516e-10,1.13364231727019,0.00986060679520952,0.92089961149719,0.999999999846669,"MYH11","OE",FALSE,"Activated",6.65908135295959e-11
"MRVI1",8.72676485024506e-10,1.13294842245574,0.0098125805232305,0.921091845811354,0.999999999846669,"MYH11","OE",FALSE,"Activated",6.65908135295959e-11
"VGLL3",8.62012278016042e-10,1.12945545873228,0.00957422412279652,0.922053020064997,0.999999999846669,"MYH11","OE",FALSE,"Activated",6.65908135295959e-11
"FLT1",8.4887616155423e-10,1.12509742419155,0.00928464625356175,0.923237146017774,0.999999999846669,"MYH11","OE",FALSE,"Activated",6.65908135295959e-11
"LMOD1",8.44848858958345e-10,1.12374881692872,0.00919675738948699,0.923600212436467,0.999999999846669,"MYH11","OE",FALSE,"Activated",6.65908135295959e-11
"GLIPR1",8.38924751282037e-10,1.12175417622254,0.00906823365732499,0.924134307136625,0.999999999846669,"MYH11","OE",FALSE,"Activated",6.65908135295959e-11
"DMD",8.38439429410519e-10,1.12159019140033,0.00905774466145207,0.924178063403782,0.999999999846669,"MYH11","OE",FALSE,"Activated",6.65908135295959e-11
"TAGAP",8.35462968666242e-10,1.12058255205409,0.00899354880800795,0.924446423953976,0.999999999846669,"MYH11","OE",FALSE,"Activated",6.65908135295959e-11
"STC2",8.33600233213207e-10,1.11995025653553,0.0089534897577135,0.924614374342075,0.999999999846669,"MYH11","OE",FALSE,"Activated",6.65908135295959e-11
"PDE3A",8.32311623246646e-10,1.11951207881515,0.00892582988409977,0.924730561644585,0.999999999846669,"MYH11","OE",FALSE,"Activated",6.65908135295959e-11
"IGHG1",8.2711331266954e-10,1.11773804818579,0.00881468319728079,0.925199282727872,0.999999999846669,"MYH11","OE",FALSE,"Activated",6.65908135295959e-11
"TPPP3",8.22866809135535e-10,1.11628116327118,0.008724404166455,0.925582200585716,0.999999999846669,"MYH11","OE",FALSE,"Activated",6.65908135295959e-11
"FRMD6-AS1",8.08667855051616e-10,1.11135873065475,0.0084259144685776,0.926862680532829,0.999999999846669,"MYH11","OE",FALSE,"Activated",6.65908135295959e-11
"SLA",8.06233003575103e-10,1.11050659802713,0.00837525098753053,0.927082277692658,0.999999999846669,"MYH11","OE",FALSE,"Activated",6.65908135295959e-11
"ZNF331",7.93006786486878e-10,1.10583572912159,0.00810271370598005,0.928275235437272,0.999999999846669,"MYH11","OE",FALSE,"Activated",6.65908135295959e-11
"ERFE",7.88813324244442e-10,1.10433973113815,0.00801724512057996,0.928653504608184,0.999999999846669,"MYH11","OE",FALSE,"Activated",6.65908135295959e-11
"RPL39L",7.87442538443017e-10,1.10384911246295,0.00798940487906445,0.928777159158635,0.999999999846669,"MYH11","OE",FALSE,"Activated",6.65908135295959e-11
"THBS1",7.85620414632307e-10,1.1031957294817,0.00795247306225058,0.9289415302437,0.999999999846669,"MYH11","OE",FALSE,"Activated",6.65908135295959e-11
"C3orf80",7.79239852961774e-10,1.10089665431991,0.00782382265638538,0.929517135093897,0.999999999846669,"MYH11","OE",FALSE,"Activated",6.65908135295959e-11
"RGPD3",7.77381311970452e-10,1.10022369742188,0.00778654644537073,0.929684805214264,0.999999999846669,"MYH11","OE",FALSE,"Activated",6.65908135295959e-11
"HYDIN",7.75130388500668e-10,1.09940666567814,0.00774151951947146,0.92988787868812,0.999999999846669,"MYH11","OE",FALSE,"Activated",6.65908135295959e-11
"MARCKSL1",7.6928169357412e-10,1.09727341364913,0.00762513402783963,0.930415556673826,0.999999999846669,"MYH11","OE",FALSE,"Activated",6.65908135295959e-11
"SLC13A5",7.69154669980769e-10,1.09722691667606,0.00762261611543663,0.930427017272255,0.999999999846669,"MYH11","OE",FALSE,"Activated",6.65908135295959e-11
"PRKAR2B",7.68931721935961e-10,1.09714528937356,0.0076181977555834,0.930447132609694,0.999999999846669,"MYH11","OE",FALSE,"Activated",6.65908135295959e-11
"LINC01614",7.66368864125322e-10,1.09620538073727,0.00756749931353334,0.930678367920304,0.999999999846669,"MYH11","OE",FALSE,"Activated",6.65908135295959e-11
"C5orf46",7.61805149165751e-10,1.09452444402589,0.0074776389837991,0.931090146186479,0.999999999846669,"MYH11","OE",FALSE,"Activated",6.65908135295959e-11
"LPL",7.60352186711765e-10,1.09398732249013,0.00744914254280083,0.93122124903948,0.999999999846669,"MYH11","OE",FALSE,"Activated",6.65908135295959e-11
"CDH2",7.5996639715371e-10,1.09384454669432,0.00744158532812821,0.931256059689511,0.999999999846669,"MYH11","OE",FALSE,"Activated",6.65908135295959e-11
"LBH",7.51375462838038e-10,1.09064763924098,0.00727429154740372,0.932031272751271,0.999999999846669,"MYH11","OE",FALSE,"Activated",6.65908135295959e-11
"H1F0",7.42464508737493e-10,1.0872956839587,0.00710277541744381,0.932835431290878,0.999999999846669,"MYH11","OE",FALSE,"Activated",6.65908135295959e-11
"ABL2",7.37683287489578e-10,1.08548178799019,0.00701159100375339,0.933266935273343,0.999999999846669,"MYH11","OE",FALSE,"Activated",6.65908135295959e-11
"FZD10",7.32677702939795e-10,1.0835710718137,0.00691675888367568,0.933718708995766,0.999999999846669,"MYH11","OE",FALSE,"Activated",6.65908135295959e-11
"GRIN2A",7.2648657844023e-10,1.08119102435843,0.0068003595715503,0.934277511884849,0.999999999846669,"MYH11","OE",FALSE,"Activated",6.65908135295959e-11
"FHL5",7.20986423683806e-10,1.0790607994805,0.00669777971966472,0.934773975912441,0.999999999846669,"MYH11","OE",FALSE,"Activated",6.65908135295959e-11
"CD8A",7.20880381091985e-10,1.07901958123482,0.00669580964736971,0.934783547953395,0.999999999846669,"MYH11","OE",FALSE,"Activated",6.65908135295959e-11
"ASPN",7.09643018673218e-10,1.07461953123347,0.00648868296926889,0.935797952911403,0.999999999846669,"MYH11","OE",FALSE,"Activated",6.65908135295959e-11
"EDIL3",7.09408620818964e-10,1.07452706638958,0.00648439720265157,0.935819113293328,0.999999999846669,"MYH11","OE",FALSE,"Activated",6.65908135295959e-11
"KRT7",7.07753538058542e-10,1.073873366087,0.00645417570735494,0.935968527995405,0.999999999846669,"MYH11","OE",FALSE,"Activated",6.65908135295959e-11
"FCRL5",6.95895933443956e-10,1.06914819390078,0.00623972261271948,0.937039053978854,0.999999999846669,"MYH11","OE",FALSE,"Activated",6.65908135295959e-11
"EPHA3",6.91021013053127e-10,1.06718391567174,0.00615260726611247,0.937479203732893,0.999999999846669,"MYH11","OE",FALSE,"Activated",6.65908135295959e-11
"ALG9",6.86970717518675e-10,1.06554212471119,0.00608069383490725,0.937844913796694,0.999999999846669,"MYH11","OE",FALSE,"Activated",6.65908135295959e-11
"CD3E",6.8544167718572e-10,1.06491999549623,0.00605365548031612,0.937982977613954,0.999999999846669,"MYH11","OE",FALSE,"Activated",6.65908135295959e-11
"PPP1R12B",6.84941983569828e-10,1.06471640374277,0.00604483235070591,0.938028097565958,0.999999999846669,"MYH11","OE",FALSE,"Activated",6.65908135295959e-11
"CYP26B1",6.78003748641458e-10,1.06187523363745,0.00592298832172626,0.938654607610814,0.999999999846669,"MYH11","OE",FALSE,"Activated",6.65908135295959e-11
"LILRB5",6.60847433920368e-10,1.05473253129676,0.00562702833632234,0.940203953983108,0.999999999846669,"MYH11","OE",FALSE,"Activated",6.65908135295959e-11
"COL25A1",6.5939347836189e-10,1.05411933792126,0.00560229509669931,0.940335267771051,0.999999999846669,"MYH11","OE",FALSE,"Activated",6.65908135295959e-11
"VCAM1",6.59101397554105e-10,1.05399600433494,0.00559733308077617,0.940361647203135,0.999999999846669,"MYH11","OE",FALSE,"Activated",6.65908135295959e-11
"LRRC15",6.57433629075311e-10,1.05329080405573,0.00556904230441539,0.940512273844846,0.999999999846669,"MYH11","OE",FALSE,"Activated",6.65908135295959e-11
"VCAN",6.50108614316837e-10,1.0501737433815,0.00544563498497651,0.941173867041111,0.999999999846669,"MYH11","OE",FALSE,"Activated",6.65908135295959e-11
"HSPA1A",6.48380761750882e-10,1.04943374046043,0.00541672673715093,0.941329932115008,0.999999999846669,"MYH11","OE",FALSE,"Activated",6.65908135295959e-11
"EGR1",6.42561936257582e-10,1.04692815973118,0.00531993930129063,0.941855523253789,0.999999999846669,"MYH11","OE",FALSE,"Activated",6.65908135295959e-11
"RERG",6.4146773603634e-10,1.04645465261682,0.00530183638495348,0.941954360800891,0.999999999846669,"MYH11","OE",FALSE,"Activated",6.65908135295959e-11
"CD79A",6.40185385580149e-10,1.04589877211666,0.00528065989792766,0.942070194828184,0.999999999846669,"MYH11","OE",FALSE,"Activated",6.65908135295959e-11
"HOXB2",6.36283630008425e-10,1.04420105361979,0.00521648768396473,0.942422645836707,0.999999999846669,"MYH11","OE",FALSE,"Activated",6.65908135295959e-11
"LRRC10B",6.36176866872747e-10,1.0441544638545,0.00521473726376816,0.942432290058055,0.999999999846669,"MYH11","OE",FALSE,"Activated",6.65908135295959e-11
"VEPH1",6.29546678507118e-10,1.04124687305845,0.00510660845654087,0.943031230538032,0.999999999846669,"MYH11","OE",FALSE,"Activated",6.65908135295959e-11
"HOXB5",6.27330541684751e-10,1.04026868755636,0.00507071906370368,0.943231433264412,0.999999999846669,"MYH11","OE",FALSE,"Activated",6.65908135295959e-11
"GDF6",6.27330529974477e-10,1.04026868237908,0.00507071887439515,0.943231434322311,0.999999999846669,"MYH11","OE",FALSE,"Activated",6.65908135295959e-11
"GRP",6.27127402106472e-10,1.04017886331287,0.00506743563690313,0.943249784791748,0.999999999846669,"MYH11","OE",FALSE,"Activated",6.65908135295959e-11
"CCDC168",6.24014260424084e-10,1.03879891389816,0.00501724969740181,0.94353102820801,0.999999999846669,"MYH11","OE",FALSE,"Activated",6.65908135295959e-11
"CTSC",6.19180000503082e-10,1.03664336479527,0.00493981320370923,0.943967772601195,0.999999999846669,"MYH11","OE",FALSE,"Activated",6.65908135295959e-11
"CCR1",6.12849840190072e-10,1.03379712391355,0.00483932556945418,0.944539687454203,0.999999999846669,"MYH11","OE",FALSE,"Activated",6.65908135295959e-11
"HIST1H1A",6.03576120861501e-10,1.02957782307293,0.00469397514167689,0.945377597365515,0.999999999846669,"MYH11","OE",FALSE,"Activated",6.65908135295959e-11
"TIGIT",6.02151878004604e-10,1.02892451889799,0.00467184877617116,0.945506287594642,0.999999999846669,"MYH11","OE",FALSE,"Activated",6.65908135295959e-11
"PDLIM3",6.02143380454662e-10,1.02892061675617,0.00467171691911107,0.94550705541154,0.999999999846669,"MYH11","OE",FALSE,"Activated",6.65908135295959e-11
"SUGCT",6.00901090953391e-10,1.02834959830515,0.00465246024933987,0.945619306060531,0.999999999846669,"MYH11","OE",FALSE,"Activated",6.65908135295959e-11
"RCAN1",6.0006111413476e-10,1.02796288317385,0.00463946234527792,0.945695205199303,0.999999999846669,"MYH11","OE",FALSE,"Activated",6.65908135295959e-11
"APOLD1",6.00057242029532e-10,1.02796109934328,0.0046394024699485,0.945695555078496,0.999999999846669,"MYH11","OE",FALSE,"Activated",6.65908135295959e-11
"CRIP1",5.95420883693075e-10,1.02581750202002,0.00456798650399346,0.946114498841792,0.999999999846669,"MYH11","OE",FALSE,"Activated",6.65908135295959e-11
"FAM13C",5.90567104762573e-10,1.02355675809816,0.00449381501989085,0.946553104808204,0.999999999846669,"MYH11","OE",FALSE,"Activated",6.65908135295959e-11
"SORT1",5.70051923455253e-10,1.01380731260329,0.00418702464352334,0.948407112154192,0.999999999846669,"MYH11","OE",FALSE,"Activated",6.65908135295959e-11
"NETO1",5.69180355674434e-10,1.01338596110473,0.00417423112107877,0.948485884133923,0.999999999846669,"MYH11","OE",FALSE,"Activated",6.65908135295959e-11
"EGR3",5.68838746936654e-10,1.01322065049197,0.00416922207289855,0.948516758745061,0.999999999846669,"MYH11","OE",FALSE,"Activated",6.65908135295959e-11
"MPZ",5.6854855863739e-10,1.01308015093026,0.00416496937081279,0.948542986035673,0.999999999846669,"MYH11","OE",FALSE,"Activated",6.65908135295959e-11
"LAMP5",5.60013915376753e-10,1.00891797901483,0.00404086483218364,0.949314374028099,0.999999999846669,"MYH11","OE",FALSE,"Activated",6.65908135295959e-11
"PHGDH",5.58851207690632e-10,1.00834641063941,0.00402410286577513,0.949419466911035,0.999999999846669,"MYH11","OE",FALSE,"Activated",6.65908135295959e-11
"KLHL23",5.56937878191262e-10,1.00740344749652,0.00399659552785368,0.949592407660799,0.999999999846669,"MYH11","OE",FALSE,"Activated",6.65908135295959e-11
"MLXIPL",5.48313529050572e-10,1.00311544992126,0.00387377694199963,0.950371968930555,0.999999999846669,"MYH11","OE",FALSE,"Activated",6.65908135295959e-11
"LINC02345",5.4831344135378e-10,1.00311540600208,0.00387377570286266,0.950371976857775,0.999999999846669,"MYH11","OE",FALSE,"Activated",6.65908135295959e-11
"CD3G",5.46672484258589e-10,1.00229246214223,0.00385062402615493,0.950520309579598,0.999999999846669,"MYH11","OE",FALSE,"Activated",6.65908135295959e-11
"CYTL1",5.45238359688705e-10,1.0015713701391,0.00383044729804974,0.950649947280461,0.999999999846669,"MYH11","OE",FALSE,"Activated",6.65908135295959e-11
"HAVCR2",5.45224180165054e-10,1.0015642317708,0.00383024807064453,0.950651229045131,0.999999999846669,"MYH11","OE",FALSE,"Activated",6.65908135295959e-11
"CD200R1",5.45125645446291e-10,1.00151462189274,0.00382886376552179,0.950660136140625,0.999999999846669,"MYH11","OE",FALSE,"Activated",6.65908135295959e-11
"MITF",5.44154367551068e-10,1.00102516186694,0.00381523176085432,0.950747935624491,0.999999999846669,"MYH11","OE",FALSE,"Activated",6.65908135295959e-11
"NDNF",5.43908992319727e-10,1.0009013809353,0.00381179173589105,0.950770116619962,0.999999999846669,"MYH11","OE",FALSE,"Activated",6.65908135295959e-11
"MAFB",5.383572963084e-10,0.998086887163788,0.0037343747078893,0.951271979162217,0.999999999846669,"MYH11","OE",FALSE,"Activated",6.65908135295959e-11
"CYFIP2",5.36126846973099e-10,0.996948562621243,0.00370349529320965,0.951473612905667,0.999999999846669,"MYH11","OE",FALSE,"Activated",6.65908135295959e-11
"SLC8A1",5.35179980744165e-10,0.996463996801008,0.00369042518490835,0.951559211029843,0.999999999846669,"MYH11","OE",FALSE,"Activated",6.65908135295959e-11
"CCDC71L",5.34996215143238e-10,0.99636986141913,0.00368789124569735,0.951575823779982,0.999999999846669,"MYH11","OE",FALSE,"Activated",6.65908135295959e-11
"NRCAM",5.34875588631748e-10,0.996308053257146,0.00368622840288932,0.951586728651121,0.999999999846669,"MYH11","OE",FALSE,"Activated",6.65908135295959e-11
"ADAMTSL1",5.33761351652454e-10,0.995736515174031,0.0036708863160502,0.951687458268509,0.999999999846669,"MYH11","OE",FALSE,"Activated",6.65908135295959e-11
"KDM6B",5.30946643680724e-10,0.994287800415419,0.00363227269370477,0.951941917857287,0.999999999846669,"MYH11","OE",FALSE,"Activated",6.65908135295959e-11
"CLSPN",5.28752436304238e-10,0.993153512981365,0.00360231303137133,0.952140285390364,0.999999999846669,"MYH11","OE",FALSE,"Activated",6.65908135295959e-11
"SLC5A3",5.27215344040144e-10,0.992356319894688,0.00358139950394223,0.952279248134248,0.999999999846669,"MYH11","OE",FALSE,"Activated",6.65908135295959e-11
"PLXNC1",5.26572129103889e-10,0.992022085894772,0.00357266605393521,0.952337399213942,0.999999999846669,"MYH11","OE",FALSE,"Activated",6.65908135295959e-11
"FRZB",5.26009433858297e-10,0.991729382217852,0.00356503462805481,0.952388270964725,0.999999999846669,"MYH11","OE",FALSE,"Activated",6.65908135295959e-11
"LMO7",5.23643101620146e-10,0.99049527802729,0.00353303109200767,0.952602206764488,0.999999999846669,"MYH11","OE",FALSE,"Activated",6.65908135295959e-11
"MMP11",5.22119285333588e-10,0.989697831759509,0.00351249856916347,0.95273997403624,0.999999999846669,"MYH11","OE",FALSE,"Activated",6.65908135295959e-11
"ACP5",5.21172208781649e-10,0.989201119377494,0.00349976742496504,0.952825599343362,0.999999999846669,"MYH11","OE",FALSE,"Activated",6.65908135295959e-11
"PLN",5.19943527723995e-10,0.988555467178952,0.00348328523709729,0.952936685359724,0.999999999846669,"MYH11","OE",FALSE,"Activated",6.65908135295959e-11
"SMOX",5.19191544210536e-10,0.988159614647649,0.00347321691713945,0.953004673229114,0.999999999846669,"MYH11","OE",FALSE,"Activated",6.65908135295959e-11
"SHCBP1",5.17369176024601e-10,0.987198093097286,0.00344887764655645,0.953169437474775,0.999999999846669,"MYH11","OE",FALSE,"Activated",6.65908135295959e-11
"LCK",5.12055622495466e-10,0.984376535710414,0.00337839919200198,0.953649858732295,0.999999999846669,"MYH11","OE",FALSE,"Activated",6.65908135295959e-11
"LCP2",5.10121501043021e-10,0.983342761323835,0.00335292581135093,0.953824735172424,0.999999999846669,"MYH11","OE",FALSE,"Activated",6.65908135295959e-11
"MROH8",4.95896637282141e-10,0.975626210588079,0.00316853867780921,0.955110964938087,0.999999999846669,"MYH11","OE",FALSE,"Activated",6.65908135295959e-11
"TRBC2",4.8876048878861e-10,0.971677545461986,0.00307800178344628,0.95575626855215,0.999999999846669,"MYH11","OE",FALSE,"Activated",6.65908135295959e-11
"RRAD",4.87155305109537e-10,0.970781994000873,0.00305781747993242,0.955901425207582,0.999999999846669,"MYH11","OE",FALSE,"Activated",6.65908135295959e-11
"RHOH",4.83319902760921e-10,0.968631063069568,0.00300985826544328,0.956248266305098,0.999999999846669,"MYH11","OE",FALSE,"Activated",6.65908135295959e-11
"CYTIP",4.82622302211322e-10,0.968238144016738,0.00300117596835248,0.956311352245183,0.999999999846669,"MYH11","OE",FALSE,"Activated",6.65908135295959e-11
"FADS3",4.81254767679179e-10,0.967466360657035,0.00298419209914507,0.956435022955175,0.999999999846669,"MYH11","OE",FALSE,"Activated",6.65908135295959e-11
"MRC2",4.76195553070748e-10,0.964593373131048,0.00292177895842268,0.956892553703552,0.999999999846669,"MYH11","OE",FALSE,"Activated",6.65908135295959e-11
"SMC4",4.74728636912507e-10,0.963755066384857,0.00290380565633037,0.957025217124829,0.999999999846669,"MYH11","OE",FALSE,"Activated",6.65908135295959e-11
"HRH2",4.74459592363624e-10,0.963601053754245,0.00290051522200207,0.957049548822172,0.999999999846669,"MYH11","OE",FALSE,"Activated",6.65908135295959e-11
"NNMT",4.74336589177092e-10,0.963530614520714,0.00289901150546158,0.957060672927478,0.999999999846669,"MYH11","OE",FALSE,"Activated",6.65908135295959e-11
"FBXO5",4.74187358736234e-10,0.963445133228558,0.00289718768363656,0.95707416897231,0.999999999846669,"MYH11","OE",FALSE,"Activated",6.65908135295959e-11
"EVA1A",4.71575387481102e-10,0.961944911873526,0.00286535836935168,0.957310391406524,0.999999999846669,"MYH11","OE",FALSE,"Activated",6.65908135295959e-11
"FJX1",4.61415226525188e-10,0.956035158085223,0.00274321931618552,0.95822929531181,0.999999999846669,"MYH11","OE",FALSE,"Activated",6.65908135295959e-11
"LINC02802",4.60431412104112e-10,0.955456530867307,0.00273153378262681,0.958318276289967,0.999999999846669,"MYH11","OE",FALSE,"Activated",6.65908135295959e-11
"PTPN7",4.58838681846714e-10,0.954517340456991,0.00271266855505608,0.958462331688918,0.999999999846669,"MYH11","OE",FALSE,"Activated",6.65908135295959e-11
"FPR3",4.55653598139401e-10,0.952630092778447,0.00267513864009618,0.958750412470168,0.999999999846669,"MYH11","OE",FALSE,"Activated",6.65908135295959e-11
"FCGR3A",4.55276062769822e-10,0.952405583765553,0.00267070746231391,0.958784559712118,0.999999999846669,"MYH11","OE",FALSE,"Activated",6.65908135295959e-11
"MSR1",4.54817157773034e-10,0.95213245443269,0.00266532618526224,0.958826066759304,0.999999999846669,"MYH11","OE",FALSE,"Activated",6.65908135295959e-11
"F2RL2",4.54601737895035e-10,0.952004153631568,0.00266280196972597,0.958845551098707,0.999999999846669,"MYH11","OE",FALSE,"Activated",6.65908135295959e-11
"BAALC",4.53187391489885e-10,0.951160389650745,0.00264625884839346,0.958973476790001,0.999999999846669,"MYH11","OE",FALSE,"Activated",6.65908135295959e-11
"PDE1A",4.49864959503756e-10,0.949168677951847,0.00260760028481826,0.959273990353541,0.999999999846669,"MYH11","OE",FALSE,"Activated",6.65908135295959e-11
"HEG1",4.47978932539345e-10,0.948031985152186,0.00258578175837686,0.959444583837811,0.999999999846669,"MYH11","OE",FALSE,"Activated",6.65908135295959e-11
"IKZF1",4.47401468028503e-10,0.947683065962961,0.00257911968258944,0.959496816592636,0.999999999846669,"MYH11","OE",FALSE,"Activated",6.65908135295959e-11
"CD209",4.44153319096818e-10,0.945712645303482,0.00254180664063424,0.959790621026805,0.999999999846669,"MYH11","OE",FALSE,"Activated",6.65908135295959e-11
"CREM",4.44066116353445e-10,0.945659561914265,0.00254080864852832,0.959798508841777,0.999999999846669,"MYH11","OE",FALSE,"Activated",6.65908135295959e-11
"GADD45B",4.43437896875645e-10,0.945276857051237,0.00253362477944501,0.959855333764349,0.999999999846669,"MYH11","OE",FALSE,"Activated",6.65908135295959e-11
"HYMAI",4.43206664951e-10,0.945135866527386,0.00253098313699468,0.959876249652745,0.999999999846669,"MYH11","OE",FALSE,"Activated",6.65908135295959e-11
"CITED2",4.42783637021657e-10,0.944877754625026,0.00252615394251099,0.959914514358186,0.999999999846669,"MYH11","OE",FALSE,"Activated",6.65908135295959e-11
"NTN1",4.41283232379857e-10,0.943960432920948,0.00250906283520545,0.960050233190046,0.999999999846669,"MYH11","OE",FALSE,"Activated",6.65908135295959e-11
"ICAM1",4.40228226388479e-10,0.943313689469141,0.00249708000034241,0.960145664260656,0.999999999846669,"MYH11","OE",FALSE,"Activated",6.65908135295959e-11
"CD3D",4.36846838961683e-10,0.941231104795374,0.00245886724232323,0.96045153311631,0.999999999846669,"MYH11","OE",FALSE,"Activated",6.65908135295959e-11
"ADAMTS5",4.33594671572764e-10,0.939213976859318,0.00242239275714022,0.960745718657591,0.999999999846669,"MYH11","OE",FALSE,"Activated",6.65908135295959e-11
"GPR65",4.32891944857029e-10,0.938776276868903,0.00241454717795945,0.960809286827026,0.999999999846669,"MYH11","OE",FALSE,"Activated",6.65908135295959e-11
"IGHGP",4.30268107034324e-10,0.937136159407007,0.0023853658530029,0.961046639568359,0.999999999846669,"MYH11","OE",FALSE,"Activated",6.65908135295959e-11
"HSPA1B",4.30073022039728e-10,0.937013845438161,0.00238320327770845,0.961064287122776,0.999999999846669,"MYH11","OE",FALSE,"Activated",6.65908135295959e-11
"TNFRSF17",4.29945568955391e-10,0.936933907430227,0.00238179095196471,0.961075816647414,0.999999999846669,"MYH11","OE",FALSE,"Activated",6.65908135295959e-11
"IGHV3-33",4.29945516105669e-10,0.936933874278565,0.00238179036641625,0.96107582142825,0.999999999846669,"MYH11","OE",FALSE,"Activated",6.65908135295959e-11
"AC021739.4",4.29945447249769e-10,0.936933831086516,0.00238178960352747,0.961075827657022,0.999999999846669,"MYH11","OE",FALSE,"Activated",6.65908135295959e-11
"CLIC5",4.29945437849658e-10,0.936933825189997,0.00238178949937897,0.961075828507365,0.999999999846669,"MYH11","OE",FALSE,"Activated",6.65908135295959e-11
"HIST1H2AH",4.28619639637653e-10,0.936100986467429,0.00236712297074056,0.961195761930033,0.999999999846669,"MYH11","OE",FALSE,"Activated",6.65908135295959e-11
"C15orf48",4.28349574772828e-10,0.935931044978526,0.00236414095457461,0.961220192455084,0.999999999846669,"MYH11","OE",FALSE,"Activated",6.65908135295959e-11
"IGKC",4.2381544436881e-10,0.933062975650498,0.00231435642640917,0.9616303629902,0.999999999846669,"MYH11","OE",FALSE,"Activated",6.65908135295959e-11
"ADRA2A",4.23251404606202e-10,0.932704206789647,0.00230820034870837,0.961681388369078,0.999999999846669,"MYH11","OE",FALSE,"Activated",6.65908135295959e-11
"SATB1",4.21849933257307e-10,0.931810852545385,0.00229293981582259,0.961808171965395,0.999999999846669,"MYH11","OE",FALSE,"Activated",6.65908135295959e-11
"SYNPO2L",4.2129937074914e-10,0.931459149826446,0.00228695862296745,0.961857978667041,0.999999999846669,"MYH11","OE",FALSE,"Activated",6.65908135295959e-11
"SLC16A3",4.17654029823484e-10,0.929119688986067,0.00224755350097746,0.962187758606369,0.999999999846669,"MYH11","OE",FALSE,"Activated",6.65908135295959e-11
"GPC6",4.17107111140656e-10,0.928767064501462,0.00224167100458639,0.962237236790512,0.999999999846669,"MYH11","OE",FALSE,"Activated",6.65908135295959e-11
"MZB1",4.13241275606984e-10,0.92626229832795,0.00220031101639273,0.962586972117724,0.999999999846669,"MYH11","OE",FALSE,"Activated",6.65908135295959e-11
"CRB2",4.10976525979076e-10,0.924784816497242,0.00217625969878179,0.962791863373311,0.999999999846669,"MYH11","OE",FALSE,"Activated",6.65908135295959e-11
"STX11",4.08513611078936e-10,0.923169473503388,0.00215025392242703,0.963014685373455,0.999999999846669,"MYH11","OE",FALSE,"Activated",6.65908135295959e-11
"LINC02446",4.0796414636209e-10,0.922807868068213,0.00214447348300288,0.963064396307184,0.999999999846669,"MYH11","OE",FALSE,"Activated",6.65908135295959e-11
"GPAT2",4.06735353827515e-10,0.921997558987473,0.00213157458227757,0.963175567612118,0.999999999846669,"MYH11","OE",FALSE,"Activated",6.65908135295959e-11
"CCL8",4.05559105733256e-10,0.921219773380378,0.00211926370193717,0.963281985787692,0.999999999846669,"MYH11","OE",FALSE,"Activated",6.65908135295959e-11
"APOE",4.04011620614961e-10,0.920193322207495,0.00210312167887777,0.963421991723017,0.999999999846669,"MYH11","OE",FALSE,"Activated",6.65908135295959e-11
"ALPL",3.97974598869222e-10,0.916153832738001,0.00204073866793839,0.963968191159705,0.999999999846669,"MYH11","OE",FALSE,"Activated",6.65908135295959e-11
"NEB",3.96583863776965e-10,0.915215227559579,0.0020265007345394,0.96409402029841,0.999999999846669,"MYH11","OE",FALSE,"Activated",6.65908135295959e-11
"PPDPFL",3.96583811573727e-10,0.915215192270521,0.00202650020103362,0.964094025021605,0.999999999846669,"MYH11","OE",FALSE,"Activated",6.65908135295959e-11
"SLC16A6",3.9637526154363e-10,0.915074179428124,0.00202436942542937,0.964112894019841,0.999999999846669,"MYH11","OE",FALSE,"Activated",6.65908135295959e-11
"HIST1H1C",3.94548296305123e-10,0.913835916276795,0.00200575106293354,0.964278193362122,0.999999999846669,"MYH11","OE",FALSE,"Activated",6.65908135295959e-11
"CDK1",3.92938703096657e-10,0.912740574424218,0.00198941918181806,0.96442382668762,0.999999999846669,"MYH11","OE",FALSE,"Activated",6.65908135295959e-11
"BATF",3.88849433303665e-10,0.909938994788342,0.00194822731009085,0.964793822366728,0.999999999846669,"MYH11","OE",FALSE,"Activated",6.65908135295959e-11
"APOBEC3G",3.88441408419392e-10,0.909657959864576,0.00194414085352498,0.964830740730642,0.999999999846669,"MYH11","OE",FALSE,"Activated",6.65908135295959e-11
"TNFAIP3",3.8543225852573e-10,0.907576868619468,0.00191413606454507,0.965103012944955,0.999999999846669,"MYH11","OE",FALSE,"Activated",6.65908135295959e-11
"SOD2",3.85271596916164e-10,0.90746533444281,0.00191254063977187,0.965117549953377,0.999999999846669,"MYH11","OE",FALSE,"Activated",6.65908135295959e-11
"RAB11FIP1",3.84865620138792e-10,0.907183306049216,0.00190851211545618,0.965154283658125,0.999999999846669,"MYH11","OE",FALSE,"Activated",6.65908135295959e-11
"KLF2",3.82336215743743e-10,0.90541992201015,0.00188350839766691,0.965383151599395,0.999999999846669,"MYH11","OE",FALSE,"Activated",6.65908135295959e-11
"TFEC",3.81676799909218e-10,0.904958432762456,0.00187701702092568,0.965442817950938,0.999999999846669,"MYH11","OE",FALSE,"Activated",6.65908135295959e-11
"USP2",3.8020082459345e-10,0.903922796625203,0.0018625279346102,0.965576370285491,0.999999999846669,"MYH11","OE",FALSE,"Activated",6.65908135295959e-11
"GMPR",3.7971053260004e-10,0.903577953459056,0.00185772734674866,0.965620734141219,0.999999999846669,"MYH11","OE",FALSE,"Activated",6.65908135295959e-11
"CD84",3.78342232400286e-10,0.90261338445656,0.00184436269911704,0.965744544746428,0.999999999846669,"MYH11","OE",FALSE,"Activated",6.65908135295959e-11
"TNFSF11",3.78104853737665e-10,0.902445718129686,0.00184204905306971,0.965766024032207,0.999999999846669,"MYH11","OE",FALSE,"Activated",6.65908135295959e-11
"ADA2",3.76887260962494e-10,0.901584167589107,0.00183020443218981,0.965876198702088,0.999999999846669,"MYH11","OE",FALSE,"Activated",6.65908135295959e-11
"SYPL2",3.75147035821882e-10,0.900348325504824,0.0018133420172505,0.966033665229985,0.999999999846669,"MYH11","OE",FALSE,"Activated",6.65908135295959e-11
"AC140912.1",3.7279409813897e-10,0.898668890467937,0.00179066663954851,0.966246575951669,0.999999999846669,"MYH11","OE",FALSE,"Activated",6.65908135295959e-11
"MEGF10",3.68308418164791e-10,0.895439815253011,0.0017478331693962,0.966652479186432,0.999999999846669,"MYH11","OE",FALSE,"Activated",6.65908135295959e-11
"AC079753.2",3.66988290183432e-10,0.894482567727287,0.00173532610619453,0.966771937467888,0.999999999846669,"MYH11","OE",FALSE,"Activated",6.65908135295959e-11
"LINC02384",3.65083180426315e-10,0.893095504056494,0.00171735601959955,0.966944332019976,0.999999999846669,"MYH11","OE",FALSE,"Activated",6.65908135295959e-11
"IL32",3.61286264879077e-10,0.890310958344012,0.0016818202937266,0.967287921839972,0.999999999846669,"MYH11","OE",FALSE,"Activated",6.65908135295959e-11
"ZNF385D",3.60337025422732e-10,0.889610581098834,0.00167299431228929,0.967373821202835,0.999999999846669,"MYH11","OE",FALSE,"Activated",6.65908135295959e-11
"JAG1",3.58263635919916e-10,0.888074812124647,0.00165379678939267,0.967561449397691,0.999999999846669,"MYH11","OE",FALSE,"Activated",6.65908135295959e-11
"FRY",3.57802573878598e-10,0.887732183129647,0.00164954287020377,0.96760317274259,0.999999999846669,"MYH11","OE",FALSE,"Activated",6.65908135295959e-11
"ADAMTS1",3.57718011677169e-10,0.887669298066997,0.00164876326433509,0.967610825123439,0.999999999846669,"MYH11","OE",FALSE,"Activated",6.65908135295959e-11
"SYCE1",3.55805518036582e-10,0.886243375104954,0.00163118058785196,0.967783895321483,0.999999999846669,"MYH11","OE",FALSE,"Activated",6.65908135295959e-11
"SYNM",3.55117800924629e-10,0.88572888955761,0.00162488104148767,0.967846130324239,0.999999999846669,"MYH11","OE",FALSE,"Activated",6.65908135295959e-11
"ATAD2",3.53429470256305e-10,0.884461915560842,0.00160946747906975,0.967998916742678,0.999999999846669,"MYH11","OE",FALSE,"Activated",6.65908135295959e-11
"SMOC2",3.51843378427222e-10,0.883266549027923,0.00159505422046379,0.968142452071008,0.999999999846669,"MYH11","OE",FALSE,"Activated",6.65908135295959e-11
"ITGA5",3.50244520112533e-10,0.882056500374181,0.00158059056215495,0.9682871437627,0.999999999846669,"MYH11","OE",FALSE,"Activated",6.65908135295959e-11
"GABBR2",3.49199032700425e-10,0.881262485382249,0.00157116845225006,0.968381757678139,0.999999999846669,"MYH11","OE",FALSE,"Activated",6.65908135295959e-11
"IL11",3.48921103901878e-10,0.881051036810317,0.00156866844999024,0.968406909592821,0.999999999846669,"MYH11","OE",FALSE,"Activated",6.65908135295959e-11
"KNL1",3.47243823154748e-10,0.87977163930864,0.00155362336699714,0.96855870029475,0.999999999846669,"MYH11","OE",FALSE,"Activated",6.65908135295959e-11
"CENPK",3.45595201156412e-10,0.878508513678182,0.00153890600005166,0.968707898544794,0.999999999846669,"MYH11","OE",FALSE,"Activated",6.65908135295959e-11
"MPEG1",3.45032442191855e-10,0.87807606679193,0.00153389824513837,0.96875882778547,0.999999999846669,"MYH11","OE",FALSE,"Activated",6.65908135295959e-11
"ZC3H12A",3.42359279067911e-10,0.876012938404894,0.00151022234797253,0.969000748668023,0.999999999846669,"MYH11","OE",FALSE,"Activated",6.65908135295959e-11
"ECEL1",3.37983988832631e-10,0.872603713269978,0.00147186826130818,0.969396717957634,0.999999999846669,"MYH11","OE",FALSE,"Activated",6.65908135295959e-11
"BRCA2",3.36216424871988e-10,0.871214826647892,0.00145651357886879,0.96955668687259,0.999999999846669,"MYH11","OE",FALSE,"Activated",6.65908135295959e-11
"FMO3",3.35580758650711e-10,0.87071369021387,0.00145101128224622,0.969614216539341,0.999999999846669,"MYH11","OE",FALSE,"Activated",6.65908135295959e-11
"CCL4L2",3.35338577265738e-10,0.870522531847737,0.00144891771096039,0.969636134710162,0.999999999846669,"MYH11","OE",FALSE,"Activated",6.65908135295959e-11
"LILRB4",3.34811591918509e-10,0.870106130209828,0.00144436733418989,0.969683828607239,0.999999999846669,"MYH11","OE",FALSE,"Activated",6.65908135295959e-11
"KCNMB1",3.33357805221164e-10,0.868954254988409,0.00143185138021515,0.96981540161861,0.999999999846669,"MYH11","OE",FALSE,"Activated",6.65908135295959e-11
"GBP1",3.32254774681638e-10,0.868077186016483,0.00142239149766275,0.96991523046364,0.999999999846669,"MYH11","OE",FALSE,"Activated",6.65908135295959e-11
"LILRB2",3.3199722278694e-10,0.86787200676048,0.00142018717937142,0.96993854004774,0.999999999846669,"MYH11","OE",FALSE,"Activated",6.65908135295959e-11
"IDO1",3.31230092123762e-10,0.867259996084691,0.00141363163995705,0.970007968913328,0.999999999846669,"MYH11","OE",FALSE,"Activated",6.65908135295959e-11
"LINC02381",3.28270277952455e-10,0.864886313723016,0.00138848058680484,0.970275847882114,0.999999999846669,"MYH11","OE",FALSE,"Activated",6.65908135295959e-11
"EMX2",3.27008502212793e-10,0.863868377520611,0.00137782726702007,0.9703900463376,0.999999999846669,"MYH11","OE",FALSE,"Activated",6.65908135295959e-11
"SERPINB9",3.24863566908892e-10,0.862129577842773,0.00135981147926368,0.970584177550884,0.999999999846669,"MYH11","OE",FALSE,"Activated",6.65908135295959e-11
"SRPK3",3.2388038628822e-10,0.861329003130362,0.00135159315413105,0.970673162658024,0.999999999846669,"MYH11","OE",FALSE,"Activated",6.65908135295959e-11
"LINC00621",3.23880223464447e-10,0.861328870361551,0.00135159179516366,0.970673177394808,0.999999999846669,"MYH11","OE",FALSE,"Activated",6.65908135295959e-11
"LINC01783",3.23880212994559e-10,0.861328861824255,0.00135159170777942,0.970673178342413,0.999999999846669,"MYH11","OE",FALSE,"Activated",6.65908135295959e-11
"HOXD3",3.23880193952405e-10,0.861328846297008,0.00135159154884895,0.970673180065872,0.999999999846669,"MYH11","OE",FALSE,"Activated",6.65908135295959e-11
"GPRC5C",3.20152890427807e-10,0.858273235505643,0.0013206615699209,0.971010531868298,0.999999999846669,"MYH11","OE",FALSE,"Activated",6.65908135295959e-11
"DHFR",3.19200586286471e-10,0.857487262818585,0.00131281656192896,0.971096724105173,0.999999999846669,"MYH11","OE",FALSE,"Activated",6.65908135295959e-11
"HSPA2",3.17070440272778e-10,0.85572128304041,0.00129535318582073,0.971289523027501,0.999999999846669,"MYH11","OE",FALSE,"Activated",6.65908135295959e-11
"RGS1",3.15920924733831e-10,0.854763717981009,0.00128597779634933,0.971393566056459,0.999999999846669,"MYH11","OE",FALSE,"Activated",6.65908135295959e-11
"DKK2",3.14274906590917e-10,0.853386925812247,0.00127261224649805,0.971542548546384,0.999999999846669,"MYH11","OE",FALSE,"Activated",6.65908135295959e-11
"IL2RG",3.13618403355849e-10,0.85283593822237,0.0012673009638642,0.971601969485011,0.999999999846669,"MYH11","OE",FALSE,"Activated",6.65908135295959e-11
"RNASE1",3.11271432021352e-10,0.850857408606422,0.00124840417843058,0.971814398117424,0.999999999846669,"MYH11","OE",FALSE,"Activated",6.65908135295959e-11
"STAB1",3.11100332754514e-10,0.850712629866742,0.00124703211333425,0.971829884700787,0.999999999846669,"MYH11","OE",FALSE,"Activated",6.65908135295959e-11
"PLOD2",3.10500161491338e-10,0.850204200543386,0.0012422252338433,0.971884207649285,0.999999999846669,"MYH11","OE",FALSE,"Activated",6.65908135295959e-11
"MCM10",3.08987789625125e-10,0.848918962413191,0.00123015354201784,0.972021096652274,0.999999999846669,"MYH11","OE",FALSE,"Activated",6.65908135295959e-11
"HUNK",3.08558149013862e-10,0.848552784438911,0.00122673491845323,0.972059984774871,0.999999999846669,"MYH11","OE",FALSE,"Activated",6.65908135295959e-11
"GBP4",3.07238913363044e-10,0.847425456619742,0.00121626757009035,0.972179393356279,0.999999999846669,"MYH11","OE",FALSE,"Activated",6.65908135295959e-11
"ITK",3.00759348051687e-10,0.841822554439908,0.00116550718649877,0.972765890225313,0.999999999846669,"MYH11","OE",FALSE,"Activated",6.65908135295959e-11
"RAD51AP1",2.98709536816581e-10,0.840026791181004,0.00114967440560896,0.972951431659006,0.999999999846669,"MYH11","OE",FALSE,"Activated",6.65908135295959e-11
"IGHA2",2.97967803072098e-10,0.83937417342486,0.00114397191907496,0.973018571052335,0.999999999846669,"MYH11","OE",FALSE,"Activated",6.65908135295959e-11
"ZNF141",2.97175711684239e-10,0.838675585289413,0.00113789793452235,0.973090268871415,0.999999999846669,"MYH11","OE",FALSE,"Activated",6.65908135295959e-11
"MT1A",2.95924671074706e-10,0.837568705293866,0.00112833752935568,0.973203509887966,0.999999999846669,"MYH11","OE",FALSE,"Activated",6.65908135295959e-11
"ICOS",2.94687240891242e-10,0.836469596780994,0.00111892081073983,0.97331551945474,0.999999999846669,"MYH11","OE",FALSE,"Activated",6.65908135295959e-11
"HIST1H1B",2.93496143139269e-10,0.835407597720547,0.00110989394791385,0.973423335604782,0.999999999846669,"MYH11","OE",FALSE,"Activated",6.65908135295959e-11
"HIST1H1E",2.88499072453965e-10,0.830908200901142,0.00107242154065599,0.973875667244735,0.999999999846669,"MYH11","OE",FALSE,"Activated",6.65908135295959e-11
"PSRC1",2.87391020968973e-10,0.829900735203921,0.00106419956409991,0.973975968499161,0.999999999846669,"MYH11","OE",FALSE,"Activated",6.65908135295959e-11
"SGK1",2.86294418217472e-10,0.828900131647013,0.00105609369017599,0.97407523381494,0.999999999846669,"MYH11","OE",FALSE,"Activated",6.65908135295959e-11
"PTPRC",2.84214503182654e-10,0.826992509679053,0.0010408044916241,0.9742635104089,0.999999999846669,"MYH11","OE",FALSE,"Activated",6.65908135295959e-11
"NPTX2",2.83796266108904e-10,0.826607357555059,0.00103774354481081,0.97430136994224,0.999999999846669,"MYH11","OE",FALSE,"Activated",6.65908135295959e-11
"SPOCD1",2.82204457986108e-10,0.825136647785806,0.00102613482338579,0.97444546365762,0.999999999846669,"MYH11","OE",FALSE,"Activated",6.65908135295959e-11
"PDGFB",2.81088964244665e-10,0.824101431856753,0.00101803867416524,0.974546440921766,0.999999999846669,"MYH11","OE",FALSE,"Activated",6.65908135295959e-11
"MIR193BHG",2.78436433175487e-10,0.821624433942063,0.000998915632551349,0.974786556257946,0.999999999846669,"MYH11","OE",FALSE,"Activated",6.65908135295959e-11
"SORBS1",2.78269930998178e-10,0.821468222328946,0.000997721306819304,0.974801628627697,0.999999999846669,"MYH11","OE",FALSE,"Activated",6.65908135295959e-11
"RASGRP1",2.75559579452664e-10,0.818913136319455,0.000978380330020889,0.975046980558549,0.999999999846669,"MYH11","OE",FALSE,"Activated",6.65908135295959e-11
"SGCA",2.73398445436399e-10,0.816859075759517,0.000963094200905155,0.975242616801106,0.999999999846669,"MYH11","OE",FALSE,"Activated",6.65908135295959e-11
"PDE4C",2.65675652529461e-10,0.80939395898673,0.00090945287056265,0.975941733236891,0.999999999846669,"MYH11","OE",FALSE,"Activated",6.65908135295959e-11
"NEXN",2.64293047856841e-10,0.808036318291521,0.000900011719910535,0.976066897390139,0.999999999846669,"MYH11","OE",FALSE,"Activated",6.65908135295959e-11
"CIT",2.63627322627008e-10,0.807380266095714,0.000895483368490733,0.976127164238074,0.999999999846669,"MYH11","OE",FALSE,"Activated",6.65908135295959e-11
"RACGAP1",2.63368208296028e-10,0.807124501917616,0.000893723926097623,0.976150621406023,0.999999999846669,"MYH11","OE",FALSE,"Activated",6.65908135295959e-11
"PBK",2.6332695794233e-10,0.807083763403025,0.000893443986911532,0.97615435573042,0.999999999846669,"MYH11","OE",FALSE,"Activated",6.65908135295959e-11
"HJURP",2.63038175125804e-10,0.806798398240247,0.000891485434727337,0.976180498762522,0.999999999846669,"MYH11","OE",FALSE,"Activated",6.65908135295959e-11
"AKAP12",2.62261976059993e-10,0.806029945086108,0.000886231830802438,0.97625076691053,0.999999999846669,"MYH11","OE",FALSE,"Activated",6.65908135295959e-11
"CCRL2",2.6146941909036e-10,0.805243121289512,0.000880883530504125,0.976322516105434,0.999999999846669,"MYH11","OE",FALSE,"Activated",6.65908135295959e-11
"STEAP2",2.61462285984023e-10,0.805236029760627,0.000880835468668007,0.976323161857533,0.999999999846669,"MYH11","OE",FALSE,"Activated",6.65908135295959e-11
"PTPRN",2.61030625527195e-10,0.804806551587075,0.000877929443607803,0.976362239622385,0.999999999846669,"MYH11","OE",FALSE,"Activated",6.65908135295959e-11
"PTGS2",2.59984836497426e-10,0.803763316847459,0.000870908889675748,0.976456914032795,0.999999999846669,"MYH11","OE",FALSE,"Activated",6.65908135295959e-11
"HAO2",2.59484038355608e-10,0.803262365311133,0.000867556928915248,0.976502250989261,0.999999999846669,"MYH11","OE",FALSE,"Activated",6.65908135295959e-11
"ACKR3",2.57807269683339e-10,0.80157854166368,0.000856380964286254,0.976654048406747,0.999999999846669,"MYH11","OE",FALSE,"Activated",6.65908135295959e-11
"PMAIP1",2.56451275228289e-10,0.80020940937692,0.000847396004938468,0.976776806839116,0.999999999846669,"MYH11","OE",FALSE,"Activated",6.65908135295959e-11
"CSPG4",2.55530687756564e-10,0.799276077273964,0.000841323101053529,0.976860148109258,0.999999999846669,"MYH11","OE",FALSE,"Activated",6.65908135295959e-11
"COL8A1",2.54561018742257e-10,0.79828961128334,0.000834950034311235,0.97694793303053,0.999999999846669,"MYH11","OE",FALSE,"Activated",6.65908135295959e-11
"SLCO2B1",2.54308719285855e-10,0.798032371012163,0.000833295790092244,0.97697077395049,0.999999999846669,"MYH11","OE",FALSE,"Activated",6.65908135295959e-11
"LMNB1",2.53794386409819e-10,0.797507233184933,0.00082992855979106,0.977017337074218,0.999999999846669,"MYH11","OE",FALSE,"Activated",6.65908135295959e-11
"SSTR2",2.53217058301493e-10,0.796916601623643,0.000826157033396461,0.977069603319232,0.999999999846669,"MYH11","OE",FALSE,"Activated",6.65908135295959e-11
"DUSP5",2.51493505237123e-10,0.795145885306322,0.000814948630344431,0.977225639346364,0.999999999846669,"MYH11","OE",FALSE,"Activated",6.65908135295959e-11
"TWIST2",2.51339053763201e-10,0.794986659311184,0.000813947957453977,0.977239622128999,0.999999999846669,"MYH11","OE",FALSE,"Activated",6.65908135295959e-11
"AC007952.4",2.49680692250099e-10,0.793271300859485,0.000803242364199694,0.977389757157885,0.999999999846669,"MYH11","OE",FALSE,"Activated",6.65908135295959e-11
"NEDD9",2.48570536720594e-10,0.792117085267375,0.000796115329205127,0.977490262369781,0.999999999846669,"MYH11","OE",FALSE,"Activated",6.65908135295959e-11
"RBPJ",2.46762782765805e-10,0.790227330740521,0.000784577780454645,0.977653923710592,0.999999999846669,"MYH11","OE",FALSE,"Activated",6.65908135295959e-11
"NUSAP1",2.46684278153063e-10,0.790144975020079,0.000784078651885915,0.977661030987976,0.999999999846669,"MYH11","OE",FALSE,"Activated",6.65908135295959e-11
"CALCRL",2.45690620227871e-10,0.789100469581422,0.000777774749332701,0.977750990218026,0.999999999846669,"MYH11","OE",FALSE,"Activated",6.65908135295959e-11
"NKG7",2.43196096477988e-10,0.786460960055854,0.000762061262470003,0.977976829177955,0.999999999846669,"MYH11","OE",FALSE,"Activated",6.65908135295959e-11
"BRCA1",2.40690075409339e-10,0.783783921085988,0.000746436816899113,0.978203710812482,0.999999999846669,"MYH11","OE",FALSE,"Activated",6.65908135295959e-11
"ITIH5",2.39744252977833e-10,0.782766840197773,0.00074058190550073,0.978289340934667,0.999999999846669,"MYH11","OE",FALSE,"Activated",6.65908135295959e-11
"KLRC1",2.38813944792788e-10,0.781762811531236,0.000734845520542118,0.978373566717168,0.999999999846669,"MYH11","OE",FALSE,"Activated",6.65908135295959e-11
"COL8A2",2.36726837226814e-10,0.779497073923265,0.00072205732447195,0.978562524618964,0.999999999846669,"MYH11","OE",FALSE,"Activated",6.65908135295959e-11
"MYOM1",2.34378787898762e-10,0.776925844954568,0.000707804458787929,0.978775108522903,0.999999999846669,"MYH11","OE",FALSE,"Activated",6.65908135295959e-11
"ERRFI1",2.33906012109806e-10,0.77640524908798,0.00070495185157781,0.978817912117754,0.999999999846669,"MYH11","OE",FALSE,"Activated",6.65908135295959e-11
"BAMBI",2.31894109826156e-10,0.774178896393138,0.000692876962005886,0.979000063941032,0.999999999846669,"MYH11","OE",FALSE,"Activated",6.65908135295959e-11
"AC016831.1",2.31211948771782e-10,0.77341996169705,0.00068880649658072,0.979061825082167,0.999999999846669,"MYH11","OE",FALSE,"Activated",6.65908135295959e-11
"SCG5",2.30522165240286e-10,0.772650435566128,0.000684702741153492,0.979124276470776,0.999999999846669,"MYH11","OE",FALSE,"Activated",6.65908135295959e-11
"CD2",2.29320580682214e-10,0.771304835317762,0.000677583390820056,0.979233065433374,0.999999999846669,"MYH11","OE",FALSE,"Activated",6.65908135295959e-11
"DEPTOR",2.27177123082267e-10,0.768888181435328,0.000664975855873642,0.979427130576686,0.999999999846669,"MYH11","OE",FALSE,"Activated",6.65908135295959e-11
"CXCL13",2.27053041215038e-10,0.768747639000575,0.000664249647959064,0.979438364783277,0.999999999846669,"MYH11","OE",FALSE,"Activated",6.65908135295959e-11
"STARD4-AS1",2.23920138894584e-10,0.765175354962669,0.000646045336583881,0.97972201492187,0.999999999846669,"MYH11","OE",FALSE,"Activated",6.65908135295959e-11
"EVI2A",2.23626188104004e-10,0.764837807445125,0.000644350260033046,0.979748629092338,0.999999999846669,"MYH11","OE",FALSE,"Activated",6.65908135295959e-11
"NDC80",2.21301175927604e-10,0.762153396127511,0.0006310214605488,0.97995913542589,0.999999999846669,"MYH11","OE",FALSE,"Activated",6.65908135295959e-11
"PHLDA2",2.21204906536312e-10,0.762041683346719,0.000630472572017328,0.979967851675633,0.999999999846669,"MYH11","OE",FALSE,"Activated",6.65908135295959e-11
"TRIM72",2.2002978369229e-10,0.760674408427084,0.000623791754570655,0.980074247722996,0.999999999846669,"MYH11","OE",FALSE,"Activated",6.65908135295959e-11
"FOXC2",2.17590408821463e-10,0.757814435634737,0.000610037008262241,0.980295110735618,0.999999999846669,"MYH11","OE",FALSE,"Activated",6.65908135295959e-11
"TRPA1",2.15347596891749e-10,0.755158599595064,0.000597525915158574,0.980498178110669,0.999999999846669,"MYH11","OE",FALSE,"Activated",6.65908135295959e-11
"CENPM",2.1518078720183e-10,0.7549600492683,0.000596600578536907,0.980513281347378,0.999999999846669,"MYH11","OE",FALSE,"Activated",6.65908135295959e-11
"MS4A4A",2.14681584043907e-10,0.754365004879124,0.000593835652996155,0.980558480103045,0.999999999846669,"MYH11","OE",FALSE,"Activated",6.65908135295959e-11
"TINAGL1",2.13947666091115e-10,0.753487852662765,0.000589782378630864,0.980624930473512,0.999999999846669,"MYH11","OE",FALSE,"Activated",6.65908135295959e-11
"G0S2",2.13908297002453e-10,0.753440721455622,0.00058956534370016,0.980628495031795,0.999999999846669,"MYH11","OE",FALSE,"Activated",6.65908135295959e-11
"CXCL8",2.12440711328383e-10,0.751678027076594,0.000581503295188331,0.980761373533391,0.999999999846669,"MYH11","OE",FALSE,"Activated",6.65908135295959e-11
"ATF3",2.11906414970056e-10,0.751033491298266,0.000578581968234313,0.980809750057883,0.999999999846669,"MYH11","OE",FALSE,"Activated",6.65908135295959e-11
"SNHG9",2.10862178776084e-10,0.749769445537092,0.000572893725173687,0.98090429801016,0.999999999846669,"MYH11","OE",FALSE,"Activated",6.65908135295959e-11
"STRA6",2.09618997191634e-10,0.748256997047816,0.000566158411712636,0.981016859362583,0.999999999846669,"MYH11","OE",FALSE,"Activated",6.65908135295959e-11
"C1QB",2.08247275113725e-10,0.746578498497701,0.000558772907779182,0.981141059591495,0.999999999846669,"MYH11","OE",FALSE,"Activated",6.65908135295959e-11
"SUSD5",2.07788725955104e-10,0.746015114251291,0.000556314842001335,0.981182578242712,0.999999999846669,"MYH11","OE",FALSE,"Activated",6.65908135295959e-11
"DTL",2.07025005738198e-10,0.745074229340514,0.000552232925675478,0.981251728266374,0.999999999846669,"MYH11","OE",FALSE,"Activated",6.65908135295959e-11
"SLC40A1",2.04390173200633e-10,0.741803321920551,0.00053826570435681,0.981490296725955,0.999999999846669,"MYH11","OE",FALSE,"Activated",6.65908135295959e-11
"SERPINE1",2.01012610281268e-10,0.737552799284711,0.000520622930779982,0.981796117434818,0.999999999846669,"MYH11","OE",FALSE,"Activated",6.65908135295959e-11
"HMOX1",2.00199734187281e-10,0.73651995942169,0.000516420744266335,0.981869719527209,0.999999999846669,"MYH11","OE",FALSE,"Activated",6.65908135295959e-11
"DGKG",1.97495048991911e-10,0.733055209380753,0.000502561380170358,0.982114617109284,0.999999999846669,"MYH11","OE",FALSE,"Activated",6.65908135295959e-11
"CORO1A",1.96053679897308e-10,0.73119080380721,0.000495252507330703,0.982245127555676,0.999999999846669,"MYH11","OE",FALSE,"Activated",6.65908135295959e-11
"MTHFD2",1.96034515580287e-10,0.731165929445922,0.000495155689845024,0.98224686281433,0.999999999846669,"MYH11","OE",FALSE,"Activated",6.65908135295959e-11
"IL7R",1.94234706524473e-10,0.728819769351657,0.000486105297190313,0.982409829299815,0.999999999846669,"MYH11","OE",FALSE,"Activated",6.65908135295959e-11
"C1QA",1.92714205307028e-10,0.726821964610691,0.000478524461422592,0.982547505998798,0.999999999846669,"MYH11","OE",FALSE,"Activated",6.65908135295959e-11
"HELLS",1.90296541743448e-10,0.723615112992663,0.000466593278291221,0.982766419051813,0.999999999846669,"MYH11","OE",FALSE,"Activated",6.65908135295959e-11
"SCRG1",1.89936416995764e-10,0.723134209448253,0.00046482894994286,0.982799027508428,0.999999999846669,"MYH11","OE",FALSE,"Activated",6.65908135295959e-11
"CD163",1.87298111093679e-10,0.719585095119007,0.000452005252234689,0.983037920832163,0.999999999846669,"MYH11","OE",FALSE,"Activated",6.65908135295959e-11
"HSPA6",1.86357306481055e-10,0.718308296928591,0.000447475782024957,0.983123109177568,0.999999999846669,"MYH11","OE",FALSE,"Activated",6.65908135295959e-11
"KIF20A",1.84895866019378e-10,0.71631304035762,0.000440484964167991,0.983255440643526,0.999999999846669,"MYH11","OE",FALSE,"Activated",6.65908135295959e-11
"MRC1",1.84793419054732e-10,0.716172625767293,0.000439996972232468,0.983264717095551,0.999999999846669,"MYH11","OE",FALSE,"Activated",6.65908135295959e-11
"CALHM6",1.84743530898554e-10,0.716104222582597,0.000439759434826588,0.983269234410173,0.999999999846669,"MYH11","OE",FALSE,"Activated",6.65908135295959e-11
"LINC00520",1.83893133711285e-10,0.714935578563766,0.000435720219279907,0.983346236970562,0.999999999846669,"MYH11","OE",FALSE,"Activated",6.65908135295959e-11
"FZD4",1.83170507430394e-10,0.713938582179246,0.000432302536055006,0.983411670133309,0.999999999846669,"MYH11","OE",FALSE,"Activated",6.65908135295959e-11
"HAS1",1.82867252308565e-10,0.713519100489934,0.000430872290128507,0.983439129646345,0.999999999846669,"MYH11","OE",FALSE,"Activated",6.65908135295959e-11
"MMP7",1.82633380333237e-10,0.71319515381527,0.000429770895375883,0.983460306583377,0.999999999846669,"MYH11","OE",FALSE,"Activated",6.65908135295959e-11
"CD1A",1.82603529622032e-10,0.713153778603826,0.000429630418115522,0.983463009544375,0.999999999846669,"MYH11","OE",FALSE,"Activated",6.65908135295959e-11
"SMPX",1.82603523707032e-10,0.713153770404594,0.000429630390281847,0.983463010079974,0.999999999846669,"MYH11","OE",FALSE,"Activated",6.65908135295959e-11
"KRT81",1.82044223585859e-10,0.712377380375375,0.000427002573180695,0.983513654349384,0.999999999846669,"MYH11","OE",FALSE,"Activated",6.65908135295959e-11
"CXCL2",1.8144022368981e-10,0.711536456154155,0.00042417379181051,0.983568346229524,0.999999999846669,"MYH11","OE",FALSE,"Activated",6.65908135295959e-11
"RDH5",1.80118521714921e-10,0.709687225936743,0.000418016509081769,0.983688025933053,0.999999999846669,"MYH11","OE",FALSE,"Activated",6.65908135295959e-11
"KLHL41",1.79094408826385e-10,0.708245701174167,0.000413276529405449,0.983780759289758,0.999999999846669,"MYH11","OE",FALSE,"Activated",6.65908135295959e-11
"KIT",1.78013786525199e-10,0.70671633517461,0.000408304308339319,0.983878609807771,0.999999999846669,"MYH11","OE",FALSE,"Activated",6.65908135295959e-11
"ICAM4",1.77629689900132e-10,0.706170665630523,0.0004065442298947,0.983913389875612,0.999999999846669,"MYH11","OE",FALSE,"Activated",6.65908135295959e-11
"TTK",1.75702376505531e-10,0.703416010186982,0.00039776993797469,0.984087909158085,0.999999999846669,"MYH11","OE",FALSE,"Activated",6.65908135295959e-11
"IL24",1.73915448014709e-10,0.700836892412146,0.00038972028004112,0.984249717191175,0.999999999846669,"MYH11","OE",FALSE,"Activated",6.65908135295959e-11
"C1QC",1.71945166921402e-10,0.697964538990156,0.000380940048162011,0.984428128723361,0.999999999846669,"MYH11","OE",FALSE,"Activated",6.65908135295959e-11
"RRAGD",1.7140624359498e-10,0.697173567504735,0.000378555849149231,0.984476929072062,0.999999999846669,"MYH11","OE",FALSE,"Activated",6.65908135295959e-11
"AGPAT4",1.70711996712494e-10,0.696151228677438,0.000375495529054164,0.984539794296873,0.999999999846669,"MYH11","OE",FALSE,"Activated",6.65908135295959e-11
"SLC7A2",1.68556603755157e-10,0.692952513741076,0.00036607344849888,0.984734969370299,0.999999999846669,"MYH11","OE",FALSE,"Activated",6.65908135295959e-11
"CHRNA1",1.66778314608369e-10,0.690284797772564,0.000358389970661054,0.984895997640018,0.999999999846669,"MYH11","OE",FALSE,"Activated",6.65908135295959e-11
"IL2RB",1.66419568887002e-10,0.689743431326071,0.000356849811333481,0.984928482984657,0.999999999846669,"MYH11","OE",FALSE,"Activated",6.65908135295959e-11
"C9",1.650815181033e-10,0.687714664244503,0.000351134574395513,0.985049647132923,0.999999999846669,"MYH11","OE",FALSE,"Activated",6.65908135295959e-11
"PEG10",1.64717256376764e-10,0.687159730052294,0.000349586687350457,0.985082632085692,0.999999999846669,"MYH11","OE",FALSE,"Activated",6.65908135295959e-11
"SELL",1.63805430962038e-10,0.68576561239746,0.000345726985609444,0.985165200625647,0.999999999846669,"MYH11","OE",FALSE,"Activated",6.65908135295959e-11
"NCAPD2",1.63784964100091e-10,0.685734237610558,0.000345640596478286,0.985167053963519,0.999999999846669,"MYH11","OE",FALSE,"Activated",6.65908135295959e-11
"TOP2A",1.63385299308726e-10,0.685120840594126,0.000343955804056157,0.985203244866848,0.999999999846669,"MYH11","OE",FALSE,"Activated",6.65908135295959e-11
"DBF4",1.63044029966729e-10,0.684595967022121,0.000342520436472224,0.985234147902757,0.999999999846669,"MYH11","OE",FALSE,"Activated",6.65908135295959e-11
"FOLR2",1.62753050487843e-10,0.684147635402146,0.000341298956821673,0.985260497047408,0.999999999846669,"MYH11","OE",FALSE,"Activated",6.65908135295959e-11
"CKAP2L",1.6162165381645e-10,0.682397334063839,0.000336570291663814,0.985362948873392,0.999999999846669,"MYH11","OE",FALSE,"Activated",6.65908135295959e-11
"ASPM",1.61347579491953e-10,0.681971626919135,0.00033542976303492,0.98538776727429,0.999999999846669,"MYH11","OE",FALSE,"Activated",6.65908135295959e-11
"CHI3L2",1.60868780411872e-10,0.681226320996182,0.000333441940632841,0.985431124260889,0.999999999846669,"MYH11","OE",FALSE,"Activated",6.65908135295959e-11
"CRYAB",1.60811814926701e-10,0.681137510975116,0.000333205831193107,0.985436282694253,0.999999999846669,"MYH11","OE",FALSE,"Activated",6.65908135295959e-11
"SGO2",1.60197952303354e-10,0.680178637529386,0.000330666811180858,0.985491870242159,0.999999999846669,"MYH11","OE",FALSE,"Activated",6.65908135295959e-11
"TNFRSF11B",1.59185567529019e-10,0.678589802207657,0.000326500662220609,0.985583545609539,0.999999999846669,"MYH11","OE",FALSE,"Activated",6.65908135295959e-11
"IGSF21",1.58903264997033e-10,0.678145088754846,0.000325343644843152,0.985609109232583,0.999999999846669,"MYH11","OE",FALSE,"Activated",6.65908135295959e-11
"ZFAND2A",1.58349080522805e-10,0.677269945778537,0.000323078291860631,0.985659292895554,0.999999999846669,"MYH11","OE",FALSE,"Activated",6.65908135295959e-11
"AC103706.1",1.56459661846328e-10,0.674264793878894,0.000315414359298526,0.985830387883199,0.999999999846669,"MYH11","OE",FALSE,"Activated",6.65908135295959e-11
"NRARP",1.56318087722919e-10,0.67403826676097,0.000314843805740426,0.985843208055335,0.999999999846669,"MYH11","OE",FALSE,"Activated",6.65908135295959e-11
"MARCH1",1.56178280472865e-10,0.67381438024736,0.000314280879680756,0.985855868232747,0.999999999846669,"MYH11","OE",FALSE,"Activated",6.65908135295959e-11
"THBD",1.55948104343301e-10,0.673445372954703,0.000313355185674987,0.985876711727773,0.999999999846669,"MYH11","OE",FALSE,"Activated",6.65908135295959e-11
"SLAMF1",1.54662979063803e-10,0.671375807112564,0.000308211918307553,0.985993085841407,0.999999999846669,"MYH11","OE",FALSE,"Activated",6.65908135295959e-11
"CENPN",1.52919655451878e-10,0.668542760818589,0.000301302897334328,0.986150952436158,0.999999999846669,"MYH11","OE",FALSE,"Activated",6.65908135295959e-11
"NDRG2",1.515144830286e-10,0.666237387066308,0.000295791018578756,0.986278198159536,0.999999999846669,"MYH11","OE",FALSE,"Activated",6.65908135295959e-11
"BIRC3",1.50271378669272e-10,0.66418134428871,0.000290957279927733,0.986390768061891,0.999999999846669,"MYH11","OE",FALSE,"Activated",6.65908135295959e-11
"TPX2",1.45829971439537e-10,0.656704492588118,0.000274012432256815,0.98679296398884,0.999999999846669,"MYH11","OE",FALSE,"Activated",6.65908135295959e-11
"TYROBP",1.4573837502616e-10,0.656548087338584,0.000273668323655353,0.986801258626311,0.999999999846669,"MYH11","OE",FALSE,"Activated",6.65908135295959e-11
"STAC3",1.44760061152831e-10,0.654871868062035,0.000270006489279979,0.986889851255088,0.999999999846669,"MYH11","OE",FALSE,"Activated",6.65908135295959e-11
"CD69",1.43727186998547e-10,0.653090745100294,0.000266167201050547,0.986983384844488,0.999999999846669,"MYH11","OE",FALSE,"Activated",6.65908135295959e-11
"CLDN7",1.42531855886476e-10,0.651014621140483,0.000261758363219861,0.987091630209672,0.999999999846669,"MYH11","OE",FALSE,"Activated",6.65908135295959e-11
"MELK",1.41010101856059e-10,0.648348093681601,0.000256198828067697,0.987229435734637,0.999999999846669,"MYH11","OE",FALSE,"Activated",6.65908135295959e-11
"ZC3H12D",1.39576721644581e-10,0.64581193937166,0.000251016733152765,0.98735923873759,0.999999999846669,"MYH11","OE",FALSE,"Activated",6.65908135295959e-11
"LAPTM5",1.38294345707943e-10,0.643522442423913,0.000246425436275507,0.987475367488912,0.999999999846669,"MYH11","OE",FALSE,"Activated",6.65908135295959e-11
"LYVE1",1.37272490995515e-10,0.641683951944547,0.000242797223157591,0.9875679042811,0.999999999846669,"MYH11","OE",FALSE,"Activated",6.65908135295959e-11
"LDLRAD4",1.36451495590464e-10,0.640197637900618,0.000239901678487648,0.987642251841606,0.999999999846669,"MYH11","OE",FALSE,"Activated",6.65908135295959e-11
"CENPU",1.35098457377975e-10,0.637729959513877,0.000235167588812667,0.987764780276908,0.999999999846669,"MYH11","OE",FALSE,"Activated",6.65908135295959e-11
"PRF1",1.32161823180336e-10,0.632294405772599,0.000225055032381473,0.98803071698744,0.999999999846669,"MYH11","OE",FALSE,"Activated",6.65908135295959e-11
"GZMA",1.31551044274748e-10,0.631149851689981,0.000222979679096857,0.9880860282777,0.999999999846669,"MYH11","OE",FALSE,"Activated",6.65908135295959e-11
"PLA2G7",1.31097248501199e-10,0.630296281893795,0.000221443960246192,0.988127123430421,0.999999999846669,"MYH11","OE",FALSE,"Activated",6.65908135295959e-11
"ATAD5",1.29850724349418e-10,0.627937468596733,0.000217252828516607,0.988240007191774,0.999999999846669,"MYH11","OE",FALSE,"Activated",6.65908135295959e-11
"GINS2",1.29440785180263e-10,0.627157152738033,0.000215883257997768,0.988277130852423,0.999999999846669,"MYH11","OE",FALSE,"Activated",6.65908135295959e-11
"IL1B",1.27422312857945e-10,0.623281317259906,0.000209202877474273,0.988459921954808,0.999999999846669,"MYH11","OE",FALSE,"Activated",6.65908135295959e-11
"CADM1",1.24776065976185e-10,0.618113002276172,0.000200603850009945,0.988699564692822,0.999999999846669,"MYH11","OE",FALSE,"Activated",6.65908135295959e-11
"BTG2",1.22975406780451e-10,0.614537833977242,0.000194855748165874,0.988862632035058,0.999999999846669,"MYH11","OE",FALSE,"Activated",6.65908135295959e-11
"CXCL6",1.22185199979185e-10,0.612953569730792,0.000192359612779561,0.988934193154687,0.999999999846669,"MYH11","OE",FALSE,"Activated",6.65908135295959e-11
"TENT5C",1.21198601173299e-10,0.610962193862423,0.000189265693766727,0.989023539657091,0.999999999846669,"MYH11","OE",FALSE,"Activated",6.65908135295959e-11
"DUSP2",1.20685531960122e-10,0.609920662091434,0.000187666651208283,0.98907000331908,0.999999999846669,"MYH11","OE",FALSE,"Activated",6.65908135295959e-11
"DCBLD2",1.20584927107849e-10,0.609715953322907,0.000187353899446765,0.989079114121216,0.999999999846669,"MYH11","OE",FALSE,"Activated",6.65908135295959e-11
"XCL1",1.20332753936194e-10,0.60920214051982,0.000186571111299358,0.989101950996858,0.999999999846669,"MYH11","OE",FALSE,"Activated",6.65908135295959e-11
"CD7",1.19848910968869e-10,0.608213493530313,0.000185073769425027,0.989145767981446,0.999999999846669,"MYH11","OE",FALSE,"Activated",6.65908135295959e-11
"LDB3",1.19600917947376e-10,0.607705330533087,0.000184308647446833,0.98916822632698,0.999999999846669,"MYH11","OE",FALSE,"Activated",6.65908135295959e-11
"OSR2",1.17121707122603e-10,0.602570840449615,0.000176746765137642,0.98939274510293,0.999999999846669,"MYH11","OE",FALSE,"Activated",6.65908135295959e-11
"CRADD",1.15522919203933e-10,0.599206078221797,0.000171954282263396,0.989537532714459,0.999999999846669,"MYH11","OE",FALSE,"Activated",6.65908135295959e-11
"CXCL1",1.13221275187272e-10,0.594285595932727,0.000165170609014459,0.98974597218369,0.999999999846669,"MYH11","OE",FALSE,"Activated",6.65908135295959e-11
"SLC51A",1.12753168090065e-10,0.593273548012988,0.000163807654893542,0.98978836457468,0.999999999846669,"MYH11","OE",FALSE,"Activated",6.65908135295959e-11
"MNDA",1.12292191405356e-10,0.592273106916106,0.000162470980253548,0.989830111254363,0.999999999846669,"MYH11","OE",FALSE,"Activated",6.65908135295959e-11
"HIST1H2BN",1.11546703960749e-10,0.590647126281678,0.000160320910381393,0.989897623676855,0.999999999846669,"MYH11","OE",FALSE,"Activated",6.65908135295959e-11
"LINC00472",1.10277030508877e-10,0.58785454074956,0.000156691995868409,0.990012607309469,0.999999999846669,"MYH11","OE",FALSE,"Activated",6.65908135295959e-11
"PLAU",1.10059827587806e-10,0.587373833686596,0.000156075358981955,0.990032277569809,0.999999999846669,"MYH11","OE",FALSE,"Activated",6.65908135295959e-11
"DEPP1",1.07982634701518e-10,0.582731754057812,0.000150239637040734,0.99022039194113,0.999999999846669,"MYH11","OE",FALSE,"Activated",6.65908135295959e-11
"CLEC2D",1.07472838164189e-10,0.581579836946963,0.000148824393772564,0.990266560127617,0.999999999846669,"MYH11","OE",FALSE,"Activated",6.65908135295959e-11
"PLEK",1.07141544977266e-10,0.58082854399695,0.000147908282946783,0.990296562713803,0.999999999846669,"MYH11","OE",FALSE,"Activated",6.65908135295959e-11
"DOK2",1.04530954065165e-10,0.574831940738771,0.000140788283740174,0.990532983623881,0.999999999846669,"MYH11","OE",FALSE,"Activated",6.65908135295959e-11
"UCP2",1.04076449937328e-10,0.57377378209334,0.000139566640948804,0.990574144612515,0.999999999846669,"MYH11","OE",FALSE,"Activated",6.65908135295959e-11
"MYCN",1.0301707824057e-10,0.571290689214791,0.000136739863753596,0.990670083962402,0.999999999846669,"MYH11","OE",FALSE,"Activated",6.65908135295959e-11
"CSF1R",1.01440146509782e-10,0.567550326628502,0.00013258561938523,0.990812895092613,0.999999999846669,"MYH11","OE",FALSE,"Activated",6.65908135295959e-11
"SORBS2",1.01051247708468e-10,0.56661961466087,0.000131570960970454,0.990848114847469,0.999999999846669,"MYH11","OE",FALSE,"Activated",6.65908135295959e-11
"ATP1A2",9.90440405715741e-11,0.561762591590829,0.000126396015939796,0.991029893378936,0.999999999846669,"MYH11","OE",FALSE,"Activated",6.65908135295959e-11
"SCT",9.73241552445358e-11,0.557527768984377,0.000122044432377678,0.991185651580232,0.999999999846669,"MYH11","OE",FALSE,"Activated",6.65908135295959e-11
"IGFBP3",9.723276689159e-11,0.557300812255865,0.000121815338109403,0.991193928005123,0.999999999846669,"MYH11","OE",FALSE,"Activated",6.65908135295959e-11
"CTLA4",9.57095439160225e-11,0.553488619668213,0.000118028579306867,0.991331876144366,0.999999999846669,"MYH11","OE",FALSE,"Activated",6.65908135295959e-11
"CASQ2",9.51265739974383e-11,0.552014731765608,0.000116595126480836,0.991384671908069,0.999999999846669,"MYH11","OE",FALSE,"Activated",6.65908135295959e-11
"ITGB2",9.21939642351349e-11,0.544471107742637,0.00010951703193958,0.991650259716188,0.999999999846669,"MYH11","OE",FALSE,"Activated",6.65908135295959e-11
"HCST",9.12600615990884e-11,0.542022122084546,0.000107309507430124,0.991734837531831,0.999999999846669,"MYH11","OE",FALSE,"Activated",6.65908135295959e-11
"PIF1",8.9564099869176e-11,0.537514837471753,0.000103358123820576,0.991888430587642,0.999999999846669,"MYH11","OE",FALSE,"Activated",6.65908135295959e-11
"CLECL1",8.92917544284642e-11,0.536783682913942,0.00010273049922366,0.991913095304715,0.999999999846669,"MYH11","OE",FALSE,"Activated",6.65908135295959e-11
"IGHG3",8.88132291612302e-11,0.53549398992843,0.000101632359422674,0.99195643252891,0.999999999846669,"MYH11","OE",FALSE,"Activated",6.65908135295959e-11
"MMP12",8.85005680759631e-11,0.534647844368531,0.000100918039031609,0.991984748420702,0.999999999846669,"MYH11","OE",FALSE,"Activated",6.65908135295959e-11
"CXCL3",8.83277807766633e-11,0.534179046929393,0.000100524361712549,0.992000396763446,0.999999999846669,"MYH11","OE",FALSE,"Activated",6.65908135295959e-11
"CTC1",8.7717878305739e-11,0.532517475197918,9.9140915114303e-05,0.992055632114586,0.999999999846669,"MYH11","OE",FALSE,"Activated",6.65908135295959e-11
"HIST1H3B",8.7285838051139e-11,0.531333972545629,9.81667150117187e-05,0.992094759533096,0.999999999846669,"MYH11","OE",FALSE,"Activated",6.65908135295959e-11
"DUSP4",8.69348245404181e-11,0.530368428843641,9.73787622530103e-05,0.992126548836152,0.999999999846669,"MYH11","OE",FALSE,"Activated",6.65908135295959e-11
"RTKN2",8.64196322831296e-11,0.528944716170035,9.62280121425382e-05,0.992173206899843,0.999999999846669,"MYH11","OE",FALSE,"Activated",6.65908135295959e-11
"BUB1B",8.60721098239385e-11,0.527979906848284,9.54556377414477e-05,0.992204680068546,0.999999999846669,"MYH11","OE",FALSE,"Activated",6.65908135295959e-11
"IGFBP2",8.60684393157211e-11,0.527969697362929,9.54474965855556e-05,0.992205012486046,0.999999999846669,"MYH11","OE",FALSE,"Activated",6.65908135295959e-11
"CST7",8.50589573049743e-11,0.525146414013347,9.32216521214334e-05,0.992296435704204,0.999999999846669,"MYH11","OE",FALSE,"Activated",6.65908135295959e-11
"IGHG4",8.44210181560953e-11,0.523346207083674,9.1828577651257e-05,0.992354210386751,0.999999999846669,"MYH11","OE",FALSE,"Activated",6.65908135295959e-11
"JCHAIN",8.43433739557419e-11,0.523126242960884,9.16597410787063e-05,0.99236124220285,0.999999999846669,"MYH11","OE",FALSE,"Activated",6.65908135295959e-11
"DLGAP5",8.36692487586506e-11,0.521208542706975,9.02003921024071e-05,0.992422294107864,0.999999999846669,"MYH11","OE",FALSE,"Activated",6.65908135295959e-11
"HMMR",8.35867452881503e-11,0.52097286128198,9.00225925781885e-05,0.992429766007928,0.999999999846669,"MYH11","OE",FALSE,"Activated",6.65908135295959e-11
"ARHGAP11A",8.31071499361092e-11,0.519598557188242,8.89925116488176e-05,0.992473200418662,0.999999999846669,"MYH11","OE",FALSE,"Activated",6.65908135295959e-11
"MKI67",8.30189192783797e-11,0.519344928430548,8.88036542550474e-05,0.99248119100443,0.999999999846669,"MYH11","OE",FALSE,"Activated",6.65908135295959e-11
"KIF4A",8.2454407227322e-11,0.51771624453738,8.7600066110106e-05,0.992532315904192,0.999999999846669,"MYH11","OE",FALSE,"Activated",6.65908135295959e-11
"MTURN",8.18925748255046e-11,0.51608500810275,8.6410344906672e-05,0.992583198152602,0.999999999846669,"MYH11","OE",FALSE,"Activated",6.65908135295959e-11
"DIAPH3",8.17825160127893e-11,0.515764247619727,8.61782401182134e-05,0.992593165612327,0.999999999846669,"MYH11","OE",FALSE,"Activated",6.65908135295959e-11
"CKAP5",8.13032060945535e-11,0.514362647553554,8.51710555964815e-05,0.992636574256024,0.999999999846669,"MYH11","OE",FALSE,"Activated",6.65908135295959e-11
"CDCA3",8.11977541289685e-11,0.514053257914899,8.49502615814178e-05,0.992646124503226,0.999999999846669,"MYH11","OE",FALSE,"Activated",6.65908135295959e-11
"CENPA",8.11816513136474e-11,0.514005980496161,8.49165709271293e-05,0.992647582853251,0.999999999846669,"MYH11","OE",FALSE,"Activated",6.65908135295959e-11
"INCENP",8.08230962825598e-11,0.512951017346149,8.41681253112487e-05,0.992680055363851,0.999999999846669,"MYH11","OE",FALSE,"Activated",6.65908135295959e-11
"STEAP4",8.08223694586449e-11,0.512948874441548,8.41666115080391e-05,0.992680121188619,0.999999999846669,"MYH11","OE",FALSE,"Activated",6.65908135295959e-11
"CENPF",8.04499027147139e-11,0.511848371305714,8.33926419247488e-05,0.992713853625356,0.999999999846669,"MYH11","OE",FALSE,"Activated",6.65908135295959e-11
"KIF18A",8.01389111565376e-11,0.51092588491239,8.27491537403121e-05,0.992742018574173,0.999999999846669,"MYH11","OE",FALSE,"Activated",6.65908135295959e-11
"DERL3",8.01185729543561e-11,0.510865440804133,8.2707157775128e-05,0.992743860503661,0.999999999846669,"MYH11","OE",FALSE,"Activated",6.65908135295959e-11
"KIF11",7.99547995890246e-11,0.510378196168428,8.2369373790411e-05,0.992758692641573,0.999999999846669,"MYH11","OE",FALSE,"Activated",6.65908135295959e-11
"AURKB",7.99358961607124e-11,0.510321896815451,8.23304297996793e-05,0.992760404631075,0.999999999846669,"MYH11","OE",FALSE,"Activated",6.65908135295959e-11
"NEK2",7.95784405874212e-11,0.509254973500836,8.1595749352851e-05,0.992792777611107,0.999999999846669,"MYH11","OE",FALSE,"Activated",6.65908135295959e-11
"KPNA2",7.9528122283829e-11,0.509104428695575,8.14925942369813e-05,0.992797334691483,0.999999999846669,"MYH11","OE",FALSE,"Activated",6.65908135295959e-11
"SMC2",7.94349316917394e-11,0.508825383369619,8.13017210367517e-05,0.992805774504024,0.999999999846669,"MYH11","OE",FALSE,"Activated",6.65908135295959e-11
"IL6R-AS1",7.94049036764581e-11,0.508735404383865,8.12402652556814e-05,0.992808493993516,0.999999999846669,"MYH11","OE",FALSE,"Activated",6.65908135295959e-11
"PRC1",7.91824183173076e-11,0.508067743501226,8.07856472957749e-05,0.99282864339962,0.999999999846669,"MYH11","OE",FALSE,"Activated",6.65908135295959e-11
"GTSE1",7.89702613385406e-11,0.507429457357702,8.03533220837172e-05,0.992847857419307,0.999999999846669,"MYH11","OE",FALSE,"Activated",6.65908135295959e-11
"CENPE",7.87681713052461e-11,0.506819979924191,7.99425895513275e-05,0.992866159728848,0.999999999846669,"MYH11","OE",FALSE,"Activated",6.65908135295959e-11
"STMN1",7.867187934286e-11,0.506529066342186,7.97472537067926e-05,0.992874880423976,0.999999999846669,"MYH11","OE",FALSE,"Activated",6.65908135295959e-11
"INHBA",7.83935540567142e-11,0.505686343146269,7.91839923363654e-05,0.992900086997478,0.999999999846669,"MYH11","OE",FALSE,"Activated",6.65908135295959e-11
"AC091182.1",7.82878737822193e-11,0.505365634832499,7.89706445507899e-05,0.992909657950087,0.999999999846669,"MYH11","OE",FALSE,"Activated",6.65908135295959e-11
"KIF14",7.79661183372479e-11,0.504386728367561,7.83228553357657e-05,0.992938797794715,0.999999999846669,"MYH11","OE",FALSE,"Activated",6.65908135295959e-11
"TRAF1",7.77527848662066e-11,0.503735619788846,7.78948225635179e-05,0.992958118387322,0.999999999846669,"MYH11","OE",FALSE,"Activated",6.65908135295959e-11
"H2AFZ",7.77292067003674e-11,0.503663556105361,7.78475872503431e-05,0.992960253749337,0.999999999846669,"MYH11","OE",FALSE,"Activated",6.65908135295959e-11
"ANLN",7.73914149920234e-11,0.502628910219792,7.71724451231135e-05,0.992990845938673,0.999999999846669,"MYH11","OE",FALSE,"Activated",6.65908135295959e-11
"C11orf53",7.7238599709929e-11,0.502159467201528,7.68679801962483e-05,0.993004685695754,0.999999999846669,"MYH11","OE",FALSE,"Activated",6.65908135295959e-11
"PRR11",7.72356759163065e-11,0.50215047703165,7.6862160778047e-05,0.99300495048993,0.999999999846669,"MYH11","OE",FALSE,"Activated",6.65908135295959e-11
"KIF23",7.71579111817613e-11,0.501911247928561,7.67074613751023e-05,0.993011993274836,0.999999999846669,"MYH11","OE",FALSE,"Activated",6.65908135295959e-11
"SPC25",7.70678397781392e-11,0.501633880389005,7.65284747783621e-05,0.993020150617346,0.999999999846669,"MYH11","OE",FALSE,"Activated",6.65908135295959e-11
"TUBA1B",7.70526310782681e-11,0.501587016821232,7.6498273237357e-05,0.993021527997686,0.999999999846669,"MYH11","OE",FALSE,"Activated",6.65908135295959e-11
"KCNJ2",7.69650293464349e-11,0.501316916979447,7.63244291596644e-05,0.993029461674481,0.999999999846669,"MYH11","OE",FALSE,"Activated",6.65908135295959e-11
"PLAUR",7.68078836569693e-11,0.500831680187746,7.60130718969758e-05,0.993043693622129,0.999999999846669,"MYH11","OE",FALSE,"Activated",6.65908135295959e-11
"SGO1",7.67356452810131e-11,0.500608312979107,7.58701574352689e-05,0.993050235913584,0.999999999846669,"MYH11","OE",FALSE,"Activated",6.65908135295959e-11
"CKAP2",7.65535751849482e-11,0.500044471795215,7.55105514402705e-05,0.993066725151717,0.999999999846669,"MYH11","OE",FALSE,"Activated",6.65908135295959e-11
"ECT2",7.64546509721258e-11,0.49973759895113,7.53155247414138e-05,0.99307568425683,0.999999999846669,"MYH11","OE",FALSE,"Activated",6.65908135295959e-11
"NCAPG",7.64461947338573e-11,0.499711349796497,7.52988651715076e-05,0.993076450098977,0.999999999846669,"MYH11","OE",FALSE,"Activated",6.65908135295959e-11
"HMGB2",7.63966813880522e-11,0.49955760058952,7.52013562928974e-05,0.993080934292412,0.999999999846669,"MYH11","OE",FALSE,"Activated",6.65908135295959e-11
"BUB1",7.63683382966862e-11,0.499469547883393,7.51455673896964e-05,0.993083501194466,0.999999999846669,"MYH11","OE",FALSE,"Activated",6.65908135295959e-11
"CCNA2",7.5739695016184e-11,0.497508739799826,7.39135038232835e-05,0.993140434512993,0.999999999846669,"MYH11","OE",FALSE,"Activated",6.65908135295959e-11
"CKS2",7.5332138288763e-11,0.496229457581545,7.31201840993543e-05,0.993177345062176,0.999999999846669,"MYH11","OE",FALSE,"Activated",6.65908135295959e-11
"CD48",7.5184409630829e-11,0.495764168328414,7.28336833990176e-05,0.993190724174821,0.999999999846669,"MYH11","OE",FALSE,"Activated",6.65908135295959e-11
"ANKRD37",7.50405302827885e-11,0.495310188507827,7.25551885375112e-05,0.993203754674818,0.999999999846669,"MYH11","OE",FALSE,"Activated",6.65908135295959e-11
"KIF20B",7.41385445750479e-11,0.492445669401657,7.08214474090421e-05,0.993285443470633,0.999999999846669,"MYH11","OE",FALSE,"Activated",6.65908135295959e-11
"KCNAB1",7.37794706620463e-11,0.49129633686081,7.01370921460852e-05,0.993317963202398,0.999999999846669,"MYH11","OE",FALSE,"Activated",6.65908135295959e-11
"MND1",7.32582403399548e-11,0.489618720337589,6.91495967218017e-05,0.99336516874069,0.999999999846669,"MYH11","OE",FALSE,"Activated",6.65908135295959e-11
"TYMS",7.22667616416547e-11,0.486396841353843,6.72905183944045e-05,0.993454962670584,0.999999999846669,"MYH11","OE",FALSE,"Activated",6.65908135295959e-11
"CLSTN2",7.22516468778147e-11,0.486347408877963,6.72623733963797e-05,0.993456331549902,0.999999999846669,"MYH11","OE",FALSE,"Activated",6.65908135295959e-11
"TNFSF9",7.15702386922295e-11,0.484108873254545,6.59996477221205e-05,0.993518043785909,0.999999999846669,"MYH11","OE",FALSE,"Activated",6.65908135295959e-11
"IL18BP",7.09369548150719e-11,0.482010670194532,6.48368292961935e-05,0.993575397643127,0.999999999846669,"MYH11","OE",FALSE,"Activated",6.65908135295959e-11
"CAV1",7.06067881289652e-11,0.4809098703243,6.42346849502529e-05,0.993605299464419,0.999999999846669,"MYH11","OE",FALSE,"Activated",6.65908135295959e-11
"MCM6",6.81486543267853e-11,0.472561128103325,5.98399546126823e-05,0.99382792268187,0.999999999846669,"MYH11","OE",FALSE,"Activated",6.65908135295959e-11
"NPHP1",6.76085960508899e-11,0.470689575926731,5.88952841310197e-05,0.993876833636444,0.999999999846669,"MYH11","OE",FALSE,"Activated",6.65908135295959e-11
"IGSF6",6.65037061337629e-11,0.46681709507494,5.69860274706265e-05,0.993976899243379,0.999999999846669,"MYH11","OE",FALSE,"Activated",6.65908135295959e-11
"PKMYT1",6.55976566811757e-11,0.463596806598055,5.54438445590295e-05,0.99405895670917,0.999999999846669,"MYH11","OE",FALSE,"Activated",6.65908135295959e-11
"CASP5",6.51359161757621e-11,0.461939809575275,5.46660555702534e-05,0.994100774821383,0.999999999846669,"MYH11","OE",FALSE,"Activated",6.65908135295959e-11
"FBN1",6.48994125369585e-11,0.461086878595024,5.42697995502385e-05,0.994122194078501,0.999999999846669,"MYH11","OE",FALSE,"Activated",6.65908135295959e-11
"CCL3",6.41360688209912e-11,0.458314170255941,5.30006699680513e-05,0.99419132731561,0.999999999846669,"MYH11","OE",FALSE,"Activated",6.65908135295959e-11
"TRGC1",6.40043218171324e-11,0.457832533536563,5.27831478230186e-05,0.994203259162359,0.999999999846669,"MYH11","OE",FALSE,"Activated",6.65908135295959e-11
"IGFBP4",6.33647934025033e-11,0.455481442200487,5.17336037911766e-05,0.994261178942178,0.999999999846669,"MYH11","OE",FALSE,"Activated",6.65908135295959e-11
"DCN",6.3007651161628e-11,0.454158905674344,5.11520762441854e-05,0.994293524038833,0.999999999846669,"MYH11","OE",FALSE,"Activated",6.65908135295959e-11
"SERPINF1",6.23938880804677e-11,0.451869774470715,5.01603762404432e-05,0.99434911038994,0.999999999846669,"MYH11","OE",FALSE,"Activated",6.65908135295959e-11
"AC112721.1",6.19471190237055e-11,0.450190325355053,4.9444605150704e-05,0.994389572700253,0.999999999846669,"MYH11","OE",FALSE,"Activated",6.65908135295959e-11
"RTL3",6.1947105311606e-11,0.450190273638023,4.94445832614125e-05,0.99438957394211,0.999999999846669,"MYH11","OE",FALSE,"Activated",6.65908135295959e-11
"AIF1",6.18557362550045e-11,0.449845427364058,4.92988339740755e-05,0.994397848919665,0.999999999846669,"MYH11","OE",FALSE,"Activated",6.65908135295959e-11
"CCL4",6.12294593480467e-11,0.447468949148705,4.83056060879755e-05,0.994454568656288,0.999999999846669,"MYH11","OE",FALSE,"Activated",6.65908135295959e-11
"LILRB1",5.99357623392254e-11,0.442487755100535,4.62859043393573e-05,0.994571734415022,0.999999999846669,"MYH11","OE",FALSE,"Activated",6.65908135295959e-11
"AL355075.4",5.94496196740482e-11,0.440590163211991,4.55380938075711e-05,0.994615762740937,0.999999999846669,"MYH11","OE",FALSE,"Activated",6.65908135295959e-11
"SPI1",5.91934384050606e-11,0.439584406175997,4.5146472429678e-05,0.99463896423388,0.999999999846669,"MYH11","OE",FALSE,"Activated",6.65908135295959e-11
"LRP1",5.88091236801116e-11,0.438068018472933,4.45621465147073e-05,0.994673770359988,0.999999999846669,"MYH11","OE",FALSE,"Activated",6.65908135295959e-11
"CCDC80",5.7003103121546e-11,0.430816812780656,4.18671774263842e-05,0.994837335862374,0.999999999846669,"MYH11","OE",FALSE,"Activated",6.65908135295959e-11
"PIK3AP1",5.66004312226487e-11,0.429171106956029,4.12777642341797e-05,0.994873804597454,0.999999999846669,"MYH11","OE",FALSE,"Activated",6.65908135295959e-11
"LRRN3",5.65570171186763e-11,0.428993028143942,4.12144661342053e-05,0.994877736477774,0.999999999846669,"MYH11","OE",FALSE,"Activated",6.65908135295959e-11
"TTN",5.61499278382216e-11,0.427317017098876,4.06232898128303e-05,0.994914605293342,0.999999999846669,"MYH11","OE",FALSE,"Activated",6.65908135295959e-11
"RUNX1T1",5.47467968402404e-11,0.421452726507013,3.86183856162059e-05,0.995041682605718,0.999999999846669,"MYH11","OE",FALSE,"Activated",6.65908135295959e-11
"MMP2",5.43428175621495e-11,0.419738515701162,3.80505545075875e-05,0.99507826980528,0.999999999846669,"MYH11","OE",FALSE,"Activated",6.65908135295959e-11
"BICC1",5.33695081041824e-11,0.415559498915148,3.66997483463658e-05,0.995166419585272,0.999999999846669,"MYH11","OE",FALSE,"Activated",6.65908135295959e-11
"RSPO4",5.3347903786416e-11,0.415465940084431,3.66700417752037e-05,0.995168376225576,0.999999999846669,"MYH11","OE",FALSE,"Activated",6.65908135295959e-11
"FBLN2",5.31861254774571e-11,0.414764232103828,3.64479741078482e-05,0.995183028018005,0.999999999846669,"MYH11","OE",FALSE,"Activated",6.65908135295959e-11
"C1orf162",5.11802881167859e-11,0.405895827098018,3.37506498245782e-05,0.995364691025983,0.999999999846669,"MYH11","OE",FALSE,"Activated",6.65908135295959e-11
"SFRP2",5.09133892430513e-11,0.404691613955309,3.33995567406451e-05,0.995388863319272,0.999999999846669,"MYH11","OE",FALSE,"Activated",6.65908135295959e-11
"MME",5.06210580353746e-11,0.403365927774334,3.30171150090001e-05,0.995415338953609,0.999999999846669,"MYH11","OE",FALSE,"Activated",6.65908135295959e-11
"CXCR4",5.05873167730327e-11,0.403212459256448,3.29731148279148e-05,0.995418394807364,0.999999999846669,"MYH11","OE",FALSE,"Activated",6.65908135295959e-11
"PLXNA4",5.02278692154504e-11,0.401571641265,3.25061994487711e-05,0.995450948992748,0.999999999846669,"MYH11","OE",FALSE,"Activated",6.65908135295959e-11
"OLFML3",4.93026593999065e-11,0.39729766903626,3.13196844611728e-05,0.995534742758186,0.999999999846669,"MYH11","OE",FALSE,"Activated",6.65908135295959e-11
"FBLN5",4.83521484595772e-11,0.392828772606477,3.01236947706772e-05,0.99562082802975,0.999999999846669,"MYH11","OE",FALSE,"Activated",6.65908135295959e-11
"BNC2",4.7886634059123e-11,0.390610368293386,2.95464501071107e-05,0.995662988461172,0.999999999846669,"MYH11","OE",FALSE,"Activated",6.65908135295959e-11
"CYBRD1",4.786966812952e-11,0.390529140754724,2.95255175775355e-05,0.995664525021626,0.999999999846669,"MYH11","OE",FALSE,"Activated",6.65908135295959e-11
"PDGFRA",4.76667515718881e-11,0.389555568595161,2.92757344298688e-05,0.99568290265175,0.999999999846669,"MYH11","OE",FALSE,"Activated",6.65908135295959e-11
"ITGAX",4.63309380342103e-11,0.383049008927344,2.76578790188193e-05,0.995803883900916,0.999999999846669,"MYH11","OE",FALSE,"Activated",6.65908135295959e-11
"CD302",4.61077292213075e-11,0.38194488692856,2.73920259368519e-05,0.995824099367308,0.999999999846669,"MYH11","OE",FALSE,"Activated",6.65908135295959e-11
"NOVA1",4.52031334349292e-11,0.377418949709286,2.63277513489107e-05,0.995906026382536,0.999999999846669,"MYH11","OE",FALSE,"Activated",6.65908135295959e-11
"RARRES2",4.41270374230548e-11,0.371924428819867,2.50891661875231e-05,0.996003485807471,0.999999999846669,"MYH11","OE",FALSE,"Activated",6.65908135295959e-11
"LTBP2",4.35395678116201e-11,0.36887224620555,2.44255816129155e-05,0.996056691541014,0.999999999846669,"MYH11","OE",FALSE,"Activated",6.65908135295959e-11
"CPXM2",4.34735235301463e-11,0.368526733926562,2.43515364822027e-05,0.996062673016516,0.999999999846669,"MYH11","OE",FALSE,"Activated",6.65908135295959e-11
"SPON1",4.33203827213944e-11,0.367723700255006,2.41802761203761e-05,0.996076542620842,0.999999999846669,"MYH11","OE",FALSE,"Activated",6.65908135295959e-11
"SPRY1",4.3299909663551e-11,0.367616145327061,2.41574264970564e-05,0.996078396817824,0.999999999846669,"MYH11","OE",FALSE,"Activated",6.65908135295959e-11
"FCGRT",4.30070678415886e-11,0.366072529070599,2.38317730390161e-05,0.996104918819276,0.999999999846669,"MYH11","OE",FALSE,"Activated",6.65908135295959e-11
"FBLN1",4.2512827938382e-11,0.363445100624814,2.32871680003838e-05,0.996149680985407,0.999999999846669,"MYH11","OE",FALSE,"Activated",6.65908135295959e-11
"HBB",4.21366936746342e-11,0.361426512122259,2.28769222496782e-05,0.996183746604774,0.999999999846669,"MYH11","OE",FALSE,"Activated",6.65908135295959e-11
"PDGFRL",4.02003072336676e-11,0.350762903845091,2.08226227370151e-05,0.99635912080144,0.999999999846669,"MYH11","OE",FALSE,"Activated",6.65908135295959e-11
"SLCO2A1",4.00868417553694e-11,0.350123400650308,2.07052448004181e-05,0.996369397122018,0.999999999846669,"MYH11","OE",FALSE,"Activated",6.65908135295959e-11
"CASC15",3.9981107965123e-11,0.34952596364893,2.05961637793211e-05,0.996378973201036,0.999999999846669,"MYH11","OE",FALSE,"Activated",6.65908135295959e-11
"SGCD",3.9620839025702e-11,0.347479260799672,2.0226652927264e-05,0.99641160197786,0.999999999846669,"MYH11","OE",FALSE,"Activated",6.65908135295959e-11
"COLEC12",3.93071454535369e-11,0.345683071380683,1.99076363004028e-05,0.996440012529532,0.999999999846669,"MYH11","OE",FALSE,"Activated",6.65908135295959e-11
"LSAMP",3.90417645818775e-11,0.344153123159788,1.96397322612039e-05,0.996464047507427,0.999999999846669,"MYH11","OE",FALSE,"Activated",6.65908135295959e-11
"LXN",3.88183737787907e-11,0.342857769196871,1.94156243711563e-05,0.996484279537117,0.999999999846669,"MYH11","OE",FALSE,"Activated",6.65908135295959e-11
"PLPP3",3.88152727892573e-11,0.342839739273773,1.94125224770136e-05,0.996484560387157,0.999999999846669,"MYH11","OE",FALSE,"Activated",6.65908135295959e-11
"GXYLT2",3.83695747577369e-11,0.340234365630274,1.89692717537807e-05,0.99652492631629,0.999999999846669,"MYH11","OE",FALSE,"Activated",6.65908135295959e-11
"DPYSL3",3.82220613827431e-11,0.339365886519176,1.88236958709106e-05,0.99653828629299,0.999999999846669,"MYH11","OE",FALSE,"Activated",6.65908135295959e-11
"PDZRN3",3.78909340490378e-11,0.33740502990293,1.8498959799547e-05,0.996568275804002,0.999999999846669,"MYH11","OE",FALSE,"Activated",6.65908135295959e-11
"SNCG",3.7412670229357e-11,0.33454467304982,1.80349149276141e-05,0.996611591167782,0.999999999846669,"MYH11","OE",FALSE,"Activated",6.65908135295959e-11
"FNDC1",3.69628431941641e-11,0.331823321814326,1.76038405433736e-05,0.996652331079993,0.999999999846669,"MYH11","OE",FALSE,"Activated",6.65908135295959e-11
"PCSK5",3.67138245904069e-11,0.330303600730073,1.73674454514014e-05,0.996674884188084,0.999999999846669,"MYH11","OE",FALSE,"Activated",6.65908135295959e-11
"JAM2",3.63594181679251e-11,0.328124174001078,1.7033760477791e-05,0.996706982060989,0.999999999846669,"MYH11","OE",FALSE,"Activated",6.65908135295959e-11
"PTGFR",3.63446305216593e-11,0.328032810328451,1.70199077807678e-05,0.996708321348319,0.999999999846669,"MYH11","OE",FALSE,"Activated",6.65908135295959e-11
"TMEM176B",3.6290153990541e-11,0.327695936486499,1.69689241472072e-05,0.996713255178073,0.999999999846669,"MYH11","OE",FALSE,"Activated",6.65908135295959e-11
"SNAI1",3.52647478842276e-11,0.32126604607521,1.6023532031558e-05,0.996806124168059,0.999999999846669,"MYH11","OE",FALSE,"Activated",6.65908135295959e-11
"P4HA3",3.49465226980441e-11,0.319235367895673,1.57356476739607e-05,0.996834945198603,0.999999999846669,"MYH11","OE",FALSE,"Activated",6.65908135295959e-11
"C3",3.44700732201118e-11,0.316162781024322,1.53095032065981e-05,0.99687809630042,0.999999999846669,"MYH11","OE",FALSE,"Activated",6.65908135295959e-11
"C3AR1",3.35685440161355e-11,0.310239715911358,1.45191668424015e-05,0.996959746070496,0.999999999846669,"MYH11","OE",FALSE,"Activated",6.65908135295959e-11
"PLAC9",3.34474590616842e-11,0.309432992942863,1.44146117015675e-05,0.996970712504918,0.999999999846669,"MYH11","OE",FALSE,"Activated",6.65908135295959e-11
"MXRA5",3.33302648717164e-11,0.308649612687593,1.4313775987013e-05,0.996981326560732,0.999999999846669,"MYH11","OE",FALSE,"Activated",6.65908135295959e-11
"CELF2",3.32681352943334e-11,0.308233274770905,1.42604622798343e-05,0.996986953519096,0.999999999846669,"MYH11","OE",FALSE,"Activated",6.65908135295959e-11
"FIBIN",3.3263020134601e-11,0.308198965389644,1.42560773671266e-05,0.996987416789449,0.999999999846669,"MYH11","OE",FALSE,"Activated",6.65908135295959e-11
"LAX1",3.27055593172368e-11,0.304430261609417,1.37822412446846e-05,0.997037904968547,0.999999999846669,"MYH11","OE",FALSE,"Activated",6.65908135295959e-11
"FGF7",3.23123789376912e-11,0.301736234407908,1.34528578375821e-05,0.99707351458412,0.999999999846669,"MYH11","OE",FALSE,"Activated",6.65908135295959e-11
"TMEM119",3.19798750753418e-11,0.299434161731959,1.31774146519578e-05,0.997103628844955,0.999999999846669,"MYH11","OE",FALSE,"Activated",6.65908135295959e-11
"ALX3",3.14533290794113e-11,0.295742912635564,1.27470568804799e-05,0.997151317151945,0.999999999846669,"MYH11","OE",FALSE,"Activated",6.65908135295959e-11
"LAMA2",3.12468387857363e-11,0.294279714259039,1.25802380655314e-05,0.997170018602643,0.999999999846669,"MYH11","OE",FALSE,"Activated",6.65908135295959e-11
"AL096865.1",3.09270876263921e-11,0.29199618291144,1.23240864443532e-05,0.99719897788721,0.999999999846669,"MYH11","OE",FALSE,"Activated",6.65908135295959e-11
"HELLPAR",3.08778084989077e-11,0.291642309095087,1.22848434103341e-05,0.997203441009046,0.999999999846669,"MYH11","OE",FALSE,"Activated",6.65908135295959e-11
"ARRDC3",3.07190794115116e-11,0.290498908610556,1.21588662031418e-05,0.99721781681725,0.999999999846669,"MYH11","OE",FALSE,"Activated",6.65908135295959e-11
"TMEM176A",3.05803252551013e-11,0.289494906951726,1.20492741800139e-05,0.99723038353259,0.999999999846669,"MYH11","OE",FALSE,"Activated",6.65908135295959e-11
"PODN",3.04765063989996e-11,0.288740928702141,1.19675995473492e-05,0.997239786220825,0.999999999846669,"MYH11","OE",FALSE,"Activated",6.65908135295959e-11
"SMYD3",3.01692811497722e-11,0.28649570953301,1.17275315709867e-05,0.997267611064764,0.999999999846669,"MYH11","OE",FALSE,"Activated",6.65908135295959e-11
"DCLK1",2.98138362906873e-11,0.283871530578737,1.14528193648354e-05,0.997299803077076,0.999999999846669,"MYH11","OE",FALSE,"Activated",6.65908135295959e-11
"ITGBL1",2.96082830301035e-11,0.282340720896162,1.12954394907656e-05,0.997318419674393,0.999999999846669,"MYH11","OE",FALSE,"Activated",6.65908135295959e-11
"RASD1",2.92556516805158e-11,0.279691512838388,1.10279868475922e-05,0.997350356878968,0.999999999846669,"MYH11","OE",FALSE,"Activated",6.65908135295959e-11
"HMCN1",2.86531350230565e-11,0.27509580842869,1.05784242104768e-05,0.99740492576862,0.999999999846669,"MYH11","OE",FALSE,"Activated",6.65908135295959e-11
"CES1",2.83893608596681e-11,0.273055644188434,1.03845556166793e-05,0.997428815341377,0.999999999846669,"MYH11","OE",FALSE,"Activated",6.65908135295959e-11
"METTL7A",2.83496617055948e-11,0.272747072201366,1.03555327846095e-05,0.99743241082575,0.999999999846669,"MYH11","OE",FALSE,"Activated",6.65908135295959e-11
"MIR100HG",2.80076181464625e-11,0.27007175053238,1.01071576438231e-05,0.997463389127072,0.999999999846669,"MYH11","OE",FALSE,"Activated",6.65908135295959e-11
"COL10A1",2.79756272587225e-11,0.26981998637418,1.00840816162401e-05,0.997466286487366,0.999999999846669,"MYH11","OE",FALSE,"Activated",6.65908135295959e-11
"PTGIS",2.78870090585154e-11,0.269121178029986,1.0020296252106e-05,0.997474312487216,0.999999999846669,"MYH11","OE",FALSE,"Activated",6.65908135295959e-11
"RARRES1",2.78041227989336e-11,0.268465706059467,9.96081977010374e-06,0.997481819355172,0.999999999846669,"MYH11","OE",FALSE,"Activated",6.65908135295959e-11
"NR2F1",2.76253446111771e-11,0.267045730063095,9.8331371098583e-06,0.997498010993189,0.999999999846669,"MYH11","OE",FALSE,"Activated",6.65908135295959e-11
"EFEMP1",2.74915510006961e-11,0.265977474167693,9.73812109568071e-06,0.997510128454819,0.999999999846669,"MYH11","OE",FALSE,"Activated",6.65908135295959e-11
"DIO2",2.70962398985751e-11,0.26279280839104,9.46007857506233e-06,0.997545931117907,0.999999999846669,"MYH11","OE",FALSE,"Activated",6.65908135295959e-11
"ABCA6",2.67327792500032e-11,0.259826542246841,9.20799151708347e-06,0.997578849143233,0.999999999846669,"MYH11","OE",FALSE,"Activated",6.65908135295959e-11
"PDGFD",2.66345715053322e-11,0.259018643877189,9.14046131208409e-06,0.997587743655739,0.999999999846669,"MYH11","OE",FALSE,"Activated",6.65908135295959e-11
"FAM20A",2.65332611785026e-11,0.258182326860189,9.0710581336954e-06,0.997596919164278,0.999999999846669,"MYH11","OE",FALSE,"Activated",6.65908135295959e-11
"PRELP",2.56017979509207e-11,0.250351426208641,8.4453493219632e-06,0.997681280261106,0.999999999846669,"MYH11","OE",FALSE,"Activated",6.65908135295959e-11
"PID1",2.51528523062171e-11,0.246482420026803,8.15175592192395e-06,0.997721940541147,0.999999999846669,"MYH11","OE",FALSE,"Activated",6.65908135295959e-11
"PLD4",2.51429490249674e-11,0.246396355015347,8.14533810194132e-06,0.99772283746536,0.999999999846669,"MYH11","OE",FALSE,"Activated",6.65908135295959e-11
"PDE4B",2.50707464705488e-11,0.245767924405782,8.09862363113911e-06,0.997729376734368,0.999999999846669,"MYH11","OE",FALSE,"Activated",6.65908135295959e-11
"NEGR1",2.48480927475545e-11,0.243819402568873,7.95541436291529e-06,0.99774954212424,0.999999999846669,"MYH11","OE",FALSE,"Activated",6.65908135295959e-11
"CFB",2.47301402408198e-11,0.24278059804306,7.88006581186344e-06,0.9977602248938,0.999999999846669,"MYH11","OE",FALSE,"Activated",6.65908135295959e-11
"MMP19",2.47003929591744e-11,0.242517890207018,7.86111973622831e-06,0.997762919057503,0.999999999846669,"MYH11","OE",FALSE,"Activated",6.65908135295959e-11
"TNFAIP2",2.45051097824398e-11,0.240785971934307,7.73730988808152e-06,0.997780605543001,0.999999999846669,"MYH11","OE",FALSE,"Activated",6.65908135295959e-11
"MGP",2.44278900408141e-11,0.240097601238719,7.68862357682394e-06,0.997787599212,0.999999999846669,"MYH11","OE",FALSE,"Activated",6.65908135295959e-11
"COL15A1",2.4332368208092e-11,0.23924328447648,7.62861057787065e-06,0.997796250472473,0.999999999846669,"MYH11","OE",FALSE,"Activated",6.65908135295959e-11
"OMD",2.40907652061733e-11,0.23706852495817,7.47786940116384e-06,0.997818132073268,0.999999999846669,"MYH11","OE",FALSE,"Activated",6.65908135295959e-11
"GAS7",2.38869085087189e-11,0.235217767933623,7.35184900021888e-06,0.997836595052395,0.999999999846669,"MYH11","OE",FALSE,"Activated",6.65908135295959e-11
"PCDH9",2.37832735072749e-11,0.234271280846244,7.28819437665486e-06,0.997845981111245,0.999999999846669,"MYH11","OE",FALSE,"Activated",6.65908135295959e-11
"PLPP1",2.35126123843085e-11,0.231781233590138,7.12325439946459e-06,0.997870494464248,0.999999999846669,"MYH11","OE",FALSE,"Activated",6.65908135295959e-11
"S100B",2.34430345912782e-11,0.231136839292101,7.0811589487267e-06,0.99787679601606,0.999999999846669,"MYH11","OE",FALSE,"Activated",6.65908135295959e-11
"SCARA5",2.32768243000457e-11,0.229590286824123,6.98110456551413e-06,0.997891849422521,0.999999999846669,"MYH11","OE",FALSE,"Activated",6.65908135295959e-11
"HSD11B1",2.32377002907141e-11,0.229224759542823,6.95765641319667e-06,0.997895392823045,0.999999999846669,"MYH11","OE",FALSE,"Activated",6.65908135295959e-11
"SLIT3",2.31604378232992e-11,0.228501235911038,6.91146664178236e-06,0.997902390364374,0.999999999846669,"MYH11","OE",FALSE,"Activated",6.65908135295959e-11
"CLU",2.30155790179449e-11,0.227138663260131,6.82528037818537e-06,0.997915510001177,0.999999999846669,"MYH11","OE",FALSE,"Activated",6.65908135295959e-11
"SVEP1",2.29744296680647e-11,0.226750155492996,6.80089647889262e-06,0.997919236833928,0.999999999846669,"MYH11","OE",FALSE,"Activated",6.65908135295959e-11
"CYS1",2.29140431743028e-11,0.226178853885996,6.76519221327559e-06,0.997924705945024,0.999999999846669,"MYH11","OE",FALSE,"Activated",6.65908135295959e-11
"IGFBP5",2.27022307772939e-11,0.22416386817554,6.64069837141814e-06,0.997943889466124,0.999999999846669,"MYH11","OE",FALSE,"Activated",6.65908135295959e-11
"ABI3BP",2.26674481537737e-11,0.223831315880895,6.62036521843636e-06,0.997947039674637,0.999999999846669,"MYH11","OE",FALSE,"Activated",6.65908135295959e-11
"MEDAG",2.24938353307462e-11,0.222164327520662,6.51934117166264e-06,0.997962763520467,0.999999999846669,"MYH11","OE",FALSE,"Activated",6.65908135295959e-11
"FAT4",2.19612618017105e-11,0.216975315693172,6.21428639744499e-06,0.998010997889161,0.999999999846669,"MYH11","OE",FALSE,"Activated",6.65908135295959e-11
"ID2",2.18972691264663e-11,0.216343995103591,6.17812368206551e-06,0.998016793608222,0.999999999846669,"MYH11","OE",FALSE,"Activated",6.65908135295959e-11
"GSN",2.17214819160903e-11,0.214600931326606,6.07932817683481e-06,0.998032714388475,0.999999999846669,"MYH11","OE",FALSE,"Activated",6.65908135295959e-11
"IGF1",2.1481499330788e-11,0.212200114561207,5.94573935168906e-06,0.998054449247449,0.999999999846669,"MYH11","OE",FALSE,"Activated",6.65908135295959e-11
"SFRP1",2.14190837459237e-11,0.211571632075318,5.91123825299243e-06,0.998060102132595,0.999999999846669,"MYH11","OE",FALSE,"Activated",6.65908135295959e-11
"MFAP4",2.13788192620726e-11,0.211165295675947,5.88903475944684e-06,0.998063748826068,0.999999999846669,"MYH11","OE",FALSE,"Activated",6.65908135295959e-11
"TIMP3",2.12383373105212e-11,0.209742025719042,5.81189439469092e-06,0.998076472064501,0.999999999846669,"MYH11","OE",FALSE,"Activated",6.65908135295959e-11
"XIST",2.12193150288464e-11,0.209548634902807,5.80148812035016e-06,0.998078194883895,0.999999999846669,"MYH11","OE",FALSE,"Activated",6.65908135295959e-11
"ELN",2.11781675912173e-11,0.209129758001146,5.77901002274687e-06,0.998081921545362,0.999999999846669,"MYH11","OE",FALSE,"Activated",6.65908135295959e-11
"CDKN1C",2.09473215410217e-11,0.206765701302141,5.65371203656105e-06,0.998102828925298,0.999999999846669,"MYH11","OE",FALSE,"Activated",6.65908135295959e-11
"MMP23B",2.07284628838825e-11,0.204502022752754,5.536188676605e-06,0.998122650626258,0.999999999846669,"MYH11","OE",FALSE,"Activated",6.65908135295959e-11
"CYP1B1",2.06373445545196e-11,0.203553045180428,5.4876236153769e-06,0.998130903077292,0.999999999846669,"MYH11","OE",FALSE,"Activated",6.65908135295959e-11
"CCN5",2.03386456498513e-11,0.200414723077682,5.32992068126969e-06,0.998157955792474,0.999999999846669,"MYH11","OE",FALSE,"Activated",6.65908135295959e-11
"COMP",2.03254535980758e-11,0.200275137069502,5.32300873760128e-06,0.998159150577016,0.999999999846669,"MYH11","OE",FALSE,"Activated",6.65908135295959e-11
"INMT",2.02078339337053e-11,0.199026873709461,5.26158044397773e-06,0.998169803215561,0.999999999846669,"MYH11","OE",FALSE,"Activated",6.65908135295959e-11
"CILP",1.9987065006092e-11,0.196665644020296,5.1472437645224e-06,0.998189797930763,0.999999999846669,"MYH11","OE",FALSE,"Activated",6.65908135295959e-11
"DPT",1.99452936738589e-11,0.196216164378945,5.12575160891682e-06,0.998193581098661,0.999999999846669,"MYH11","OE",FALSE,"Activated",6.65908135295959e-11
"RSPO3",1.99399892434382e-11,0.196159023797362,5.12302559467622e-06,0.998194061513097,0.999999999846669,"MYH11","OE",FALSE,"Activated",6.65908135295959e-11
"ITM2A",1.98657648779396e-11,0.195357981494766,5.08495680793162e-06,0.998200783904421,0.999999999846669,"MYH11","OE",FALSE,"Activated",6.65908135295959e-11
"F10",1.9709152036632e-11,0.193658655723123,5.00509777132706e-06,0.998214968098919,0.999999999846669,"MYH11","OE",FALSE,"Activated",6.65908135295959e-11
"DIRAS3",1.96969702652275e-11,0.193525954013519,4.99891261283579e-06,0.998216071384047,0.999999999846669,"MYH11","OE",FALSE,"Activated",6.65908135295959e-11
"THBS4",1.95716982793708e-11,0.19215688150042,4.93552902417481e-06,0.998227417083842,0.999999999846669,"MYH11","OE",FALSE,"Activated",6.65908135295959e-11
"FHL1",1.95098195122098e-11,0.191477624347592,4.90436957580378e-06,0.998233021353047,0.999999999846669,"MYH11","OE",FALSE,"Activated",6.65908135295959e-11
"KCNK2",1.94889541538725e-11,0.191248130832991,4.89388493673733e-06,0.998234911097975,0.999999999846669,"MYH11","OE",FALSE,"Activated",6.65908135295959e-11
"CD200",1.93396803681436e-11,0.189599633815913,4.81920355382598e-06,0.998248430606286,0.999999999846669,"MYH11","OE",FALSE,"Activated",6.65908135295959e-11
"SFRP4",1.90028938792249e-11,0.185836644955866,4.65281915044786e-06,0.998278932867542,0.999999999846669,"MYH11","OE",FALSE,"Activated",6.65908135295959e-11
"CMYA5",1.88820056196122e-11,0.184470859212837,4.59380896887532e-06,0.998289881541572,0.999999999846669,"MYH11","OE",FALSE,"Activated",6.65908135295959e-11
"COL4A4",1.8806224485407e-11,0.183610555656495,4.55700933227026e-06,0.998296744928955,0.999999999846669,"MYH11","OE",FALSE,"Activated",6.65908135295959e-11
"PHYH",1.86322418313179e-11,0.181623213592823,4.47308252785941e-06,0.998312502286004,0.999999999846669,"MYH11","OE",FALSE,"Activated",6.65908135295959e-11
"CMKLR1",1.84646359303208e-11,0.179692394210244,4.39296946234985e-06,0.99832768211038,0.999999999846669,"MYH11","OE",FALSE,"Activated",6.65908135295959e-11
"TGM2",1.82826899342279e-11,0.177577919810885,4.30682151583717e-06,0.998344160697143,0.999999999846669,"MYH11","OE",FALSE,"Activated",6.65908135295959e-11
"MGST1",1.81505691204006e-11,0.176030239373621,4.24479948991157e-06,0.998356126689367,0.999999999846669,"MYH11","OE",FALSE,"Activated",6.65908135295959e-11
"GALNT15",1.80868574357524e-11,0.175280180879444,4.21505180840102e-06,0.998361896965212,0.999999999846669,"MYH11","OE",FALSE,"Activated",6.65908135295959e-11
"OGN",1.80645624438224e-11,0.175017130725814,4.2046667399131e-06,0.998363916190655,0.999999999846669,"MYH11","OE",FALSE,"Activated",6.65908135295959e-11
"CCL11",1.80266621766519e-11,0.174569269220612,4.18704208687531e-06,0.998367348763519,0.999999999846669,"MYH11","OE",FALSE,"Activated",6.65908135295959e-11
"CP",1.77562966724823e-11,0.171348872422996,4.06238866221858e-06,0.998391835380514,0.999999999846669,"MYH11","OE",FALSE,"Activated",6.65908135295959e-11
"KCNK15",1.77443130408179e-11,0.171205083710795,4.05690714288687e-06,0.998392920720928,0.999999999846669,"MYH11","OE",FALSE,"Activated",6.65908135295959e-11
"SLC2A13",1.73618233449994e-11,0.166567788950664,3.88389385404393e-06,0.998427562268258,0.999999999846669,"MYH11","OE",FALSE,"Activated",6.65908135295959e-11
"SAMD5",1.73571291206973e-11,0.166510290898942,3.88179391283128e-06,0.99842798741749,0.999999999846669,"MYH11","OE",FALSE,"Activated",6.65908135295959e-11
"AOX1",1.68021815882049e-11,0.159609322785213,3.63754214848158e-06,0.998478248230923,0.999999999846669,"MYH11","OE",FALSE,"Activated",6.65908135295959e-11
"LGR5",1.67711643290408e-11,0.159217413638169,3.62412455189658e-06,0.998481057420413,0.999999999846669,"MYH11","OE",FALSE,"Activated",6.65908135295959e-11
"CD55",1.66002347713152e-11,0.157045570040783,3.55062777907361e-06,0.998496538270125,0.999999999846669,"MYH11","OE",FALSE,"Activated",6.65908135295959e-11
"BMPER",1.65762113254432e-11,0.156738668245782,3.54035845521893e-06,0.998498714039886,0.999999999846669,"MYH11","OE",FALSE,"Activated",6.65908135295959e-11
"CADM3",1.65347544300021e-11,0.156208082602067,3.52267181626074e-06,0.998502468732721,0.999999999846669,"MYH11","OE",FALSE,"Activated",6.65908135295959e-11
"CRABP1",1.64987646676628e-11,0.155746468231287,3.5073535185057e-06,0.998505728275011,0.999999999846669,"MYH11","OE",FALSE,"Activated",6.65908135295959e-11
"ANGPTL1",1.64877577408972e-11,0.15560510424324,3.50267531299942e-06,0.998506725156934,0.999999999846669,"MYH11","OE",FALSE,"Activated",6.65908135295959e-11
"CHRDL1",1.64212780664366e-11,0.154749431249478,3.47448624426679e-06,0.998512746127875,0.999999999846669,"MYH11","OE",FALSE,"Activated",6.65908135295959e-11
"LIMCH1",1.62710453311565e-11,0.152803880604661,3.41120324602765e-06,0.998526352496461,0.999999999846669,"MYH11","OE",FALSE,"Activated",6.65908135295959e-11
"CH25H",1.62364051937406e-11,0.152352923291991,3.39669418850066e-06,0.99852948980529,0.999999999846669,"MYH11","OE",FALSE,"Activated",6.65908135295959e-11
"PKDCC",1.5921948421355e-11,0.148217968756857,3.26639807996783e-06,0.998557969716675,0.999999999846669,"MYH11","OE",FALSE,"Activated",6.65908135295959e-11
"HHIP",1.57780355429424e-11,0.146300303971166,3.20761729405655e-06,0.998571003706011,0.999999999846669,"MYH11","OE",FALSE,"Activated",6.65908135295959e-11
"AQP1",1.57363398218058e-11,0.145741674924398,3.19068651745828e-06,0.998574780029582,0.999999999846669,"MYH11","OE",FALSE,"Activated",6.65908135295959e-11
"MIR99AHG",1.57223795391603e-11,0.145554332198348,3.18502787913328e-06,0.998576044393006,0.999999999846669,"MYH11","OE",FALSE,"Activated",6.65908135295959e-11
"NELL1",1.56402628096142e-11,0.144449223182183,3.15184447194972e-06,0.9985834815913,0.999999999846669,"MYH11","OE",FALSE,"Activated",6.65908135295959e-11
"LGI2",1.5550010582151e-11,0.143228414038974,3.11557395069542e-06,0.998591655610498,0.999999999846669,"MYH11","OE",FALSE,"Activated",6.65908135295959e-11
"CFI",1.549675787582e-11,0.142505002800427,3.0942712447411e-06,0.9985964786344,0.999999999846669,"MYH11","OE",FALSE,"Activated",6.65908135295959e-11
"MAB21L2",1.53225639270114e-11,0.14012247949003,3.02509884730045e-06,0.998612255139585,0.999999999846669,"MYH11","OE",FALSE,"Activated",6.65908135295959e-11
"RGS2",1.5278746381498e-11,0.139519221667785,3.00782198963023e-06,0.998616223634206,0.999999999846669,"MYH11","OE",FALSE,"Activated",6.65908135295959e-11
"CXCL12",1.52425247184137e-11,0.139019329452776,2.99357747389375e-06,0.998619504180265,0.999999999846669,"MYH11","OE",FALSE,"Activated",6.65908135295959e-11
"SHOX",1.5161459664693e-11,0.137896559833632,2.96182037204667e-06,0.998626846130439,0.999999999846669,"MYH11","OE",FALSE,"Activated",6.65908135295959e-11
"GFRA1",1.51185453206789e-11,0.137299934201623,2.94507730151008e-06,0.99863073282347,0.999999999846669,"MYH11","OE",FALSE,"Activated",6.65908135295959e-11
"FLNC",1.49814234367516e-11,0.135383002351613,2.89189715830687e-06,0.998643151763853,0.999999999846669,"MYH11","OE",FALSE,"Activated",6.65908135295959e-11
"CRABP2",1.45648585994028e-11,0.129458233362402,2.73331214854712e-06,0.998680879470092,0.999999999846669,"MYH11","OE",FALSE,"Activated",6.65908135295959e-11
"PLA2G2A",1.44142209691493e-11,0.127277036849636,2.67706574628205e-06,0.998694522514482,0.999999999846669,"MYH11","OE",FALSE,"Activated",6.65908135295959e-11
"ADAMTSL3",1.43320711896333e-11,0.126078618149237,2.64663834069442e-06,0.998701962707951,0.999999999846669,"MYH11","OE",FALSE,"Activated",6.65908135295959e-11
"SPOCK1",1.42002003267715e-11,0.124141492432964,2.59815842205865e-06,0.998713906072349,0.999999999846669,"MYH11","OE",FALSE,"Activated",6.65908135295959e-11
"MFAP5",1.41410363143381e-11,0.123266980337672,2.57655348018509e-06,0.998719264476448,0.999999999846669,"MYH11","OE",FALSE,"Activated",6.65908135295959e-11
"NFIB",1.41280165652258e-11,0.123074078760022,2.57181116341453e-06,0.998720443657416,0.999999999846669,"MYH11","OE",FALSE,"Activated",6.65908135295959e-11
"FXYD1",1.39136158000957e-11,0.119873598662375,2.49434602372043e-06,0.998739861643497,0.999999999846669,"MYH11","OE",FALSE,"Activated",6.65908135295959e-11
"SCG2",1.39072033860777e-11,0.11977717538936,2.49204739856725e-06,0.998740442407137,0.999999999846669,"MYH11","OE",FALSE,"Activated",6.65908135295959e-11
"FMO1",1.39035306245041e-11,0.119721929643136,2.49073131982725e-06,0.998740775044171,0.999999999846669,"MYH11","OE",FALSE,"Activated",6.65908135295959e-11
"APOD",1.38903071177443e-11,0.119522909442543,2.48599575435255e-06,0.998741972679244,0.999999999846669,"MYH11","OE",FALSE,"Activated",6.65908135295959e-11
"LEPR",1.36558307606613e-11,0.115964477080104,2.40277407768169e-06,0.998763208885362,0.999999999846669,"MYH11","OE",FALSE,"Activated",6.65908135295959e-11
"SERPINA3",1.36310316066728e-11,0.115584821172437,2.39405506816074e-06,0.998765454911205,0.999999999846669,"MYH11","OE",FALSE,"Activated",6.65908135295959e-11
"PTGER4",1.35722076592535e-11,0.114681707955187,2.3734368337734e-06,0.998770782516621,0.999999999846669,"MYH11","OE",FALSE,"Activated",6.65908135295959e-11
"CHI3L1",1.30584224682242e-11,0.106635859281944,2.19714194902963e-06,0.998817315349285,0.999999999846669,"MYH11","OE",FALSE,"Activated",6.65908135295959e-11
"ABCA8",1.26105513366149e-11,0.0993794068820402,2.04901357249111e-06,0.998857878437662,0.999999999846669,"MYH11","OE",FALSE,"Activated",6.65908135295959e-11
"PI16",1.24435956949892e-11,0.0966131801174698,1.99511746419971e-06,0.998872999387215,0.999999999846669,"MYH11","OE",FALSE,"Activated",6.65908135295959e-11
"EDNRB",1.19691606175678e-11,0.0885606006323409,1.84588260044713e-06,0.99891596834093,0.999999999846669,"MYH11","OE",FALSE,"Activated",6.65908135295959e-11
"LVRN",1.18651174038489e-11,0.0867552189270191,1.81393101259316e-06,0.998925391396789,0.999999999846669,"MYH11","OE",FALSE,"Activated",6.65908135295959e-11
"COL6A6",1.17917288008439e-11,0.0854729253855753,1.79156120990433e-06,0.998932038105308,0.999999999846669,"MYH11","OE",FALSE,"Activated",6.65908135295959e-11
"IL33",1.14495704659333e-11,0.0793952285824128,1.68909888334922e-06,0.998963026933239,0.999999999846669,"MYH11","OE",FALSE,"Activated",6.65908135295959e-11
"LRRN4CL",1.12243680906603e-11,0.0753025466214664,1.62330634860653e-06,0.998983423215422,0.999999999846669,"MYH11","OE",FALSE,"Activated",6.65908135295959e-11
"NTRK2",1.11961003228109e-11,0.0747834661973128,1.61514028263887e-06,0.99898598338993,0.999999999846669,"MYH11","OE",FALSE,"Activated",6.65908135295959e-11
"CTSH",1.09181990610948e-11,0.0696147463050306,1.53595574420582e-06,0.999011152541787,0.999999999846669,"MYH11","OE",FALSE,"Activated",6.65908135295959e-11
"GPNMB",1.08440328812058e-11,0.0682147303819076,1.51515944624882e-06,0.999017869675345,0.999999999846669,"MYH11","OE",FALSE,"Activated",6.65908135295959e-11
"SNED1",1.07585913042188e-11,0.0665908390801084,1.49137722297163e-06,0.999025608006903,0.999999999846669,"MYH11","OE",FALSE,"Activated",6.65908135295959e-11
"SELENOP",1.06531683125102e-11,0.0645706463441319,1.46229253681706e-06,0.99903515602911,0.999999999846669,"MYH11","OE",FALSE,"Activated",6.65908135295959e-11
"ITGA8",1.06311759451658e-11,0.0641468799270273,1.45626126444077e-06,0.999037147849018,0.999999999846669,"MYH11","OE",FALSE,"Activated",6.65908135295959e-11
"HLA-DQA2",1.04434074564854e-11,0.0604953905750716,1.40527438937928e-06,0.999054153795368,0.999999999846669,"MYH11","OE",FALSE,"Activated",6.65908135295959e-11
"EGR2",1.04190091433512e-11,0.0600164673116553,1.3987159410603e-06,0.999056363518699,0.999999999846669,"MYH11","OE",FALSE,"Activated",6.65908135295959e-11
"COL4A3",1.03816340723984e-11,0.059280801030548,1.38869899173266e-06,0.999059748530037,0.999999999846669,"MYH11","OE",FALSE,"Activated",6.65908135295959e-11
"DRAM1",1.02789488801993e-11,0.0572469166413261,1.36136348822388e-06,0.999069048593804,0.999999999846669,"MYH11","OE",FALSE,"Activated",6.65908135295959e-11
"CD34",1.01398137057874e-11,0.054460843047446,1.32475826643977e-06,0.999081649885064,0.999999999846669,"MYH11","OE",FALSE,"Activated",6.65908135295959e-11
"CHRDL2",1.00266200068157e-11,0.0521679897642128,1.29534603047352e-06,0.999091901690899,0.999999999846669,"MYH11","OE",FALSE,"Activated",6.65908135295959e-11
"AC116366.1",9.92511965976649e-12,0.0500915237498554,1.26925297228016e-06,0.999101094445214,0.999999999846669,"MYH11","OE",FALSE,"Activated",6.65908135295959e-11
"ISM1",9.90297702263421e-12,0.0496359242651124,1.26359596083889e-06,0.999103099875054,0.999999999846669,"MYH11","OE",FALSE,"Activated",6.65908135295959e-11
"HSPB6",9.76058259129627e-12,0.046683326289678,1.22751884333269e-06,0.99911599635359,0.999999999846669,"MYH11","OE",FALSE,"Activated",6.65908135295959e-11
"TRIB1",9.72799657312599e-12,0.0460020384955402,1.21933630291583e-06,0.999118947626927,0.999999999846669,"MYH11","OE",FALSE,"Activated",6.65908135295959e-11
"FGL2",9.68125240088117e-12,0.0450210421204791,1.20764634652979e-06,0.999123181185909,0.999999999846669,"MYH11","OE",FALSE,"Activated",6.65908135295959e-11
"FGF10",9.64421774581195e-12,0.0442406956666908,1.19842456013287e-06,0.999126535366545,0.999999999846669,"MYH11","OE",FALSE,"Activated",6.65908135295959e-11
"PCSK1",9.56825184261899e-12,0.0426313192819734,1.17961933292465e-06,0.999133415499838,0.999999999846669,"MYH11","OE",FALSE,"Activated",6.65908135295959e-11
"PARD6G-AS1",9.44593011433168e-12,0.0400148378654183,1.14965132047675e-06,0.999144494020202,0.999999999846669,"MYH11","OE",FALSE,"Activated",6.65908135295959e-11
"TXNIP",9.42281499377672e-12,0.0395168799058187,1.14403158508832e-06,0.999146587526724,0.999999999846669,"MYH11","OE",FALSE,"Activated",6.65908135295959e-11
"CD83",9.26994393185321e-12,0.0361948893180142,1.10721229812989e-06,0.999160432860904,0.999999999846669,"MYH11","OE",FALSE,"Activated",6.65908135295959e-11
"ANK2",8.99242723331755e-12,0.0300324834160321,1.04191082603964e-06,0.999185567189675,0.999999999846669,"MYH11","OE",FALSE,"Activated",6.65908135295959e-11
"BMP4",8.75953621534817e-12,0.0247235755453232,9.88641669477572e-07,0.999206659828849,0.999999999846669,"MYH11","OE",FALSE,"Activated",6.65908135295959e-11
"TNFRSF1B",8.55611323835396e-12,0.0199783692325382,9.43256341617952e-07,0.999225083586006,0.999999999846669,"MYH11","OE",FALSE,"Activated",6.65908135295959e-11
"LSP1",8.46198493209299e-12,0.0177472045850589,9.22616424218934e-07,0.999233608665671,0.999999999846669,"MYH11","OE",FALSE,"Activated",6.65908135295959e-11
"TNFSF14",8.25925363179689e-12,0.0128626645645184,8.78938103269575e-07,0.999251969779158,0.999999999846669,"MYH11","OE",FALSE,"Activated",6.65908135295959e-11
"FAM49A",8.10999951392728e-12,0.00919511400362461,8.47458309886232e-07,0.999265487533171,0.999999999846669,"MYH11","OE",FALSE,"Activated",6.65908135295959e-11
"PTGER3",8.0776646381284e-12,0.00839233393222012,8.40714084605914e-07,0.999268416061425,0.999999999846669,"MYH11","OE",FALSE,"Activated",6.65908135295959e-11
"LINC02544",7.93440661560708e-12,0.00479947668432803,8.11158255123323e-07,0.999281390757015,0.999999999846669,"MYH11","OE",FALSE,"Activated",6.65908135295959e-11
"PCOLCE2",7.80085434231788e-12,0.00139552160308881,7.84081169340226e-07,0.999293486415501,0.999999999846669,"MYH11","OE",FALSE,"Activated",6.65908135295959e-11
"CEMIP",7.76768828094941e-12,0.000541829927376498,7.7742815367204e-07,0.999296490223262,0.999999999846669,"MYH11","OE",FALSE,"Activated",6.65908135295959e-11
"LBP",7.5335289337049e-12,-0.00558326871630951,7.31263012773553e-07,0.999317697736149,0.999999999846669,"MYH11","OE",FALSE,"Activated",6.65908135295959e-11
"TNXB",7.44846508229278e-12,-0.00785208156138642,7.14842324835665e-07,0.999325401860603,0.999999999846669,"MYH11","OE",FALSE,"Activated",6.65908135295959e-11
"LRRC4C",7.38733141716131e-12,-0.00949749629983498,7.0315626818037e-07,0.999330938658667,0.999999999846669,"MYH11","OE",FALSE,"Activated",6.65908135295959e-11
"ADM",7.35050529863884e-12,-0.0104947680492641,6.96163222368229e-07,0.999334273953258,0.999999999846669,"MYH11","OE",FALSE,"Activated",6.65908135295959e-11
"FMNL1",7.32399497504246e-12,-0.0112155503015776,6.91150714863467e-07,0.999336674959466,0.999999999846669,"MYH11","OE",FALSE,"Activated",6.65908135295959e-11
"GPC3",7.2232642636329e-12,-0.0139765013598956,6.72269942090148e-07,0.999345798011623,0.999999999846669,"MYH11","OE",FALSE,"Activated",6.65908135295959e-11
"RETREG1",7.1465002477192e-12,-0.0161045844837838,6.58056998770814e-07,0.99935275043077,0.999999999846669,"MYH11","OE",FALSE,"Activated",6.65908135295959e-11
"GJA1",7.12100375210981e-12,-0.0168160928620317,6.53369888384691e-07,0.999355059615913,0.999999999846669,"MYH11","OE",FALSE,"Activated",6.65908135295959e-11
"RBP5",7.10650102041808e-12,-0.0172218610610845,6.50711274683542e-07,0.999356373109859,0.999999999846669,"MYH11","OE",FALSE,"Activated",6.65908135295959e-11
"CDKN1A",7.1044199181221e-12,-0.0172801505824194,6.50330215583122e-07,0.999356561592645,0.999999999846669,"MYH11","OE",FALSE,"Activated",6.65908135295959e-11
"DNAJA4",7.05738160061e-12,-0.0186018801165943,6.41747060315974e-07,0.99936082179319,0.999999999846669,"MYH11","OE",FALSE,"Activated",6.65908135295959e-11
"GPR183",7.02059146813462e-12,-0.0196413430492976,6.35073644781827e-07,0.999364153828673,0.999999999846669,"MYH11","OE",FALSE,"Activated",6.65908135295959e-11
"DTX1",6.99592568799802e-12,-0.020341074355229,6.30619014600837e-07,0.999366387777,0.999999999846669,"MYH11","OE",FALSE,"Activated",6.65908135295959e-11
"HYOU1",6.87849405786584e-12,-0.0237040821236993,6.09625913128048e-07,0.999377023410408,0.999999999846669,"MYH11","OE",FALSE,"Activated",6.65908135295959e-11
"TNFRSF9",6.78687996377339e-12,-0.0263648472523655,5.93494942493378e-07,0.999385320782485,0.999999999846669,"MYH11","OE",FALSE,"Activated",6.65908135295959e-11
"CYP19A1",6.73098947896107e-12,-0.0280044652402678,5.83760237145706e-07,0.999390382712701,0.999999999846669,"MYH11","OE",FALSE,"Activated",6.65908135295959e-11
"SRPX",6.70772877747988e-12,-0.0286905649972928,5.79732535031198e-07,0.999392489404895,0.999999999846669,"MYH11","OE",FALSE,"Activated",6.65908135295959e-11
"ABCA10",6.64534199641467e-12,-0.0305416675666646,5.68998811245767e-07,0.99939813969645,0.999999999846669,"MYH11","OE",FALSE,"Activated",6.65908135295959e-11
"SH3BGR",6.52858769556197e-12,-0.0340495854558381,5.4918057892785e-07,0.99940871398533,0.999999999846669,"MYH11","OE",FALSE,"Activated",6.65908135295959e-11
"AC008393.1",6.4902905720816e-12,-0.035212893062708,5.42756418061915e-07,0.999412182507231,0.999999999846669,"MYH11","OE",FALSE,"Activated",6.65908135295959e-11
"NFATC1",6.48417196108581e-12,-0.0353993396409534,5.41733551679435e-07,0.99941273666207,0.999999999846669,"MYH11","OE",FALSE,"Activated",6.65908135295959e-11
"PTGDS",6.40057832480304e-12,-0.0379630582383107,5.27855582791127e-07,0.999420307631729,0.999999999846669,"MYH11","OE",FALSE,"Activated",6.65908135295959e-11
"AL355916.1",6.35139380939278e-12,-0.0394860145255746,5.19774260296918e-07,0.999424762210958,0.999999999846669,"MYH11","OE",FALSE,"Activated",6.65908135295959e-11
"BHLHE41",6.24669269671008e-12,-0.0427646982679335,5.0277881416132e-07,0.999434244858106,0.999999999846669,"MYH11","OE",FALSE,"Activated",6.65908135295959e-11
"APELA",6.17806580018169e-12,-0.0449414483310928,4.91792323225895e-07,0.999440460309236,0.999999999846669,"MYH11","OE",FALSE,"Activated",6.65908135295959e-11
"ADAMTS8",6.0683098851926e-12,-0.0484697339596594,4.74473746454261e-07,0.999450400763566,0.999999999846669,"MYH11","OE",FALSE,"Activated",6.65908135295959e-11
"FAM43A",6.01562469536187e-12,-0.0501844257843388,4.66270729656635e-07,0.999455172394568,0.999999999846669,"MYH11","OE",FALSE,"Activated",6.65908135295959e-11
"VEGFD",6.00082079262373e-12,-0.0506687360386884,4.63978654098734e-07,0.999456513165318,0.999999999846669,"MYH11","OE",FALSE,"Activated",6.65908135295959e-11
"F13A1",5.92953964592854e-12,-0.0530163014052226,4.53021319378662e-07,0.99946296900865,0.999999999846669,"MYH11","OE",FALSE,"Activated",6.65908135295959e-11
"ZC3HAV1",5.9174963256298e-12,-0.0534155130171975,4.51182950623502e-07,0.999464059756947,0.999999999846669,"MYH11","OE",FALSE,"Activated",6.65908135295959e-11
"CAPN6",5.80797723840623e-12,-0.0570807780690213,4.34636803042143e-07,0.999473978762285,0.999999999846669,"MYH11","OE",FALSE,"Activated",6.65908135295959e-11
"CCR6",5.80279265574185e-12,-0.0572558720681524,4.33861178561991e-07,0.999474448323387,0.999999999846669,"MYH11","OE",FALSE,"Activated",6.65908135295959e-11
"PLTP",5.78230280573485e-12,-0.0579492768023437,4.30802632100064e-07,0.99947630406322,0.999999999846669,"MYH11","OE",FALSE,"Activated",6.65908135295959e-11
"RAMP2",5.74098750039011e-12,-0.0593543898824138,4.24668344180363e-07,0.999480045938247,0.999999999846669,"MYH11","OE",FALSE,"Activated",6.65908135295959e-11
"CD14",5.6821462850102e-12,-0.0613717996418191,4.16007831856592e-07,0.99948537511283,0.999999999846669,"MYH11","OE",FALSE,"Activated",6.65908135295959e-11
"BDNF",5.58522448187007e-12,-0.0647373887395981,4.0193696813132e-07,0.999494153198216,0.999999999846669,"MYH11","OE",FALSE,"Activated",6.65908135295959e-11
"TXLNB",5.56960368575132e-12,-0.0652848712286086,3.99691831711257e-07,0.999495567954011,0.999999999846669,"MYH11","OE",FALSE,"Activated",6.65908135295959e-11
"IKZF2",5.52627422596541e-12,-0.0668109705996431,3.93497112437511e-07,0.999499492248522,0.999999999846669,"MYH11","OE",FALSE,"Activated",6.65908135295959e-11
"NFKBIA",5.36480318515774e-12,-0.0725974191314986,3.70838037495499e-07,0.999514116477093,0.999999999846669,"MYH11","OE",FALSE,"Activated",6.65908135295959e-11
"IL10",5.28598441617763e-12,-0.0754807680461962,3.60021505036351e-07,0.999521254993678,0.999999999846669,"MYH11","OE",FALSE,"Activated",6.65908135295959e-11
"SRGN",5.26006731924118e-12,-0.076437568844914,3.56499800337261e-07,0.999523602272497,0.999999999846669,"MYH11","OE",FALSE,"Activated",6.65908135295959e-11
"SLPI",5.21131919597337e-12,-0.07824912679324,3.49922634728533e-07,0.99952801732862,0.999999999846669,"MYH11","OE",FALSE,"Activated",6.65908135295959e-11
"FGF2",5.12357401413064e-12,-0.0815497824906158,3.38238247051866e-07,0.999535964299254,0.999999999846669,"MYH11","OE",FALSE,"Activated",6.65908135295959e-11
"PRG4",5.07817967104449e-12,-0.0832779505310872,3.32271285280216e-07,0.999540075607767,0.999999999846669,"MYH11","OE",FALSE,"Activated",6.65908135295959e-11
"HGF",4.96544743752432e-12,-0.0876323449846211,3.17682626113262e-07,0.999550285624307,0.999999999846669,"MYH11","OE",FALSE,"Activated",6.65908135295959e-11
"C1QTNF3",4.880368276804e-12,-0.0909796492438405,3.06889392280341e-07,0.999557991136888,0.999999999846669,"MYH11","OE",FALSE,"Activated",6.65908135295959e-11
"BIN1",4.86543617276725e-12,-0.0915726964023487,3.05014331343141e-07,0.999559343518774,0.999999999846669,"MYH11","OE",FALSE,"Activated",6.65908135295959e-11
"MMP1",4.82674059331355e-12,-0.0931174178953616,3.00181970384977e-07,0.999562848128754,0.999999999846669,"MYH11","OE",FALSE,"Activated",6.65908135295959e-11
"AL022476.1",4.79555946347148e-12,-0.0943705291728935,2.96316098748168e-07,0.999565672164487,0.999999999846669,"MYH11","OE",FALSE,"Activated",6.65908135295959e-11
"ZNF385B",4.78345922675465e-12,-0.0948588478720234,2.9482264570086e-07,0.999566768067717,0.999999999846669,"MYH11","OE",FALSE,"Activated",6.65908135295959e-11
"HILPDA",4.78044490084128e-12,-0.0949806723358504,2.94451194208757e-07,0.999567041071426,0.999999999846669,"MYH11","OE",FALSE,"Activated",6.65908135295959e-11
"PDK4",4.76880734904217e-12,-0.0954516742083074,2.93019310727439e-07,0.999568095069866,0.999999999846669,"MYH11","OE",FALSE,"Activated",6.65908135295959e-11
"AKR1C3",4.75420092240047e-12,-0.0960443426067507,2.91227076241731e-07,0.999569417955569,0.999999999846669,"MYH11","OE",FALSE,"Activated",6.65908135295959e-11
"LST1",4.66731956765105e-12,-0.0996048634478167,2.80680189860684e-07,0.9995772866907,0.999999999846669,"MYH11","OE",FALSE,"Activated",6.65908135295959e-11
"GDF10",4.65146194743668e-12,-0.100261346462225,2.78776159679621e-07,0.999578722895442,0.999999999846669,"MYH11","OE",FALSE,"Activated",6.65908135295959e-11
"AC129507.1",4.64506160750978e-12,-0.100526898619942,2.78009504100371e-07,0.999579302566189,0.999999999846669,"MYH11","OE",FALSE,"Activated",6.65908135295959e-11
"AC002451.1",4.64502381064741e-12,-0.100528467829926,2.7800497979258e-07,0.999579305989403,0.999999999846669,"MYH11","OE",FALSE,"Activated",6.65908135295959e-11
"CAPS",4.61275811052829e-12,-0.101872373168421,2.74156185272516e-07,0.999582228253335,0.999999999846669,"MYH11","OE",FALSE,"Activated",6.65908135295959e-11
"VWC2",4.59754697014608e-12,-0.102508957100738,2.72351038677182e-07,0.999583605907215,0.999999999846669,"MYH11","OE",FALSE,"Activated",6.65908135295959e-11
"CORIN",4.56219250705593e-12,-0.103996102755258,2.68178464615196e-07,0.999586807916538,0.999999999846669,"MYH11","OE",FALSE,"Activated",6.65908135295959e-11
"RGCC",4.55690105438616e-12,-0.104219599229419,2.67556732539375e-07,0.999587287156762,0.999999999846669,"MYH11","OE",FALSE,"Activated",6.65908135295959e-11
"HSPB8",4.45719016034299e-12,-0.1084766739494,2.55975860980268e-07,0.999596317847256,0.999999999846669,"MYH11","OE",FALSE,"Activated",6.65908135295959e-11
"INSIG1",4.39384665972547e-12,-0.111227113447132,2.48751941539482e-07,0.99960205478861,0.999999999846669,"MYH11","OE",FALSE,"Activated",6.65908135295959e-11
"TUBB2B",4.34021558725266e-12,-0.113584683725326,2.4271649439769e-07,0.999606912087553,0.999999999846669,"MYH11","OE",FALSE,"Activated",6.65908135295959e-11
"ACTN2",4.30224081170782e-12,-0.115270386108524,2.3848777274969e-07,0.999610351415336,0.999999999846669,"MYH11","OE",FALSE,"Activated",6.65908135295959e-11
"TNNT3",4.23187859150204e-12,-0.118430510449906,2.30750731080504e-07,0.999616724033372,0.999999999846669,"MYH11","OE",FALSE,"Activated",6.65908135295959e-11
"IGLV3-1",4.23173093285499e-12,-0.118437193134239,2.3073462865904e-07,0.99961673740663,0.999999999846669,"MYH11","OE",FALSE,"Activated",6.65908135295959e-11
"CSRNP3",4.20562091655446e-12,-0.119622279331158,2.27896121529731e-07,0.999619102158065,0.999999999846669,"MYH11","OE",FALSE,"Activated",6.65908135295959e-11
"DDIT4L",4.20481826982804e-12,-0.11965881783072,2.27809141450308e-07,0.999619174852773,0.999999999846669,"MYH11","OE",FALSE,"Activated",6.65908135295959e-11
"PRUNE2",4.20317899112072e-12,-0.119733461992195,2.27631550003404e-07,0.99961932332019,0.999999999846669,"MYH11","OE",FALSE,"Activated",6.65908135295959e-11
"AC044839.1",4.17657862604934e-12,-0.120948485871337,2.24759475244532e-07,0.999621732481903,0.999999999846669,"MYH11","OE",FALSE,"Activated",6.65908135295959e-11
"MDK",4.10235684115493e-12,-0.124376994443082,2.16842075409905e-07,0.999628454655918,0.999999999846669,"MYH11","OE",FALSE,"Activated",6.65908135295959e-11
"HLA-DPB1",4.09979635327787e-12,-0.124496292419886,2.16571475724925e-07,0.999628686556096,0.999999999846669,"MYH11","OE",FALSE,"Activated",6.65908135295959e-11
"IGSF10",4.06696824010804e-12,-0.126031959553318,2.13117075562635e-07,0.999631659757162,0.999999999846669,"MYH11","OE",FALSE,"Activated",6.65908135295959e-11
"OSR1",4.05932368339097e-12,-0.126391211638439,2.12316649146645e-07,0.999632352115083,0.999999999846669,"MYH11","OE",FALSE,"Activated",6.65908135295959e-11
"CFD",4.04107788951805e-12,-0.127251201850582,2.10412302525151e-07,0.99963400461377,0.999999999846669,"MYH11","OE",FALSE,"Activated",6.65908135295959e-11
"COL6A5",4.03039693269543e-12,-0.127756303797276,2.09301492624245e-07,0.999634971974645,0.999999999846669,"MYH11","OE",FALSE,"Activated",6.65908135295959e-11
"HMGB3",4.01809827446829e-12,-0.128339444262132,2.08026084706184e-07,0.99963608584871,0.999999999846669,"MYH11","OE",FALSE,"Activated",6.65908135295959e-11
"SCNN1D",3.99202384135723e-12,-0.129581248665199,2.05334979363886e-07,0.999638447377447,0.999999999846669,"MYH11","OE",FALSE,"Activated",6.65908135295959e-11
"SEMA3C",3.92287242708008e-12,-0.132911346922466,1.98282805995163e-07,0.999644710334412,0.999999999846669,"MYH11","OE",FALSE,"Activated",6.65908135295959e-11
"HMCN2",3.90003871953015e-12,-0.13402288521972,1.95981250144649e-07,0.999646778354705,0.999999999846669,"MYH11","OE",FALSE,"Activated",6.65908135295959e-11
"BCAT1",3.88624749969255e-12,-0.134697160209041,1.94597652762404e-07,0.999648027408213,0.999999999846669,"MYH11","OE",FALSE,"Activated",6.65908135295959e-11
"PEG3",3.87617403533005e-12,-0.13519106976174,1.93590134878533e-07,0.999648939749265,0.999999999846669,"MYH11","OE",FALSE,"Activated",6.65908135295959e-11
"AL355881.1",3.86702052838958e-12,-0.13564090484066,1.92676896039356e-07,0.999649768770925,0.999999999846669,"MYH11","OE",FALSE,"Activated",6.65908135295959e-11
"KDM7A",3.84547081185671e-12,-0.136703837772116,1.90535421390976e-07,0.999651720501766,0.999999999846669,"MYH11","OE",FALSE,"Activated",6.65908135295959e-11
"MIR155HG",3.76206019205906e-12,-0.140870711171098,1.82359404773037e-07,0.99965927489717,0.999999999846669,"MYH11","OE",FALSE,"Activated",6.65908135295959e-11
"CADPS",3.74305945482856e-12,-0.141831869251735,1.80522000346338e-07,0.999660995770156,0.999999999846669,"MYH11","OE",FALSE,"Activated",6.65908135295959e-11
"BIRC5",3.71434765533701e-12,-0.143292870098842,1.77763170275127e-07,0.999663596161897,0.999999999846669,"MYH11","OE",FALSE,"Activated",6.65908135295959e-11
"DIRC3",3.6898055227447e-12,-0.144550010441157,1.75421830844012e-07,0.99966581891213,0.999999999846669,"MYH11","OE",FALSE,"Activated",6.65908135295959e-11
"CRLF1",3.66259664979955e-12,-0.14595283340858,1.72844225083808e-07,0.999668283185702,0.999999999846669,"MYH11","OE",FALSE,"Activated",6.65908135295959e-11
"TMEM59L",3.6272688282656e-12,-0.147788718019278,1.69525944863895e-07,0.999671482782291,0.999999999846669,"MYH11","OE",FALSE,"Activated",6.65908135295959e-11
"PTX3",3.6128688364699e-12,-0.148541797368055,1.68182605457291e-07,0.999672786971531,0.999999999846669,"MYH11","OE",FALSE,"Activated",6.65908135295959e-11
"UBD",3.61183740738366e-12,-0.148595844835844,1.68086591083463e-07,0.999672880386772,0.999999999846669,"MYH11","OE",FALSE,"Activated",6.65908135295959e-11
"ADAMTS6",3.59878752086708e-12,-0.149280903333649,1.66874162052156e-07,0.999674062298667,0.999999999846669,"MYH11","OE",FALSE,"Activated",6.65908135295959e-11
"SCN7A",3.59760214612187e-12,-0.149343243913182,1.66764249566942e-07,0.999674169656574,0.999999999846669,"MYH11","OE",FALSE,"Activated",6.65908135295959e-11
"PENK",3.59758514577004e-12,-0.149344138124708,1.66762673492601e-07,0.999674171196275,0.999999999846669,"MYH11","OE",FALSE,"Activated",6.65908135295959e-11
"ESM1",3.59758349830775e-12,-0.149344224780756,1.66762520759507e-07,0.999674171345484,0.999999999846669,"MYH11","OE",FALSE,"Activated",6.65908135295959e-11
"PCLAF",3.581130070614e-12,-0.150211508428581,1.65240643251769e-07,0.999675661511845,0.999999999846669,"MYH11","OE",FALSE,"Activated",6.65908135295959e-11
"ITIH4",3.57359099777206e-12,-0.150610136975275,1.64545639205804e-07,0.999676344316241,0.999999999846669,"MYH11","OE",FALSE,"Activated",6.65908135295959e-11
"MT1M",3.55783178188136e-12,-0.151445926925052,1.63097576144377e-07,0.999677771608709,0.999999999846669,"MYH11","OE",FALSE,"Activated",6.65908135295959e-11
"IL4I1",3.53913089981458e-12,-0.152442187013711,1.6138751633849e-07,0.999679465324205,0.999999999846669,"MYH11","OE",FALSE,"Activated",6.65908135295959e-11
"RRM2",3.52533582287187e-12,-0.153180226948751,1.60131832810983e-07,0.999680714727068,0.999999999846669,"MYH11","OE",FALSE,"Activated",6.65908135295959e-11
"BMP2",3.50961661133333e-12,-0.154024475221983,1.58706984571842e-07,0.999682138396395,0.999999999846669,"MYH11","OE",FALSE,"Activated",6.65908135295959e-11
"ARL6IP1",3.4998969342164e-12,-0.154548253653461,1.57829142474784e-07,0.999683018695395,0.999999999846669,"MYH11","OE",FALSE,"Activated",6.65908135295959e-11
"INHBB",3.48930777728017e-12,-0.155120422202461,1.56875543375848e-07,0.999683977742095,0.999999999846669,"MYH11","OE",FALSE,"Activated",6.65908135295959e-11
"CCNB1",3.46375462509719e-12,-0.156507795628479,1.54586271911945e-07,0.99968629205913,0.999999999846669,"MYH11","OE",FALSE,"Activated",6.65908135295959e-11
"SERPINE2",3.44747190888998e-12,-0.157396795232734,1.5313630307566e-07,0.999687766764375,0.999999999846669,"MYH11","OE",FALSE,"Activated",6.65908135295959e-11
"ADH1B",3.40216139785664e-12,-0.159891266045719,1.49137380746953e-07,0.999691870480702,0.999999999846669,"MYH11","OE",FALSE,"Activated",6.65908135295959e-11
"CSF2RA",3.37692610411391e-12,-0.161293908599489,1.46933153887052e-07,0.999694156009705,0.999999999846669,"MYH11","OE",FALSE,"Activated",6.65908135295959e-11
"LUCAT1",3.36858419331906e-12,-0.161759708392023,1.46208122117139e-07,0.999694911526137,0.999999999846669,"MYH11","OE",FALSE,"Activated",6.65908135295959e-11
"PDZRN4",3.35992317675167e-12,-0.162244458061326,1.45457252921091e-07,0.999695695943579,0.999999999846669,"MYH11","OE",FALSE,"Activated",6.65908135295959e-11
"CCR7",3.35603447006757e-12,-0.162462482106827,1.45120749238421e-07,0.999696048138882,0.999999999846669,"MYH11","OE",FALSE,"Activated",6.65908135295959e-11
"MYOC",3.33931468312761e-12,-0.163402565884954,1.43678366039737e-07,0.999697562429084,0.999999999846669,"MYH11","OE",FALSE,"Activated",6.65908135295959e-11
"MS4A7",3.26274606034081e-12,-0.167764162939513,1.37164976719845e-07,0.999704497153544,0.999999999846669,"MYH11","OE",FALSE,"Activated",6.65908135295959e-11
"GADD45G",3.25024054075747e-12,-0.168485506074008,1.36115534308166e-07,0.999705629762824,0.999999999846669,"MYH11","OE",FALSE,"Activated",6.65908135295959e-11
"HLA-DQA1",3.22587589282577e-12,-0.169898318667612,1.34082468321018e-07,0.999707836438538,0.999999999846669,"MYH11","OE",FALSE,"Activated",6.65908135295959e-11
"IRF4",3.22348760405769e-12,-0.170037337637907,1.33884004943704e-07,0.999708052742868,0.999999999846669,"MYH11","OE",FALSE,"Activated",6.65908135295959e-11
"EBI3",3.2125701193419e-12,-0.17067404616079,1.32978649308025e-07,0.999709041525816,0.999999999846669,"MYH11","OE",FALSE,"Activated",6.65908135295959e-11
"POU3F2",3.21200738265423e-12,-0.170706919275432,1.32932066411582e-07,0.999709092492174,0.999999999846669,"MYH11","OE",FALSE,"Activated",6.65908135295959e-11
"GADD45A",3.1868525780468e-12,-0.172181849578894,1.30858107060084e-07,0.999711370731395,0.999999999846669,"MYH11","OE",FALSE,"Activated",6.65908135295959e-11
"CCL13",3.18603046156094e-12,-0.172230235354731,1.30790600497962e-07,0.999711445189458,0.999999999846669,"MYH11","OE",FALSE,"Activated",6.65908135295959e-11
"KIFC1",3.14608412717692e-12,-0.174595322483018,1.27531465238571e-07,0.999715063079053,0.999999999846669,"MYH11","OE",FALSE,"Activated",6.65908135295959e-11
"RGS7BP",3.1409448968506e-12,-0.174901615198896,1.27115151988454e-07,0.999715528532723,0.999999999846669,"MYH11","OE",FALSE,"Activated",6.65908135295959e-11
"MAD2L1",3.13430331584519e-12,-0.175298134505529,1.2657814607407e-07,0.999716130052418,0.999999999846669,"MYH11","OE",FALSE,"Activated",6.65908135295959e-11
"CDKN3",3.12607392413134e-12,-0.175790530777401,1.25914334340042e-07,0.999716875378144,0.999999999846669,"MYH11","OE",FALSE,"Activated",6.65908135295959e-11
"AL024507.2",3.11117019304663e-12,-0.176685341560751,1.24716589153867e-07,0.99971822519045,0.999999999846669,"MYH11","OE",FALSE,"Activated",6.65908135295959e-11
"UBE2T",3.10552276337854e-12,-0.177025446982955,1.24264226300029e-07,0.9997187366711,0.999999999846669,"MYH11","OE",FALSE,"Activated",6.65908135295959e-11
"TNFRSF6B",3.08928875329369e-12,-0.178006307393498,1.2296844832213e-07,0.999720206965115,0.999999999846669,"MYH11","OE",FALSE,"Activated",6.65908135295959e-11
"UBE2S",3.08366753557511e-12,-0.178347054534809,1.22521352826528e-07,0.999720716071782,0.999999999846669,"MYH11","OE",FALSE,"Activated",6.65908135295959e-11
"FANCI",3.08138680572712e-12,-0.178485471925215,1.22340182343823e-07,0.999720922634635,0.999999999846669,"MYH11","OE",FALSE,"Activated",6.65908135295959e-11
"CEP55",3.06234152972715e-12,-0.179645046636022,1.20832548213118e-07,0.999722647541493,0.999999999846669,"MYH11","OE",FALSE,"Activated",6.65908135295959e-11
"RPA3",3.03180263140947e-12,-0.181518424672481,1.18434583567912e-07,0.999725413411371,0.999999999846669,"MYH11","OE",FALSE,"Activated",6.65908135295959e-11
"ZWINT",3.02189445222978e-12,-0.18212998714401,1.17661740663721e-07,0.999726310782785,0.999999999846669,"MYH11","OE",FALSE,"Activated",6.65908135295959e-11
"CDCA5",3.02082533218659e-12,-0.182196087370575,1.17578499984908e-07,0.999726407611652,0.999999999846669,"MYH11","OE",FALSE,"Activated",6.65908135295959e-11
"LINC02054",2.99201698639642e-12,-0.18398541942644,1.15346599520686e-07,0.999729016747553,0.999999999846669,"MYH11","OE",FALSE,"Activated",6.65908135295959e-11
"TUBA1C",2.98710628956914e-12,-0.184292020918279,1.14968281249209e-07,0.999729461503232,0.999999999846669,"MYH11","OE",FALSE,"Activated",6.65908135295959e-11
"DEPDC1",2.9601595260487e-12,-0.185982806785443,1.12903373532651e-07,0.999731902037955,0.999999999846669,"MYH11","OE",FALSE,"Activated",6.65908135295959e-11
"TRIP13",2.9414166466592e-12,-0.187167260773684,1.11478156467777e-07,0.999733599557138,0.999999999846669,"MYH11","OE",FALSE,"Activated",6.65908135295959e-11
"PCNA",2.90920955825817e-12,-0.189219002476951,1.09050258097606e-07,0.999736516512921,0.999999999846669,"MYH11","OE",FALSE,"Activated",6.65908135295959e-11
"CENPW",2.89551888459685e-12,-0.19009753920829,1.0802629710641e-07,0.999737756460142,0.999999999846669,"MYH11","OE",FALSE,"Activated",6.65908135295959e-11
"LCP1",2.89382350429459e-12,-0.19020660004385,1.07899831318454e-07,0.99973791000862,0.999999999846669,"MYH11","OE",FALSE,"Activated",6.65908135295959e-11
"FCER1G",2.84565018984928e-12,-0.193330493078564,1.04337327948516e-07,0.99974227300557,0.999999999846669,"MYH11","OE",FALSE,"Activated",6.65908135295959e-11
"COLGALT2",2.82024005041738e-12,-0.194998043542902,1.02482293873852e-07,0.99974457437018,0.999999999846669,"MYH11","OE",FALSE,"Activated",6.65908135295959e-11
"LONRF2",2.80451904936625e-12,-0.196036720242087,1.01342934289615e-07,0.999745998201622,0.999999999846669,"MYH11","OE",FALSE,"Activated",6.65908135295959e-11
"CCNF",2.78327966293662e-12,-0.197448588265606,9.98137514842241e-08,0.999747921826342,0.999999999846669,"MYH11","OE",FALSE,"Activated",6.65908135295959e-11
"CDCA8",2.78234812233048e-12,-0.197510739643875,9.97469489965792e-08,0.999748006194812,0.999999999846669,"MYH11","OE",FALSE,"Activated",6.65908135295959e-11
"NAV3",2.78195703386726e-12,-0.197536838384323,9.97189099894868e-08,0.999748041615206,0.999999999846669,"MYH11","OE",FALSE,"Activated",6.65908135295959e-11
"STMN2",2.7711318582577e-12,-0.198260593065101,9.89443656896431e-08,0.99974902203785,0.999999999846669,"MYH11","OE",FALSE,"Activated",6.65908135295959e-11
"CKS1B",2.76068601947601e-12,-0.198961472008436,9.81998259578009e-08,0.999749968104432,0.999999999846669,"MYH11","OE",FALSE,"Activated",6.65908135295959e-11
"NUF2",2.75235488871082e-12,-0.199522223911129,9.76080301934171e-08,0.999750722644548,0.999999999846669,"MYH11","OE",FALSE,"Activated",6.65908135295959e-11
"AGT",2.74661243278839e-12,-0.1999096529502,9.7201160355985e-08,0.999751242731614,0.999999999846669,"MYH11","OE",FALSE,"Activated",6.65908135295959e-11
"PTTG1",2.70090160911297e-12,-0.203020673259669,9.39927191034781e-08,0.999755382703872,0.999999999846669,"MYH11","OE",FALSE,"Activated",6.65908135295959e-11
"MMP3",2.70041137494458e-12,-0.203054301434975,9.39586014143808e-08,0.999755427103769,0.999999999846669,"MYH11","OE",FALSE,"Activated",6.65908135295959e-11
"LINC02076",2.66219470255371e-12,-0.205693373382435,9.13179841908287e-08,0.999758888340102,0.999999999846669,"MYH11","OE",FALSE,"Activated",6.65908135295959e-11
"GAP43",2.65468956948246e-12,-0.206215761980956,9.08038312896339e-08,0.99975956807064,0.999999999846669,"MYH11","OE",FALSE,"Activated",6.65908135295959e-11
"OASL",2.64927450242374e-12,-0.206593523202334,9.04337636594813e-08,0.999760058506507,0.999999999846669,"MYH11","OE",FALSE,"Activated",6.65908135295959e-11
"KCTD11",2.6370924705718e-12,-0.20744597567202,8.96040013097125e-08,0.999761161817933,0.999999999846669,"MYH11","OE",FALSE,"Activated",6.65908135295959e-11
"CSF2RB",2.62868838181109e-12,-0.208036189965889,8.90337975220961e-08,0.999761922965767,0.999999999846669,"MYH11","OE",FALSE,"Activated",6.65908135295959e-11
"C5AR1",2.62780527466914e-12,-0.208098311477201,8.89739858108599e-08,0.999762002947679,0.999999999846669,"MYH11","OE",FALSE,"Activated",6.65908135295959e-11
"SLC9B1",2.62461967573719e-12,-0.208322560797504,8.87583962941376e-08,0.9997622914634,0.999999999846669,"MYH11","OE",FALSE,"Activated",6.65908135295959e-11
"TMOD1",2.60740633180073e-12,-0.209538666748165,8.75979853215361e-08,0.999763850454485,0.999999999846669,"MYH11","OE",FALSE,"Activated",6.65908135295959e-11
"LINC01220",2.60296723224731e-12,-0.209853490413724,8.72999687372495e-08,0.999764252498194,0.999999999846669,"MYH11","OE",FALSE,"Activated",6.65908135295959e-11
"APOC1",2.58977076867084e-12,-0.210792336002578,8.64170298182163e-08,0.999765447685437,0.999999999846669,"MYH11","OE",FALSE,"Activated",6.65908135295959e-11
"AURKA",2.58003639596758e-12,-0.211487718719275,8.57686059382903e-08,0.99976632931543,0.999999999846669,"MYH11","OE",FALSE,"Activated",6.65908135295959e-11
"CXCL14",2.56813144091178e-12,-0.212341468539377,8.49789150201629e-08,0.999767407532358,0.999999999846669,"MYH11","OE",FALSE,"Activated",6.65908135295959e-11
"ORC6",2.54874185219705e-12,-0.213739846300978,8.37005645186413e-08,0.999769163623221,0.999999999846669,"MYH11","OE",FALSE,"Activated",6.65908135295959e-11
"SAMSN1",2.5307158040601e-12,-0.215048749204952,8.25208021016608e-08,0.999770796219917,0.999999999846669,"MYH11","OE",FALSE,"Activated",6.65908135295959e-11
"LINC01127",2.52981099329953e-12,-0.215114676390474,8.24618050685535e-08,0.999770878167499,0.999999999846669,"MYH11","OE",FALSE,"Activated",6.65908135295959e-11
"CD86",2.52513373608897e-12,-0.215455823700415,8.21571668754438e-08,0.99977130178085,0.999999999846669,"MYH11","OE",FALSE,"Activated",6.65908135295959e-11
"CCL19",2.52506077087787e-12,-0.21546115023182,8.21524189855959e-08,0.999771308389218,0.999999999846669,"MYH11","OE",FALSE,"Activated",6.65908135295959e-11
"TFPI2",2.50933822427569e-12,-0.216612248752059,8.11325433684223e-08,0.999772732360654,0.999999999846669,"MYH11","OE",FALSE,"Activated",6.65908135295959e-11
"MYBL2",2.50822941626907e-12,-0.216693680052194,8.10608587008957e-08,0.999772832784012,0.999999999846669,"MYH11","OE",FALSE,"Activated",6.65908135295959e-11
"PDLIM4",2.49141020547566e-12,-0.217932994371093,7.997737844673e-08,0.999774356078956,0.999999999846669,"MYH11","OE",FALSE,"Activated",6.65908135295959e-11
"OTUD1",2.44086592130842e-12,-0.221704501423172,7.67652262217857e-08,0.999778933811738,0.999999999846669,"MYH11","OE",FALSE,"Activated",6.65908135295959e-11
"LINC00158",2.43806737107092e-12,-0.221915429870148,7.65892983399264e-08,0.999779187272943,0.999999999846669,"MYH11","OE",FALSE,"Activated",6.65908135295959e-11
"FLNB",2.43587840386147e-12,-0.222080569980866,7.64518319159138e-08,0.999779385524974,0.999999999846669,"MYH11","OE",FALSE,"Activated",6.65908135295959e-11
"LRRC2",2.42556264695412e-12,-0.222860665883953,7.58056678397655e-08,0.999780319810213,0.999999999846669,"MYH11","OE",FALSE,"Activated",6.65908135295959e-11
"PDPN",2.42338240225511e-12,-0.223025933037113,7.5669451505752e-08,0.999780517272257,0.999999999846669,"MYH11","OE",FALSE,"Activated",6.65908135295959e-11
"FGF18",2.41630088121945e-12,-0.223563678707407,7.5227860542435e-08,0.999781158636786,0.999999999846669,"MYH11","OE",FALSE,"Activated",6.65908135295959e-11
"DSE",2.41410402222714e-12,-0.223730796994904,7.50911309859897e-08,0.999781357603566,0.999999999846669,"MYH11","OE",FALSE,"Activated",6.65908135295959e-11
"KIF2C",2.40025246901529e-12,-0.224787759407722,7.42318931225519e-08,0.999782612121468,0.999999999846669,"MYH11","OE",FALSE,"Activated",6.65908135295959e-11
"TACC3",2.39009552355596e-12,-0.225566394645999,7.36049807077547e-08,0.999783532023353,0.999999999846669,"MYH11","OE",FALSE,"Activated",6.65908135295959e-11
"KNSTRN",2.37359509995226e-12,-0.226837878915549,7.25922002132656e-08,0.999785026446145,0.999999999846669,"MYH11","OE",FALSE,"Activated",6.65908135295959e-11
"PILRA",2.36900761124629e-12,-0.227192834125679,7.23118709474993e-08,0.999785441929277,0.999999999846669,"MYH11","OE",FALSE,"Activated",6.65908135295959e-11
"GPR157",2.36285514873083e-12,-0.227669879064318,7.19367616724574e-08,0.999785999150136,0.999999999846669,"MYH11","OE",FALSE,"Activated",6.65908135295959e-11
"AC093772.1",2.36139391006263e-12,-0.227783348479693,7.18478148111324e-08,0.9997861314927,0.999999999846669,"MYH11","OE",FALSE,"Activated",6.65908135295959e-11
"TCOF1",2.35415581018183e-12,-0.228346368305783,7.14080367235504e-08,0.999786787038382,0.999999999846669,"MYH11","OE",FALSE,"Activated",6.65908135295959e-11
"SLC20A1",2.3487980163516e-12,-0.228764160715635,7.10833732738707e-08,0.999787272287089,0.999999999846669,"MYH11","OE",FALSE,"Activated",6.65908135295959e-11
"LTC4S",2.34716884999363e-12,-0.228891375530821,7.09847981926485e-08,0.999787419838654,0.999999999846669,"MYH11","OE",FALSE,"Activated",6.65908135295959e-11
"FOXM1",2.34327298276089e-12,-0.229195919411311,7.07493504186085e-08,0.999787772682492,0.999999999846669,"MYH11","OE",FALSE,"Activated",6.65908135295959e-11
"COL21A1",2.33763642779466e-12,-0.22963736547242,7.0409396016686e-08,0.999788283178248,0.999999999846669,"MYH11","OE",FALSE,"Activated",6.65908135295959e-11
"CDCP1",2.31450812905694e-12,-0.231459117775785,6.90230438175055e-08,0.99979037787943,0.999999999846669,"MYH11","OE",FALSE,"Activated",6.65908135295959e-11
"EZR",2.30574553894926e-12,-0.232153728530353,6.8501398871962e-08,0.999791171496292,0.999999999846669,"MYH11","OE",FALSE,"Activated",6.65908135295959e-11
"C7",2.3050140504112e-12,-0.232211824130088,6.84579421773784e-08,0.999791237746297,0.999999999846669,"MYH11","OE",FALSE,"Activated",6.65908135295959e-11
"WEE1",2.30457430041697e-12,-0.232246757760094,6.84318238914446e-08,0.999791277573906,0.999999999846669,"MYH11","OE",FALSE,"Activated",6.65908135295959e-11
"TMEM106C",2.29725819453655e-12,-0.232828854738213,6.79980259620114e-08,0.999791940184494,0.999999999846669,"MYH11","OE",FALSE,"Activated",6.65908135295959e-11
"AL109910.2",2.29536769278412e-12,-0.232979549256499,6.78861556524134e-08,0.999792111404881,0.999999999846669,"MYH11","OE",FALSE,"Activated",6.65908135295959e-11
"CAMK2B",2.29536146388855e-12,-0.232980045960328,6.78857872101796e-08,0.999792111969025,0.999999999846669,"MYH11","OE",FALSE,"Activated",6.65908135295959e-11
"SCN2A",2.2953574158905e-12,-0.232980368755964,6.78855477696411e-08,0.999792112335647,0.999999999846669,"MYH11","OE",FALSE,"Activated",6.65908135295959e-11
"ARMC4",2.29534744283374e-12,-0.232981164030134,6.7884957861555e-08,0.999792113238894,0.999999999846669,"MYH11","OE",FALSE,"Activated",6.65908135295959e-11
"TMC5",2.29532960589647e-12,-0.232982586395954,6.7883902809925e-08,0.999792114854363,0.999999999846669,"MYH11","OE",FALSE,"Activated",6.65908135295959e-11
"PLK3",2.29496732863352e-12,-0.233011477583868,6.78624759493334e-08,0.999792147665363,0.999999999846669,"MYH11","OE",FALSE,"Activated",6.65908135295959e-11
"SAA1",2.29445566160132e-12,-0.23305228962586,6.78322192041001e-08,0.999792194006409,0.999999999846669,"MYH11","OE",FALSE,"Activated",6.65908135295959e-11
"SIGLEC1",2.28802536654731e-12,-0.233565908242884,6.74525474726637e-08,0.999792776390215,0.999999999846669,"MYH11","OE",FALSE,"Activated",6.65908135295959e-11
"TK1",2.28357906013071e-12,-0.233921838326919,6.71906419118412e-08,0.999793179086645,0.999999999846669,"MYH11","OE",FALSE,"Activated",6.65908135295959e-11
"RNF19B",2.27196497879965e-12,-0.234854590069306,6.65089285623108e-08,0.999794230959513,0.999999999846669,"MYH11","OE",FALSE,"Activated",6.65908135295959e-11
"IER5",2.26267728330715e-12,-0.235603687232941,6.59662687183375e-08,0.999795072134516,0.999999999846669,"MYH11","OE",FALSE,"Activated",6.65908135295959e-11
"NEAT1",2.26252241614077e-12,-0.235616202128196,6.59572390086436e-08,0.999795086160642,0.999999999846669,"MYH11","OE",FALSE,"Activated",6.65908135295959e-11
"ZBTB16",2.2591870502708e-12,-0.235885927432048,6.57629166287032e-08,0.999795388240571,0.999999999846669,"MYH11","OE",FALSE,"Activated",6.65908135295959e-11
"TREM1",2.22302885824362e-12,-0.238833882877638,6.36746970380944e-08,0.999798663042951,0.999999999846669,"MYH11","OE",FALSE,"Activated",6.65908135295959e-11
"DENND2C",2.22298941973138e-12,-0.238837122444939,6.36724377664409e-08,0.999798666614848,0.999999999846669,"MYH11","OE",FALSE,"Activated",6.65908135295959e-11
"ODC1",2.20658141998131e-12,-0.240189550771163,6.27359675308483e-08,0.999800152666934,0.999999999846669,"MYH11","OE",FALSE,"Activated",6.65908135295959e-11
"MCM3",2.20259977254249e-12,-0.240519141537766,6.25097650130706e-08,0.99980051327978,0.999999999846669,"MYH11","OE",FALSE,"Activated",6.65908135295959e-11
"FEN1",2.2016226383813e-12,-0.240600110548981,6.24543151950145e-08,0.999800601777603,0.999999999846669,"MYH11","OE",FALSE,"Activated",6.65908135295959e-11
"BCL2A1",2.19006861490561e-12,-0.241560051571236,6.18005199880763e-08,0.999801648211108,0.999999999846669,"MYH11","OE",FALSE,"Activated",6.65908135295959e-11
"PLK1",2.1865382728866e-12,-0.24185429776457,6.16014384407608e-08,0.999801967949785,0.999999999846669,"MYH11","OE",FALSE,"Activated",6.65908135295959e-11
"MCM4",2.18183114877228e-12,-0.242247311167973,6.13364959015498e-08,0.999802394268149,0.999999999846669,"MYH11","OE",FALSE,"Activated",6.65908135295959e-11
"FERMT1",2.15199620653619e-12,-0.24475674208255,5.96705016670907e-08,0.999805096381684,0.999999999846669,"MYH11","OE",FALSE,"Activated",6.65908135295959e-11
"CDC20",2.15121315742956e-12,-0.244823037570949,5.96270848321023e-08,0.999805167301465,0.999999999846669,"MYH11","OE",FALSE,"Activated",6.65908135295959e-11
"CKB",2.14823158015746e-12,-0.245075672300321,5.94619133268592e-08,0.999805437339203,0.999999999846669,"MYH11","OE",FALSE,"Activated",6.65908135295959e-11
"EDN1",2.14166959578498e-12,-0.245632827272364,5.90992036305694e-08,0.99980603164995,0.999999999846669,"MYH11","OE",FALSE,"Activated",6.65908135295959e-11
"SLC7A8",2.13511610711999e-12,-0.246190840722287,5.87380710024755e-08,0.999806625191251,0.999999999846669,"MYH11","OE",FALSE,"Activated",6.65908135295959e-11
"PDE3B",2.12131979154452e-12,-0.2473707652875,5.79814369142964e-08,0.999807874706359,0.999999999846669,"MYH11","OE",FALSE,"Activated",6.65908135295959e-11
"MS4A6A",2.11546131555438e-12,-0.247873959740143,5.76616229907712e-08,0.999808405301229,0.999999999846669,"MYH11","OE",FALSE,"Activated",6.65908135295959e-11
"RAP2B",2.10167649038839e-12,-0.249063070530337,5.6912598976963e-08,0.999809653775666,0.999999999846669,"MYH11","OE",FALSE,"Activated",6.65908135295959e-11
"UBE2C",2.09434306621562e-12,-0.249698614591675,5.65161192408402e-08,0.999810317954755,0.999999999846669,"MYH11","OE",FALSE,"Activated",6.65908135295959e-11
"PPP1R14B",2.0936081430958e-12,-0.249762419538542,5.64764622086695e-08,0.999810384515826,0.999999999846669,"MYH11","OE",FALSE,"Activated",6.65908135295959e-11
"EGR4",2.08796699728098e-12,-0.250252867225623,5.61725249674574e-08,0.999810895427373,0.999999999846669,"MYH11","OE",FALSE,"Activated",6.65908135295959e-11
"SELP",2.0724212920103e-12,-0.251610805382078,5.53391873604596e-08,0.999812303382528,0.999999999846669,"MYH11","OE",FALSE,"Activated",6.65908135295959e-11
"GPRC5A",2.06754018430931e-12,-0.252039122623488,5.50788171006014e-08,0.99981274545837,0.999999999846669,"MYH11","OE",FALSE,"Activated",6.65908135295959e-11
"MXD1",2.06746422654956e-12,-0.252045795312963,5.50747701788168e-08,0.99981275233777,0.999999999846669,"MYH11","OE",FALSE,"Activated",6.65908135295959e-11
"HLA-DRB5",2.06486578425379e-12,-0.252274198448471,5.49364183958638e-08,0.99981298767545,0.999999999846669,"MYH11","OE",FALSE,"Activated",6.65908135295959e-11
"TM4SF1",2.05661610876488e-12,-0.253001112985969,5.449832475645e-08,0.99981373483828,0.999999999846669,"MYH11","OE",FALSE,"Activated",6.65908135295959e-11
"MYL3",2.04229758605674e-12,-0.25426921368803,5.37421125680551e-08,0.99981503164904,0.999999999846669,"MYH11","OE",FALSE,"Activated",6.65908135295959e-11
"EFNA2",2.03328529495723e-12,-0.25507160313703,5.3268850576782e-08,0.999815847881016,0.999999999846669,"MYH11","OE",FALSE,"Activated",6.65908135295959e-11
"F3",2.02493381847136e-12,-0.255818103568053,5.28321583706941e-08,0.999816604263835,0.999999999846669,"MYH11","OE",FALSE,"Activated",6.65908135295959e-11
"FAM83D",2.0186069413308e-12,-0.25638553458229,5.25025274734391e-08,0.999817177281215,0.999999999846669,"MYH11","OE",FALSE,"Activated",6.65908135295959e-11
"ZBTB32",2.01140984395758e-12,-0.257033017532957,5.21288121378e-08,0.999817829113357,0.999999999846669,"MYH11","OE",FALSE,"Activated",6.65908135295959e-11
"LDLR",1.99028681967685e-12,-0.25894580212886,5.1039689087303e-08,0.999819742199349,0.999999999846669,"MYH11","OE",FALSE,"Activated",6.65908135295959e-11
"F11R",1.9687467540886e-12,-0.260915807364222,4.9940903656534e-08,0.999821693056253,0.999999999846669,"MYH11","OE",FALSE,"Activated",6.65908135295959e-11
"UPP1",1.96847004646541e-12,-0.260941244004639,4.99268662415246e-08,0.999821718117318,0.999999999846669,"MYH11","OE",FALSE,"Activated",6.65908135295959e-11
"CCNB2",1.95803405943718e-12,-0.261903008393073,4.93988876990657e-08,0.999822663291661,0.999999999846669,"MYH11","OE",FALSE,"Activated",6.65908135295959e-11
"INSYN2B",1.94971689580659e-12,-0.262672910033891,4.89801145671737e-08,0.99982341656681,0.999999999846669,"MYH11","OE",FALSE,"Activated",6.65908135295959e-11
"LYAR",1.94290184568435e-12,-0.263306034443561,4.86383023276502e-08,0.999824033797409,0.999999999846669,"MYH11","OE",FALSE,"Activated",6.65908135295959e-11
"FAM83A",1.9290280063598e-12,-0.26460130614747,4.79461513648505e-08,0.999825290333753,0.999999999846669,"MYH11","OE",FALSE,"Activated",6.65908135295959e-11
"PPP1R14C",1.92246781486152e-12,-0.265216776695474,4.76205976658395e-08,0.999825884482125,0.999999999846669,"MYH11","OE",FALSE,"Activated",6.65908135295959e-11
"NECTIN1",1.91495059547356e-12,-0.265924430070879,4.72489143505719e-08,0.999826565307321,0.999999999846669,"MYH11","OE",FALSE,"Activated",6.65908135295959e-11
"HMGA1",1.90748977038638e-12,-0.26662932248728,4.68814592641882e-08,0.999827241024955,0.999999999846669,"MYH11","OE",FALSE,"Activated",6.65908135295959e-11
"IQCG",1.8996157326558e-12,-0.267376029137428,4.64952087327848e-08,0.999827954166744,0.999999999846669,"MYH11","OE",FALSE,"Activated",6.65908135295959e-11
"MET",1.899454162704e-12,-0.267391381040762,4.64872998604455e-08,0.999827968799933,0.999999999846669,"MYH11","OE",FALSE,"Activated",6.65908135295959e-11
"LAMB3",1.89526987652909e-12,-0.267789381370623,4.62827127520071e-08,0.999828347765519,0.999999999846669,"MYH11","OE",FALSE,"Activated",6.65908135295959e-11
"SOX11",1.89383893706054e-12,-0.267925675973727,4.62128517152847e-08,0.999828477363925,0.999999999846669,"MYH11","OE",FALSE,"Activated",6.65908135295959e-11
"CX3CL1",1.89123080764539e-12,-0.268174341429119,4.60856538830836e-08,0.999828713578957,0.999999999846669,"MYH11","OE",FALSE,"Activated",6.65908135295959e-11
"DUSP6",1.88873946853034e-12,-0.26841216850301,4.59643155798231e-08,0.999828939216437,0.999999999846669,"MYH11","OE",FALSE,"Activated",6.65908135295959e-11
"SLAMF7",1.88246468125506e-12,-0.269012458911278,4.56594167648247e-08,0.999829507516104,0.999999999846669,"MYH11","OE",FALSE,"Activated",6.65908135295959e-11
"CLDN5",1.87115103478083e-12,-0.270099499255232,4.51122381711173e-08,0.999830532178973,0.999999999846669,"MYH11","OE",FALSE,"Activated",6.65908135295959e-11
"DSG2",1.87078558301349e-12,-0.270134714043792,4.50946182816481e-08,0.999830565277484,0.999999999846669,"MYH11","OE",FALSE,"Activated",6.65908135295959e-11
"KCNK1",1.86601001139541e-12,-0.270595472640476,4.48646852365267e-08,0.999830997795057,0.999999999846669,"MYH11","OE",FALSE,"Activated",6.65908135295959e-11
"SDC1",1.86152521785788e-12,-0.271029171499378,4.46492876179101e-08,0.999831403977222,0.999999999846669,"MYH11","OE",FALSE,"Activated",6.65908135295959e-11
"CYB5D2",1.85811067269248e-12,-0.271360021918509,4.4485639890942e-08,0.999831713228324,0.999999999846669,"MYH11","OE",FALSE,"Activated",6.65908135295959e-11
"CREB5",1.85635034004393e-12,-0.271530808336425,4.44013904099044e-08,0.99983187265946,0.999999999846669,"MYH11","OE",FALSE,"Activated",6.65908135295959e-11
"ADCY2",1.84472149216646e-12,-0.272662814107759,4.38468401799141e-08,0.999832925869727,0.999999999846669,"MYH11","OE",FALSE,"Activated",6.65908135295959e-11
"IRF6",1.84469620646361e-12,-0.272665282726015,4.38456381658672e-08,0.999832928159822,0.999999999846669,"MYH11","OE",FALSE,"Activated",6.65908135295959e-11
"C12orf75",1.84067339727381e-12,-0.2730584251891,4.3654614502579e-08,0.99983329250064,0.999999999846669,"MYH11","OE",FALSE,"Activated",6.65908135295959e-11
"MCM7",1.8391529259366e-12,-0.273207225531303,4.35825233040934e-08,0.999833430207835,0.999999999846669,"MYH11","OE",FALSE,"Activated",6.65908135295959e-11
"CRTAM",1.83344410797768e-12,-0.273766935390557,4.33123787854456e-08,0.999833947248367,0.999999999846669,"MYH11","OE",FALSE,"Activated",6.65908135295959e-11
"HMGA2",1.83033773094269e-12,-0.274072172319007,4.31657360819484e-08,0.999834228589066,0.999999999846669,"MYH11","OE",FALSE,"Activated",6.65908135295959e-11
"PAPPA2",1.82991600574847e-12,-0.274113648597602,4.31458468768706e-08,0.999834266784191,0.999999999846669,"MYH11","OE",FALSE,"Activated",6.65908135295959e-11
"PKIA",1.82872509584623e-12,-0.274230821277115,4.30897064899364e-08,0.999834374643418,0.999999999846669,"MYH11","OE",FALSE,"Activated",6.65908135295959e-11
"NTRK3",1.81781640746128e-12,-0.275307418398256,4.25771633996412e-08,0.999835362629738,0.999999999846669,"MYH11","OE",FALSE,"Activated",6.65908135295959e-11
"NPM3",1.81578907652498e-12,-0.275508158099882,4.2482247469908e-08,0.999835546242576,0.999999999846669,"MYH11","OE",FALSE,"Activated",6.65908135295959e-11
"LYPD3",1.81238209796391e-12,-0.275845973898528,4.2322977515585e-08,0.99983585480838,0.999999999846669,"MYH11","OE",FALSE,"Activated",6.65908135295959e-11
"FBP1",1.79385418730891e-12,-0.277693449900814,4.14620683869296e-08,0.999837532858173,0.999999999846669,"MYH11","OE",FALSE,"Activated",6.65908135295959e-11
"CDC20B",1.79384394587073e-12,-0.277694475983558,4.14615949593778e-08,0.999837533785727,0.999999999846669,"MYH11","OE",FALSE,"Activated",6.65908135295959e-11
"CACNG8",1.79384215809139e-12,-0.277694655100513,4.14615123165751e-08,0.999837533947644,0.999999999846669,"MYH11","OE",FALSE,"Activated",6.65908135295959e-11
"PTCRA",1.79381586463828e-12,-0.277697289451015,4.14602968714641e-08,0.999837536329009,0.999999999846669,"MYH11","OE",FALSE,"Activated",6.65908135295959e-11
"SDC4",1.7834650727428e-12,-0.278737126761161,4.09832035780949e-08,0.99983847378734,0.999999999846669,"MYH11","OE",FALSE,"Activated",6.65908135295959e-11
"SLC25A4",1.7825289028771e-12,-0.278831449452806,4.09401893683063e-08,0.999838558575079,0.999999999846669,"MYH11","OE",FALSE,"Activated",6.65908135295959e-11
"AC036108.3",1.77497653221827e-12,-0.279594061674314,4.05940065136684e-08,0.999839242583883,0.999999999846669,"MYH11","OE",FALSE,"Activated",6.65908135295959e-11
"APLNR",1.77231135270625e-12,-0.279863899624923,4.04721918450933e-08,0.999839483965872,0.999999999846669,"MYH11","OE",FALSE,"Activated",6.65908135295959e-11
"ITGB4",1.76727808144622e-12,-0.28037452305875,4.02426404624892e-08,0.999839939822982,0.999999999846669,"MYH11","OE",FALSE,"Activated",6.65908135295959e-11
"BCAR3",1.76003516666518e-12,-0.281111682032728,3.99134599696254e-08,0.999840595804753,0.999999999846669,"MYH11","OE",FALSE,"Activated",6.65908135295959e-11
"CTNNAL1",1.74430715728292e-12,-0.282722145646292,3.92032987222602e-08,0.999842020270976,0.999999999846669,"MYH11","OE",FALSE,"Activated",6.65908135295959e-11
"DDIT4",1.74348629539162e-12,-0.282806566190065,3.9166409666553e-08,0.999842094615415,0.999999999846669,"MYH11","OE",FALSE,"Activated",6.65908135295959e-11
"PTPN22",1.74055668764326e-12,-0.283108158492913,3.90348963693721e-08,0.999842359946341,0.999999999846669,"MYH11","OE",FALSE,"Activated",6.65908135295959e-11
"FCER1A",1.73619880471363e-12,-0.283557657196776,3.88396754315352e-08,0.999842754634371,0.999999999846669,"MYH11","OE",FALSE,"Activated",6.65908135295959e-11
"FOSL1",1.73372685908318e-12,-0.283813093360102,3.8729156730566e-08,0.999842978515408,0.999999999846669,"MYH11","OE",FALSE,"Activated",6.65908135295959e-11
"FOXD1",1.73032199662428e-12,-0.284165484298573,3.85771858892266e-08,0.999843286889561,0.999999999846669,"MYH11","OE",FALSE,"Activated",6.65908135295959e-11
"C19orf48",1.73027785695675e-12,-0.28417005680863,3.85752177440558e-08,0.999843290887235,0.999999999846669,"MYH11","OE",FALSE,"Activated",6.65908135295959e-11
"THSD7A",1.72605622789597e-12,-0.284607883129586,3.83872114143253e-08,0.999843673234922,0.999999999846669,"MYH11","OE",FALSE,"Activated",6.65908135295959e-11
"ID1",1.70894018224428e-12,-0.28639321292994,3.76296699485968e-08,0.999845223413862,0.999999999846669,"MYH11","OE",FALSE,"Activated",6.65908135295959e-11
"C1QBP",1.70641563293719e-12,-0.286657941981638,3.75185744405964e-08,0.999845452059149,0.999999999846669,"MYH11","OE",FALSE,"Activated",6.65908135295959e-11
"MT2A",1.70572707471631e-12,-0.286730208451261,3.74883022017971e-08,0.99984551442101,0.999999999846669,"MYH11","OE",FALSE,"Activated",6.65908135295959e-11
"SLC16A10",1.70509825074809e-12,-0.286796229214696,3.74606668338004e-08,0.999845571372813,0.999999999846669,"MYH11","OE",FALSE,"Activated",6.65908135295959e-11
"LY6K",1.70383875914537e-12,-0.286928532135545,3.74053457169879e-08,0.9998456854434,0.999999999846669,"MYH11","OE",FALSE,"Activated",6.65908135295959e-11
"VEGFA",1.70372302293728e-12,-0.28694069415363,3.74002642433804e-08,0.999845695925484,0.999999999846669,"MYH11","OE",FALSE,"Activated",6.65908135295959e-11
"HIST1H4C",1.7003227056558e-12,-0.287298354760137,3.72511251445675e-08,0.999846003887986,0.999999999846669,"MYH11","OE",FALSE,"Activated",6.65908135295959e-11
"SP5",1.6963158431301e-12,-0.287720665506185,3.7075765174553e-08,0.999846366784535,0.999999999846669,"MYH11","OE",FALSE,"Activated",6.65908135295959e-11
"EPHA2",1.69166445719112e-12,-0.288212067008048,3.68727166031132e-08,0.999846788054767,0.999999999846669,"MYH11","OE",FALSE,"Activated",6.65908135295959e-11
"TAC1",1.68405045853285e-12,-0.289019164042888,3.65415433571007e-08,0.999847477645145,0.999999999846669,"MYH11","OE",FALSE,"Activated",6.65908135295959e-11
"INSM1",1.68404932660749e-12,-0.289019284279921,3.65414942347177e-08,0.999847477747662,0.999999999846669,"MYH11","OE",FALSE,"Activated",6.65908135295959e-11
"LRRN2",1.68404854663989e-12,-0.289019367130824,3.6541460386333e-08,0.999847477818302,0.999999999846669,"MYH11","OE",FALSE,"Activated",6.65908135295959e-11
"FLT3",1.68403805271309e-12,-0.289020481836119,3.6541004981153e-08,0.999847478768724,0.999999999846669,"MYH11","OE",FALSE,"Activated",6.65908135295959e-11
"AOC1",1.68402361362135e-12,-0.289022015622532,3.6540378372199e-08,0.999847480076455,0.999999999846669,"MYH11","OE",FALSE,"Activated",6.65908135295959e-11
"LINC01814",1.68400965245141e-12,-0.289023498653482,3.65397725085839e-08,0.999847481340901,0.999999999846669,"MYH11","OE",FALSE,"Activated",6.65908135295959e-11
"CLEC5A",1.68397784145503e-12,-0.289026877832024,3.65383920466714e-08,0.999847484221983,0.999999999846669,"MYH11","OE",FALSE,"Activated",6.65908135295959e-11
"CDH3",1.68351192689571e-12,-0.289076377191764,3.65181763248442e-08,0.999847526419284,0.999999999846669,"MYH11","OE",FALSE,"Activated",6.65908135295959e-11
"HIST3H2BB",1.68215752289154e-12,-0.289220342873088,3.64594414056033e-08,0.999847649085969,0.999999999846669,"MYH11","OE",FALSE,"Activated",6.65908135295959e-11
"CDA",1.68046658407757e-12,-0.289400231070459,3.63861787087254e-08,0.999847802232191,0.999999999846669,"MYH11","OE",FALSE,"Activated",6.65908135295959e-11
"HBEGF",1.67443252940717e-12,-0.290043524728951,3.61253439938583e-08,0.999848348729009,0.999999999846669,"MYH11","OE",FALSE,"Activated",6.65908135295959e-11
"TGFA",1.67441230744785e-12,-0.290045684208905,3.61244714345733e-08,0.999848350560487,0.999999999846669,"MYH11","OE",FALSE,"Activated",6.65908135295959e-11
"KRT17",1.66851779048113e-12,-0.290676184700194,3.58705775714004e-08,0.999848884419549,0.999999999846669,"MYH11","OE",FALSE,"Activated",6.65908135295959e-11
"CCL22",1.66222115789187e-12,-0.291351979408106,3.56003525035385e-08,0.999849454697722,0.999999999846669,"MYH11","OE",FALSE,"Activated",6.65908135295959e-11
"CD70",1.66197119336316e-12,-0.291378856081552,3.55896461589688e-08,0.999849477336698,0.999999999846669,"MYH11","OE",FALSE,"Activated",6.65908135295959e-11
"TSPAN8",1.66025448897515e-12,-0.291563540670767,3.55161607129166e-08,0.999849632816477,0.999999999846669,"MYH11","OE",FALSE,"Activated",6.65908135295959e-11
"CD74",1.64613294526571e-12,-0.29308949414427,3.49145540983632e-08,0.999850911787107,0.999999999846669,"MYH11","OE",FALSE,"Activated",6.65908135295959e-11
"SLC6A7",1.64169168634353e-12,-0.293571916105774,3.47264096430774e-08,0.999851314026397,0.999999999846669,"MYH11","OE",FALSE,"Activated",6.65908135295959e-11
"PTHLH",1.62925736778402e-12,-0.294929022559489,3.42023599684373e-08,0.999852440187147,0.999999999846669,"MYH11","OE",FALSE,"Activated",6.65908135295959e-11
"CD80",1.62812131852745e-12,-0.295053490936057,3.41546793259918e-08,0.999852543077713,0.999999999846669,"MYH11","OE",FALSE,"Activated",6.65908135295959e-11
"KLF5",1.62168686926299e-12,-0.295759986440639,3.38852494224771e-08,0.999853125837772,0.999999999846669,"MYH11","OE",FALSE,"Activated",6.65908135295959e-11
"SLC6A8",1.61655761722554e-12,-0.296325034385386,3.36712363211127e-08,0.999853590387742,0.999999999846669,"MYH11","OE",FALSE,"Activated",6.65908135295959e-11
"CDK6",1.61085106343462e-12,-0.296955633126541,3.34339325912582e-08,0.999854107223214,0.999999999846669,"MYH11","OE",FALSE,"Activated",6.65908135295959e-11
"NEDD4L",1.60012380253009e-12,-0.298146660916596,3.29901171217045e-08,0.999855078777878,0.999999999846669,"MYH11","OE",FALSE,"Activated",6.65908135295959e-11
"RBM24",1.59749054903543e-12,-0.298440156151289,3.2881625690121e-08,0.999855317268368,0.999999999846669,"MYH11","OE",FALSE,"Activated",6.65908135295959e-11
"TRIB3",1.5974154633636e-12,-0.298448531561889,3.28785347410891e-08,0.999855324068784,0.999999999846669,"MYH11","OE",FALSE,"Activated",6.65908135295959e-11
"MT1X",1.59150647106928e-12,-0.299108794303556,3.26357429507483e-08,0.999855859238859,0.999999999846669,"MYH11","OE",FALSE,"Activated",6.65908135295959e-11
"NLRP1",1.59020128410594e-12,-0.299254940129135,3.25822360618645e-08,0.999855977448017,0.999999999846669,"MYH11","OE",FALSE,"Activated",6.65908135295959e-11
"DHCR7",1.57602380595757e-12,-0.300849632127478,3.20038504791559e-08,0.999857261484562,0.999999999846669,"MYH11","OE",FALSE,"Activated",6.65908135295959e-11
"LAMC2",1.57249551218514e-12,-0.301248560718125,3.1860714838336e-08,0.999857581037736,0.999999999846669,"MYH11","OE",FALSE,"Activated",6.65908135295959e-11
"LINC00243",1.5706588954065e-12,-0.301456546974257,3.17863340203586e-08,0.999857747377831,0.999999999846669,"MYH11","OE",FALSE,"Activated",6.65908135295959e-11
"PERP",1.56521906513011e-12,-0.302073900293186,3.15665373096213e-08,0.999858240056486,0.999999999846669,"MYH11","OE",FALSE,"Activated",6.65908135295959e-11
"MT1E",1.55609628702343e-12,-0.303113696015949,3.11996426027423e-08,0.999859066295142,0.999999999846669,"MYH11","OE",FALSE,"Activated",6.65908135295959e-11
"PLEK2",1.55369415009978e-12,-0.303388425437114,3.11033915321449e-08,0.999859283853692,0.999999999846669,"MYH11","OE",FALSE,"Activated",6.65908135295959e-11
"CSF3",1.55074740477082e-12,-0.303725978700114,3.09855216693188e-08,0.999859550736748,0.999999999846669,"MYH11","OE",FALSE,"Activated",6.65908135295959e-11
"ITGA2",1.5486829741326e-12,-0.303962815713387,3.09030777048461e-08,0.999859737709661,0.999999999846669,"MYH11","OE",FALSE,"Activated",6.65908135295959e-11
"ITGA6",1.53458059995877e-12,-0.305588540959927,3.03428306632843e-08,0.999861014944132,0.999999999846669,"MYH11","OE",FALSE,"Activated",6.65908135295959e-11
"ATP1B1",1.53234283930937e-12,-0.305847781366007,3.02544019606306e-08,0.999861217615329,0.999999999846669,"MYH11","OE",FALSE,"Activated",6.65908135295959e-11
"SLC43A3",1.53181705018015e-12,-0.305908743913771,3.02336432816798e-08,0.999861265235395,0.999999999846669,"MYH11","OE",FALSE,"Activated",6.65908135295959e-11
"OCIAD2",1.53160716417018e-12,-0.305933084529056,3.02253587622937e-08,0.99986128424451,0.999999999846669,"MYH11","OE",FALSE,"Activated",6.65908135295959e-11
"ASS1",1.52549819272781e-12,-0.306642902483632,2.9984725761336e-08,0.999861837526448,0.999999999846669,"MYH11","OE",FALSE,"Activated",6.65908135295959e-11
"APOBEC3A",1.52242851506528e-12,-0.307000570766072,2.98641738835305e-08,0.999862115543333,0.999999999846669,"MYH11","OE",FALSE,"Activated",6.65908135295959e-11
"TCN1",1.51926361690105e-12,-0.307370033634899,2.97401367614791e-08,0.999862402184219,0.999999999846669,"MYH11","OE",FALSE,"Activated",6.65908135295959e-11
"FSTL3",1.51280526969057e-12,-0.308126182219565,2.94878252066819e-08,0.999862987108686,0.999999999846669,"MYH11","OE",FALSE,"Activated",6.65908135295959e-11
"SBSPON",1.51227604012806e-12,-0.308188277280343,2.94671971728859e-08,0.999863035040349,0.999999999846669,"MYH11","OE",FALSE,"Activated",6.65908135295959e-11
"HNF1A-AS1",1.51115337378347e-12,-0.308320067543422,2.94234623649534e-08,0.999863136718842,0.999999999846669,"MYH11","OE",FALSE,"Activated",6.65908135295959e-11
"CDKN2A",1.50517348214562e-12,-0.309023580655767,2.91910557948891e-08,0.999863678310183,0.999999999846669,"MYH11","OE",FALSE,"Activated",6.65908135295959e-11
"HLA-DOA",1.50084776464724e-12,-0.309534100996198,2.90235125642347e-08,0.999864070085032,0.999999999846669,"MYH11","OE",FALSE,"Activated",6.65908135295959e-11
"ARC",1.50051772171351e-12,-0.309573108518715,2.90107491751329e-08,0.99986409997661,0.999999999846669,"MYH11","OE",FALSE,"Activated",6.65908135295959e-11
"CYP27B1",1.49324883099398e-12,-0.310434233579115,2.87303590219086e-08,0.999864758310993,0.999999999846669,"MYH11","OE",FALSE,"Activated",6.65908135295959e-11
"SOWAHC",1.48973879233928e-12,-0.310851448517981,2.85954502972144e-08,0.999865076210825,0.999999999846669,"MYH11","OE",FALSE,"Activated",6.65908135295959e-11
"NLRP3",1.48953041211386e-12,-0.310876245901241,2.8587451163856e-08,0.999865095083562,0.999999999846669,"MYH11","OE",FALSE,"Activated",6.65908135295959e-11
"CLNK",1.48843035253853e-12,-0.311007206972197,2.85452415029346e-08,0.999865194714589,0.999999999846669,"MYH11","OE",FALSE,"Activated",6.65908135295959e-11
"GCNT2",1.48089098767132e-12,-0.311907180832818,2.82567927622585e-08,0.999865877545479,0.999999999846669,"MYH11","OE",FALSE,"Activated",6.65908135295959e-11
"SERPINB5",1.47642086104679e-12,-0.312442785216267,2.80864617862197e-08,0.999866282399283,0.999999999846669,"MYH11","OE",FALSE,"Activated",6.65908135295959e-11
"SAMD9",1.47555401881388e-12,-0.312546822842074,2.80534909922217e-08,0.999866360908105,0.999999999846669,"MYH11","OE",FALSE,"Activated",6.65908135295959e-11
"BNIP3",1.47540286373284e-12,-0.31256497013327,2.80477437129535e-08,0.999866374598032,0.999999999846669,"MYH11","OE",FALSE,"Activated",6.65908135295959e-11
"AC245140.2",1.4746219253523e-12,-0.312658755022433,2.80180599387688e-08,0.999866445326649,0.999999999846669,"MYH11","OE",FALSE,"Activated",6.65908135295959e-11
"FCGR2A",1.4713416797636e-12,-0.31305319105667,2.7893548163993e-08,0.999866742414409,0.999999999846669,"MYH11","OE",FALSE,"Activated",6.65908135295959e-11
"HK2",1.47122457472573e-12,-0.313067287503225,2.78891082095371e-08,0.999866753020466,0.999999999846669,"MYH11","OE",FALSE,"Activated",6.65908135295959e-11
"VEGFC",1.46950873496219e-12,-0.313273949873554,2.78240938849479e-08,0.999866908421938,0.999999999846669,"MYH11","OE",FALSE,"Activated",6.65908135295959e-11
"FRMD4B",1.45753744271842e-12,-0.314722067414207,2.73726047607369e-08,0.999867992646974,0.999999999846669,"MYH11","OE",FALSE,"Activated",6.65908135295959e-11
"TROAP",1.45396074897757e-12,-0.315156862156521,2.72384287221454e-08,0.999868316583674,0.999999999846669,"MYH11","OE",FALSE,"Activated",6.65908135295959e-11
"CCL7",1.45342014104133e-12,-0.315222666388313,2.7218177043158e-08,0.999868365545862,0.999999999846669,"MYH11","OE",FALSE,"Activated",6.65908135295959e-11
"PLSCR3",1.45278214654614e-12,-0.315300353931471,2.71942868611733e-08,0.999868423328229,0.999999999846669,"MYH11","OE",FALSE,"Activated",6.65908135295959e-11
"SLC3A2",1.45029056496222e-12,-0.315604052624103,2.71010881917849e-08,0.999868648987672,0.999999999846669,"MYH11","OE",FALSE,"Activated",6.65908135295959e-11
"DMKN",1.45019443105396e-12,-0.315615780055901,2.70974954673469e-08,0.9998686576944,0.999999999846669,"MYH11","OE",FALSE,"Activated",6.65908135295959e-11
"TMEM233",1.44378106973934e-12,-0.316399780217835,2.68583527034711e-08,0.999869238544551,0.999999999846669,"MYH11","OE",FALSE,"Activated",6.65908135295959e-11
"CDH1",1.44269476848045e-12,-0.316532894164427,2.68179514447885e-08,0.999869336929504,0.999999999846669,"MYH11","OE",FALSE,"Activated",6.65908135295959e-11
"NDRG1",1.43651786065367e-12,-0.317291573246977,2.65888005562493e-08,0.999869896364357,0.999999999846669,"MYH11","OE",FALSE,"Activated",6.65908135295959e-11
"TP63",1.43262784161752e-12,-0.317770916719749,2.64449932285218e-08,0.999870248678538,0.999999999846669,"MYH11","OE",FALSE,"Activated",6.65908135295959e-11
"C16orf74",1.4280351246029e-12,-0.318338403214625,2.62757103377734e-08,0.999870664635202,0.999999999846669,"MYH11","OE",FALSE,"Activated",6.65908135295959e-11
"IL1RN",1.4258615655889e-12,-0.318607562450644,2.61957846522002e-08,0.999870861491736,0.999999999846669,"MYH11","OE",FALSE,"Activated",6.65908135295959e-11
"EREG",1.42470982550639e-12,-0.318750340386246,2.61534824390056e-08,0.999870965803402,0.999999999846669,"MYH11","OE",FALSE,"Activated",6.65908135295959e-11
"TMEM154",1.42078896548912e-12,-0.319237200725733,2.60097296004635e-08,0.999871320910813,0.999999999846669,"MYH11","OE",FALSE,"Activated",6.65908135295959e-11
"IL1A",1.41629852456931e-12,-0.319796317557621,2.58455805398158e-08,0.999871727604458,0.999999999846669,"MYH11","OE",FALSE,"Activated",6.65908135295959e-11
"TSTD1",1.41497747787678e-12,-0.319961117102874,2.57973883054495e-08,0.999871847250012,0.999999999846669,"MYH11","OE",FALSE,"Activated",6.65908135295959e-11
"NEURL1",1.40702349493072e-12,-0.320956391846345,2.5508174845662e-08,0.999872567632347,0.999999999846669,"MYH11","OE",FALSE,"Activated",6.65908135295959e-11
"HCAR2",1.40387203440996e-12,-0.321352172846398,2.53940360562552e-08,0.999872853056204,0.999999999846669,"MYH11","OE",FALSE,"Activated",6.65908135295959e-11
"DAPP1",1.3980528413399e-12,-0.322085151992016,2.51839506234694e-08,0.999873380093277,0.999999999846669,"MYH11","OE",FALSE,"Activated",6.65908135295959e-11
"SPINT2",1.39375102081913e-12,-0.322628822854782,2.50292066027805e-08,0.999873769703807,0.999999999846669,"MYH11","OE",FALSE,"Activated",6.65908135295959e-11
"CYBB",1.38901837000605e-12,-0.323228740607191,2.48595157757917e-08,0.9998741983341,0.999999999846669,"MYH11","OE",FALSE,"Activated",6.65908135295959e-11
"SQLE",1.38697315573333e-12,-0.323488580838352,2.47863625238279e-08,0.999874383566611,0.999999999846669,"MYH11","OE",FALSE,"Activated",6.65908135295959e-11
"ALDH1A3",1.38645886946359e-12,-0.32355397566282,2.47679844859562e-08,0.999874430144878,0.999999999846669,"MYH11","OE",FALSE,"Activated",6.65908135295959e-11
"ITGB8",1.38572380743984e-12,-0.323647482555458,2.47417288514879e-08,0.999874496718531,0.999999999846669,"MYH11","OE",FALSE,"Activated",6.65908135295959e-11
"LCN2",1.38519870917838e-12,-0.323714308183909,2.47229814254724e-08,0.999874544276027,0.999999999846669,"MYH11","OE",FALSE,"Activated",6.65908135295959e-11
"HIST3H2A",1.38187723234517e-12,-0.324137553825429,2.46045603523634e-08,0.99987484509805,0.999999999846669,"MYH11","OE",FALSE,"Activated",6.65908135295959e-11
"KRT6A",1.37820351679836e-12,-0.32460678266553,2.44739119809638e-08,0.999875177821894,0.999999999846669,"MYH11","OE",FALSE,"Activated",6.65908135295959e-11
"HMGCS1",1.37787095104955e-12,-0.324649317091336,2.44621021099875e-08,0.99987520794196,0.999999999846669,"MYH11","OE",FALSE,"Activated",6.65908135295959e-11
"LINC00958",1.37346579078455e-12,-0.32521362605599,2.43059376703139e-08,0.999875606911842,0.999999999846669,"MYH11","OE",FALSE,"Activated",6.65908135295959e-11
"SLC2A1",1.37176790601418e-12,-0.325431575695708,2.42458805893015e-08,0.999875760687152,0.999999999846669,"MYH11","OE",FALSE,"Activated",6.65908135295959e-11
"GATA3",1.36989776452699e-12,-0.325671926403798,2.41798164707232e-08,0.999875930063539,0.999999999846669,"MYH11","OE",FALSE,"Activated",6.65908135295959e-11
"IL23A",1.36434170684253e-12,-0.32638778764748,2.39840762918997e-08,0.999876433268768,0.999999999846669,"MYH11","OE",FALSE,"Activated",6.65908135295959e-11
"TNS4",1.36201936427075e-12,-0.326687806328421,2.3902495795858e-08,0.999876643600444,0.999999999846669,"MYH11","OE",FALSE,"Activated",6.65908135295959e-11
"DIO3",1.36156693611636e-12,-0.326746309716768,2.38866188322151e-08,0.999876684576299,0.999999999846669,"MYH11","OE",FALSE,"Activated",6.65908135295959e-11
"AIFM1",1.36114891537041e-12,-0.326800379891173,2.3871954008662e-08,0.999876722435918,0.999999999846669,"MYH11","OE",FALSE,"Activated",6.65908135295959e-11
"ADAM8",1.35887834452682e-12,-0.327094342680069,2.37923774782832e-08,0.999876928078693,0.999999999846669,"MYH11","OE",FALSE,"Activated",6.65908135295959e-11
"CAVIN2",1.34678812417873e-12,-0.32866732089063,2.3370889529471e-08,0.999878023074902,0.999999999846669,"MYH11","OE",FALSE,"Activated",6.65908135295959e-11
"CCL20",1.34193385689023e-12,-0.329302558614454,2.32027204023722e-08,0.999878462719849,0.999999999846669,"MYH11","OE",FALSE,"Activated",6.65908135295959e-11
"COL17A1",1.34181204498735e-12,-0.329318526477995,2.31985082137756e-08,0.999878473752201,0.999999999846669,"MYH11","OE",FALSE,"Activated",6.65908135295959e-11
"EHF",1.34083924402104e-12,-0.329446095475312,2.31648830116932e-08,0.999878561857574,0.999999999846669,"MYH11","OE",FALSE,"Activated",6.65908135295959e-11
"MMP10",1.33707683773176e-12,-0.329940289516241,2.3035063688306e-08,0.999878902614029,0.999999999846669,"MYH11","OE",FALSE,"Activated",6.65908135295959e-11
"RGS12",1.33245814247408e-12,-0.330548721112748,2.28761974506159e-08,0.99987932092351,0.999999999846669,"MYH11","OE",FALSE,"Activated",6.65908135295959e-11
"TNFSF10",1.33230195121259e-12,-0.330569330672039,2.28708346514312e-08,0.999879335069558,0.999999999846669,"MYH11","OE",FALSE,"Activated",6.65908135295959e-11
"S100A2",1.31820883953149e-12,-0.332438198422213,2.23895376494964e-08,0.999880611465142,0.999999999846669,"MYH11","OE",FALSE,"Activated",6.65908135295959e-11
"DSC2",1.31264542530146e-12,-0.333181052173943,2.22009492935824e-08,0.999881115336645,0.999999999846669,"MYH11","OE",FALSE,"Activated",6.65908135295959e-11
"GALNT3",1.31045740126235e-12,-0.333474006609142,2.21269982868252e-08,0.999881313503259,0.999999999846669,"MYH11","OE",FALSE,"Activated",6.65908135295959e-11
"SCIN",1.30132161816907e-12,-0.334702110104271,2.18195593321314e-08,0.999882140919764,0.999999999846669,"MYH11","OE",FALSE,"Activated",6.65908135295959e-11
"BMP5",1.30129807324839e-12,-0.334705285497698,2.18187697730569e-08,0.999882143052198,0.999999999846669,"MYH11","OE",FALSE,"Activated",6.65908135295959e-11
"TSPAN1",1.29915363669004e-12,-0.334994718939533,2.17469178026941e-08,0.999882337271148,0.999999999846669,"MYH11","OE",FALSE,"Activated",6.65908135295959e-11
"PKIB",1.28855217132627e-12,-0.336432124467762,2.1393443793662e-08,0.999883297432672,0.999999999846669,"MYH11","OE",FALSE,"Activated",6.65908135295959e-11
"SORL1",1.28064484541731e-12,-0.337511390909597,2.11316835210058e-08,0.999884013589339,0.999999999846669,"MYH11","OE",FALSE,"Activated",6.65908135295959e-11
"DSC3",1.27963733914599e-12,-0.337649347783386,2.10984472509886e-08,0.999884104837928,0.999999999846669,"MYH11","OE",FALSE,"Activated",6.65908135295959e-11
"LAMA3",1.27585841324145e-12,-0.338167690138943,2.09740186476962e-08,0.999884447090544,0.999999999846669,"MYH11","OE",FALSE,"Activated",6.65908135295959e-11
"IL1RL1",1.27079574720532e-12,-0.338864351181821,2.08078971120995e-08,0.999884905609906,0.999999999846669,"MYH11","OE",FALSE,"Activated",6.65908135295959e-11
"IGFBP6",1.26820718991598e-12,-0.339221549677578,2.07232138321757e-08,0.999885140052318,0.999999999846669,"MYH11","OE",FALSE,"Activated",6.65908135295959e-11
"RAB40B",1.26511040165077e-12,-0.33964976761964,2.06221308984919e-08,0.999885420524578,0.999999999846669,"MYH11","OE",FALSE,"Activated",6.65908135295959e-11
"MBOAT2",1.24180816402204e-12,-0.342903443985607,1.98694436828856e-08,0.99988753097924,0.999999999846669,"MYH11","OE",FALSE,"Activated",6.65908135295959e-11
"IVNS1ABP",1.2405688150253e-12,-0.343078072530695,1.98298032817311e-08,0.999887643225536,0.999999999846669,"MYH11","OE",FALSE,"Activated",6.65908135295959e-11
"NQO1",1.23899343040185e-12,-0.343300282971331,1.97794719636977e-08,0.999887785906161,0.999999999846669,"MYH11","OE",FALSE,"Activated",6.65908135295959e-11
"SLC7A1",1.23893005830655e-12,-0.343309227175971,1.97774486526854e-08,0.999887791645693,0.999999999846669,"MYH11","OE",FALSE,"Activated",6.65908135295959e-11
"CXCL5",1.23537406278508e-12,-0.343811792966661,1.96640805260785e-08,0.999888113707782,0.999999999846669,"MYH11","OE",FALSE,"Activated",6.65908135295959e-11
"BCAM",1.2331985955751e-12,-0.344119910670262,1.95948854577646e-08,0.99988831073714,0.999999999846669,"MYH11","OE",FALSE,"Activated",6.65908135295959e-11
"FGF5",1.23298109078506e-12,-0.344150744170974,1.95879739909334e-08,0.999888330436278,0.999999999846669,"MYH11","OE",FALSE,"Activated",6.65908135295959e-11
"CYB5R1",1.2317490679171e-12,-0.344325490971637,1.95488480464469e-08,0.999888442019056,0.999999999846669,"MYH11","OE",FALSE,"Activated",6.65908135295959e-11
"HLA-DPA1",1.21827846087711e-12,-0.346246756723058,1.91236073530588e-08,0.999889662035172,0.999999999846669,"MYH11","OE",FALSE,"Activated",6.65908135295959e-11
"CSF2",1.21225207905951e-12,-0.347112654576353,1.89348801895265e-08,0.999890207837074,0.999999999846669,"MYH11","OE",FALSE,"Activated",6.65908135295959e-11
"COX6B2",1.21044879426581e-12,-0.347372533527238,1.88785889512056e-08,0.999890371158334,0.999999999846669,"MYH11","OE",FALSE,"Activated",6.65908135295959e-11
"CDC42EP3",1.20540026005307e-12,-0.348102010302428,1.87214398919974e-08,0.999890828397795,0.999999999846669,"MYH11","OE",FALSE,"Activated",6.65908135295959e-11
"MTSS1",1.20296755207694e-12,-0.348454529617591,1.86459498825864e-08,0.999891048725129,0.999999999846669,"MYH11","OE",FALSE,"Activated",6.65908135295959e-11
"PRRG4",1.18587002776195e-12,-0.350950887811353,1.81196945146646e-08,0.99989259722663,0.999999999846669,"MYH11","OE",FALSE,"Activated",6.65908135295959e-11
"NRG1",1.18331744902727e-12,-0.351326437867565,1.80417733811772e-08,0.999892828410509,0.999999999846669,"MYH11","OE",FALSE,"Activated",6.65908135295959e-11
"DSP",1.18323476372905e-12,-0.351338615542213,1.80392521012052e-08,0.999892835899214,0.999999999846669,"MYH11","OE",FALSE,"Activated",6.65908135295959e-11
"LINC01121",1.17916746393346e-12,-0.351938611633929,1.79154475202306e-08,0.999893204269495,0.999999999846669,"MYH11","OE",FALSE,"Activated",6.65908135295959e-11
"SEMA7A",1.17908703281198e-12,-0.35195049590692,1.79130035749287e-08,0.999893211554042,0.999999999846669,"MYH11","OE",FALSE,"Activated",6.65908135295959e-11
"SPRR2D",1.17248777734059e-12,-0.352928149666472,1.77130494228249e-08,0.999893809240398,0.999999999846669,"MYH11","OE",FALSE,"Activated",6.65908135295959e-11
"MCM5",1.17097678384561e-12,-0.353152714130549,1.76674249697674e-08,0.999893946089198,0.999999999846669,"MYH11","OE",FALSE,"Activated",6.65908135295959e-11
"CDC42EP4",1.16870997979209e-12,-0.353490111161833,1.75990891537325e-08,0.999894151390821,0.999999999846669,"MYH11","OE",FALSE,"Activated",6.65908135295959e-11
"FBN2",1.16498999009252e-12,-0.354045119484966,1.74872320824425e-08,0.999894488305659,0.999999999846669,"MYH11","OE",FALSE,"Activated",6.65908135295959e-11
"TNFSF13B",1.15912631825338e-12,-0.35492329776069,1.73116402943579e-08,0.999895019371121,0.999999999846669,"MYH11","OE",FALSE,"Activated",6.65908135295959e-11
"CDC6",1.15783892434077e-12,-0.355116656098882,1.72732069960886e-08,0.999895135968785,0.999999999846669,"MYH11","OE",FALSE,"Activated",6.65908135295959e-11
"CHAF1A",1.15639780336192e-12,-0.355333339545492,1.72302350612692e-08,0.999895266489319,0.999999999846669,"MYH11","OE",FALSE,"Activated",6.65908135295959e-11
"RHOD",1.15553131299557e-12,-0.355463743323729,1.72044234604936e-08,0.999895344966273,0.999999999846669,"MYH11","OE",FALSE,"Activated",6.65908135295959e-11
"EFNB2",1.15472703845229e-12,-0.355584864886346,1.71804825006711e-08,0.999895417808418,0.999999999846669,"MYH11","OE",FALSE,"Activated",6.65908135295959e-11
"CDCA7",1.15339774365342e-12,-0.355785224422046,1.71409497279435e-08,0.999895538200994,0.999999999846669,"MYH11","OE",FALSE,"Activated",6.65908135295959e-11
"KLF4",1.1490372499642e-12,-0.356443969373389,1.70115898116741e-08,0.999895933125481,0.999999999846669,"MYH11","OE",FALSE,"Activated",6.65908135295959e-11
"ACTG2",1.14901908870972e-12,-0.356446717852791,1.70110520582287e-08,0.999895934770323,0.999999999846669,"MYH11","OE",FALSE,"Activated",6.65908135295959e-11
"TMEM265",1.13985959561282e-12,-0.35783804517366,1.67409232511978e-08,0.999896764334216,0.999999999846669,"MYH11","OE",FALSE,"Activated",6.65908135295959e-11
"TJP2",1.13806879827973e-12,-0.35811127666802,1.66883623027685e-08,0.999896926524502,0.999999999846669,"MYH11","OE",FALSE,"Activated",6.65908135295959e-11
"SNHG1",1.12914110683866e-12,-0.359479389829482,1.64275623020423e-08,0.999897735094407,0.999999999846669,"MYH11","OE",FALSE,"Activated",6.65908135295959e-11
"DDX60L",1.122705355898e-12,-0.360471855167656,1.6240832046808e-08,0.999898317972361,0.999999999846669,"MYH11","OE",FALSE,"Activated",6.65908135295959e-11
"LINC01133",1.11198336025833e-12,-0.362137066460523,1.59321087889404e-08,0.999899289050165,0.999999999846669,"MYH11","OE",FALSE,"Activated",6.65908135295959e-11
"HLA-DRB1",1.111511011627e-12,-0.362210767372647,1.59185763716302e-08,0.999899331830193,0.999999999846669,"MYH11","OE",FALSE,"Activated",6.65908135295959e-11
"VSIG4",1.1106878607021e-12,-0.362339273562291,1.58950074843371e-08,0.999899406381948,0.999999999846669,"MYH11","OE",FALSE,"Activated",6.65908135295959e-11
"ST14",1.10613672629538e-12,-0.363051369422963,1.57650121763305e-08,0.999899818572528,0.999999999846669,"MYH11","OE",FALSE,"Activated",6.65908135295959e-11
"ANXA3",1.1026273216271e-12,-0.363602325338507,1.56651365627597e-08,0.999900136414942,0.999999999846669,"MYH11","OE",FALSE,"Activated",6.65908135295959e-11
"PLCG2",1.09828075533302e-12,-0.364286965991156,1.55418757865374e-08,0.999900530078043,0.999999999846669,"MYH11","OE",FALSE,"Activated",6.65908135295959e-11
"AREG",1.09801132241402e-12,-0.364329487708644,1.55342511799939e-08,0.999900554480247,0.999999999846669,"MYH11","OE",FALSE,"Activated",6.65908135295959e-11
"CLDN1",1.09492654528391e-12,-0.364817014837576,1.54470892564985e-08,0.999900833864674,0.999999999846669,"MYH11","OE",FALSE,"Activated",6.65908135295959e-11
"SLC7A5",1.09262962889874e-12,-0.36518085290421,1.53823480056369e-08,0.999901041893533,0.999999999846669,"MYH11","OE",FALSE,"Activated",6.65908135295959e-11
"PECAM1",1.083373391591e-12,-0.366654281158777,1.51228281084673e-08,0.999901880219428,0.999999999846669,"MYH11","OE",FALSE,"Activated",6.65908135295959e-11
"PRXL2A",1.08083838949461e-12,-0.367059841630288,1.50521386318976e-08,0.999902109811414,0.999999999846669,"MYH11","OE",FALSE,"Activated",6.65908135295959e-11
"KRT5",1.07871063952192e-12,-0.367400928610735,1.49929333643155e-08,0.999902302519082,0.999999999846669,"MYH11","OE",FALSE,"Activated",6.65908135295959e-11
"TUBA4A",1.07259315672499e-12,-0.368385067712873,1.48233625184486e-08,0.999902856571887,0.999999999846669,"MYH11","OE",FALSE,"Activated",6.65908135295959e-11
"ALOX5AP",1.06283748769721e-12,-0.36996529832091,1.45549398342537e-08,0.999903740130692,0.999999999846669,"MYH11","OE",FALSE,"Activated",6.65908135295959e-11
"TGFBI",1.06058197240634e-12,-0.370332559360247,1.44932294493784e-08,0.999903944409906,0.999999999846669,"MYH11","OE",FALSE,"Activated",6.65908135295959e-11
"MYOZ1",1.05999637897408e-12,-0.370428028617229,1.44772291832246e-08,0.999903997446374,0.999999999846669,"MYH11","OE",FALSE,"Activated",6.65908135295959e-11
"CITED4",1.05930181066028e-12,-0.370541327374471,1.44582628349876e-08,0.999904060352562,0.999999999846669,"MYH11","OE",FALSE,"Activated",6.65908135295959e-11
"AC015912.3",1.05709850531437e-12,-0.370901188740701,1.43981801693902e-08,0.999904259903186,0.999999999846669,"MYH11","OE",FALSE,"Activated",6.65908135295959e-11
"HSBP1L1",1.05529683556374e-12,-0.371195968296041,1.43491428101944e-08,0.999904423078174,0.999999999846669,"MYH11","OE",FALSE,"Activated",6.65908135295959e-11
"ELF3",1.05349234347713e-12,-0.371491677080306,1.43001124783667e-08,0.999904586508777,0.999999999846669,"MYH11","OE",FALSE,"Activated",6.65908135295959e-11
"TENM2",1.05056016299884e-12,-0.371973186013757,1.42206203806682e-08,0.999904852072714,0.999999999846669,"MYH11","OE",FALSE,"Activated",6.65908135295959e-11
"CALML3",1.04963235663844e-12,-0.372125805211208,1.4195513478001e-08,0.999904936102982,0.999999999846669,"MYH11","OE",FALSE,"Activated",6.65908135295959e-11
"HOPX",1.0470007901709e-12,-0.372559364439326,1.4124422665547e-08,0.999905174440683,0.999999999846669,"MYH11","OE",FALSE,"Activated",6.65908135295959e-11
"NCF2",1.04478003904937e-12,-0.372926026228646,1.40645687240529e-08,0.999905375571349,0.999999999846669,"MYH11","OE",FALSE,"Activated",6.65908135295959e-11
"ISG15",1.03327128801282e-12,-0.374837841099585,1.37564194480019e-08,0.999906417904611,0.999999999846669,"MYH11","OE",FALSE,"Activated",6.65908135295959e-11
"RAET1G",1.03310340752808e-12,-0.374865874760634,1.37519496697749e-08,0.999906433109338,0.999999999846669,"MYH11","OE",FALSE,"Activated",6.65908135295959e-11
"KDM7A-DT",1.03288981602399e-12,-0.374901547611713,1.37462638963023e-08,0.999906452454054,0.999999999846669,"MYH11","OE",FALSE,"Activated",6.65908135295959e-11
"P3H2",1.0315679200519e-12,-0.375122475303788,1.37111013787598e-08,0.999906572176528,0.999999999846669,"MYH11","OE",FALSE,"Activated",6.65908135295959e-11
"IL1R2",1.03024884133533e-12,-0.375343193602436,1.36760586864706e-08,0.999906691643846,0.999999999846669,"MYH11","OE",FALSE,"Activated",6.65908135295959e-11
"RNF144B",1.01990124659193e-12,-0.377083766170232,1.3402719590376e-08,0.999907628812628,0.999999999846669,"MYH11","OE",FALSE,"Activated",6.65908135295959e-11
"SOX15",1.01153848437541e-12,-0.378502458245954,1.31838273447265e-08,0.999908386217597,0.999999999846669,"MYH11","OE",FALSE,"Activated",6.65908135295959e-11
"ATP1B2",1.01002889773018e-12,-0.378759707026439,1.31445064896942e-08,0.999908522938981,0.999999999846669,"MYH11","OE",FALSE,"Activated",6.65908135295959e-11
"TNNC2",1.00123553336411e-12,-0.380265299442423,1.29166292612921e-08,0.999909319343051,0.999999999846669,"MYH11","OE",FALSE,"Activated",6.65908135295959e-11
"RERGL",1.00035063551109e-12,-0.380417488263935,1.28938077648198e-08,0.999909399487149,0.999999999846669,"MYH11","OE",FALSE,"Activated",6.65908135295959e-11
"TMCC3",9.98492663766254e-13,-0.380737436877479,1.28459563767788e-08,0.999909567761338,0.999999999846669,"MYH11","OE",FALSE,"Activated",6.65908135295959e-11
"TACSTD2",9.97506132309593e-13,-0.380907544841224,1.28205847742574e-08,0.999909657110265,0.999999999846669,"MYH11","OE",FALSE,"Activated",6.65908135295959e-11
"PGAM2",9.94168441552766e-13,-0.381484221350574,1.27349320537994e-08,0.999909959400764,0.999999999846669,"MYH11","OE",FALSE,"Activated",6.65908135295959e-11
"CTNNA3",9.94129762940956e-13,-0.381490914630028,1.2733941155495e-08,0.999909962903838,0.999999999846669,"MYH11","OE",FALSE,"Activated",6.65908135295959e-11
"CBLN1",9.94091778592096e-13,-0.381497488002931,1.2732968080871e-08,0.999909966344033,0.999999999846669,"MYH11","OE",FALSE,"Activated",6.65908135295959e-11
"RANBP3L",9.94058822487168e-13,-0.381503191402642,1.27321238488084e-08,0.999909969328826,0.999999999846669,"MYH11","OE",FALSE,"Activated",6.65908135295959e-11
"KCNA5",9.94045838908178e-13,-0.381505438395276,1.27317912579146e-08,0.999909970504733,0.999999999846669,"MYH11","OE",FALSE,"Activated",6.65908135295959e-11
"CSDC2",9.9403462393015e-13,-0.381507379328285,1.27315039754812e-08,0.99990997152046,0.999999999846669,"MYH11","OE",FALSE,"Activated",6.65908135295959e-11
"HBZ",9.94034101937999e-13,-0.381507469667947,1.27314906042299e-08,0.999909971567736,0.999999999846669,"MYH11","OE",FALSE,"Activated",6.65908135295959e-11
"CYSLTR1",9.9399432854763e-13,-0.381514353262088,1.27304717973011e-08,0.999909975169962,0.999999999846669,"MYH11","OE",FALSE,"Activated",6.65908135295959e-11
"CLCA2",9.90130251119057e-13,-0.382184329458985,1.26316866973225e-08,0.999910325134647,0.999999999846669,"MYH11","OE",FALSE,"Activated",6.65908135295959e-11
"MUSTN1",9.85754837215475e-13,-0.382945893135538,1.2520293796828e-08,0.999910721410441,0.999999999846669,"MYH11","OE",FALSE,"Activated",6.65908135295959e-11
"TSLP",9.80449693564137e-13,-0.383873490542649,1.23858927885343e-08,0.999911201890701,0.999999999846669,"MYH11","OE",FALSE,"Activated",6.65908135295959e-11
"TRPV3",9.7144722368119e-13,-0.385458247715922,1.21594829778687e-08,0.999912017233198,0.999999999846669,"MYH11","OE",FALSE,"Activated",6.65908135295959e-11
"AC245041.2",9.70381477279402e-13,-0.385646756595433,1.21328179846788e-08,0.999912113756524,0.999999999846669,"MYH11","OE",FALSE,"Activated",6.65908135295959e-11
"FGFBP1",9.68543524361865e-13,-0.385972303942086,1.20869011355153e-08,0.999912280217633,0.999999999846669,"MYH11","OE",FALSE,"Activated",6.65908135295959e-11
"TP53AIP1",9.67017937139031e-13,-0.386242958268816,1.20488541112534e-08,0.99991241838817,0.999999999846669,"MYH11","OE",FALSE,"Activated",6.65908135295959e-11
"FAM83G",9.66942629771942e-13,-0.386256328781137,1.20469775542348e-08,0.999912425208664,0.999999999846669,"MYH11","OE",FALSE,"Activated",6.65908135295959e-11
"FCGR2B",9.63674853683171e-13,-0.386837439607802,1.19656897838466e-08,0.999912721167079,0.999999999846669,"MYH11","OE",FALSE,"Activated",6.65908135295959e-11
"KRT14",9.59634889710964e-13,-0.387558396621217,1.18655738021795e-08,0.99991308706159,0.999999999846669,"MYH11","OE",FALSE,"Activated",6.65908135295959e-11
"CARNS1",9.56970429014008e-13,-0.388035425952386,1.1799774893037e-08,0.99991332837848,0.999999999846669,"MYH11","OE",FALSE,"Activated",6.65908135295959e-11
"PPP1R14B-AS1",9.51549426345469e-13,-0.389009778632296,1.16664678823478e-08,0.999913819351948,0.999999999846669,"MYH11","OE",FALSE,"Activated",6.65908135295959e-11
"MYO1G",9.5145575311827e-13,-0.389026660271991,1.16641710349632e-08,0.999913827835815,0.999999999846669,"MYH11","OE",FALSE,"Activated",6.65908135295959e-11
"FGFR3",9.47625610678838e-13,-0.389718243723487,1.15704504083855e-08,0.999914174727051,0.999999999846669,"MYH11","OE",FALSE,"Activated",6.65908135295959e-11
"CXADR",9.44714568628067e-13,-0.390245604579963,1.14994723073622e-08,0.999914438376508,0.999999999846669,"MYH11","OE",FALSE,"Activated",6.65908135295959e-11
"KRTAP2-3",9.3902735388758e-13,-0.391280249222527,1.136143460681e-08,0.999914953460471,0.999999999846669,"MYH11","OE",FALSE,"Activated",6.65908135295959e-11
"KRTAP1-5",9.38950246504675e-13,-0.391294316782525,1.1359568815538e-08,0.999914960443991,0.999999999846669,"MYH11","OE",FALSE,"Activated",6.65908135295959e-11
"IMPA2",9.33085291596671e-13,-0.392367473446077,1.12181017149396e-08,0.999915491625661,0.999999999846669,"MYH11","OE",FALSE,"Activated",6.65908135295959e-11
"GALNT6",9.2679897183604e-13,-0.393524687768282,1.10674552051861e-08,0.999916060969821,0.999999999846669,"MYH11","OE",FALSE,"Activated",6.65908135295959e-11
"POU3F1",9.21487392004967e-13,-0.39450814632384,1.09409612830361e-08,0.999916542032998,0.999999999846669,"MYH11","OE",FALSE,"Activated",6.65908135295959e-11
"PROSER2",9.20532846149955e-13,-0.394685440196858,1.09183060841154e-08,0.999916628485029,0.999999999846669,"MYH11","OE",FALSE,"Activated",6.65908135295959e-11
"DHCR24",9.20282829553443e-13,-0.394731905501331,1.0912376068609e-08,0.999916651128721,0.999999999846669,"MYH11","OE",FALSE,"Activated",6.65908135295959e-11
"TNNT1",9.15271545223163e-13,-0.395665720670961,1.07938557023641e-08,0.999917104994508,0.999999999846669,"MYH11","OE",FALSE,"Activated",6.65908135295959e-11
"CTSV",9.14054595546874e-13,-0.395893204414633,1.07651716539958e-08,0.999917215212126,0.999999999846669,"MYH11","OE",FALSE,"Activated",6.65908135295959e-11
"ACKR1",9.1168413109516e-13,-0.396337120332574,1.07094083162517e-08,0.999917429902143,0.999999999846669,"MYH11","OE",FALSE,"Activated",6.65908135295959e-11
"TLR2",9.08327420578331e-13,-0.396967561830827,1.06306920076007e-08,0.999917733915238,0.999999999846669,"MYH11","OE",FALSE,"Activated",6.65908135295959e-11
"LYZ",9.07231991816448e-13,-0.397173766995684,1.06050665699542e-08,0.999917833126859,0.999999999846669,"MYH11","OE",FALSE,"Activated",6.65908135295959e-11
"MMP9",9.06200557162546e-13,-0.397368136650497,1.05809664163049e-08,0.999917926542612,0.999999999846669,"MYH11","OE",FALSE,"Activated",6.65908135295959e-11
"MS4A1",9.06147597140879e-13,-0.397378122278684,1.05797297102982e-08,0.999917931339135,0.999999999846669,"MYH11","OE",FALSE,"Activated",6.65908135295959e-11
"EPCAM",9.02132131038404e-13,-0.398136817862616,1.04861722844795e-08,0.999918295014905,0.999999999846669,"MYH11","OE",FALSE,"Activated",6.65908135295959e-11
"KRT18",8.98857964908284e-13,-0.398757767582682,1.04101941331327e-08,0.999918591552058,0.999999999846669,"MYH11","OE",FALSE,"Activated",6.65908135295959e-11
"MB",8.92715639888291e-13,-0.399928338244106,1.02684046122746e-08,0.999919147854794,0.999999999846669,"MYH11","OE",FALSE,"Activated",6.65908135295959e-11
"FOLR3",8.90630085578159e-13,-0.400327488151453,1.0220482744645e-08,0.999919336740853,0.999999999846669,"MYH11","OE",FALSE,"Activated",6.65908135295959e-11
"DSG3",8.89340318925095e-13,-0.400574767235038,1.01909025783191e-08,0.999919453553414,0.999999999846669,"MYH11","OE",FALSE,"Activated",6.65908135295959e-11
"NFKBID",8.8717287637179e-13,-0.400991066609435,1.01412898946793e-08,0.99991964985599,0.999999999846669,"MYH11","OE",FALSE,"Activated",6.65908135295959e-11
"HEPHL1",8.84601749477047e-13,-0.401486124276027,1.00825938718231e-08,0.999919882719754,0.999999999846669,"MYH11","OE",FALSE,"Activated",6.65908135295959e-11
"SERPINB7",8.82532350287128e-13,-0.401885545429356,1.00354754790193e-08,0.999920070142664,0.999999999846669,"MYH11","OE",FALSE,"Activated",6.65908135295959e-11
"MMP28",8.68995602639003e-13,-0.404519909057994,9.72997767570517e-09,0.999921296149059,0.999999999846669,"MYH11","OE",FALSE,"Activated",6.65908135295959e-11
"HCLS1",8.67026480613792e-13,-0.404906278028567,9.68593186971504e-09,0.999921474489991,0.999999999846669,"MYH11","OE",FALSE,"Activated",6.65908135295959e-11
"CA12",8.65223170540084e-13,-0.405260825811398,9.64568263960801e-09,0.999921637813541,0.999999999846669,"MYH11","OE",FALSE,"Activated",6.65908135295959e-11
"RTTN",8.63190004254823e-13,-0.405661387021828,9.60040360551874e-09,0.999921821954882,0.999999999846669,"MYH11","OE",FALSE,"Activated",6.65908135295959e-11
"USP18",8.61088952323688e-13,-0.40607624150839,9.55372466382738e-09,0.999922012244542,0.999999999846669,"MYH11","OE",FALSE,"Activated",6.65908135295959e-11
"SCD",8.58703601299038e-13,-0.406548368696838,9.50086735489006e-09,0.999922228282817,0.999999999846669,"MYH11","OE",FALSE,"Activated",6.65908135295959e-11
"FAT2",8.56448244965743e-13,-0.406995884544306,9.45102547330627e-09,0.999922432547634,0.999999999846669,"MYH11","OE",FALSE,"Activated",6.65908135295959e-11
"CD274",8.563182893103e-13,-0.407021704045547,9.44815753345378e-09,0.999922444317556,0.999999999846669,"MYH11","OE",FALSE,"Activated",6.65908135295959e-11
"CASC9",8.56305796645732e-13,-0.407024186270794,9.44788186072006e-09,0.999922445449001,0.999999999846669,"MYH11","OE",FALSE,"Activated",6.65908135295959e-11
"LGALS2",8.54186900233539e-13,-0.40744568551036,9.40118285477439e-09,0.999922637354814,0.999999999846669,"MYH11","OE",FALSE,"Activated",6.65908135295959e-11
"ALKAL2",8.51386231658663e-13,-0.408004293520412,9.33963559094573e-09,0.999922891007882,0.999999999846669,"MYH11","OE",FALSE,"Activated",6.65908135295959e-11
"AIM2",8.37589004701576e-13,-0.41078130695744,9.03937953434407e-09,0.999924140605564,0.999999999846669,"MYH11","OE",FALSE,"Activated",6.65908135295959e-11
"GJB5",8.36390203555377e-13,-0.411024589581715,9.01352278679434e-09,0.999924249179493,0.999999999846669,"MYH11","OE",FALSE,"Activated",6.65908135295959e-11
"AHNAK2",8.32180587619745e-13,-0.411881446859473,8.92301961541378e-09,0.999924630439171,0.999999999846669,"MYH11","OE",FALSE,"Activated",6.65908135295959e-11
"KRT1",8.12917428032194e-13,-0.415854345690462,8.51470400172396e-09,0.999926375079572,0.999999999846669,"MYH11","OE",FALSE,"Activated",6.65908135295959e-11
"SEMA3B",8.10212356009746e-13,-0.416419214406963,8.45813105950368e-09,0.99992662007458,0.999999999846669,"MYH11","OE",FALSE,"Activated",6.65908135295959e-11
"POLM",8.06807313806218e-13,-0.417132737475552,8.38718725280024e-09,0.999926928465017,0.999999999846669,"MYH11","OE",FALSE,"Activated",6.65908135295959e-11
"KHDC1L",8.065536055294e-13,-0.417186013337413,8.38191321965804e-09,0.99992695144306,0.999999999846669,"MYH11","OE",FALSE,"Activated",6.65908135295959e-11
"ITPKC",8.06520626674147e-13,-0.417192939662704,8.38122778412199e-09,0.999926954429914,0.999999999846669,"MYH11","OE",FALSE,"Activated",6.65908135295959e-11
"SLCO1B3",8.036226307663e-13,-0.417802612467312,8.32110501543898e-09,0.999927216897798,0.999999999846669,"MYH11","OE",FALSE,"Activated",6.65908135295959e-11
"KRT8",8.03059947159008e-13,-0.417921224331576,8.30945648782215e-09,0.999927267859353,0.999999999846669,"MYH11","OE",FALSE,"Activated",6.65908135295959e-11
"CDC45",8.01110199908718e-13,-0.418332820828568,8.2691564519424e-09,0.999927444445536,0.999999999846669,"MYH11","OE",FALSE,"Activated",6.65908135295959e-11
"TRIML2",8.01028840959977e-13,-0.418350016057429,8.26747694339668e-09,0.999927451814115,0.999999999846669,"MYH11","OE",FALSE,"Activated",6.65908135295959e-11
"AC108134.2",7.87256734286118e-13,-0.421284318992828,7.98563497985577e-09,0.999928699136684,0.999999999846669,"MYH11","OE",FALSE,"Activated",6.65908135295959e-11
"SERPINA5",7.77437541589941e-13,-0.42340557660774,7.78767292055545e-09,0.999929588448753,0.999999999846669,"MYH11","OE",FALSE,"Activated",6.65908135295959e-11
"LAMP3",7.67044183065405e-13,-0.42567807061476,7.58084204576765e-09,0.999930529762305,0.999999999846669,"MYH11","OE",FALSE,"Activated",6.65908135295959e-11
"ISG20",7.64606524132278e-13,-0.426215187648191,7.53273492522941e-09,0.999930750538043,0.999999999846669,"MYH11","OE",FALSE,"Activated",6.65908135295959e-11
"WNT7B",7.61910973245041e-13,-0.426810978112091,7.47971659963884e-09,0.999930994670734,0.999999999846669,"MYH11","OE",FALSE,"Activated",6.65908135295959e-11
"TPD52",7.58065147551245e-13,-0.427664398286267,7.404397859322e-09,0.999931342982383,0.999999999846669,"MYH11","OE",FALSE,"Activated",6.65908135295959e-11
"LINC00973",7.49467144243127e-13,-0.4295869586091,7.23738845856965e-09,0.999932121692847,0.999999999846669,"MYH11","OE",FALSE,"Activated",6.65908135295959e-11
"MIR205HG",7.47042976975508e-13,-0.430132706396854,7.19064520615445e-09,0.999932341246661,0.999999999846669,"MYH11","OE",FALSE,"Activated",6.65908135295959e-11
"PTPRZ1",7.46688183512443e-13,-0.430212717839836,7.18381671522924e-09,0.999932373379864,0.999999999846669,"MYH11","OE",FALSE,"Activated",6.65908135295959e-11
"SNHG3",7.4409166978732e-13,-0.430799345858402,7.13394195465933e-09,0.999932608542882,0.999999999846669,"MYH11","OE",FALSE,"Activated",6.65908135295959e-11
"CPVL",7.32621883614091e-13,-0.433413596172121,6.91570501208048e-09,0.999933647347149,0.999999999846669,"MYH11","OE",FALSE,"Activated",6.65908135295959e-11
"NT5C3A",7.28866921252188e-13,-0.434277683981303,6.84499551190058e-09,0.999933987429419,0.999999999846669,"MYH11","OE",FALSE,"Activated",6.65908135295959e-11
"ANO5",7.28775236309882e-13,-0.434298833926372,6.84327354173531e-09,0.99993399573321,0.999999999846669,"MYH11","OE",FALSE,"Activated",6.65908135295959e-11
"HAS3",7.26660625189105e-13,-0.434787318812166,6.80361833031293e-09,0.999934187250909,0.999999999846669,"MYH11","OE",FALSE,"Activated",6.65908135295959e-11
"IFIH1",7.23676312401541e-13,-0.435478953068495,6.74784970569615e-09,0.999934457536406,0.999999999846669,"MYH11","OE",FALSE,"Activated",6.65908135295959e-11
"MALL",7.13727204882777e-13,-0.437803958430134,6.56358612186484e-09,0.999935358614699,0.999999999846669,"MYH11","OE",FALSE,"Activated",6.65908135295959e-11
"GJB2",7.08603657287755e-13,-0.439013010635884,6.46968990497515e-09,0.999935822648031,0.999999999846669,"MYH11","OE",FALSE,"Activated",6.65908135295959e-11
"ANXA8",7.06769011185872e-13,-0.439447918425939,6.43623191908978e-09,0.999935988809647,0.999999999846669,"MYH11","OE",FALSE,"Activated",6.65908135295959e-11
"CXorf21",7.03407348658247e-13,-0.44024752906705,6.37515118762812e-09,0.99993629327124,0.999999999846669,"MYH11","OE",FALSE,"Activated",6.65908135295959e-11
"MSMO1",6.93209707903951e-13,-0.442694988914201,6.19164372242053e-09,0.999937216858879,0.999999999846669,"MYH11","OE",FALSE,"Activated",6.65908135295959e-11
"ALDH1A1",6.91056905495904e-13,-0.443215926049294,6.15324643000241e-09,0.999937411835515,0.999999999846669,"MYH11","OE",FALSE,"Activated",6.65908135295959e-11
"HLA-DMA",6.90779328050428e-13,-0.443283203829179,6.14830426276723e-09,0.999937436975359,0.999999999846669,"MYH11","OE",FALSE,"Activated",6.65908135295959e-11
"HLA-DRA",6.88796667364176e-13,-0.443764480065106,6.1130614380076e-09,0.999937616542471,0.999999999846669,"MYH11","OE",FALSE,"Activated",6.65908135295959e-11
"FST",6.8735325187046e-13,-0.444115666029075,6.0874676954037e-09,0.999937747270817,0.999999999846669,"MYH11","OE",FALSE,"Activated",6.65908135295959e-11
"ARTN",6.8473251492296e-13,-0.444755045797385,6.04113566027483e-09,0.999937984627703,0.999999999846669,"MYH11","OE",FALSE,"Activated",6.65908135295959e-11
"ITGB6",6.70838976164397e-13,-0.448182966079006,5.79846795138568e-09,0.999939242948227,0.999999999846669,"MYH11","OE",FALSE,"Activated",6.65908135295959e-11
"AL109615.2",6.66136063060187e-13,-0.449358208816313,5.71745267091964e-09,0.999939668885217,0.999999999846669,"MYH11","OE",FALSE,"Activated",6.65908135295959e-11
"IGKV4-1",6.64395527743803e-13,-0.449795111566548,5.68761363986342e-09,0.999939826523336,0.999999999846669,"MYH11","OE",FALSE,"Activated",6.65908135295959e-11
"CD24",6.61613020939964e-13,-0.450495772401116,5.64007363244922e-09,0.999940078531516,0.999999999846669,"MYH11","OE",FALSE,"Activated",6.65908135295959e-11
"SERPINB3",6.60373341941008e-13,-0.450808813972897,5.61895757157227e-09,0.999940190807701,0.999999999846669,"MYH11","OE",FALSE,"Activated",6.65908135295959e-11
"EPPK1",6.51163289711977e-13,-0.453151706496008,5.4633182946941e-09,0.999941024950676,0.999999999846669,"MYH11","OE",FALSE,"Activated",6.65908135295959e-11
"WNT10A",6.48894336531892e-13,-0.453733601804512,5.42531118679802e-09,0.999941230446943,0.999999999846669,"MYH11","OE",FALSE,"Activated",6.65908135295959e-11
"CPA4",6.47866823307207e-13,-0.453997737662858,5.40814301301987e-09,0.999941323507538,0.999999999846669,"MYH11","OE",FALSE,"Activated",6.65908135295959e-11
"FABP3",6.4440582767925e-13,-0.454890295024447,5.35051523294061e-09,0.999941636965607,0.999999999846669,"MYH11","OE",FALSE,"Activated",6.65908135295959e-11
"P2RX1",6.40775630238576e-13,-0.455831270106534,5.29040182029884e-09,0.999941965748074,0.999999999846669,"MYH11","OE",FALSE,"Activated",6.65908135295959e-11
"WARS",6.32427149370389e-13,-0.458014128063094,5.15344561303298e-09,0.999942721859602,0.999999999846669,"MYH11","OE",FALSE,"Activated",6.65908135295959e-11
"SGPP2",6.309530936656e-13,-0.458402314976924,5.12945039706415e-09,0.999942855362994,0.999999999846669,"MYH11","OE",FALSE,"Activated",6.65908135295959e-11
"CYP2S1",6.28173466780939e-13,-0.459136609267897,5.0843549626483e-09,0.999943107110343,0.999999999846669,"MYH11","OE",FALSE,"Activated",6.65908135295959e-11
"LINC01871",6.28055680983578e-13,-0.459167791152011,5.0824484553223e-09,0.999943117778057,0.999999999846669,"MYH11","OE",FALSE,"Activated",6.65908135295959e-11
"GCLC",6.25788119448508e-13,-0.459769149321723,5.04581488860005e-09,0.999943323148284,0.999999999846669,"MYH11","OE",FALSE,"Activated",6.65908135295959e-11
"IGHA1",6.25561962778457e-13,-0.459829236759066,5.04216848351348e-09,0.999943343631013,0.999999999846669,"MYH11","OE",FALSE,"Activated",6.65908135295959e-11
"IGFL2",6.22241192997387e-13,-0.460713853984681,4.98877828517689e-09,0.999943644389001,0.999999999846669,"MYH11","OE",FALSE,"Activated",6.65908135295959e-11
"KLK5",6.21970006227208e-13,-0.460786288148157,4.98443078817619e-09,0.99994366895005,0.999999999846669,"MYH11","OE",FALSE,"Activated",6.65908135295959e-11
"REEP1",6.20837990838819e-13,-0.461088966351602,4.96630349094155e-09,0.999943771475276,0.999999999846669,"MYH11","OE",FALSE,"Activated",6.65908135295959e-11
"SAA2",6.14824672693585e-13,-0.462705424903173,4.87056407094355e-09,0.999944316094021,0.999999999846669,"MYH11","OE",FALSE,"Activated",6.65908135295959e-11
"PLAC8",6.12486098999808e-13,-0.463338020355713,4.83358276086299e-09,0.999944527895732,0.999999999846669,"MYH11","OE",FALSE,"Activated",6.65908135295959e-11
"SERPINB2",6.11357969613525e-13,-0.463643984842072,4.81579334508041e-09,0.999944630069007,0.999999999846669,"MYH11","OE",FALSE,"Activated",6.65908135295959e-11
"EFNA1",6.09648706815918e-13,-0.464108558381439,4.78890255483442e-09,0.999944784874812,0.999999999846669,"MYH11","OE",FALSE,"Activated",6.65908135295959e-11
"MAL2",6.05491910252685e-13,-0.465243418234603,4.72382038942703e-09,0.999945161350707,0.999999999846669,"MYH11","OE",FALSE,"Activated",6.65908135295959e-11
"CCL5",6.05463711298253e-13,-0.465251141523527,4.72338040437752e-09,0.999945163904651,0.999999999846669,"MYH11","OE",FALSE,"Activated",6.65908135295959e-11
"ANKRD22",6.05362498822258e-13,-0.465278864911482,4.72180136649646e-09,0.999945173071339,0.999999999846669,"MYH11","OE",FALSE,"Activated",6.65908135295959e-11
"IL36G",6.03809081126376e-13,-0.465704905135536,4.69759927683951e-09,0.999945313762448,0.999999999846669,"MYH11","OE",FALSE,"Activated",6.65908135295959e-11
"AC110995.1",6.02784010851563e-13,-0.46598659699658,4.68166284238973e-09,0.999945406601788,0.999999999846669,"MYH11","OE",FALSE,"Activated",6.65908135295959e-11
"NELL2",5.91611422510257e-13,-0.469085953198657,4.50972217118182e-09,0.999946418489217,0.999999999846669,"MYH11","OE",FALSE,"Activated",6.65908135295959e-11
"LINP1",5.90526887131124e-13,-0.469389690573015,4.49320298294896e-09,0.999946516714238,0.999999999846669,"MYH11","OE",FALSE,"Activated",6.65908135295959e-11
"SERPINB4",5.87837657642706e-13,-0.470145076175218,4.45237252811575e-09,0.999946760274408,0.999999999846669,"MYH11","OE",FALSE,"Activated",6.65908135295959e-11
"HLA-DMB",5.85647930904308e-13,-0.470762522156713,4.41926365738682e-09,0.999946958595235,0.999999999846669,"MYH11","OE",FALSE,"Activated",6.65908135295959e-11
"SLC28A3",5.84450138576919e-13,-0.471101173464759,4.40120520718609e-09,0.999947067077796,0.999999999846669,"MYH11","OE",FALSE,"Activated",6.65908135295959e-11
"HCAR3",5.84243845782584e-13,-0.471159563398975,4.39809877731668e-09,0.999947085761478,0.999999999846669,"MYH11","OE",FALSE,"Activated",6.65908135295959e-11
"SMOC1",5.80507668080166e-13,-0.472220383145139,4.34202788157905e-09,0.999947424142446,0.999999999846669,"MYH11","OE",FALSE,"Activated",6.65908135295959e-11
"ULBP2",5.73781435209462e-13,-0.47414621089088,4.24199030067188e-09,0.999948033328991,0.999999999846669,"MYH11","OE",FALSE,"Activated",6.65908135295959e-11
"ECRG4",5.71894984748763e-13,-0.474690085267417,4.21414293833312e-09,0.999948204182463,0.999999999846669,"MYH11","OE",FALSE,"Activated",6.65908135295959e-11
"SDR16C5",5.66274390222776e-13,-0.476320438988602,4.13171663213701e-09,0.999948713232718,0.999999999846669,"MYH11","OE",FALSE,"Activated",6.65908135295959e-11
"HIST1H2BH",5.65219098518707e-13,-0.476628214924778,4.11633149862529e-09,0.999948808809175,0.999999999846669,"MYH11","OE",FALSE,"Activated",6.65908135295959e-11
"KCNN4",5.56756308911491e-13,-0.479115811079135,3.99399006425488e-09,0.999949575273504,0.999999999846669,"MYH11","OE",FALSE,"Activated",6.65908135295959e-11
"SOX2",5.54236560106717e-13,-0.479863244508016,3.95792014206172e-09,0.99994980348402,0.999999999846669,"MYH11","OE",FALSE,"Activated",6.65908135295959e-11
"LINC02657",5.36228667719963e-13,-0.485298402688091,3.70490215603492e-09,0.999951434436436,0.999999999846669,"MYH11","OE",FALSE,"Activated",6.65908135295959e-11
"A2ML1",5.32644010532398e-13,-0.486400463670335,3.65553361518153e-09,0.999951759094379,0.999999999846669,"MYH11","OE",FALSE,"Activated",6.65908135295959e-11
"GJB6",5.31959303008066e-13,-0.486611749859234,3.64614136612822e-09,0.999951821107488,0.999999999846669,"MYH11","OE",FALSE,"Activated",6.65908135295959e-11
"FAM110C",5.2605436284087e-13,-0.488444411419481,3.56564366739498e-09,0.999952355910575,0.999999999846669,"MYH11","OE",FALSE,"Activated",6.65908135295959e-11
"CLDN4",5.24201906806902e-13,-0.489023267118717,3.54057565629739e-09,0.999952523685214,0.999999999846669,"MYH11","OE",FALSE,"Activated",6.65908135295959e-11
"KLK8",5.20717264873889e-13,-0.490117299777972,3.49366002741924e-09,0.999952839284899,0.999999999846669,"MYH11","OE",FALSE,"Activated",6.65908135295959e-11
"HLA-DQB1",5.15909679674197e-13,-0.491637862543653,3.42944655303896e-09,0.999953274701912,0.999999999846669,"MYH11","OE",FALSE,"Activated",6.65908135295959e-11
"AC005280.2",5.14530021991355e-13,-0.492076649273586,3.41112886691044e-09,0.999953399655792,0.999999999846669,"MYH11","OE",FALSE,"Activated",6.65908135295959e-11
"AC036176.3",5.10067102670829e-13,-0.493503537395753,3.35221075040648e-09,0.999953803856844,0.999999999846669,"MYH11","OE",FALSE,"Activated",6.65908135295959e-11
"NCAM1",5.09058428840298e-13,-0.493827632531716,3.33896565406752e-09,0.999953895211179,0.999999999846669,"MYH11","OE",FALSE,"Activated",6.65908135295959e-11
"ADRB2",5.08716175681368e-13,-0.49393773638365,3.33447741727387e-09,0.999953926208622,0.999999999846669,"MYH11","OE",FALSE,"Activated",6.65908135295959e-11
"MIR503HG",5.08062196499676e-13,-0.494148314295982,3.3259096648296e-09,0.999953985438703,0.999999999846669,"MYH11","OE",FALSE,"Activated",6.65908135295959e-11
"TMEM40",5.06371826113636e-13,-0.494693769773729,3.303815256896e-09,0.999954138533446,0.999999999846669,"MYH11","OE",FALSE,"Activated",6.65908135295959e-11
"SOX9",5.01529813094722e-13,-0.49626559347767,3.24093406130562e-09,0.999954577068543,0.999999999846669,"MYH11","OE",FALSE,"Activated",6.65908135295959e-11
"AP001160.1",4.98757714733652e-13,-0.497171813971235,3.20520594034193e-09,0.999954828134044,0.999999999846669,"MYH11","OE",FALSE,"Activated",6.65908135295959e-11
"PDCD1",4.98406648643555e-13,-0.497286912733776,3.20069536108882e-09,0.999954859929663,0.999999999846669,"MYH11","OE",FALSE,"Activated",6.65908135295959e-11
"WNT4",4.98299403580723e-13,-0.497322088529472,3.19931808474011e-09,0.999954869642715,0.999999999846669,"MYH11","OE",FALSE,"Activated",6.65908135295959e-11
"TMPRSS11D",4.92979032681106e-13,-0.499076001432019,3.13136420543757e-09,0.99995535150209,0.999999999846669,"MYH11","OE",FALSE,"Activated",6.65908135295959e-11
"NPW",4.91827923398592e-13,-0.499457781254368,3.11675776642078e-09,0.999955455756626,0.999999999846669,"MYH11","OE",FALSE,"Activated",6.65908135295959e-11
"RAB3IP",4.91452756027255e-13,-0.499582388995592,3.11200464123919e-09,0.999955489735069,0.999999999846669,"MYH11","OE",FALSE,"Activated",6.65908135295959e-11
"IFIT1",4.72186319483243e-13,-0.506102979559284,2.87278739595044e-09,0.999957234672264,0.999999999846669,"MYH11","OE",FALSE,"Activated",6.65908135295959e-11
"FOXP3",4.71158254021869e-13,-0.506457804512295,2.86029148819099e-09,0.999957327782875,0.999999999846669,"MYH11","OE",FALSE,"Activated",6.65908135295959e-11
"TFF3",4.64364603324412e-13,-0.508820737233691,2.77840084115415e-09,0.999957943075369,0.999999999846669,"MYH11","OE",FALSE,"Activated",6.65908135295959e-11
"CUL2",4.57192171987807e-13,-0.51135040790839,2.69323505062977e-09,0.999958592673555,0.999999999846669,"MYH11","OE",FALSE,"Activated",6.65908135295959e-11
"AC093791.1",4.54484765615738e-13,-0.512314855716635,2.66143183003003e-09,0.999958837879983,0.999999999846669,"MYH11","OE",FALSE,"Activated",6.65908135295959e-11
"LINC00511",4.5347853489946e-13,-0.512674657439939,2.64966003879398e-09,0.999958929013047,0.999999999846669,"MYH11","OE",FALSE,"Activated",6.65908135295959e-11
"AKR1B10",4.52451559803172e-13,-0.51304263986486,2.63767246522458e-09,0.999959022024905,0.999999999846669,"MYH11","OE",FALSE,"Activated",6.65908135295959e-11
"PPP2R2C",4.48717671754399e-13,-0.514387104345412,2.59431695175088e-09,0.999959360198501,0.999999999846669,"MYH11","OE",FALSE,"Activated",6.65908135295959e-11
"BANK1",4.47158746742801e-13,-0.514951495489388,2.57632202776974e-09,0.999959501388401,0.999999999846669,"MYH11","OE",FALSE,"Activated",6.65908135295959e-11
"AMIGO2",4.47068156460647e-13,-0.514984348658925,2.57527825483765e-09,0.99995950959305,0.999999999846669,"MYH11","OE",FALSE,"Activated",6.65908135295959e-11
"LINC02195",4.37510573518284e-13,-0.518485582074555,2.46634480585623e-09,0.99996037521145,0.999999999846669,"MYH11","OE",FALSE,"Activated",6.65908135295959e-11
"FAM111B",4.33175958740456e-13,-0.520096884486689,2.41771651335087e-09,0.99996076779212,0.999999999846669,"MYH11","OE",FALSE,"Activated",6.65908135295959e-11
"KCNMA1",4.32467810099217e-13,-0.520361541631163,2.40981809160677e-09,0.999960831928262,0.999999999846669,"MYH11","OE",FALSE,"Activated",6.65908135295959e-11
"SHISA2",4.30928016218343e-13,-0.520938398041291,2.39268841276644e-09,0.999960971385479,0.999999999846669,"MYH11","OE",FALSE,"Activated",6.65908135295959e-11
"AC025263.1",4.26024184325475e-13,-0.522788334798167,2.33854210363884e-09,0.999961415519434,0.999999999846669,"MYH11","OE",FALSE,"Activated",6.65908135295959e-11
"MISP",4.07156406878769e-13,-0.530094954280149,2.1359900850027e-09,0.999963124350572,0.999999999846669,"MYH11","OE",FALSE,"Activated",6.65908135295959e-11
"PDE6A",4.06638568926315e-13,-0.530299877071875,2.13056026332156e-09,0.999963171250511,0.999999999846669,"MYH11","OE",FALSE,"Activated",6.65908135295959e-11
"ERAP2",4.06047846139836e-13,-0.530533937652765,2.12437464085197e-09,0.99996322475154,0.999999999846669,"MYH11","OE",FALSE,"Activated",6.65908135295959e-11
"UNG",4.05769652896819e-13,-0.530644274674373,2.12146471668084e-09,0.999963249947156,0.999999999846669,"MYH11","OE",FALSE,"Activated",6.65908135295959e-11
"HERC5",4.05695521374666e-13,-0.530673688542488,2.1206896313996e-09,0.999963256661155,0.999999999846669,"MYH11","OE",FALSE,"Activated",6.65908135295959e-11
"CYP24A1",4.05052253403894e-13,-0.53092913324367,2.11396986185094e-09,0.999963314921135,0.999999999846669,"MYH11","OE",FALSE,"Activated",6.65908135295959e-11
"IFIT3",4.0121182064438e-13,-0.532462048109629,2.07407342040961e-09,0.999963662744354,0.999999999846669,"MYH11","OE",FALSE,"Activated",6.65908135295959e-11
"SLITRK5",4.00953266553864e-13,-0.532565737889822,2.07140107952906e-09,0.999963686161277,0.999999999846669,"MYH11","OE",FALSE,"Activated",6.65908135295959e-11
"DLK2",4.00312680859472e-13,-0.532822903467297,2.06478759094466e-09,0.999963744178326,0.999999999846669,"MYH11","OE",FALSE,"Activated",6.65908135295959e-11
"MT1G",3.98386348208239e-13,-0.53359853929263,2.04496359826422e-09,0.999963918643879,0.999999999846669,"MYH11","OE",FALSE,"Activated",6.65908135295959e-11
"KRT6B",3.97890529749143e-13,-0.533798741982728,2.03987657782555e-09,0.99996396354954,0.999999999846669,"MYH11","OE",FALSE,"Activated",6.65908135295959e-11
"PGM5",3.92401948563681e-13,-0.536030499758734,1.9839877981069e-09,0.999964460643512,0.999999999846669,"MYH11","OE",FALSE,"Activated",6.65908135295959e-11
"TNFRSF18",3.87451956910414e-13,-0.538068185724836,1.9342491010657e-09,0.9999649089581,0.999999999846669,"MYH11","OE",FALSE,"Activated",6.65908135295959e-11
"MYPN",3.84507663923921e-13,-0.539291679736597,1.90496362456316e-09,0.999965175619054,0.999999999846669,"MYH11","OE",FALSE,"Activated",6.65908135295959e-11
"UPK1B",3.84275487444315e-13,-0.539388528763282,1.90266377851713e-09,0.999965196646989,0.999999999846669,"MYH11","OE",FALSE,"Activated",6.65908135295959e-11
"LINC02605",3.82525581805074e-13,-0.54012022433866,1.8853746132105e-09,0.999965355133766,0.999999999846669,"MYH11","OE",FALSE,"Activated",6.65908135295959e-11
"NPY1R",3.80262749313417e-13,-0.541071001074596,1.86313469769942e-09,0.999965560075691,0.999999999846669,"MYH11","OE",FALSE,"Activated",6.65908135295959e-11
"TSPAN7",3.77341153608804e-13,-0.542306349550104,1.83461538816003e-09,0.999965824680981,0.999999999846669,"MYH11","OE",FALSE,"Activated",6.65908135295959e-11
"C6orf141",3.77155754031728e-13,-0.542385041214284,1.83281302256153e-09,0.99996584147239,0.999999999846669,"MYH11","OE",FALSE,"Activated",6.65908135295959e-11
"CNFN",3.77067663200958e-13,-0.542422443356673,1.83195695625483e-09,0.999965849450667,0.999999999846669,"MYH11","OE",FALSE,"Activated",6.65908135295959e-11
"AGR2",3.71573424951022e-13,-0.544771359843248,1.77895915729469e-09,0.999966347056992,0.999999999846669,"MYH11","OE",FALSE,"Activated",6.65908135295959e-11
"PLVAP",3.7008892720989e-13,-0.545411535754325,1.76477307543821e-09,0.999966481506106,0.999999999846669,"MYH11","OE",FALSE,"Activated",6.65908135295959e-11
"SELE",3.65132213258668e-13,-0.547566433320631,1.71781735273706e-09,0.999966930429524,0.999999999846669,"MYH11","OE",FALSE,"Activated",6.65908135295959e-11
"KRT13",3.65004695103566e-13,-0.547622227562351,1.7166177070151e-09,0.999966941978685,0.999999999846669,"MYH11","OE",FALSE,"Activated",6.65908135295959e-11
"LGALS7",3.61953846365889e-13,-0.548962504725184,1.68804134061962e-09,0.999967218290261,0.999999999846669,"MYH11","OE",FALSE,"Activated",6.65908135295959e-11
"HIST2H2AC",3.61212110196036e-13,-0.549289939393703,1.68112997104369e-09,0.999967285468383,0.999999999846669,"MYH11","OE",FALSE,"Activated",6.65908135295959e-11
"TPRG1",3.58603447098496e-13,-0.550446483269066,1.65693551237014e-09,0.999967521731756,0.999999999846669,"MYH11","OE",FALSE,"Activated",6.65908135295959e-11
"COL22A1",3.56979073052388e-13,-0.551170587182071,1.64195859439202e-09,0.999967668849293,0.999999999846669,"MYH11","OE",FALSE,"Activated",6.65908135295959e-11
"AC103591.3",3.5634876974605e-13,-0.551452381932887,1.63616543540573e-09,0.99996772593508,0.999999999846669,"MYH11","OE",FALSE,"Activated",6.65908135295959e-11
"GPX2",3.51673529941786e-13,-0.5535571042522,1.59351460273089e-09,0.999968149365734,0.999999999846669,"MYH11","OE",FALSE,"Activated",6.65908135295959e-11
"ARL14",3.50660443192503e-13,-0.554016594130557,1.58434676331116e-09,0.999968241119741,0.999999999846669,"MYH11","OE",FALSE,"Activated",6.65908135295959e-11
"IRX1",3.49042428635505e-13,-0.554753007116484,1.56975953544123e-09,0.999968387661308,0.999999999846669,"MYH11","OE",FALSE,"Activated",6.65908135295959e-11
"RHCG",3.46429475122507e-13,-0.555948950937824,1.54634486986948e-09,0.999968624313258,0.999999999846669,"MYH11","OE",FALSE,"Activated",6.65908135295959e-11
"LY9",3.43567210227285e-13,-0.557268627911746,1.52089805004582e-09,0.99996888354503,0.999999999846669,"MYH11","OE",FALSE,"Activated",6.65908135295959e-11
"HAP1",3.41064357747317e-13,-0.558430963508535,1.49881958589016e-09,0.999969110225266,0.999999999846669,"MYH11","OE",FALSE,"Activated",6.65908135295959e-11
"LGALS7B",3.36276274758732e-13,-0.560676747812624,1.45703217299475e-09,0.999969543875988,0.999999999846669,"MYH11","OE",FALSE,"Activated",6.65908135295959e-11
"KLK9",3.32056387211652e-13,-0.562680710774307,1.42069340074071e-09,0.999969926065955,0.999999999846669,"MYH11","OE",FALSE,"Activated",6.65908135295959e-11
"SLITRK6",3.24733138689329e-13,-0.566215060133599,1.35871980752887e-09,0.999970589323466,0.999999999846669,"MYH11","OE",FALSE,"Activated",6.65908135295959e-11
"SCN3A",3.2135544143089e-13,-0.567870142463197,1.33060148084398e-09,0.999970895237306,0.999999999846669,"MYH11","OE",FALSE,"Activated",6.65908135295959e-11
"AKR1C2",3.20391653555941e-13,-0.568345355509758,1.32263214634532e-09,0.999970982526375,0.999999999846669,"MYH11","OE",FALSE,"Activated",6.65908135295959e-11
"PIMREG",3.18035854408638e-13,-0.569512520105355,1.30325336164541e-09,0.999971195888174,0.999999999846669,"MYH11","OE",FALSE,"Activated",6.65908135295959e-11
"LCE3E",3.15245795616431e-13,-0.570905235216474,1.28048735044636e-09,0.999971448580329,0.999999999846669,"MYH11","OE",FALSE,"Activated",6.65908135295959e-11
"NPTX1",3.04539266101856e-13,-0.576357744910055,1.19498727276929e-09,0.999972418257392,0.999999999846669,"MYH11","OE",FALSE,"Activated",6.65908135295959e-11
"DKK1",3.01296941075904e-13,-0.578043999102911,1.16967748755786e-09,0.999972711910738,0.999999999846669,"MYH11","OE",FALSE,"Activated",6.65908135295959e-11
"DUSP26",2.93248698891092e-13,-0.582303437360463,1.10802325143051e-09,0.999973440830023,0.999999999846669,"MYH11","OE",FALSE,"Activated",6.65908135295959e-11
"AL161431.1",2.91453124675932e-13,-0.583268478597289,1.09449584636532e-09,0.999973603452947,0.999999999846669,"MYH11","OE",FALSE,"Activated",6.65908135295959e-11
"MUCL1",2.89688777596219e-13,-0.584222113858051,1.08128462712213e-09,0.999973763247668,0.999999999846669,"MYH11","OE",FALSE,"Activated",6.65908135295959e-11
"GBP6",2.87579245465733e-13,-0.585369407227732,1.06559399891521e-09,0.99997395430537,0.999999999846669,"MYH11","OE",FALSE,"Activated",6.65908135295959e-11
"SUCNR1",2.82424251825085e-13,-0.588206136444448,1.02773384803259e-09,0.999974421186733,0.999999999846669,"MYH11","OE",FALSE,"Activated",6.65908135295959e-11
"AKR1C1",2.80166820495461e-13,-0.589463495786847,1.0113700515155e-09,0.999974625639481,0.999999999846669,"MYH11","OE",FALSE,"Activated",6.65908135295959e-11
"TREM2",2.78917159572267e-13,-0.590163579927865,1.00236790817053e-09,0.999974738819717,0.999999999846669,"MYH11","OE",FALSE,"Activated",6.65908135295959e-11
"TINCR",2.75879111750175e-13,-0.591877741395442,9.80650658427078e-10,0.99997501397193,0.999999999846669,"MYH11","OE",FALSE,"Activated",6.65908135295959e-11
"DEC1",2.75796072574021e-13,-0.591924839657715,9.80060398680776e-10,0.999975021492684,0.999999999846669,"MYH11","OE",FALSE,"Activated",6.65908135295959e-11
"PSAT1",2.75495614741534e-13,-0.592095363477091,9.7792616651943e-10,0.999975048704777,0.999999999846669,"MYH11","OE",FALSE,"Activated",6.65908135295959e-11
"CXCL11",2.7135507105169e-13,-0.594463020216028,9.48751707017643e-10,0.999975423708669,0.999999999846669,"MYH11","OE",FALSE,"Activated",6.65908135295959e-11
"AC253572.2",2.61516899795495e-13,-0.600225709524469,8.81203482021601e-10,0.999976314739605,0.999999999846669,"MYH11","OE",FALSE,"Activated",6.65908135295959e-11
"CA2",2.55788639856422e-13,-0.603674186708085,8.43022549376235e-10,0.999976833540984,0.999999999846669,"MYH11","OE",FALSE,"Activated",6.65908135295959e-11
"AC124319.1",2.5567223601659e-13,-0.603745001715022,8.42255441554613e-10,0.999976844083535,0.999999999846669,"MYH11","OE",FALSE,"Activated",6.65908135295959e-11
"IBSP",2.5287171552106e-13,-0.605457777793759,8.23905109179436e-10,0.999977097723194,0.999999999846669,"MYH11","OE",FALSE,"Activated",6.65908135295959e-11
"AL603756.1",2.50066296173289e-13,-0.60719125110967,8.05725316152676e-10,0.999977351806535,0.999999999846669,"MYH11","OE",FALSE,"Activated",6.65908135295959e-11
"CMPK2",2.4253363422739e-13,-0.611936357754607,7.57915231816979e-10,0.99997803403036,0.999999999846669,"MYH11","OE",FALSE,"Activated",6.65908135295959e-11
"TAF4B",2.4218927713971e-13,-0.612156527999941,7.55764534662912e-10,0.999978065218353,0.999999999846669,"MYH11","OE",FALSE,"Activated",6.65908135295959e-11
"FABP5",2.38070377598672e-13,-0.614812723792856,7.30276638433439e-10,0.999978438261962,0.999999999846669,"MYH11","OE",FALSE,"Activated",6.65908135295959e-11
"KCNN3",2.36097844866737e-13,-0.616099872901099,7.18225353629466e-10,0.999978616911799,0.999999999846669,"MYH11","OE",FALSE,"Activated",6.65908135295959e-11
"OVOL1",2.34968571668486e-13,-0.616841253708372,7.11371136617563e-10,0.999978719188668,0.999999999846669,"MYH11","OE",FALSE,"Activated",6.65908135295959e-11
"COL19A1",2.31103107097901e-13,-0.619404195019716,6.88158145953333e-10,0.999979069278987,0.999999999846669,"MYH11","OE",FALSE,"Activated",6.65908135295959e-11
"CCL14",2.3108865613012e-13,-0.619413850782848,6.88072087047399e-10,0.999979070587793,0.999999999846669,"MYH11","OE",FALSE,"Activated",6.65908135295959e-11
"MYH3",2.31083362423557e-13,-0.619417388040653,6.88040563128711e-10,0.999979071067237,0.999999999846669,"MYH11","OE",FALSE,"Activated",6.65908135295959e-11
"FXYD3",2.30631264255977e-13,-0.619719757471564,6.85350991804072e-10,0.999979112013206,0.999999999846669,"MYH11","OE",FALSE,"Activated",6.65908135295959e-11
"CD52",2.27925381261496e-13,-0.621541044408606,6.69363560505701e-10,0.999979357081664,0.999999999846669,"MYH11","OE",FALSE,"Activated",6.65908135295959e-11
"ROBO2",2.26703195996321e-13,-0.622370250228461,6.62204262157633e-10,0.999979467773464,0.999999999846669,"MYH11","OE",FALSE,"Activated",6.65908135295959e-11
"KRT86",2.26686656522819e-13,-0.622381499987195,6.62107641461394e-10,0.999979469271423,0.999999999846669,"MYH11","OE",FALSE,"Activated",6.65908135295959e-11
"TH",2.24647471122e-13,-0.62377436267158,6.50249091889319e-10,0.999979653957909,0.999999999846669,"MYH11","OE",FALSE,"Activated",6.65908135295959e-11
"SLC7A11",2.19806761031616e-13,-0.627128264230707,6.22527842126928e-10,0.999980092375002,0.999999999846669,"MYH11","OE",FALSE,"Activated",6.65908135295959e-11
"CTSW",2.1935113418643e-13,-0.627447459219511,6.1994970100732e-10,0.999980133640559,0.999999999846669,"MYH11","OE",FALSE,"Activated",6.65908135295959e-11
"PRSS22",2.17085131885001e-13,-0.629044111409165,6.07207106468585e-10,0.999980338869569,0.999999999846669,"MYH11","OE",FALSE,"Activated",6.65908135295959e-11
"OR5AU1",2.16542638359909e-13,-0.629428647684316,6.0417608974464e-10,0.999980388002533,0.999999999846669,"MYH11","OE",FALSE,"Activated",6.65908135295959e-11
"RAMP3",2.16492184917051e-13,-0.62946445597648,6.03894582020541e-10,0.999980392572039,0.999999999846669,"MYH11","OE",FALSE,"Activated",6.65908135295959e-11
"TNFAIP8L1",2.16391213674354e-13,-0.62953614144835,6.03331404491259e-10,0.999980401716879,0.999999999846669,"MYH11","OE",FALSE,"Activated",6.65908135295959e-11
"NMU",2.1543840382516e-13,-0.630214126944692,5.9802994619248e-10,0.999980488011681,0.999999999846669,"MYH11","OE",FALSE,"Activated",6.65908135295959e-11
"DAPL1",2.1507013093477e-13,-0.63047692096234,5.95987135124036e-10,0.999980521365699,0.999999999846669,"MYH11","OE",FALSE,"Activated",6.65908135295959e-11
"GAST",2.04478403901248e-13,-0.638219125801047,5.38730519372082e-10,0.999981480645245,0.999999999846669,"MYH11","OE",FALSE,"Activated",6.65908135295959e-11
"TMEM171",2.0311219837538e-13,-0.639244685387799,5.31555602300202e-10,0.99998160438078,0.999999999846669,"MYH11","OE",FALSE,"Activated",6.65908135295959e-11
"KLK10",2.0261678400603e-13,-0.63961815310214,5.28965712310913e-10,0.999981649249844,0.999999999846669,"MYH11","OE",FALSE,"Activated",6.65908135295959e-11
"AC023157.3",2.02406277376605e-13,-0.6397770993732,5.27867156272275e-10,0.999981668315167,0.999999999846669,"MYH11","OE",FALSE,"Activated",6.65908135295959e-11
"RBM38",1.99715504693514e-13,-0.641822404955689,5.1392559875497e-10,0.999981912015103,0.999999999846669,"MYH11","OE",FALSE,"Activated",6.65908135295959e-11
"MIR3945HG",1.99021811444072e-13,-0.642353830082985,5.10361653405447e-10,0.999981974842038,0.999999999846669,"MYH11","OE",FALSE,"Activated",6.65908135295959e-11
"LINC00707",1.96972503370892e-13,-0.643933843575758,4.99905477324896e-10,0.999982160445322,0.999999999846669,"MYH11","OE",FALSE,"Activated",6.65908135295959e-11
"DNAH5",1.93584069729257e-13,-0.646580021083129,4.82854093808676e-10,0.999982467331543,0.999999999846669,"MYH11","OE",FALSE,"Activated",6.65908135295959e-11
"DLL1",1.91781923528404e-13,-0.648004917412629,4.73905802902851e-10,0.999982630549683,0.999999999846669,"MYH11","OE",FALSE,"Activated",6.65908135295959e-11
"KCTD14",1.90352970623561e-13,-0.649143582407917,4.66870038338006e-10,0.99998275996817,0.999999999846669,"MYH11","OE",FALSE,"Activated",6.65908135295959e-11
"AATK",1.90183632161289e-13,-0.649279044354564,4.66039750388715e-10,0.999982775304944,0.999999999846669,"MYH11","OE",FALSE,"Activated",6.65908135295959e-11
"PCDHB15",1.88417540177735e-13,-0.650698520993844,4.57424419542693e-10,0.999982935257699,0.999999999846669,"MYH11","OE",FALSE,"Activated",6.65908135295959e-11
"S100A9",1.88170800480493e-13,-0.650897815258792,4.56227175778612e-10,0.999982957604606,0.999999999846669,"MYH11","OE",FALSE,"Activated",6.65908135295959e-11
"MYLPF",1.86818134828892e-13,-0.651994695862516,4.49691573709184e-10,0.999983080113852,0.999999999846669,"MYH11","OE",FALSE,"Activated",6.65908135295959e-11
"TRBC1",1.86624760674263e-13,-0.652152103942677,4.48761110263532e-10,0.999983097627509,0.999999999846669,"MYH11","OE",FALSE,"Activated",6.65908135295959e-11
"CALML5",1.86358121838377e-13,-0.652369397914705,4.47479697658427e-10,0.999983121776657,0.999999999846669,"MYH11","OE",FALSE,"Activated",6.65908135295959e-11
"CDX1",1.86269269070656e-13,-0.652441871312885,4.47053096115097e-10,0.999983129823942,0.999999999846669,"MYH11","OE",FALSE,"Activated",6.65908135295959e-11
"TEX26-AS1",1.85820641310941e-13,-0.65280828731692,4.44902243147864e-10,0.9999831704556,0.999999999846669,"MYH11","OE",FALSE,"Activated",6.65908135295959e-11
"ANGPTL4",1.81471414388589e-13,-0.656403603769085,4.24319640552146e-10,0.999983564359674,0.999999999846669,"MYH11","OE",FALSE,"Activated",6.65908135295959e-11
"SERPINB13",1.76014486420853e-13,-0.661029195604835,3.99184354894727e-10,0.999984058586853,0.999999999846669,"MYH11","OE",FALSE,"Activated",6.65908135295959e-11
"AC100801.1",1.75156725653205e-13,-0.6617683286737,3.95303192887991e-10,0.999984136273179,0.999999999846669,"MYH11","OE",FALSE,"Activated",6.65908135295959e-11
"KLK13",1.74604988133921e-13,-0.662245534548118,3.9281673291494e-10,0.99998418624336,0.999999999846669,"MYH11","OE",FALSE,"Activated",6.65908135295959e-11
"PACRG-AS1",1.745315058493e-13,-0.662309195783618,3.92486169654792e-10,0.99998419289856,0.999999999846669,"MYH11","OE",FALSE,"Activated",6.65908135295959e-11
"ABLIM2",1.74451874074214e-13,-0.662378212644298,3.92128099744468e-10,0.99998420011071,0.999999999846669,"MYH11","OE",FALSE,"Activated",6.65908135295959e-11
"ZBP1",1.71108366750065e-13,-0.665302681682849,3.77241252463734e-10,0.999984502928011,0.999999999846669,"MYH11","OE",FALSE,"Activated",6.65908135295959e-11
"AL137800.1",1.68733531657025e-13,-0.66741219596111,3.66842360524709e-10,0.999984718013872,0.999999999846669,"MYH11","OE",FALSE,"Activated",6.65908135295959e-11
"NUP210",1.67956295053517e-13,-0.668108571962131,3.63470575126371e-10,0.999984788407224,0.999999999846669,"MYH11","OE",FALSE,"Activated",6.65908135295959e-11
"AC020656.1",1.5783958168016e-13,-0.677455741662712,3.21002584233539e-10,0.999985704665374,0.999999999846669,"MYH11","OE",FALSE,"Activated",6.65908135295959e-11
"IGFL2-AS1",1.51575193979773e-13,-0.683525797050116,2.96028109469475e-10,0.999986272023177,0.999999999846669,"MYH11","OE",FALSE,"Activated",6.65908135295959e-11
"ANXA8L1",1.50826778493611e-13,-0.684266465047491,2.93111998334999e-10,0.999986339806237,0.999999999846669,"MYH11","OE",FALSE,"Activated",6.65908135295959e-11
"KRT15",1.45235988485021e-13,-0.689909575144134,2.71784807241101e-10,0.999986846157136,0.999999999846669,"MYH11","OE",FALSE,"Activated",6.65908135295959e-11
"LCE3D",1.44480820895173e-13,-0.690687175736401,2.68965816024781e-10,0.999986914551725,0.999999999846669,"MYH11","OE",FALSE,"Activated",6.65908135295959e-11
"TNF",1.42108869985073e-13,-0.693154299353171,2.60207049560199e-10,0.999987129376369,0.999999999846669,"MYH11","OE",FALSE,"Activated",6.65908135295959e-11
"RBP1",1.40800642289574e-13,-0.694531381050959,2.55438266399788e-10,0.999987247860925,0.999999999846669,"MYH11","OE",FALSE,"Activated",6.65908135295959e-11
"CXCL10",1.4070520007322e-13,-0.694632309654694,2.55092084294461e-10,0.999987256505008,0.999999999846669,"MYH11","OE",FALSE,"Activated",6.65908135295959e-11
"NECTIN4",1.40389949452908e-13,-0.694966133180685,2.53950294944858e-10,0.999987285056864,0.999999999846669,"MYH11","OE",FALSE,"Activated",6.65908135295959e-11
"GDNF",1.35795247585046e-13,-0.699911972033214,2.37599667587247e-10,0.999987701193298,0.999999999846669,"MYH11","OE",FALSE,"Activated",6.65908135295959e-11
"C2CD4B",1.28446254050323e-13,-0.708154336747727,2.12578614736645e-10,0.999988366782504,0.999999999846669,"MYH11","OE",FALSE,"Activated",6.65908135295959e-11
"NEFM",1.25290836659131e-13,-0.711828115278967,2.02262469278105e-10,0.999988652564733,0.999999999846669,"MYH11","OE",FALSE,"Activated",6.65908135295959e-11
"CAVIN4",1.24626992742206e-13,-0.712611909208975,2.00124802998924e-10,0.999988712688251,0.999999999846669,"MYH11","OE",FALSE,"Activated",6.65908135295959e-11
"GNLY",1.23625896939257e-13,-0.713801234463348,1.96922616373598e-10,0.999988803356253,0.999999999846669,"MYH11","OE",FALSE,"Activated",6.65908135295959e-11
"KC877982.1",1.21666041046942e-13,-0.716155634824117,1.90728432407504e-10,0.999988980857964,0.999999999846669,"MYH11","OE",FALSE,"Activated",6.65908135295959e-11
"KLRD1",1.21053468535648e-13,-0.716898732146915,1.88812682221213e-10,0.999989036337894,0.999999999846669,"MYH11","OE",FALSE,"Activated",6.65908135295959e-11
"KLHDC7B",1.1898826192886e-13,-0.719429903131302,1.82425240643848e-10,0.999989223381088,0.999999999846669,"MYH11","OE",FALSE,"Activated",6.65908135295959e-11
"HIST1H2BG",1.17484075331402e-13,-0.721299206590178,1.77842146854219e-10,0.999989359613398,0.999999999846669,"MYH11","OE",FALSE,"Activated",6.65908135295959e-11
"AC005899.8",1.15030073288978e-13,-0.724396983194624,1.70490223154504e-10,0.999989581869311,0.999999999846669,"MYH11","OE",FALSE,"Activated",6.65908135295959e-11
"RYR1",1.14056814628702e-13,-0.725642537998635,1.67617424454558e-10,0.999989670016138,0.999999999846669,"MYH11","OE",FALSE,"Activated",6.65908135295959e-11
"NPPC",1.10070157875609e-13,-0.730849493616395,1.56104659028636e-10,0.999990031082682,0.999999999846669,"MYH11","OE",FALSE,"Activated",6.65908135295959e-11
"ADPRHL1",1.08641417623163e-13,-0.73275815325334,1.52078399777293e-10,0.99999016048191,0.999999999846669,"MYH11","OE",FALSE,"Activated",6.65908135295959e-11
"SNCA",1.08105235432384e-13,-0.733480443783425,1.50580987219242e-10,0.999990209043264,0.999999999846669,"MYH11","OE",FALSE,"Activated",6.65908135295959e-11
"SPRR2A",1.06621915668297e-13,-0.735496042083575,1.46477071513994e-10,0.999990343385691,0.999999999846669,"MYH11","OE",FALSE,"Activated",6.65908135295959e-11
"SLC11A1",1.06501291019595e-13,-0.735661091564159,1.46145830969564e-10,0.999990354310515,0.999999999846669,"MYH11","OE",FALSE,"Activated",6.65908135295959e-11
"OLR1",1.06125715327549e-13,-0.736176098726364,1.45116884960497e-10,0.999990388325938,0.999999999846669,"MYH11","OE",FALSE,"Activated",6.65908135295959e-11
"EEF1A2",1.02846278926254e-13,-0.740746127446773,1.36286818212985e-10,0.999990685340415,0.999999999846669,"MYH11","OE",FALSE,"Activated",6.65908135295959e-11
"KLK12",1.0284346448785e-13,-0.740750107105499,1.3627935920502e-10,0.999990685595315,0.999999999846669,"MYH11","OE",FALSE,"Activated",6.65908135295959e-11
"SLC9A2",1.02687680275822e-13,-0.740970545774243,1.35866808086112e-10,0.999990699704498,0.999999999846669,"MYH11","OE",FALSE,"Activated",6.65908135295959e-11
"NSG1",9.95190833913345e-14,-0.745522735201151,1.27611384622214e-10,0.999990986680377,0.999999999846669,"MYH11","OE",FALSE,"Activated",6.65908135295959e-11
"AP005482.1",9.83918433289878e-14,-0.747174610797767,1.24736880909535e-10,0.999991088773108,0.999999999846669,"MYH11","OE",FALSE,"Activated",6.65908135295959e-11
"SLC47A2",9.75768844363667e-14,-0.74837981436909,1.22679099864643e-10,0.999991162582921,0.999999999846669,"MYH11","OE",FALSE,"Activated",6.65908135295959e-11
"KRT75",9.69136262708904e-14,-0.749367574188194,1.21016997726002e-10,0.999991222653388,0.999999999846669,"MYH11","OE",FALSE,"Activated",6.65908135295959e-11
"HIST1H3G",9.56500591282081e-14,-0.751266792374686,1.17881912153002e-10,0.999991337093093,0.999999999846669,"MYH11","OE",FALSE,"Activated",6.65908135295959e-11
"WFDC2",9.51810368828324e-14,-0.751977677922561,1.16728673281899e-10,0.999991379571854,0.999999999846669,"MYH11","OE",FALSE,"Activated",6.65908135295959e-11
"FAM30A",9.46218553102925e-14,-0.752829466776478,1.15361157449169e-10,0.999991430216234,0.999999999846669,"MYH11","OE",FALSE,"Activated",6.65908135295959e-11
"ATP2C2",9.33473614932795e-14,-0.754788426194384,1.12274409622634e-10,0.999991545645554,0.999999999846669,"MYH11","OE",FALSE,"Activated",6.65908135295959e-11
"SYT8",9.08015148873276e-14,-0.758776799202839,1.06233838638318e-10,0.999991776219715,0.999999999846669,"MYH11","OE",FALSE,"Activated",6.65908135295959e-11
"H19",8.79908576253912e-14,-0.763302117222059,9.97589312122705e-11,0.999992030777448,0.999999999846669,"MYH11","OE",FALSE,"Activated",6.65908135295959e-11
"SPINK6",8.32749365229759e-14,-0.771204690225196,8.93522116937083e-11,0.999992457892558,0.999999999846669,"MYH11","OE",FALSE,"Activated",6.65908135295959e-11
"POPDC3",8.26267676008844e-14,-0.772323072713442,8.79666823204387e-11,0.999992516596411,0.999999999846669,"MYH11","OE",FALSE,"Activated",6.65908135295959e-11
"ZNF114",8.19038455139032e-14,-0.773580061281542,8.64341314609971e-11,0.999992582070566,0.999999999846669,"MYH11","OE",FALSE,"Activated",6.65908135295959e-11
"LTB",8.13493253673145e-14,-0.774551220650307,8.52677096257758e-11,0.999992632292766,0.999999999846669,"MYH11","OE",FALSE,"Activated",6.65908135295959e-11
"MANCR",7.72899183564163e-14,-0.781853316409201,7.69701589307136e-11,0.99999299994821,0.999999999846669,"MYH11","OE",FALSE,"Activated",6.65908135295959e-11
"LILRA5",7.50630369063694e-14,-0.786011312597357,7.25987174730536e-11,0.999993201634094,0.999999999846669,"MYH11","OE",FALSE,"Activated",6.65908135295959e-11
"LINC01322",7.38985480816182e-14,-0.788231323100793,7.03636723473697e-11,0.999993307100399,0.999999999846669,"MYH11","OE",FALSE,"Activated",6.65908135295959e-11
"IL20",7.23537105164538e-14,-0.79122696741197,6.74525390658002e-11,0.999993447014416,0.999999999846669,"MYH11","OE",FALSE,"Activated",6.65908135295959e-11
"SAPCD2",7.20872888016766e-14,-0.791749573279972,6.69567045105948e-11,0.999993471143899,0.999999999846669,"MYH11","OE",FALSE,"Activated",6.65908135295959e-11
"IGHG2",6.91266025593033e-14,-0.797680731757833,6.15697105000006e-11,0.99999373928957,0.999999999846669,"MYH11","OE",FALSE,"Activated",6.65908135295959e-11
"MMP13",6.8917284012349e-14,-0.798108913609404,6.11974031794324e-11,0.999993758247291,0.999999999846669,"MYH11","OE",FALSE,"Activated",6.65908135295959e-11
"GPR35",6.841841284486e-14,-0.799134278955345,6.03146312272101e-11,0.999993803429432,0.999999999846669,"MYH11","OE",FALSE,"Activated",6.65908135295959e-11
"FYB1",6.67210312396234e-14,-0.802675647095997,5.73590812626383e-11,0.999993957159173,0.999999999846669,"MYH11","OE",FALSE,"Activated",6.65908135295959e-11
"HIST1H2BF",6.56545280189084e-14,-0.804943690312893,5.55400227648377e-11,0.999994053751044,0.999999999846669,"MYH11","OE",FALSE,"Activated",6.65908135295959e-11
"KRT16",6.5106830707582e-14,-0.806121722990255,5.46172458529569e-11,0.999994103355308,0.999999999846669,"MYH11","OE",FALSE,"Activated",6.65908135295959e-11
"OSM",6.36968483294062e-14,-0.809197178883567,5.22772308647129e-11,0.999994231055659,0.999999999846669,"MYH11","OE",FALSE,"Activated",6.65908135295959e-11
"AC022819.1",6.07413307319218e-14,-0.815853773651054,4.75384799301167e-11,0.999994498733212,0.999999999846669,"MYH11","OE",FALSE,"Activated",6.65908135295959e-11
"AFAP1-AS1",5.96846725364208e-14,-0.818306613838846,4.58989041845183e-11,0.999994594433431,0.999999999846669,"MYH11","OE",FALSE,"Activated",6.65908135295959e-11
"PCSK9",5.96569615213972e-14,-0.81837147945364,4.58562932459723e-11,0.999994596943183,0.999999999846669,"MYH11","OE",FALSE,"Activated",6.65908135295959e-11
"IL13RA2",5.94415021654e-14,-0.818876778038689,4.5525658719336e-11,0.999994616457069,0.999999999846669,"MYH11","OE",FALSE,"Activated",6.65908135295959e-11
"LMOD3",5.7834045529853e-14,-0.82270104595742,4.30966816110955e-11,0.999994762042418,0.999999999846669,"MYH11","OE",FALSE,"Activated",6.65908135295959e-11
"HIST1H1D",5.29118407013399e-14,-0.835055870645672,3.60730136694182e-11,0.999995207840388,0.999999999846669,"MYH11","OE",FALSE,"Activated",6.65908135295959e-11
"PODXL",5.20312923414316e-14,-0.837377678134977,3.48823641952425e-11,0.999995287590558,0.999999999846669,"MYH11","OE",FALSE,"Activated",6.65908135295959e-11
"RSAD2",5.16667650248137e-14,-0.838349518716986,3.43953098912658e-11,0.999995320605343,0.999999999846669,"MYH11","OE",FALSE,"Activated",6.65908135295959e-11
"NGFR",5.16105804344419e-14,-0.838499872855231,3.43205447820912e-11,0.999995325693912,0.999999999846669,"MYH11","OE",FALSE,"Activated",6.65908135295959e-11
"PRSS3",5.15996953572454e-14,-0.838529019654723,3.43060693632694e-11,0.99999532667976,0.999999999846669,"MYH11","OE",FALSE,"Activated",6.65908135295959e-11
"SLAMF9",5.1396674729146e-14,-0.839073690719567,3.4036643816826e-11,0.999995345067085,0.999999999846669,"MYH11","OE",FALSE,"Activated",6.65908135295959e-11
"SNHG4",4.74905345113237e-14,-0.849960861529112,2.90596782533966e-11,0.999995698841347,0.999999999846669,"MYH11","OE",FALSE,"Activated",6.65908135295959e-11
"LGALS9C",4.72647957534882e-14,-0.850615099782806,2.87840736502826e-11,0.999995719286226,0.999999999846669,"MYH11","OE",FALSE,"Activated",6.65908135295959e-11
"SLURP2",4.72319918728024e-14,-0.850710412975553,2.87441326483612e-11,0.999995722257233,0.999999999846669,"MYH11","OE",FALSE,"Activated",6.65908135295959e-11
"AC006262.2",4.63670994826691e-14,-0.853245770561683,2.77010699974112e-11,0.999995800589461,0.999999999846669,"MYH11","OE",FALSE,"Activated",6.65908135295959e-11
"NPR3",4.63569954876852e-14,-0.85327564750244,2.7688998464819e-11,0.999995801504567,0.999999999846669,"MYH11","OE",FALSE,"Activated",6.65908135295959e-11
"LINC00052",4.27377487989582e-14,-0.864386064861231,2.3534228746418e-11,0.999996129295239,0.999999999846669,"MYH11","OE",FALSE,"Activated",6.65908135295959e-11
"KBTBD7",4.22366118612867e-14,-0.865992639284735,2.29855463753949e-11,0.999996174682588,0.999999999846669,"MYH11","OE",FALSE,"Activated",6.65908135295959e-11
"KLK11",4.1870610602168e-14,-0.867177178959052,2.25889099852433e-11,0.999996207830867,0.999999999846669,"MYH11","OE",FALSE,"Activated",6.65908135295959e-11
"AQP3",4.14686518818972e-14,-0.868489190330677,2.21572837900644e-11,0.999996244235769,0.999999999846669,"MYH11","OE",FALSE,"Activated",6.65908135295959e-11
"SPINK5",4.11388277656857e-14,-0.869574576199422,2.18062261203807e-11,0.999996274107529,0.999999999846669,"MYH11","OE",FALSE,"Activated",6.65908135295959e-11
"AC239799.2",3.94232650432484e-14,-0.875353499229375,2.00254307140571e-11,0.999996429483911,0.999999999846669,"MYH11","OE",FALSE,"Activated",6.65908135295959e-11
"BMP7",3.85302187454281e-14,-0.878454550788839,1.91284436301792e-11,0.999996510366003,0.999999999846669,"MYH11","OE",FALSE,"Activated",6.65908135295959e-11
"GLDC",3.80522919650087e-14,-0.880141568274702,1.86568503009942e-11,0.999996553651238,0.999999999846669,"MYH11","OE",FALSE,"Activated",6.65908135295959e-11
"DDN",3.77111989655898e-14,-0.881357620810061,1.83238769555392e-11,0.999996584543606,0.999999999846669,"MYH11","OE",FALSE,"Activated",6.65908135295959e-11
"GPR171",3.67811798045965e-14,-0.884725781169276,1.74312285668034e-11,0.999996668774285,0.999999999846669,"MYH11","OE",FALSE,"Activated",6.65908135295959e-11
"APLN",3.66815448077437e-14,-0.885091283322479,1.7336919026225e-11,0.999996677798103,0.999999999846669,"MYH11","OE",FALSE,"Activated",6.65908135295959e-11
"UCA1",3.35666948448707e-14,-0.897008123694822,1.45175672683115e-11,0.999996959906191,0.999999999846669,"MYH11","OE",FALSE,"Activated",6.65908135295959e-11
"TMEM52B",3.22458267789669e-14,-0.902373622070581,1.33974985764936e-11,0.999997079535569,0.999999999846669,"MYH11","OE",FALSE,"Activated",6.65908135295959e-11
"SPRR1B",3.18767658465033e-14,-0.903909163661833,1.30925786302808e-11,0.999997112960959,0.999999999846669,"MYH11","OE",FALSE,"Activated",6.65908135295959e-11
"CSAG1",3.13270106503037e-14,-0.906227316615722,1.26448766062503e-11,0.999997162751603,0.999999999846669,"MYH11","OE",FALSE,"Activated",6.65908135295959e-11
"GDF15",3.09476672954672e-14,-0.907848960084353,1.23404934211889e-11,0.999997197108259,0.999999999846669,"MYH11","OE",FALSE,"Activated",6.65908135295959e-11
"SLC18A2",2.97477526172275e-14,-0.913102453109299,1.14021042821885e-11,0.999997305783039,0.999999999846669,"MYH11","OE",FALSE,"Activated",6.65908135295959e-11
"NGEF",2.96351269150584e-14,-0.91360557900725,1.13159304412045e-11,0.999997315983409,0.999999999846669,"MYH11","OE",FALSE,"Activated",6.65908135295959e-11
"NCCRP1",2.95974902285757e-14,-0.913774105799882,1.12872061719153e-11,0.999997319392117,0.999999999846669,"MYH11","OE",FALSE,"Activated",6.65908135295959e-11
"HAPLN1",2.95570034325818e-14,-0.913955616283807,1.12563474569569e-11,0.999997323058956,0.999999999846669,"MYH11","OE",FALSE,"Activated",6.65908135295959e-11
"CCN3",2.93362421853614e-14,-0.914949402024055,1.10888280934365e-11,0.999997343053027,0.999999999846669,"MYH11","OE",FALSE,"Activated",6.65908135295959e-11
"LINC02577",2.92736853236156e-14,-0.915232269086162,1.10415866864102e-11,0.999997348718724,0.999999999846669,"MYH11","OE",FALSE,"Activated",6.65908135295959e-11
"TNNC1",2.83737217884198e-14,-0.919364859494267,1.03731175238412e-11,0.999997430227302,0.999999999846669,"MYH11","OE",FALSE,"Activated",6.65908135295959e-11
"CILP2",2.79086367819166e-14,-0.921548311780078,1.00358447271845e-11,0.999997472349473,0.999999999846669,"MYH11","OE",FALSE,"Activated",6.65908135295959e-11
"S100A8",2.70835555287405e-14,-0.925506109260723,9.45122368969628e-12,0.999997547076056,0.999999999846669,"MYH11","OE",FALSE,"Activated",6.65908135295959e-11
"HIST1H2AC",2.50917866637348e-14,-0.935540687892193,8.11222259654305e-12,0.999997727468085,0.999999999846669,"MYH11","OE",FALSE,"Activated",6.65908135295959e-11
"ALDH3A1",2.46405494982721e-14,-0.937916276402588,7.82307445236177e-12,0.999997768336074,0.999999999846669,"MYH11","OE",FALSE,"Activated",6.65908135295959e-11
"CLEC4C",2.19847161651987e-14,-0.952772830647853,6.22756705172287e-12,0.999998008871597,0.999999999846669,"MYH11","OE",FALSE,"Activated",6.65908135295959e-11
"AC079163.2",2.19660939184728e-14,-0.952882752516051,6.21702134603513e-12,0.99999801055819,0.999999999846669,"MYH11","OE",FALSE,"Activated",6.65908135295959e-11
"TMEM163",2.19591385344838e-14,-0.952923830318749,6.2130848314401e-12,0.999998011188131,0.999999999846669,"MYH11","OE",FALSE,"Activated",6.65908135295959e-11
"LILRA4",2.19551228295452e-14,-0.952947552156766,6.21081264447921e-12,0.999998011551828,0.999999999846669,"MYH11","OE",FALSE,"Activated",6.65908135295959e-11
"IFNG",2.19410113494512e-14,-0.953030944302104,6.20283130968855e-12,0.999998012829887,0.999999999846669,"MYH11","OE",FALSE,"Activated",6.65908135295959e-11
"LINC02376",2.19342664333664e-14,-0.953070821095368,6.19901825427988e-12,0.999998013440766,0.999999999846669,"MYH11","OE",FALSE,"Activated",6.65908135295959e-11
"CHGB",2.193068234441e-14,-0.953092015300441,6.19699256377216e-12,0.999998013765373,0.999999999846669,"MYH11","OE",FALSE,"Activated",6.65908135295959e-11
"SPIB",2.1927552879076e-14,-0.95311052375031,6.19522409260399e-12,0.999998014048804,0.999999999846669,"MYH11","OE",FALSE,"Activated",6.65908135295959e-11
"LINC02154",2.1906902355582e-14,-0.953232717526728,6.1835607410723e-12,0.999998015919097,0.999999999846669,"MYH11","OE",FALSE,"Activated",6.65908135295959e-11
"LRRC75A",2.17671183758915e-14,-0.954062666123811,6.10490013958879e-12,0.999998028579158,0.999999999846669,"MYH11","OE",FALSE,"Activated",6.65908135295959e-11
"TCHH",2.07641339947094e-14,-0.960166749872592,5.55525925814784e-12,0.999998119418206,0.999999999846669,"MYH11","OE",FALSE,"Activated",6.65908135295959e-11
"TGM1",2.01060088565614e-14,-0.964322188298543,5.20868897465203e-12,0.999998179023781,0.999999999846669,"MYH11","OE",FALSE,"Activated",6.65908135295959e-11
"GBP5",1.95030350113037e-14,-0.96824147292448,4.90095919936452e-12,0.999998233634373,0.999999999846669,"MYH11","OE",FALSE,"Activated",6.65908135295959e-11
"WFDC5",1.91905002301989e-14,-0.970317288882931,4.74514269647495e-12,0.999998261940259,0.999999999846669,"MYH11","OE",FALSE,"Activated",6.65908135295959e-11
"CCNE2",1.87789755472502e-14,-0.973098854066778,4.54381330709463e-12,0.999998299211538,0.999999999846669,"MYH11","OE",FALSE,"Activated",6.65908135295959e-11
"OBSCN",1.72005501138973e-14,-0.984318993672199,3.81207432847058e-12,0.999998442167566,0.999999999846669,"MYH11","OE",FALSE,"Activated",6.65908135295959e-11
"TMEM45B",1.70553349326537e-14,-0.98539863840794,3.74797936563873e-12,0.999998455319525,0.999999999846669,"MYH11","OE",FALSE,"Activated",6.65908135295959e-11
"SFTA1P",1.51738902671175e-14,-1.00021433069639,2.9666790472917e-12,0.999998625719628,0.999999999846669,"MYH11","OE",FALSE,"Activated",6.65908135295959e-11
"TNNI2",1.45696739894606e-14,-1.00533480916143,2.73511980632009e-12,0.999998680442745,0.999999999846669,"MYH11","OE",FALSE,"Activated",6.65908135295959e-11
"WIPF3",1.33882161257524e-14,-1.01594225030371,2.30952206239047e-12,0.999998787445915,0.999999999846669,"MYH11","OE",FALSE,"Activated",6.65908135295959e-11
"JPH1",1.2469576328739e-14,-1.0248070892478,2.00345726070346e-12,0.999998870645979,0.999999999846669,"MYH11","OE",FALSE,"Activated",6.65908135295959e-11
"GAL",1.22174041997919e-14,-1.02734634234029,1.9232448173335e-12,0.999998893484895,0.999999999846669,"MYH11","OE",FALSE,"Activated",6.65908135295959e-11
"NEFL",1.14233330167986e-14,-1.03567192086281,1.68136638932139e-12,0.999998965402934,0.999999999846669,"MYH11","OE",FALSE,"Activated",6.65908135295959e-11
"AC103858.1",1.12441570009711e-14,-1.03762447190921,1.62903527353362e-12,0.999998981630683,0.999999999846669,"MYH11","OE",FALSE,"Activated",6.65908135295959e-11
"AL356804.1",1.02336713390727e-14,-1.04920715991516,1.3493966158504e-12,0.999999073149113,0.999999999846669,"MYH11","OE",FALSE,"Activated",6.65908135295959e-11
"ARHGAP45",8.26554514763366e-15,-1.07518173986112,8.80277681743727e-13,0.999999251399855,0.999999999846669,"MYH11","OE",FALSE,"Activated",6.65908135295959e-11
"GCNA",7.1673638173654e-15,-1.09229103287121,6.61904884716021e-13,0.999999350860772,0.999999999846669,"MYH11","OE",FALSE,"Activated",6.65908135295959e-11
"ZNF750",6.11456756484988e-15,-1.11114568116552,4.81734980011345e-13,0.99999944621122,0.999999999846669,"MYH11","OE",FALSE,"Activated",6.65908135295959e-11
"CST6",5.33286352695094e-15,-1.12720317850719,3.66435571463112e-13,0.999999517009182,0.999999999846669,"MYH11","OE",FALSE,"Activated",6.65908135295959e-11
"CNKSR3",5.17596411135186e-15,-1.13068722670354,3.45190789356987e-13,0.999999531219367,0.999999999846669,"MYH11","OE",FALSE,"Activated",6.65908135295959e-11
"SULT2B1",4.36936868018874e-15,-1.15030654553598,2.4598808346887e-13,0.999999604271712,0.999999999846669,"MYH11","OE",FALSE,"Activated",6.65908135295959e-11
"PDZK1",4.24660276965452e-15,-1.1535829625869,2.32359248688864e-13,0.999999615390468,0.999999999846669,"MYH11","OE",FALSE,"Activated",6.65908135295959e-11
"C1orf68",3.78826045345519e-15,-1.16664422485963,1.84908274892156e-13,0.999999656901962,0.999999999846669,"MYH11","OE",FALSE,"Activated",6.65908135295959e-11
"DNASE1L3",2.7193953622075e-15,-1.20393422794702,9.52843095470984e-14,0.999999753707744,0.999999999846669,"MYH11","OE",FALSE,"Activated",6.65908135295959e-11
"TNNT2",1.15308100498151e-15,-1.29630085101422,1.71315367457945e-14,0.999999895566887,0.999999999846669,"MYH11","OE",FALSE,"Activated",6.65908135295959e-11
"CAPN3",4.99385729667452e-16,-1.38090792548369,3.21328274568317e-15,0.999999954771255,0.999999999846669,"MYH11","OE",FALSE,"Activated",6.65908135295959e-11
"SOST",1.23433475003435e-16,-1.51103482703125,1.96310078990573e-16,0.999999988820784,0.999999999846669,"MYH11","OE",FALSE,"Activated",6.65908135295959e-11
"FAT3",1.08953853576259e-16,-1.52201014519134,1.5295436556234e-16,0.999999990132185,0.999999999846669,"MYH11","OE",FALSE,"Activated",6.65908135295959e-11
"TCF23",9.45227275861136e-17,-1.53438479522319,1.1511957480556e-16,0.999999991439194,0.999999999846669,"MYH11","OE",FALSE,"Activated",6.65908135295959e-11
"PAX7",9.20807637714511e-17,-1.53665023883699,1.092482558254e-16,0.99999999166036,0.999999999846669,"MYH11","OE",FALSE,"Activated",6.65908135295959e-11
"CLEC4E",9.00352088419676e-17,-1.53859116044358,1.04448315148048e-16,0.999999991845623,0.999999999846669,"MYH11","OE",FALSE,"Activated",6.65908135295959e-11
"ULBP1",8.9845559907268e-17,-1.53877317123376,1.04008761560864e-16,0.999999991862799,0.999999999846669,"MYH11","OE",FALSE,"Activated",6.65908135295959e-11
"IFIT2",8.92910718487926e-17,-1.53930737505639,1.02728928608706e-16,0.999999991913019,0.999999999846669,"MYH11","OE",FALSE,"Activated",6.65908135295959e-11
"NRXN1",8.65668823176162e-17,-1.5419773672446,9.65562164978e-17,0.999999992159745,0.999999999846669,"MYH11","OE",FALSE,"Activated",6.65908135295959e-11
"KLRC2",8.62282895092417e-17,-1.54231464299423,9.5802364623034e-17,0.999999992190411,0.999999999846669,"MYH11","OE",FALSE,"Activated",6.65908135295959e-11
"HDC",8.56784335092124e-17,-1.54286498173924,9.45844453128246e-17,0.999999992240211,0.999999999846669,"MYH11","OE",FALSE,"Activated",6.65908135295959e-11
"LIF",7.90070562156086e-17,-1.54981625306385,8.04282181102724e-17,0.999999992844429,0.999999999846669,"MYH11","OE",FALSE,"Activated",6.65908135295959e-11
"AF121898.1",7.84716673793953e-17,-1.55039742081378,7.93418728260594e-17,0.999999992892919,0.999999999846669,"MYH11","OE",FALSE,"Activated",6.65908135295959e-11
"MAL",7.68360597658419e-17,-1.55219590401717,7.60688512083289e-17,0.999999993041054,0.999999999846669,"MYH11","OE",FALSE,"Activated",6.65908135295959e-11
"ANKRD1",7.66273489928093e-17,-1.5524279435391,7.56561588821298e-17,0.999999993059956,0.999999999846669,"MYH11","OE",FALSE,"Activated",6.65908135295959e-11
"AL590550.1",7.6088033302391e-17,-1.55303026229826,7.45949459703747e-17,0.999999993108801,0.999999999846669,"MYH11","OE",FALSE,"Activated",6.65908135295959e-11
"TMEM78",7.59887139015074e-17,-1.55314161506871,7.44003321885628e-17,0.999999993117797,0.999999999846669,"MYH11","OE",FALSE,"Activated",6.65908135295959e-11
"PPP1R27",6.99251796711453e-17,-1.56020887586433,6.30004814193904e-17,0.999999993666963,0.999999999846669,"MYH11","OE",FALSE,"Activated",6.65908135295959e-11
"GZMH",6.8432364528621e-17,-1.56203574075786,6.03392321035887e-17,0.999999993802166,0.999999999846669,"MYH11","OE",FALSE,"Activated",6.65908135295959e-11
"EGLN3",6.83946180674922e-17,-1.56208241044166,6.02726856865929e-17,0.999999993805584,0.999999999846669,"MYH11","OE",FALSE,"Activated",6.65908135295959e-11
"TTR",6.82255352057282e-17,-1.5622917574269,5.99750458590664e-17,0.999999993820898,0.999999999846669,"MYH11","OE",FALSE,"Activated",6.65908135295959e-11
"DBNDD1",6.78783505572207e-17,-1.56272312820833,5.9366199484408e-17,0.999999993852342,0.999999999846669,"MYH11","OE",FALSE,"Activated",6.65908135295959e-11
"KRT6C",6.73919576283153e-17,-1.5633309114275,5.85184521784436e-17,0.999999993896394,0.999999999846669,"MYH11","OE",FALSE,"Activated",6.65908135295959e-11
"KRT19",6.70517276419952e-17,-1.56375847242189,5.79290799301161e-17,0.999999993927208,0.999999999846669,"MYH11","OE",FALSE,"Activated",6.65908135295959e-11
"GPR84",6.67962418147282e-17,-1.56408085956093,5.74884689795179e-17,0.999999993950347,0.999999999846669,"MYH11","OE",FALSE,"Activated",6.65908135295959e-11
"HBA1",6.63435603243745e-17,-1.56465489390411,5.67119048421187e-17,0.999999993991346,0.999999999846669,"MYH11","OE",FALSE,"Activated",6.65908135295959e-11
"PI3",6.42264271762853e-17,-1.56738867225393,5.31501155762505e-17,0.999999994183092,0.999999999846669,"MYH11","OE",FALSE,"Activated",6.65908135295959e-11
"IGLC3",6.41441866568573e-17,-1.56749654167076,5.30140876276108e-17,0.999999994190541,0.999999999846669,"MYH11","OE",FALSE,"Activated",6.65908135295959e-11
"NEFH",6.37436673315075e-17,-1.5680237136092,5.23541096228311e-17,0.999999994226815,0.999999999846669,"MYH11","OE",FALSE,"Activated",6.65908135295959e-11
"GZMB",6.37401398969549e-17,-1.56802837010252,5.23483154602669e-17,0.999999994227135,0.999999999846669,"MYH11","OE",FALSE,"Activated",6.65908135295959e-11
"RHOV",6.28565979856336e-17,-1.56920229777865,5.09071084810227e-17,0.999999994307156,0.999999999846669,"MYH11","OE",FALSE,"Activated",6.65908135295959e-11
"L1CAM",6.23206175939959e-17,-1.56992190189247,5.004263659304e-17,0.999999994355699,0.999999999846669,"MYH11","OE",FALSE,"Activated",6.65908135295959e-11
"DHRS2",6.2287880993291e-17,-1.56996603932762,4.99900762815058e-17,0.999999994358664,0.999999999846669,"MYH11","OE",FALSE,"Activated",6.65908135295959e-11
"COX6A2",6.2145701610016e-17,-1.57015798360362,4.97621203393436e-17,0.999999994371541,0.999999999846669,"MYH11","OE",FALSE,"Activated",6.65908135295959e-11
"SPP1",6.18981955278278e-17,-1.57049309257875,4.93665370256394e-17,0.999999994393957,0.999999999846669,"MYH11","OE",FALSE,"Activated",6.65908135295959e-11
"FGF19",6.17120317393225e-17,-1.57074596618494,4.90700359320164e-17,0.999999994410818,0.999999999846669,"MYH11","OE",FALSE,"Activated",6.65908135295959e-11
"ADCYAP1",6.15620667273327e-17,-1.57095018375787,4.88318377360736e-17,0.9999999944244,0.999999999846669,"MYH11","OE",FALSE,"Activated",6.65908135295959e-11
"STC1",6.10885408322403e-17,-1.57159805341589,4.80835129610748e-17,0.999999994467287,0.999999999846669,"MYH11","OE",FALSE,"Activated",6.65908135295959e-11
"PCSK2",5.99997009206529e-17,-1.5731056035317,4.63847112452628e-17,0.999999994565902,0.999999999846669,"MYH11","OE",FALSE,"Activated",6.65908135295959e-11
"CKM",5.89494911035468e-17,-1.57458386253729,4.47751249846508e-17,0.999999994661018,0.999999999846669,"MYH11","OE",FALSE,"Activated",6.65908135295959e-11
"TYRP1",5.88032015760684e-17,-1.574791709293,4.45531721119606e-17,0.999999994674267,0.999999999846669,"MYH11","OE",FALSE,"Activated",6.65908135295959e-11
"LINC01781",5.87603288620697e-17,-1.57485271315285,4.44882294206338e-17,0.99999999467815,0.999999999846669,"MYH11","OE",FALSE,"Activated",6.65908135295959e-11
"MS4A2",5.75058994518573e-17,-1.57665614462483,4.2609014301385e-17,0.999999994791762,0.999999999846669,"MYH11","OE",FALSE,"Activated",6.65908135295959e-11
"METTL7B",5.60916471058771e-17,-1.57873355802348,4.05390038138437e-17,0.999999994919849,0.999999999846669,"MYH11","OE",FALSE,"Activated",6.65908135295959e-11
"KRT3",5.54973082232945e-17,-1.5796210974435,3.96844645120966e-17,0.999999994973678,0.999999999846669,"MYH11","OE",FALSE,"Activated",6.65908135295959e-11
"SBSN",5.51317565442784e-17,-1.58017136522536,3.91633961434414e-17,0.999999995006785,0.999999999846669,"MYH11","OE",FALSE,"Activated",6.65908135295959e-11
"SLC27A6",5.48103882015293e-17,-1.58065792113569,3.87081524016111e-17,0.999999995035891,0.999999999846669,"MYH11","OE",FALSE,"Activated",6.65908135295959e-11
"TMEFF2",5.33246648625884e-17,-1.5829422330983,3.66381010000519e-17,0.999999995170451,0.999999999846669,"MYH11","OE",FALSE,"Activated",6.65908135295959e-11
"IL13",5.29650585399732e-17,-1.58350398350719,3.61456134206262e-17,0.99999999520302,0.999999999846669,"MYH11","OE",FALSE,"Activated",6.65908135295959e-11
"MYL2",5.29237271880873e-17,-1.58356877439955,3.60892228791325e-17,0.999999995206764,0.999999999846669,"MYH11","OE",FALSE,"Activated",6.65908135295959e-11
"ACTA1",5.22159446937838e-17,-1.58468562466586,3.51303895526646e-17,0.999999995270867,0.999999999846669,"MYH11","OE",FALSE,"Activated",6.65908135295959e-11
"TMIGD2",5.18525053490558e-17,-1.58526457443467,3.46430544289782e-17,0.999999995303783,0.999999999846669,"MYH11","OE",FALSE,"Activated",6.65908135295959e-11
"PHF24",5.16448185603607e-17,-1.58559710356162,3.4366095941999e-17,0.999999995322593,0.999999999846669,"MYH11","OE",FALSE,"Activated",6.65908135295959e-11
"AC025211.1",5.08922863570761e-17,-1.58681245129569,3.33718751827078e-17,0.999999995390749,0.999999999846669,"MYH11","OE",FALSE,"Activated",6.65908135295959e-11
"APOC2",5.05807852148625e-17,-1.58732040489761,3.29646007604426e-17,0.999999995418961,0.999999999846669,"MYH11","OE",FALSE,"Activated",6.65908135295959e-11
"AC005005.4",5.0524290917786e-17,-1.58741283827091,3.28910047527501e-17,0.999999995424078,0.999999999846669,"MYH11","OE",FALSE,"Activated",6.65908135295959e-11
"MLIP",5.02599582917155e-17,-1.58784660262833,3.25477471843281e-17,0.999999995448018,0.999999999846669,"MYH11","OE",FALSE,"Activated",6.65908135295959e-11
"TIE1",5.01973504371173e-17,-1.58794965017923,3.24667094953619e-17,0.999999995453688,0.999999999846669,"MYH11","OE",FALSE,"Activated",6.65908135295959e-11
"ADH7",5.01272643707705e-17,-1.58806514754198,3.23761120665075e-17,0.999999995460036,0.999999999846669,"MYH11","OE",FALSE,"Activated",6.65908135295959e-11
"AC011498.1",4.99290398888734e-17,-1.58839262017323,3.2120560566126e-17,0.999999995477989,0.999999999846669,"MYH11","OE",FALSE,"Activated",6.65908135295959e-11
"MYL1",4.96076111803903e-17,-1.58892619722112,3.1708326029048e-17,0.9999999955071,0.999999999846669,"MYH11","OE",FALSE,"Activated",6.65908135295959e-11
"CALB1",4.95155131102019e-17,-1.5890796716004,3.15907003351042e-17,0.999999995515442,0.999999999846669,"MYH11","OE",FALSE,"Activated",6.65908135295959e-11
"CCL17",4.91746283834762e-17,-1.58965003901672,3.11572313778707e-17,0.999999995546315,0.999999999846669,"MYH11","OE",FALSE,"Activated",6.65908135295959e-11
"CYP4F3",4.89337511048363e-17,-1.59005528592472,3.08527374583912e-17,0.999999995568131,0.999999999846669,"MYH11","OE",FALSE,"Activated",6.65908135295959e-11
"PMEL",4.87805002378103e-17,-1.59031407447107,3.06597906783095e-17,0.999999995582011,0.999999999846669,"MYH11","OE",FALSE,"Activated",6.65908135295959e-11
"FASLG",4.84296477512977e-17,-1.59090939100598,3.02203372577172e-17,0.999999995613787,0.999999999846669,"MYH11","OE",FALSE,"Activated",6.65908135295959e-11
"FOXD3",4.84193613874306e-17,-1.59092690480159,3.02075011382368e-17,0.999999995614719,0.999999999846669,"MYH11","OE",FALSE,"Activated",6.65908135295959e-11
"ACSBG1",4.82520049441592e-17,-1.59121233471168,2.99990438995769e-17,0.999999995629876,0.999999999846669,"MYH11","OE",FALSE,"Activated",6.65908135295959e-11
"CKMT2",4.81889022668123e-17,-1.59132019567248,2.99206313167329e-17,0.999999995635591,0.999999999846669,"MYH11","OE",FALSE,"Activated",6.65908135295959e-11
"APOBEC2",4.80186811445826e-17,-1.59161180697537,2.97096230638597e-17,0.999999995651008,0.999999999846669,"MYH11","OE",FALSE,"Activated",6.65908135295959e-11
"SYTL3",4.72665046708163e-17,-1.59291195347091,2.87861551356971e-17,0.999999995719131,0.999999999846669,"MYH11","OE",FALSE,"Activated",6.65908135295959e-11
"ERC2",4.70937798163099e-17,-1.59321321392319,2.85761544255672e-17,0.999999995734775,0.999999999846669,"MYH11","OE",FALSE,"Activated",6.65908135295959e-11
"CCL27",4.69084952325087e-17,-1.59353752010965,2.83517381569386e-17,0.999999995751556,0.999999999846669,"MYH11","OE",FALSE,"Activated",6.65908135295959e-11
"LINC00324",4.68973209161159e-17,-1.59355711657329,2.83382321360676e-17,0.999999995752568,0.999999999846669,"MYH11","OE",FALSE,"Activated",6.65908135295959e-11
"ATP1B4",4.60882103987839e-17,-1.59498767698369,2.73688390684979e-17,0.999999995825848,0.999999999846669,"MYH11","OE",FALSE,"Activated",6.65908135295959e-11
"MYLK3",4.59824284539392e-17,-1.59517642240715,2.72433489901987e-17,0.999999995835429,0.999999999846669,"MYH11","OE",FALSE,"Activated",6.65908135295959e-11
"HPGD",4.59364555075123e-17,-1.59525857673172,2.71889007600235e-17,0.999999995839592,0.999999999846669,"MYH11","OE",FALSE,"Activated",6.65908135295959e-11
"SOX18",4.55275068330901e-17,-1.59599274323368,2.67069579531552e-17,0.99999999587663,0.999999999846669,"MYH11","OE",FALSE,"Activated",6.65908135295959e-11
"HIST1H2AL",4.54925338775658e-17,-1.59605581166123,2.66659426385399e-17,0.999999995879798,0.999999999846669,"MYH11","OE",FALSE,"Activated",6.65908135295959e-11
"IGHV1-46",4.54696169987233e-17,-1.59609716313217,2.66390834507288e-17,0.999999995881873,0.999999999846669,"MYH11","OE",FALSE,"Activated",6.65908135295959e-11
"CASC19",4.50487185124221e-17,-1.59686008920477,2.61481861891141e-17,0.999999995919994,0.999999999846669,"MYH11","OE",FALSE,"Activated",6.65908135295959e-11
"NR5A2",4.46508358660608e-17,-1.59758738955553,2.56883300703031e-17,0.999999995956029,0.999999999846669,"MYH11","OE",FALSE,"Activated",6.65908135295959e-11
"GATM",4.42084553197877e-17,-1.59840310774521,2.51818346166683e-17,0.999999995996095,0.999999999846669,"MYH11","OE",FALSE,"Activated",6.65908135295959e-11
"AC016074.2",4.39267402194731e-17,-1.5989265184785,2.4861918451701e-17,0.99999999602161,0.999999999846669,"MYH11","OE",FALSE,"Activated",6.65908135295959e-11
"AC106798.1",4.36157529269481e-17,-1.59950793697221,2.45111356920306e-17,0.999999996049776,0.999999999846669,"MYH11","OE",FALSE,"Activated",6.65908135295959e-11
"GFRA3",4.3483608644046e-17,-1.59975615534796,2.43628360726302e-17,0.999999996061744,0.999999999846669,"MYH11","OE",FALSE,"Activated",6.65908135295959e-11
"AMTN",4.34654421385408e-17,-1.59979033370763,2.43424837993161e-17,0.999999996063389,0.999999999846669,"MYH11","OE",FALSE,"Activated",6.65908135295959e-11
"ADGRL4",4.34011620375287e-17,-1.5999113762171,2.42705378941322e-17,0.999999996069211,0.999999999846669,"MYH11","OE",FALSE,"Activated",6.65908135295959e-11
"STRIT1",4.33300652265847e-17,-1.60004544840095,2.4191086357911e-17,0.99999999607565,0.999999999846669,"MYH11","OE",FALSE,"Activated",6.65908135295959e-11
"IGHM",4.31964607780735e-17,-1.60029794754495,2.40421341749772e-17,0.99999999608775,0.999999999846669,"MYH11","OE",FALSE,"Activated",6.65908135295959e-11
"TIMP4",4.28804637628607e-17,-1.60089804023293,2.3691667758208e-17,0.99999999611637,0.999999999846669,"MYH11","OE",FALSE,"Activated",6.65908135295959e-11
"LINC01198",4.28015608740441e-17,-1.6010485191726,2.36045595038858e-17,0.999999996123516,0.999999999846669,"MYH11","OE",FALSE,"Activated",6.65908135295959e-11
"CLEC10A",4.27254779607419e-17,-1.60119386346634,2.35207164176802e-17,0.999999996130407,0.999999999846669,"MYH11","OE",FALSE,"Activated",6.65908135295959e-11
"DSC1",4.26917539741721e-17,-1.60125836444306,2.34836004244104e-17,0.999999996133461,0.999999999846669,"MYH11","OE",FALSE,"Activated",6.65908135295959e-11
"CCL18",4.25138859758973e-17,-1.6015993398883,2.3288327133058e-17,0.99999999614957,0.999999999846669,"MYH11","OE",FALSE,"Activated",6.65908135295959e-11
"MT1H",4.2001696288753e-17,-1.60258864500153,2.27305710649932e-17,0.999999996195959,0.999999999846669,"MYH11","OE",FALSE,"Activated",6.65908135295959e-11
"CRCT1",4.19854561967702e-17,-1.60262019543504,2.27129967653019e-17,0.999999996197429,0.999999999846669,"MYH11","OE",FALSE,"Activated",6.65908135295959e-11
"SPRR3",4.19362511165478e-17,-1.60271585762062,2.26597907247592e-17,0.999999996201886,0.999999999846669,"MYH11","OE",FALSE,"Activated",6.65908135295959e-11
"LTF",4.16031568474514e-17,-1.60336619026988,2.23012526847266e-17,0.999999996232054,0.999999999846669,"MYH11","OE",FALSE,"Activated",6.65908135295959e-11
"C10orf99",4.13389082942451e-17,-1.60388554724243,2.20188530381336e-17,0.999999996255986,0.999999999846669,"MYH11","OE",FALSE,"Activated",6.65908135295959e-11
"ZNF385C",4.12725241280154e-17,-1.60401650246492,2.19481917835881e-17,0.999999996261999,0.999999999846669,"MYH11","OE",FALSE,"Activated",6.65908135295959e-11
"HTR2A",4.12602686908787e-17,-1.60404069993811,2.19351591545313e-17,0.999999996263109,0.999999999846669,"MYH11","OE",FALSE,"Activated",6.65908135295959e-11
"IFNB1",4.10951192815583e-17,-1.60436742620562,2.17599141171391e-17,0.999999996278066,0.999999999846669,"MYH11","OE",FALSE,"Activated",6.65908135295959e-11
"CA3",4.09381729725262e-17,-1.60467905235828,2.15940249852662e-17,0.99999999629228,0.999999999846669,"MYH11","OE",FALSE,"Activated",6.65908135295959e-11
"JSRP1",4.08732696935107e-17,-1.60480824506915,2.15256090330429e-17,0.999999996298159,0.999999999846669,"MYH11","OE",FALSE,"Activated",6.65908135295959e-11
"PCAT19",4.06063821899675e-17,-1.60534150023276,2.12454180916496e-17,0.99999999632233,0.999999999846669,"MYH11","OE",FALSE,"Activated",6.65908135295959e-11
"IGFL1",4.05415181488666e-17,-1.60547159210305,2.11775980619567e-17,0.999999996328205,0.999999999846669,"MYH11","OE",FALSE,"Activated",6.65908135295959e-11
"CD27",4.03198180522181e-17,-1.60591769546235,2.0946613219265e-17,0.999999996348284,0.999999999846669,"MYH11","OE",FALSE,"Activated",6.65908135295959e-11
"PCDH17",3.98990793667901e-17,-1.60677058395184,2.05117368388017e-17,0.99999999638639,0.999999999846669,"MYH11","OE",FALSE,"Activated",6.65908135295959e-11
"CST1",3.98721257608742e-17,-1.6068255056101,2.04840330151741e-17,0.999999996388831,0.999999999846669,"MYH11","OE",FALSE,"Activated",6.65908135295959e-11
"MYF6",3.97920999629456e-17,-1.60698877190536,2.04018901137396e-17,0.999999996396079,0.999999999846669,"MYH11","OE",FALSE,"Activated",6.65908135295959e-11
"MYOT",3.95759616800735e-17,-1.60743125511395,2.01808586208451e-17,0.999999996415654,0.999999999846669,"MYH11","OE",FALSE,"Activated",6.65908135295959e-11
"GABRB3",3.92386397664529e-17,-1.60812631949406,1.98383055024954e-17,0.999999996446205,0.999999999846669,"MYH11","OE",FALSE,"Activated",6.65908135295959e-11
"AL449363.2",3.91422489405544e-17,-1.60832595279665,1.97409585027573e-17,0.999999996454935,0.999999999846669,"MYH11","OE",FALSE,"Activated",6.65908135295959e-11
"TRDC",3.91353537031122e-17,-1.60834025083867,1.97340040425167e-17,0.99999999645556,0.999999999846669,"MYH11","OE",FALSE,"Activated",6.65908135295959e-11
"S100A1",3.8892167072864e-17,-1.60884602315898,1.94895123037677e-17,0.999999996477585,0.999999999846669,"MYH11","OE",FALSE,"Activated",6.65908135295959e-11
"IL2RA",3.8493837771385e-17,-1.60968081766382,1.90923377949481e-17,0.999999996513661,0.999999999846669,"MYH11","OE",FALSE,"Activated",6.65908135295959e-11
"KDR",3.83068787950718e-17,-1.61007539661474,1.89073307442953e-17,0.999999996530594,0.999999999846669,"MYH11","OE",FALSE,"Activated",6.65908135295959e-11
"SBK1",3.77586725904524e-17,-1.61124275795539,1.83700408767093e-17,0.999999996580244,0.999999999846669,"MYH11","OE",FALSE,"Activated",6.65908135295959e-11
"BCAS1",3.77303331244495e-17,-1.61130353028505,1.83424762538978e-17,0.999999996582811,0.999999999846669,"MYH11","OE",FALSE,"Activated",6.65908135295959e-11
"UBE2L5",3.75928183530714e-17,-1.61159902413823,1.82090152093076e-17,0.999999996595265,0.999999999846669,"MYH11","OE",FALSE,"Activated",6.65908135295959e-11
"PDZK1IP1",3.74468183263289e-17,-1.61191384864959,1.8067852383275e-17,0.999999996608488,0.999999999846669,"MYH11","OE",FALSE,"Activated",6.65908135295959e-11
"LINC00370",3.72499419645906e-17,-1.61234018386995,1.78783686086692e-17,0.999999996626319,0.999999999846669,"MYH11","OE",FALSE,"Activated",6.65908135295959e-11
"TRIM54",3.71864890847645e-17,-1.61247803555614,1.78175111846097e-17,0.999999996632066,0.999999999846669,"MYH11","OE",FALSE,"Activated",6.65908135295959e-11
"IL22RA2",3.7002797522867e-17,-1.61287833778495,1.76419182293597e-17,0.999999996648703,0.999999999846669,"MYH11","OE",FALSE,"Activated",6.65908135295959e-11
"HPGDS",3.68804791045656e-17,-1.61314591695434,1.75254748796058e-17,0.999999996659781,0.999999999846669,"MYH11","OE",FALSE,"Activated",6.65908135295959e-11
"NPHS1",3.63810426508042e-17,-1.61424706236375,1.70540278976745e-17,0.999999996705014,0.999999999846669,"MYH11","OE",FALSE,"Activated",6.65908135295959e-11
"AC083967.1",3.63792391633132e-17,-1.61425106395087,1.70523371289991e-17,0.999999996705178,0.999999999846669,"MYH11","OE",FALSE,"Activated",6.65908135295959e-11
"ENO3",3.63535352591461e-17,-1.61430811587622,1.70282488410634e-17,0.999999996707506,0.999999999846669,"MYH11","OE",FALSE,"Activated",6.65908135295959e-11
"AL158839.1",3.63269742505635e-17,-1.61436710946833,1.7003375208673e-17,0.999999996709911,0.999999999846669,"MYH11","OE",FALSE,"Activated",6.65908135295959e-11
"MLANA",3.61431862047172e-17,-1.61477641145458,1.68317610288056e-17,0.999999996726557,0.999999999846669,"MYH11","OE",FALSE,"Activated",6.65908135295959e-11
"SOX10",3.60387354346243e-17,-1.61500988638545,1.67346168520419e-17,0.999999996736017,0.999999999846669,"MYH11","OE",FALSE,"Activated",6.65908135295959e-11
"LEMD1",3.56912548299089e-17,-1.61579113193261,1.64134667777945e-17,0.999999996767487,0.999999999846669,"MYH11","OE",FALSE,"Activated",6.65908135295959e-11
"DSG1",3.56710816072764e-17,-1.61583670367654,1.63949177552834e-17,0.999999996769315,0.999999999846669,"MYH11","OE",FALSE,"Activated",6.65908135295959e-11
"DNAAF1",3.53624558356576e-17,-1.61653688743957,1.611244776312e-17,0.999999996797266,0.999999999846669,"MYH11","OE",FALSE,"Activated",6.65908135295959e-11
"LINC01936",3.53452824137046e-17,-1.61657601500867,1.60968018659173e-17,0.999999996798822,0.999999999846669,"MYH11","OE",FALSE,"Activated",6.65908135295959e-11
"MGAT4C",3.52675375829604e-17,-1.61675336773673,1.60260672883097e-17,0.999999996805863,0.999999999846669,"MYH11","OE",FALSE,"Activated",6.65908135295959e-11
"ANGPTL7",3.512587369161e-17,-1.61707746645547,1.58975777214438e-17,0.999999996818693,0.999999999846669,"MYH11","OE",FALSE,"Activated",6.65908135295959e-11
"MIR133A1HG",3.48335455881995e-17,-1.61775009812807,1.56340699360991e-17,0.999999996845169,0.999999999846669,"MYH11","OE",FALSE,"Activated",6.65908135295959e-11
"CD40LG",3.47786071372584e-17,-1.61787709178475,1.55847936281857e-17,0.999999996850145,0.999999999846669,"MYH11","OE",FALSE,"Activated",6.65908135295959e-11
"TMEM132D-AS1",3.46357402053013e-17,-1.6182082092441,1.54570151682964e-17,0.999999996863084,0.999999999846669,"MYH11","OE",FALSE,"Activated",6.65908135295959e-11
"SLC6A17",3.45208428153598e-17,-1.61847542149798,1.53546339303941e-17,0.99999999687349,0.999999999846669,"MYH11","OE",FALSE,"Activated",6.65908135295959e-11
"PLA2G2D",3.45118667537248e-17,-1.61849633142954,1.53466499873103e-17,0.999999996874303,0.999999999846669,"MYH11","OE",FALSE,"Activated",6.65908135295959e-11
"AL353151.2",3.4468028019194e-17,-1.61859852712776,1.53076865535886e-17,0.999999996878274,0.999999999846669,"MYH11","OE",FALSE,"Activated",6.65908135295959e-11
"AC136616.1",3.40247397831664e-17,-1.6196387250739,1.49164786602913e-17,0.999999996918422,0.999999999846669,"MYH11","OE",FALSE,"Activated",6.65908135295959e-11
"GCSAML",3.39288348888801e-17,-1.61986542092057,1.48325075752989e-17,0.999999996927108,0.999999999846669,"MYH11","OE",FALSE,"Activated",6.65908135295959e-11
"HSPB3",3.37945910223271e-17,-1.62018373932051,1.47153662702264e-17,0.999999996939266,0.999999999846669,"MYH11","OE",FALSE,"Activated",6.65908135295959e-11
"STATH",3.37591437034678e-17,-1.62026798721553,1.46845124146564e-17,0.999999996942476,0.999999999846669,"MYH11","OE",FALSE,"Activated",6.65908135295959e-11
"TCL1A",3.33455165209339e-17,-1.62125715900134,1.43268787114758e-17,0.999999996979938,0.999999999846669,"MYH11","OE",FALSE,"Activated",6.65908135295959e-11
"HES6",3.30696053256547e-17,-1.62192332540761,1.40907694718458e-17,0.999999997004927,0.999999999846669,"MYH11","OE",FALSE,"Activated",6.65908135295959e-11
"MYBPC2",3.30515009631377e-17,-1.62196721671897,1.40753453646556e-17,0.999999997006567,0.999999999846669,"MYH11","OE",FALSE,"Activated",6.65908135295959e-11
"IGLC1",3.27580210159443e-17,-1.62268183764662,1.38264918065226e-17,0.999999997033147,0.999999999846669,"MYH11","OE",FALSE,"Activated",6.65908135295959e-11
"CASP14",3.26524601219476e-17,-1.62294032771455,1.37375251868823e-17,0.999999997042707,0.999999999846669,"MYH11","OE",FALSE,"Activated",6.65908135295959e-11
"FPR2",3.26520380469615e-17,-1.6229413628142,1.37371700388625e-17,0.999999997042746,0.999999999846669,"MYH11","OE",FALSE,"Activated",6.65908135295959e-11
"CDH5",3.25811278721911e-17,-1.62311543955044,1.3677569018021e-17,0.999999997049168,0.999999999846669,"MYH11","OE",FALSE,"Activated",6.65908135295959e-11
"STAM-AS1",3.25525958107512e-17,-1.62318558163584,1.36536239682442e-17,0.999999997051752,0.999999999846669,"MYH11","OE",FALSE,"Activated",6.65908135295959e-11
"TRDN",3.25172763916793e-17,-1.62327248838196,1.36240118011208e-17,0.999999997054951,0.999999999846669,"MYH11","OE",FALSE,"Activated",6.65908135295959e-11
"UTS2",3.25047209057701e-17,-1.62330340339259,1.36134928965071e-17,0.999999997056088,0.999999999846669,"MYH11","OE",FALSE,"Activated",6.65908135295959e-11
"TCAP",3.23625732944442e-17,-1.62365418268533,1.34946858950394e-17,0.999999997068962,0.999999999846669,"MYH11","OE",FALSE,"Activated",6.65908135295959e-11
"KRT34",3.23240104483695e-17,-1.62374959066693,1.34625448509385e-17,0.999999997072455,0.999999999846669,"MYH11","OE",FALSE,"Activated",6.65908135295959e-11
"LY6D",3.2206568199424e-17,-1.62404080406235,1.33648961197041e-17,0.999999997083091,0.999999999846669,"MYH11","OE",FALSE,"Activated",6.65908135295959e-11
"ZG16B",3.21477644374861e-17,-1.62418698527677,1.33161365810396e-17,0.999999997088417,0.999999999846669,"MYH11","OE",FALSE,"Activated",6.65908135295959e-11
"CCL26",3.1948906524355e-17,-1.62468317038238,1.31519056187648e-17,0.999999997106427,0.999999999846669,"MYH11","OE",FALSE,"Activated",6.65908135295959e-11
"GZMK",3.15318500324861e-17,-1.62573315471774,1.28107805266175e-17,0.9999999971442,0.999999999846669,"MYH11","OE",FALSE,"Activated",6.65908135295959e-11
"COLEC11",3.15240085840818e-17,-1.62575301929174,1.28044096613712e-17,0.99999999714491,0.999999999846669,"MYH11","OE",FALSE,"Activated",6.65908135295959e-11
"UNC5B-AS1",3.14066231377878e-17,-1.62605093751535,1.27092280543421e-17,0.999999997155541,0.999999999846669,"MYH11","OE",FALSE,"Activated",6.65908135295959e-11
"FABP7",3.13680996969255e-17,-1.62614893275357,1.26780688355384e-17,0.99999999715903,0.999999999846669,"MYH11","OE",FALSE,"Activated",6.65908135295959e-11
"CCL1",3.13148448255931e-17,-1.62628458520092,1.26350572536753e-17,0.999999997163853,0.999999999846669,"MYH11","OE",FALSE,"Activated",6.65908135295959e-11
"AC092645.2",3.10368016932192e-17,-1.62699631299149,1.2411681112034e-17,0.999999997189035,0.999999999846669,"MYH11","OE",FALSE,"Activated",6.65908135295959e-11
"AC010624.5",3.09965599814017e-17,-1.62709981139658,1.23795164901997e-17,0.99999999719268,0.999999999846669,"MYH11","OE",FALSE,"Activated",6.65908135295959e-11
"AL355607.2",3.03534085932365e-17,-1.62877105269061,1.18711180116754e-17,0.99999999725093,0.999999999846669,"MYH11","OE",FALSE,"Activated",6.65908135295959e-11
"TRPM1",3.00781397721664e-17,-1.62949638471547,1.16567808719413e-17,0.99999999727586,0.999999999846669,"MYH11","OE",FALSE,"Activated",6.65908135295959e-11
"PIP",3.00469581726721e-17,-1.62957893526155,1.16326245464892e-17,0.999999997278684,0.999999999846669,"MYH11","OE",FALSE,"Activated",6.65908135295959e-11
"TNNI1",3.00003316538402e-17,-1.62970252298274,1.15965498165233e-17,0.999999997282907,0.999999999846669,"MYH11","OE",FALSE,"Activated",6.65908135295959e-11
"LINC02392",2.98329580044603e-17,-1.63014763162402,1.14675150759761e-17,0.999999997298066,0.999999999846669,"MYH11","OE",FALSE,"Activated",6.65908135295959e-11
"RBFOX1",2.96744762898816e-17,-1.63057122970507,1.13460008644904e-17,0.99999999731242,0.999999999846669,"MYH11","OE",FALSE,"Activated",6.65908135295959e-11
"CLEC9A",2.95619952431409e-17,-1.63087314766492,1.12601498924155e-17,0.999999997322607,0.999999999846669,"MYH11","OE",FALSE,"Activated",6.65908135295959e-11
"TNFSF18",2.95075331825914e-17,-1.63101971533995,1.12186989643502e-17,0.999999997327539,0.999999999846669,"MYH11","OE",FALSE,"Activated",6.65908135295959e-11
"OTOP3",2.92996943447188e-17,-1.63158136042988,1.10612158130393e-17,0.999999997346363,0.999999999846669,"MYH11","OE",FALSE,"Activated",6.65908135295959e-11
"ADORA3",2.91966824531628e-17,-1.63186109919271,1.09835744742573e-17,0.999999997355693,0.999999999846669,"MYH11","OE",FALSE,"Activated",6.65908135295959e-11
"CLEC14A",2.90760532750155e-17,-1.63218984342561,1.08930023690065e-17,0.999999997366618,0.999999999846669,"MYH11","OE",FALSE,"Activated",6.65908135295959e-11
"C1QTNF12",2.90659119578771e-17,-1.63221753853054,1.08854050430911e-17,0.999999997367537,0.999999999846669,"MYH11","OE",FALSE,"Activated",6.65908135295959e-11
"TRBV28",2.9040280047931e-17,-1.63228757707846,1.08662148179628e-17,0.999999997369858,0.999999999846669,"MYH11","OE",FALSE,"Activated",6.65908135295959e-11
"ODAPH",2.84136963589697e-17,-1.6340177510168,1.04023666312186e-17,0.999999997426607,0.999999999846669,"MYH11","OE",FALSE,"Activated",6.65908135295959e-11
"TMIGD3",2.82638745090712e-17,-1.63443668207082,1.02929551065594e-17,0.999999997440176,0.999999999846669,"MYH11","OE",FALSE,"Activated",6.65908135295959e-11
"AC243829.4",2.82368036923233e-17,-1.6345125965983,1.02732475988071e-17,0.999999997442628,0.999999999846669,"MYH11","OE",FALSE,"Activated",6.65908135295959e-11
"SOX17",2.81247481965062e-17,-1.63482755165251,1.019187226361e-17,0.999999997452777,0.999999999846669,"MYH11","OE",FALSE,"Activated",6.65908135295959e-11
"BPIFB2",2.80562904259945e-17,-1.63502053855411,1.01423170672659e-17,0.999999997458977,0.999999999846669,"MYH11","OE",FALSE,"Activated",6.65908135295959e-11
"MROH2A",2.78876077785863e-17,-1.63549793307973,1.00207265181752e-17,0.999999997474254,0.999999999846669,"MYH11","OE",FALSE,"Activated",6.65908135295959e-11
"TNFRSF4",2.76839753082957e-17,-1.63607781525594,9.87492015254945e-18,0.999999997492697,0.999999999846669,"MYH11","OE",FALSE,"Activated",6.65908135295959e-11
"KPNA7",2.76358381987699e-17,-1.63621547187111,9.8406088344361e-18,0.999999997497056,0.999999999846669,"MYH11","OE",FALSE,"Activated",6.65908135295959e-11
"IL21",2.74901635458061e-17,-1.63663341114296,9.73713818549209e-18,0.99999999751025,0.999999999846669,"MYH11","OE",FALSE,"Activated",6.65908135295959e-11
"ASB5",2.74292539662989e-17,-1.63680876843786,9.69403709980085e-18,0.999999997515767,0.999999999846669,"MYH11","OE",FALSE,"Activated",6.65908135295959e-11
"FCN1",2.73835018029215e-17,-1.63694072516853,9.66172464463588e-18,0.99999999751991,0.999999999846669,"MYH11","OE",FALSE,"Activated",6.65908135295959e-11
"CFHR1",2.73703351951127e-17,-1.63697873764898,9.65243572630623e-18,0.999999997521103,0.999999999846669,"MYH11","OE",FALSE,"Activated",6.65908135295959e-11
"RAPSN",2.73036591390235e-17,-1.63717149422733,9.60546498732442e-18,0.999999997527142,0.999999999846669,"MYH11","OE",FALSE,"Activated",6.65908135295959e-11
"S100P",2.68528322395706e-17,-1.63848636240844,9.29088069961998e-18,0.999999997567972,0.999999999846669,"MYH11","OE",FALSE,"Activated",6.65908135295959e-11
"EDN2",2.6847203125435e-17,-1.63850290894722,9.286985844456e-18,0.999999997568482,0.999999999846669,"MYH11","OE",FALSE,"Activated",6.65908135295959e-11
"GPR143",2.68326040775607e-17,-1.638545837194,9.2768883838775e-18,0.999999997569804,0.999999999846669,"MYH11","OE",FALSE,"Activated",6.65908135295959e-11
"FLG",2.66599845449109e-17,-1.63905506818673,9.1579121444995e-18,0.999999997585438,0.999999999846669,"MYH11","OE",FALSE,"Activated",6.65908135295959e-11
"TCF15",2.66069981374548e-17,-1.63921199158462,9.12154583271317e-18,0.999999997590237,0.999999999846669,"MYH11","OE",FALSE,"Activated",6.65908135295959e-11
"KIR3DL2",2.66029630933911e-17,-1.63922395353735,9.11877941402088e-18,0.999999997590603,0.999999999846669,"MYH11","OE",FALSE,"Activated",6.65908135295959e-11
"BANCR",2.63785597076887e-17,-1.63989185995735,8.96558937457642e-18,0.999999997610927,0.999999999846669,"MYH11","OE",FALSE,"Activated",6.65908135295959e-11
"IGFL3",2.6308263047148e-17,-1.64010217087069,8.91786795106939e-18,0.999999997617293,0.999999999846669,"MYH11","OE",FALSE,"Activated",6.65908135295959e-11
"ATP10B",2.63035502565859e-17,-1.64011628902528,8.91467319211138e-18,0.99999999761772,0.999999999846669,"MYH11","OE",FALSE,"Activated",6.65908135295959e-11
"MRLN",2.60379581901775e-17,-1.64091573577818,8.73555569224061e-18,0.999999997641774,0.999999999846669,"MYH11","OE",FALSE,"Activated",6.65908135295959e-11
"HSD17B2",2.58541751086543e-17,-1.64147336508861,8.61267497421723e-18,0.99999999765842,0.999999999846669,"MYH11","OE",FALSE,"Activated",6.65908135295959e-11
"TNN",2.57377049010338e-17,-1.64182865873764,8.53525145823762e-18,0.999999997668968,0.999999999846669,"MYH11","OE",FALSE,"Activated",6.65908135295959e-11
"CADM2",2.55922080556192e-17,-1.64227459584509,8.43902360629594e-18,0.999999997682146,0.999999999846669,"MYH11","OE",FALSE,"Activated",6.65908135295959e-11
"GAPT",2.55433010841688e-17,-1.64242501936944,8.40680030435629e-18,0.999999997686575,0.999999999846669,"MYH11","OE",FALSE,"Activated",6.65908135295959e-11
"LRRTM1",2.52036598561102e-17,-1.64347707384402,8.18472149124778e-18,0.999999997717336,0.999999999846669,"MYH11","OE",FALSE,"Activated",6.65908135295959e-11
"SMTNL2",2.50397877973528e-17,-1.64398937831613,8.07863476962745e-18,0.999999997732178,0.999999999846669,"MYH11","OE",FALSE,"Activated",6.65908135295959e-11
"ATOH8",2.49341188393109e-17,-1.64432137439236,8.01059428279069e-18,0.999999997741748,0.999999999846669,"MYH11","OE",FALSE,"Activated",6.65908135295959e-11
"PURPL",2.48470133750882e-17,-1.64459602776675,7.95472322989302e-18,0.999999997749637,0.999999999846669,"MYH11","OE",FALSE,"Activated",6.65908135295959e-11
"AQP9",2.47370430491056e-17,-1.64494405273283,7.8844654775751e-18,0.999999997759597,0.999999999846669,"MYH11","OE",FALSE,"Activated",6.65908135295959e-11
"IGLC2",2.45379684287284e-17,-1.64557772753771,7.75807355601224e-18,0.999999997777627,0.999999999846669,"MYH11","OE",FALSE,"Activated",6.65908135295959e-11
"KIR2DL4",2.45032445535726e-17,-1.64568874446835,7.73613206805632e-18,0.999999997780772,0.999999999846669,"MYH11","OE",FALSE,"Activated",6.65908135295959e-11
"OPN4",2.44952158179221e-17,-1.64571443415695,7.73106325494557e-18,0.999999997781499,0.999999999846669,"MYH11","OE",FALSE,"Activated",6.65908135295959e-11
"S100A7",2.44775423799735e-17,-1.64577101165313,7.71991126702639e-18,0.9999999977831,0.999999999846669,"MYH11","OE",FALSE,"Activated",6.65908135295959e-11
"LINC02096",2.44523756822213e-17,-1.64585164243248,7.70404490322434e-18,0.999999997785379,0.999999999846669,"MYH11","OE",FALSE,"Activated",6.65908135295959e-11
"KBTBD12",2.44475404057521e-17,-1.64586714281963,7.70099836865043e-18,0.999999997785817,0.999999999846669,"MYH11","OE",FALSE,"Activated",6.65908135295959e-11
"FOXD3-AS1",2.43629914352939e-17,-1.64613864021087,7.64782446434962e-18,0.999999997793474,0.999999999846669,"MYH11","OE",FALSE,"Activated",6.65908135295959e-11
"TPSAB1",2.43247114425572e-17,-1.64626184910956,7.62381028125183e-18,0.999999997796941,0.999999999846669,"MYH11","OE",FALSE,"Activated",6.65908135295959e-11
"CPA3",2.42619711561799e-17,-1.64646417528906,7.58453308938341e-18,0.999999997802623,0.999999999846669,"MYH11","OE",FALSE,"Activated",6.65908135295959e-11
"PRG2",2.42494532588264e-17,-1.64650460122802,7.57670867038307e-18,0.999999997803757,0.999999999846669,"MYH11","OE",FALSE,"Activated",6.65908135295959e-11
"KRTDAP",2.42055836179844e-17,-1.64664642877439,7.5493194485482e-18,0.99999999780773,0.999999999846669,"MYH11","OE",FALSE,"Activated",6.65908135295959e-11
"LINC01647",2.40955538323142e-17,-1.64700319733277,7.48084251384945e-18,0.999999997817696,0.999999999846669,"MYH11","OE",FALSE,"Activated",6.65908135295959e-11
"AL133405.1",2.40283903383519e-17,-1.64722171526381,7.43919671651573e-18,0.999999997823779,0.999999999846669,"MYH11","OE",FALSE,"Activated",6.65908135295959e-11
"MUSK",2.39655221990384e-17,-1.64742677122217,7.40031965347314e-18,0.999999997829472,0.999999999846669,"MYH11","OE",FALSE,"Activated",6.65908135295959e-11
"CAPNS2",2.38741558436076e-17,-1.64772566900661,7.34400113315579e-18,0.999999997837747,0.999999999846669,"MYH11","OE",FALSE,"Activated",6.65908135295959e-11
"LILRA6",2.3767872929673e-17,-1.64807470067626,7.27875866441615e-18,0.999999997847373,0.999999999846669,"MYH11","OE",FALSE,"Activated",6.65908135295959e-11
"GRIK3",2.3726478991793e-17,-1.648211028967,7.25342748588685e-18,0.999999997851122,0.999999999846669,"MYH11","OE",FALSE,"Activated",6.65908135295959e-11
"AC244502.1",2.36079358592945e-17,-1.64860266513721,7.18112885082896e-18,0.999999997861859,0.999999999846669,"MYH11","OE",FALSE,"Activated",6.65908135295959e-11
"MYL4",2.35100466687538e-17,-1.64892744102225,7.12169989355472e-18,0.999999997870724,0.999999999846669,"MYH11","OE",FALSE,"Activated",6.65908135295959e-11
"ZNF536",2.34902711974313e-17,-1.64899320389883,7.10972409934721e-18,0.999999997872515,0.999999999846669,"MYH11","OE",FALSE,"Activated",6.65908135295959e-11
"KANK4",2.34788186726628e-17,-1.64903131245124,7.10279319235798e-18,0.999999997873553,0.999999999846669,"MYH11","OE",FALSE,"Activated",6.65908135295959e-11
"ADGRG3",2.32345268426368e-17,-1.64984832590527,6.95575620332793e-18,0.999999997895678,0.999999999846669,"MYH11","OE",FALSE,"Activated",6.65908135295959e-11
"AL606500.1",2.3229801174639e-17,-1.64986420878714,6.95292703000843e-18,0.999999997896106,0.999999999846669,"MYH11","OE",FALSE,"Activated",6.65908135295959e-11
"CSRP3",2.30430534099462e-17,-1.65049427202159,6.84158519092835e-18,0.999999997913019,0.999999999846669,"MYH11","OE",FALSE,"Activated",6.65908135295959e-11
"COLEC10",2.30387171304341e-17,-1.65050895816982,6.83901051180306e-18,0.999999997913412,0.999999999846669,"MYH11","OE",FALSE,"Activated",6.65908135295959e-11
"LRRN1",2.28392783871766e-17,-1.65118720028905,6.72111679774178e-18,0.999999997931475,0.999999999846669,"MYH11","OE",FALSE,"Activated",6.65908135295959e-11
"SLC26A7",2.28138149272696e-17,-1.65127418969737,6.7061384361841e-18,0.999999997933781,0.999999999846669,"MYH11","OE",FALSE,"Activated",6.65908135295959e-11
"C6orf223",2.26193222910273e-17,-1.6519416056221,6.59228331348167e-18,0.999999997951396,0.999999999846669,"MYH11","OE",FALSE,"Activated",6.65908135295959e-11
"RBM20",2.24689762697683e-17,-1.65246118055253,6.50493943496963e-18,0.999999997965013,0.999999999846669,"MYH11","OE",FALSE,"Activated",6.65908135295959e-11
"CDH19",2.23803396458096e-17,-1.65276900675383,6.45371871066932e-18,0.99999999797304,0.999999999846669,"MYH11","OE",FALSE,"Activated",6.65908135295959e-11
"FAM155B",2.21725496128744e-17,-1.65349508932585,6.33443606271147e-18,0.99999999799186,0.999999999846669,"MYH11","OE",FALSE,"Activated",6.65908135295959e-11
"MTUS2-AS1",2.21668055712753e-17,-1.65351525013769,6.33115447787923e-18,0.99999999799238,0.999999999846669,"MYH11","OE",FALSE,"Activated",6.65908135295959e-11
"DEFB1",2.2112527497619e-17,-1.65370599804492,6.30018726046479e-18,0.999999997997296,0.999999999846669,"MYH11","OE",FALSE,"Activated",6.65908135295959e-11
"GATA2",2.20102256309141e-17,-1.65406669620021,6.24202746803248e-18,0.999999998006561,0.999999999846669,"MYH11","OE",FALSE,"Activated",6.65908135295959e-11
"FABP4",2.18093365729918e-17,-1.65477953513583,6.12860450131266e-18,0.999999998024755,0.999999999846669,"MYH11","OE",FALSE,"Activated",6.65908135295959e-11
"PLAC4",2.14994621558304e-17,-1.65589111192093,5.95568716101992e-18,0.99999999805282,0.999999999846669,"MYH11","OE",FALSE,"Activated",6.65908135295959e-11
"LRRC39",2.13635328095351e-17,-1.65638340352263,5.88061612182644e-18,0.999999998065131,0.999999999846669,"MYH11","OE",FALSE,"Activated",6.65908135295959e-11
"ANK3",2.12594353341305e-17,-1.65676237544748,5.82344712483664e-18,0.999999998074559,0.999999999846669,"MYH11","OE",FALSE,"Activated",6.65908135295959e-11
"FCRLA",2.10897637981437e-17,-1.65738377126573,5.73086420368489e-18,0.999999998089926,0.999999999846669,"MYH11","OE",FALSE,"Activated",6.65908135295959e-11
"CA9",2.08933226268292e-17,-1.65810901522704,5.62460083873325e-18,0.999999998107718,0.999999999846669,"MYH11","OE",FALSE,"Activated",6.65908135295959e-11
"BBOX1",2.07086219936764e-17,-1.65879669627042,5.52559547994249e-18,0.999999998124446,0.999999999846669,"MYH11","OE",FALSE,"Activated",6.65908135295959e-11
"SCUBE1",2.0631639130448e-17,-1.65908499853514,5.48458980529568e-18,0.999999998131418,0.999999999846669,"MYH11","OE",FALSE,"Activated",6.65908135295959e-11
"KLHL31",2.06195089656145e-17,-1.65913051704278,5.47814248228472e-18,0.999999998132517,0.999999999846669,"MYH11","OE",FALSE,"Activated",6.65908135295959e-11
"IGLV3-19",2.06016399609933e-17,-1.65919761576211,5.4686518064511e-18,0.999999998134135,0.999999999846669,"MYH11","OE",FALSE,"Activated",6.65908135295959e-11
"AL356515.1",2.05422582590501e-17,-1.65942098381885,5.43717180353002e-18,0.999999998139513,0.999999999846669,"MYH11","OE",FALSE,"Activated",6.65908135295959e-11
"HS3ST6",2.0475269160978e-17,-1.65967368637273,5.40176796968383e-18,0.99999999814558,0.999999999846669,"MYH11","OE",FALSE,"Activated",6.65908135295959e-11
"KLRF1",2.02508777554791e-17,-1.66052576976817,5.28401924049808e-18,0.999999998165903,0.999999999846669,"MYH11","OE",FALSE,"Activated",6.65908135295959e-11
"CTSG",2.0245319995315e-17,-1.66054698504437,5.28111928898643e-18,0.999999998166407,0.999999999846669,"MYH11","OE",FALSE,"Activated",6.65908135295959e-11
"DES",1.99545181485075e-17,-1.66166463666753,5.13049391056723e-18,0.999999998192744,0.999999999846669,"MYH11","OE",FALSE,"Activated",6.65908135295959e-11
"PMP2",1.99452774050492e-17,-1.66170039869092,5.12574324706017e-18,0.999999998193581,0.999999999846669,"MYH11","OE",FALSE,"Activated",6.65908135295959e-11
"NRXN3",1.98092953757471e-17,-1.66222843582843,5.05608937001788e-18,0.999999998205897,0.999999999846669,"MYH11","OE",FALSE,"Activated",6.65908135295959e-11
"CRTAC1",1.98077784289238e-17,-1.66223434525083,5.05531503404128e-18,0.999999998206034,0.999999999846669,"MYH11","OE",FALSE,"Activated",6.65908135295959e-11
"CNTFR",1.97230380136219e-17,-1.662565127617,5.01215288516636e-18,0.999999998213709,0.999999999846669,"MYH11","OE",FALSE,"Activated",6.65908135295959e-11
"SOHLH2",1.96522996608392e-17,-1.66284226253132,4.97626433449718e-18,0.999999998220116,0.999999999846669,"MYH11","OE",FALSE,"Activated",6.65908135295959e-11
"CD300E",1.96387115260498e-17,-1.66289560312703,4.96938526434493e-18,0.999999998221346,0.999999999846669,"MYH11","OE",FALSE,"Activated",6.65908135295959e-11
"FDCSP",1.9632459901094e-17,-1.66292015553099,4.96622194193157e-18,0.999999998221913,0.999999999846669,"MYH11","OE",FALSE,"Activated",6.65908135295959e-11
"Z99289.1",1.94435651330948e-17,-1.66366544891539,4.87111614382912e-18,0.99999999823902,0.999999999846669,"MYH11","OE",FALSE,"Activated",6.65908135295959e-11
"MYBPC1",1.94076378297757e-17,-1.66380796022715,4.85313133700756e-18,0.999999998242274,0.999999999846669,"MYH11","OE",FALSE,"Activated",6.65908135295959e-11
"TMEM38A",1.91694201390159e-17,-1.66475911480183,4.73472367655654e-18,0.99999999826385,0.999999999846669,"MYH11","OE",FALSE,"Activated",6.65908135295959e-11
"LINC02099",1.91483956981251e-17,-1.66484358589319,4.72434356819427e-18,0.999999998265754,0.999999999846669,"MYH11","OE",FALSE,"Activated",6.65908135295959e-11
"NCR3",1.90697095788436e-17,-1.66516049159764,4.68559604333912e-18,0.99999999827288,0.999999999846669,"MYH11","OE",FALSE,"Activated",6.65908135295959e-11
"PADI2",1.90326561278077e-17,-1.66531014266127,4.66740501333231e-18,0.999999998276236,0.999999999846669,"MYH11","OE",FALSE,"Activated",6.65908135295959e-11
"AC108105.1",1.90250868641779e-17,-1.66534074649786,4.66369330923152e-18,0.999999998276922,0.999999999846669,"MYH11","OE",FALSE,"Activated",6.65908135295959e-11
"CYP2W1",1.90005454762948e-17,-1.66544004914848,4.65166921833459e-18,0.999999998279144,0.999999999846669,"MYH11","OE",FALSE,"Activated",6.65908135295959e-11
"LINC01268",1.88384359585573e-17,-1.66609899732585,4.57263327569028e-18,0.999999998293826,0.999999999846669,"MYH11","OE",FALSE,"Activated",6.65908135295959e-11
"NRN1",1.87885160007037e-17,-1.6663029711525,4.54843134933083e-18,0.999999998298348,0.999999999846669,"MYH11","OE",FALSE,"Activated",6.65908135295959e-11
"TRGV10",1.8749738228629e-17,-1.66646176440411,4.52967563492309e-18,0.99999999830186,0.999999999846669,"MYH11","OE",FALSE,"Activated",6.65908135295959e-11
"IL22",1.85414270230126e-17,-1.66732002934941,4.42958457856479e-18,0.999999998320726,0.999999999846669,"MYH11","OE",FALSE,"Activated",6.65908135295959e-11
"DIPK2B",1.84853336584984e-17,-1.6675526658356,4.40282348260392e-18,0.999999998325806,0.999999999846669,"MYH11","OE",FALSE,"Activated",6.65908135295959e-11
"ELAVL3",1.83510935640998e-17,-1.66811206579468,4.3391092529887e-18,0.999999998337964,0.999999999846669,"MYH11","OE",FALSE,"Activated",6.65908135295959e-11
"AL354743.1",1.82049314328794e-17,-1.66872547193034,4.27026455187865e-18,0.999999998351202,0.999999999846669,"MYH11","OE",FALSE,"Activated",6.65908135295959e-11
"SOSTDC1",1.81958252750445e-17,-1.66876383894347,4.26599362366554e-18,0.999999998352027,0.999999999846669,"MYH11","OE",FALSE,"Activated",6.65908135295959e-11
"HBA2",1.81039041873421e-17,-1.66915212912237,4.22300087327837e-18,0.999999998360352,0.999999999846669,"MYH11","OE",FALSE,"Activated",6.65908135295959e-11
"SCYGR4",1.80368021676804e-17,-1.66943673375925,4.19175383103328e-18,0.999999998366429,0.999999999846669,"MYH11","OE",FALSE,"Activated",6.65908135295959e-11
"PCDH20",1.78584776664801e-17,-1.6701978661853,4.10927831386248e-18,0.99999999838258,0.999999999846669,"MYH11","OE",FALSE,"Activated",6.65908135295959e-11
"ROPN1B",1.78216846094711e-17,-1.67035578329322,4.09236341596946e-18,0.999999998385912,0.999999999846669,"MYH11","OE",FALSE,"Activated",6.65908135295959e-11
"PSG5",1.75830459580632e-17,-1.67138741825169,3.98350080004384e-18,0.999999998407525,0.999999999846669,"MYH11","OE",FALSE,"Activated",6.65908135295959e-11
"XKR4",1.75147571421791e-17,-1.67168501674669,3.95261874436408e-18,0.99999999841371,0.999999999846669,"MYH11","OE",FALSE,"Activated",6.65908135295959e-11
"TIMD4",1.699974108079e-17,-1.67396467321736,3.72358523722096e-18,0.999999998460355,0.999999999846669,"MYH11","OE",FALSE,"Activated",6.65908135295959e-11
"PIP5K1B",1.6998275352131e-17,-1.67397125186187,3.72294316505241e-18,0.999999998460487,0.999999999846669,"MYH11","OE",FALSE,"Activated",6.65908135295959e-11
"ST8SIA6",1.69953723561628e-17,-1.67398428295801,3.72167165180819e-18,0.99999999846075,0.999999999846669,"MYH11","OE",FALSE,"Activated",6.65908135295959e-11
"ADRA2B",1.69474432828798e-17,-1.67419972753534,3.70071009263615e-18,0.999999998465091,0.999999999846669,"MYH11","OE",FALSE,"Activated",6.65908135295959e-11
"AC073476.3",1.68252617834239e-17,-1.6747515048042,3.64754237906809e-18,0.999999998476157,0.999999999846669,"MYH11","OE",FALSE,"Activated",6.65908135295959e-11
"LINC01291",1.66905287348387e-17,-1.67536428343233,3.58935881909105e-18,0.99999999848836,0.999999999846669,"MYH11","OE",FALSE,"Activated",6.65908135295959e-11
"COL28A1",1.6648729050673e-17,-1.67555532340133,3.57140298377135e-18,0.999999998492145,0.999999999846669,"MYH11","OE",FALSE,"Activated",6.65908135295959e-11
"IGHV4-39",1.64852042808093e-17,-1.67630698423894,3.50159047791405e-18,0.999999998506956,0.999999999846669,"MYH11","OE",FALSE,"Activated",6.65908135295959e-11
"SPRR2G",1.6484562706791e-17,-1.676309946882,3.50131793221551e-18,0.999999998507014,0.999999999846669,"MYH11","OE",FALSE,"Activated",6.65908135295959e-11
"CCL21",1.64792138591258e-17,-1.67633465080165,3.49904611243088e-18,0.999999998507498,0.999999999846669,"MYH11","OE",FALSE,"Activated",6.65908135295959e-11
"KLRK1",1.64319699476357e-17,-1.6765531721326,3.47901218771366e-18,0.999999998511777,0.999999999846669,"MYH11","OE",FALSE,"Activated",6.65908135295959e-11
"PPP1R9A",1.64117612162169e-17,-1.6766468230075,3.4704601771851e-18,0.999999998513607,0.999999999846669,"MYH11","OE",FALSE,"Activated",6.65908135295959e-11
"PTGER1",1.61945542709831e-17,-1.67766019651493,3.37920613304928e-18,0.999999998533279,0.999999999846669,"MYH11","OE",FALSE,"Activated",6.65908135295959e-11
"PLP1",1.61093663378377e-17,-1.67806107785502,3.34374847871614e-18,0.999999998540995,0.999999999846669,"MYH11","OE",FALSE,"Activated",6.65908135295959e-11
"ACOD1",1.59651850248124e-17,-1.67874406708898,3.28416220147938e-18,0.999999998554053,0.999999999846669,"MYH11","OE",FALSE,"Activated",6.65908135295959e-11
"MIA",1.57181635221152e-17,-1.6799275980285,3.18331995300272e-18,0.999999998576426,0.999999999846669,"MYH11","OE",FALSE,"Activated",6.65908135295959e-11
"AC005614.1",1.55274562130262e-17,-1.68085315581374,3.10654259429163e-18,0.999999998593698,0.999999999846669,"MYH11","OE",FALSE,"Activated",6.65908135295959e-11
"SLC8A3",1.5463068066513e-17,-1.68116802805237,3.08083203445806e-18,0.999999998599529,0.999999999846669,"MYH11","OE",FALSE,"Activated",6.65908135295959e-11
"MSMB",1.53862421058774e-17,-1.68154531626223,3.0502947691145e-18,0.999999998606487,0.999999999846669,"MYH11","OE",FALSE,"Activated",6.65908135295959e-11
"AC073263.2",1.535681299682e-17,-1.68169030327605,3.03863739258966e-18,0.999999998609153,0.999999999846669,"MYH11","OE",FALSE,"Activated",6.65908135295959e-11
"PRR9",1.53206121372064e-17,-1.68186900564287,3.02432822156593e-18,0.999999998612431,0.999999999846669,"MYH11","OE",FALSE,"Activated",6.65908135295959e-11
"AC019129.2",1.50743598526259e-17,-1.68309508780103,2.92788788839937e-18,0.999999998634734,0.999999999846669,"MYH11","OE",FALSE,"Activated",6.65908135295959e-11
"ADAMDEC1",1.42802481283957e-17,-1.68717933471536,2.62753308682161e-18,0.999999998706656,0.999999999846669,"MYH11","OE",FALSE,"Activated",6.65908135295959e-11
"CD300A",1.42704064074415e-17,-1.68723125939416,2.62391262641435e-18,0.999999998707547,0.999999999846669,"MYH11","OE",FALSE,"Activated",6.65908135295959e-11
"IGLON5",1.41624996984498e-17,-1.68780275767903,2.58438084508032e-18,0.99999999871732,0.999999999846669,"MYH11","OE",FALSE,"Activated",6.65908135295959e-11
"PLIN5",1.41135657634837e-17,-1.68806325273091,2.56655271455186e-18,0.999999998721752,0.999999999846669,"MYH11","OE",FALSE,"Activated",6.65908135295959e-11
"CLDN6",1.41000068953094e-17,-1.6881355800115,2.56162372147095e-18,0.99999999872298,0.999999999846669,"MYH11","OE",FALSE,"Activated",6.65908135295959e-11
"CDH15",1.40451746457743e-17,-1.68842873087324,2.54173912399352e-18,0.999999998727946,0.999999999846669,"MYH11","OE",FALSE,"Activated",6.65908135295959e-11
"ECSCR",1.40199864846387e-17,-1.68856375025321,2.53263075347044e-18,0.999999998730227,0.999999999846669,"MYH11","OE",FALSE,"Activated",6.65908135295959e-11
"IL1RAPL1",1.39708750688325e-17,-1.68882765572102,2.51491843522596e-18,0.999999998734675,0.999999999846669,"MYH11","OE",FALSE,"Activated",6.65908135295959e-11
"SMIM5",1.38590212058417e-17,-1.68943193507472,2.47480967283976e-18,0.999999998744806,0.999999999846669,"MYH11","OE",FALSE,"Activated",6.65908135295959e-11
"TNFSF8",1.37946515673548e-17,-1.68978173593063,2.45187404802146e-18,0.999999998750636,0.999999999846669,"MYH11","OE",FALSE,"Activated",6.65908135295959e-11
"FITM1",1.37647181749864e-17,-1.68994491664705,2.44124481553688e-18,0.999999998753347,0.999999999846669,"MYH11","OE",FALSE,"Activated",6.65908135295959e-11
"CNR1",1.36730192854369e-17,-1.6904468625954,2.40882660346762e-18,0.999999998761652,0.999999999846669,"MYH11","OE",FALSE,"Activated",6.65908135295959e-11
"LOR",1.33875849017831e-17,-1.69202948622663,2.30930429008934e-18,0.999999998787503,0.999999999846669,"MYH11","OE",FALSE,"Activated",6.65908135295959e-11
"TM4SF18",1.33473229488109e-17,-1.69225523291283,2.29543512828175e-18,0.99999999879115,0.999999999846669,"MYH11","OE",FALSE,"Activated",6.65908135295959e-11
"MCOLN3",1.33326637604164e-17,-1.69233758282637,2.29039580498416e-18,0.999999998792477,0.999999999846669,"MYH11","OE",FALSE,"Activated",6.65908135295959e-11
"SPNS2",1.32594120843097e-17,-1.69275034407815,2.26529737857591e-18,0.999999998799112,0.999999999846669,"MYH11","OE",FALSE,"Activated",6.65908135295959e-11
"MYBPH",1.32234455695442e-17,-1.69295378296171,2.25302468507708e-18,0.999999998802369,0.999999999846669,"MYH11","OE",FALSE,"Activated",6.65908135295959e-11
"RBP4",1.32095937322595e-17,-1.69303227036439,2.24830697585739e-18,0.999999998803624,0.999999999846669,"MYH11","OE",FALSE,"Activated",6.65908135295959e-11
"AZGP1",1.30980271472368e-17,-1.69366722328792,2.21048951198847e-18,0.999999998813728,0.999999999846669,"MYH11","OE",FALSE,"Activated",6.65908135295959e-11
"ENTPD3",1.30298115148577e-17,-1.69405792682687,2.18752463722356e-18,0.999999998819906,0.999999999846669,"MYH11","OE",FALSE,"Activated",6.65908135295959e-11
"NMRK2",1.29109347743502e-17,-1.69474333927539,2.14779120871331e-18,0.999999998830673,0.999999999846669,"MYH11","OE",FALSE,"Activated",6.65908135295959e-11
"ADRB1",1.28914627712402e-17,-1.69485616638595,2.14131758609123e-18,0.999999998832436,0.999999999846669,"MYH11","OE",FALSE,"Activated",6.65908135295959e-11
"SORCS1",1.27531640069785e-17,-1.69566208499861,2.09562019897459e-18,0.999999998844962,0.999999999846669,"MYH11","OE",FALSE,"Activated",6.65908135295959e-11
"AL132986.1",1.26461027971989e-17,-1.69629154697458,2.06058294890113e-18,0.999999998854658,0.999999999846669,"MYH11","OE",FALSE,"Activated",6.65908135295959e-11
"GPAT3",1.26275675164019e-17,-1.69640102518575,2.05454701921588e-18,0.999999998856337,0.999999999846669,"MYH11","OE",FALSE,"Activated",6.65908135295959e-11
"MEOX1",1.25788153475204e-17,-1.69668969069972,2.03871336500953e-18,0.999999998860752,0.999999999846669,"MYH11","OE",FALSE,"Activated",6.65908135295959e-11
"BEX1",1.2559668844451e-17,-1.69680334207297,2.03251174376398e-18,0.999999998862486,0.999999999846669,"MYH11","OE",FALSE,"Activated",6.65908135295959e-11
"SPRR2E",1.22819679382105e-17,-1.69847003393713,1.94362557429353e-18,0.999999998887637,0.999999999846669,"MYH11","OE",FALSE,"Activated",6.65908135295959e-11
"TMEM182",1.21816037588588e-17,-1.69908098972277,1.91199003162235e-18,0.999999998896727,0.999999999846669,"MYH11","OE",FALSE,"Activated",6.65908135295959e-11
"ABCB5",1.21707182044656e-17,-1.69914753424456,1.90857442682068e-18,0.999999998897713,0.999999999846669,"MYH11","OE",FALSE,"Activated",6.65908135295959e-11
"GPR78",1.18083198615385e-17,-1.70139497940575,1.79660623971497e-18,0.999999998930535,0.999999999846669,"MYH11","OE",FALSE,"Activated",6.65908135295959e-11
"LINC01170",1.17947901575945e-17,-1.70148011593521,1.79249157729165e-18,0.99999999893176,0.999999999846669,"MYH11","OE",FALSE,"Activated",6.65908135295959e-11
"KLRB1",1.15664061686775e-17,-1.70293105218236,1.72374716246856e-18,0.999999998952445,0.999999999846669,"MYH11","OE",FALSE,"Activated",6.65908135295959e-11
"PICSAR",1.14133465650956e-17,-1.70391836953152,1.67842792209926e-18,0.999999998966307,0.999999999846669,"MYH11","OE",FALSE,"Activated",6.65908135295959e-11
"SMIM22",1.12149091022822e-17,-1.70521681122474,1.62057151919688e-18,0.99999999898428,0.999999999846669,"MYH11","OE",FALSE,"Activated",6.65908135295959e-11
"TRGC2",1.08708758992737e-17,-1.70751919740023,1.52266989763342e-18,0.999999999015438,0.999999999846669,"MYH11","OE",FALSE,"Activated",6.65908135295959e-11
"PSG4",1.08260693801321e-17,-1.70782400870109,1.51014377998628e-18,0.999999999019496,0.999999999846669,"MYH11","OE",FALSE,"Activated",6.65908135295959e-11
"GALR1",1.07095496962421e-17,-1.7086221752553,1.47781172231761e-18,0.999999999030049,0.999999999846669,"MYH11","OE",FALSE,"Activated",6.65908135295959e-11
"GABRA2",1.06574066908433e-17,-1.70898196520999,1.46345631865448e-18,0.999999999034772,0.999999999846669,"MYH11","OE",FALSE,"Activated",6.65908135295959e-11
"ZNF683",1.06264357644605e-17,-1.70919643885022,1.45496293156454e-18,0.999999999037577,0.999999999846669,"MYH11","OE",FALSE,"Activated",6.65908135295959e-11
"TPSB2",1.04386504365179e-17,-1.71050938165802,1.40399446309995e-18,0.999999999054584,0.999999999846669,"MYH11","OE",FALSE,"Activated",6.65908135295959e-11
"AL160272.1",1.04359923750842e-17,-1.71052812257926,1.40327953765652e-18,0.999999999054825,0.999999999846669,"MYH11","OE",FALSE,"Activated",6.65908135295959e-11
"SGCG",1.03880694598396e-17,-1.71086676814653,1.39042118418794e-18,0.999999999059165,0.999999999846669,"MYH11","OE",FALSE,"Activated",6.65908135295959e-11
"TRAV6",1.03583991253441e-17,-1.71107715827432,1.38248990365296e-18,0.999999999061853,0.999999999846669,"MYH11","OE",FALSE,"Activated",6.65908135295959e-11
"COBL",1.02683467349315e-17,-1.71171914735167,1.35855660008097e-18,0.999999999070009,0.999999999846669,"MYH11","OE",FALSE,"Activated",6.65908135295959e-11
"FA2H",9.389463642516e-18,-1.71827406185232,1.13594748795069e-18,0.999999999149608,0.999999999846669,"MYH11","OE",FALSE,"Activated",6.65908135295959e-11
"MYF5",9.14152389017906e-18,-1.72022608306505,1.07674752796749e-18,0.999999999172064,0.999999999846669,"MYH11","OE",FALSE,"Activated",6.65908135295959e-11
"MYCT1",8.94104655840708e-18,-1.72184061548334,1.0300383606201e-18,0.99999999919022,0.999999999846669,"MYH11","OE",FALSE,"Activated",6.65908135295959e-11
"AC144521.1",8.71633489950121e-18,-1.72369065300505,9.78913917384052e-19,0.999999999210572,0.999999999846669,"MYH11","OE",FALSE,"Activated",6.65908135295959e-11
"SMPD3",8.6738381095654e-18,-1.72404548499776,9.69391730186635e-19,0.999999999214421,0.999999999846669,"MYH11","OE",FALSE,"Activated",6.65908135295959e-11
"LINC02757",8.5464614665454e-18,-1.72511875784504,9.41129450645392e-19,0.999999999225958,0.999999999846669,"MYH11","OE",FALSE,"Activated",6.65908135295959e-11
"LAIR2",8.31910726368607e-18,-1.72707179195775,8.91723340304299e-19,0.999999999246549,0.999999999846669,"MYH11","OE",FALSE,"Activated",6.65908135295959e-11
"LUZP2",7.61158529428534e-18,-1.73348255788167,7.46495034049625e-19,0.999999999310628,0.999999999846669,"MYH11","OE",FALSE,"Activated",6.65908135295959e-11
"PAEP",7.54866845503828e-18,-1.73407906798081,7.34205085816984e-19,0.999999999316326,0.999999999846669,"MYH11","OE",FALSE,"Activated",6.65908135295959e-11
"MUC5B",7.48048882604472e-18,-1.73473069399865,7.21002288712551e-19,0.999999999322501,0.999999999846669,"MYH11","OE",FALSE,"Activated",6.65908135295959e-11
"UNC45B",7.25203474738415e-18,-1.73695496281377,6.77635951056559e-19,0.999999999343192,0.999999999846669,"MYH11","OE",FALSE,"Activated",6.65908135295959e-11
"PROK2",6.83498459662307e-18,-1.7411882279601,6.01938007797614e-19,0.999999999380964,0.999999999846669,"MYH11","OE",FALSE,"Activated",6.65908135295959e-11
"AC020909.2",6.772789210369e-18,-1.74183993651969,5.91033101525052e-19,0.999999999386597,0.999999999846669,"MYH11","OE",FALSE,"Activated",6.65908135295959e-11
"NRIP2",6.73826975297578e-18,-1.7422040406421,5.85023716423002e-19,0.999999999389723,0.999999999846669,"MYH11","OE",FALSE,"Activated",6.65908135295959e-11
"AC090004.2",6.32049825934767e-18,-1.74675312085827,5.14729807262417e-19,0.99999999942756,0.999999999846669,"MYH11","OE",FALSE,"Activated",6.65908135295959e-11
"TBC1D30",6.19281289739127e-18,-1.74819910840891,4.94142950536738e-19,0.999999999439125,0.999999999846669,"MYH11","OE",FALSE,"Activated",6.65908135295959e-11
"AC073210.3",6.06226177759876e-18,-1.7497063771691,4.73528429466199e-19,0.999999999450949,0.999999999846669,"MYH11","OE",FALSE,"Activated",6.65908135295959e-11
"EPHA7",5.56224745241841e-18,-1.7557717692078,3.9863671725723e-19,0.999999999496234,0.999999999846669,"MYH11","OE",FALSE,"Activated",6.65908135295959e-11
"LCE3A",5.40913468731213e-18,-1.75773028468154,3.76992124055972e-19,0.999999999510101,0.999999999846669,"MYH11","OE",FALSE,"Activated",6.65908135295959e-11
"AL157895.1",5.21365744224487e-18,-1.76030669087312,3.50236715990434e-19,0.999999999527805,0.999999999846669,"MYH11","OE",FALSE,"Activated",6.65908135295959e-11
"NHLH2",5.13059217342223e-18,-1.76142867601949,3.39165504347703e-19,0.999999999535329,0.999999999846669,"MYH11","OE",FALSE,"Activated",6.65908135295959e-11
"IFNL1",4.71381891757693e-18,-1.76732534367974,2.86300743731384e-19,0.999999999573075,0.999999999846669,"MYH11","OE",FALSE,"Activated",6.65908135295959e-11
"OTOF",4.11157722577723e-18,-1.77676135967383,2.17817911635958e-19,0.99999999962762,0.999999999846669,"MYH11","OE",FALSE,"Activated",6.65908135295959e-11
"SLC27A2",3.84920934838563e-18,-1.7812791684213,1.90906075558183e-19,0.999999999651382,0.999999999846669,"MYH11","OE",FALSE,"Activated",6.65908135295959e-11
"WIF1",3.77473097860971e-18,-1.78261362680327,1.83589862628375e-19,0.999999999658127,0.999999999846669,"MYH11","OE",FALSE,"Activated",6.65908135295959e-11
"C4orf19",2.81793685415618e-18,-1.80234999899393,1.02314974461211e-19,0.999999999744783,0.999999999846669,"MYH11","OE",FALSE,"Activated",6.65908135295959e-11
"DCT",1.69297924681005e-18,-1.83574485088229,3.69300550480773e-20,0.999999999846669,0.999999999846669,"MYH11","OE",FALSE,"Activated",6.65908135295959e-11
